/*
 * Generated by tools/gen_board_art.py -- do not edit by hand.
 *
 * rp2350_can: 500 x 206 pixels, RGB565 with the low byte first, 206000 bytes.
 * Source: firmware/iomcu/artwork/rp2350-can.png
 *
 * Served over LINK_PAGE_ART_DATA a block at a time.  The CRC below is over
 * the whole payload and is what the panel checks a finished transfer
 * against.
 *
 * SPDX-License-Identifier: MIT
 */

#include <stdint.h>

const uint16_t art_rp2350_can_width  = 500u;
const uint16_t art_rp2350_can_height = 206u;
const uint32_t art_rp2350_can_bytes  = 206000u;
const uint16_t art_rp2350_can_crc    = 0xA1E8u;

const uint16_t art_rp2350_can[103000] = {
    0xD6BA, 0xD69A, 0xD69A, 0xD69A, 0xD69A, 0xD69A, 0xCE79, 0xCE79,
    0xCE59, 0xCE59, 0xCE59, 0xCE59, 0xCE59, 0xCE59, 0xCE59, 0xCE59,
    0xCE59, 0xCE79, 0xCE79, 0xCE79, 0xCE59, 0xCE59, 0xC638, 0xC638,
    0xC618, 0xBDF7, 0xBDF7, 0xBDD7, 0xBDD6, 0xB5D7, 0xB5B6, 0xB5B6,
    0xB5B6, 0xB5B6, 0xB5B6, 0xB5B6, 0xBDD6, 0xBDF7, 0xBDF8, 0xC618,
    0xC638, 0xC638, 0xC638, 0xC658, 0xC638, 0xC638, 0xC618, 0xBDF7,
    0xBDF7, 0xBDD7, 0xBDB6, 0xB5B6, 0xB596, 0xAD75, 0xAD75, 0xAD55,
    0xAD55, 0xAD55, 0xAD54, 0xAD74, 0xAD75, 0xAD75, 0xB5B6, 0xBDD7,
    0xBDD7, 0xBDD7, 0xBDF7, 0xC5F7, 0xC617, 0xC617, 0xBDF7, 0xBDF7,
    0xBDD6, 0xB5B6, 0xB596, 0xB596, 0xAD75, 0xAD54, 0xA534, 0xA514,
    0xA534, 0xA534, 0xA514, 0xA513, 0xA514, 0xA534, 0xAD55, 0xAD75,
    0xB596, 0xB5B6, 0xBDD6, 0xBDD7, 0xBDD7, 0xBDD7, 0xBDD7, 0xBDD7,
    0xB596, 0xB595, 0xAD75, 0xAD55, 0xAD54, 0xA514, 0x9CF3, 0x9CD3,
    0x9CD2, 0x94B2, 0x9CD2, 0x9CD2, 0x9CD2, 0x9CD2, 0x9CD3, 0xA513,
    0xA534, 0xAD55, 0xAD75, 0xB596, 0xB596, 0xB596, 0xB596, 0xB596,
    0xB595, 0xAD75, 0xAD54, 0xA514, 0xA513, 0x9CF3, 0x9CD3, 0x94B2,
    0x9492, 0x8C71, 0x8C71, 0x8C71, 0x8C71, 0x8C71, 0x9492, 0x94B2,
    0x9CF3, 0xA514, 0xA534, 0xAD54, 0xAD55, 0xAD75, 0xAD75, 0xAD75,
    0xAD55, 0xAD54, 0xA534, 0xA513, 0x9CF3, 0x94B2, 0x94B2, 0x94B2,
    0x9491, 0x8C70, 0x8C50, 0x8450, 0x8430, 0x8450, 0x8C50, 0x8C71,
    0x9491, 0x9CD2, 0x9CF3, 0xA514, 0xA514, 0xA534, 0xA534, 0xA534,
    0xA534, 0xA514, 0xA514, 0x9CF3, 0x94B3, 0x94B2, 0x9491, 0x8C71,
    0x8C71, 0x8C50, 0x8430, 0x8430, 0x8410, 0x8410, 0x8430, 0x8430,
    0x8C71, 0x9491, 0x94B2, 0x9CD2, 0x9CD3, 0xA513, 0xA514, 0xA513,
    0x9D13, 0x9CF3, 0x9CD3, 0x94B2, 0x9492, 0x8C71, 0x8C71, 0x8C71,
    0x8C51, 0x8C50, 0x8430, 0x8410, 0x840F, 0x840F, 0x840F, 0x840F,
    0x8410, 0x8C50, 0x8C71, 0x9491, 0x94B2, 0x94B2, 0x9CD2, 0x9CD3,
    0x9CD3, 0x9CD2, 0x94B2, 0x9492, 0x8C71, 0x8C71, 0x8C71, 0x8C51,
    0x8C50, 0x8430, 0x8410, 0x840F, 0x7BEF, 0x7BEF, 0x7BEF, 0x7BEF,
    0x7BEF, 0x7BEF, 0x8410, 0x8C50, 0x8C50, 0x8C71, 0x9491, 0x94B2,
    0x94B2, 0x94B2, 0x9492, 0x9492, 0x8C71, 0x8C50, 0x8430, 0x8430,
    0x840F, 0x7BEF, 0x7BEF, 0x7BCF, 0x7BCE, 0x73AE, 0x73AE, 0x73AE,
    0x73AE, 0x73AE, 0x73AE, 0x7BCF, 0x840F, 0x8410, 0x8C51, 0x8C51,
    0x8C71, 0x8C71, 0x8C51, 0x8C51, 0x8430, 0x8430, 0x8430, 0x7BEF,
    0x7BEF, 0x7BCF, 0x73AE, 0x738E, 0x738E, 0x6B6D, 0x6B6D, 0x6B4C,
    0x632C, 0x6B4D, 0x6B6D, 0x738D, 0x73AE, 0x7BCE, 0x7BEF, 0x840F,
    0x8430, 0x8430, 0x8430, 0x8430, 0x8410, 0x7BEF, 0x7BEF, 0x7BCE,
    0x73AE, 0x738D, 0x738D, 0x6B6D, 0x6B4C, 0x632C, 0x630B, 0x630B,
    0x5B0B, 0x630B, 0x630B, 0x632C, 0x6B4C, 0x6B6D, 0x738E, 0x73AE,
    0x7BCF, 0x7BEF, 0x7C0F, 0x840F, 0x7BEF, 0x7BEF, 0x7BCF, 0x7BCE,
    0x73AE, 0x738E, 0x6B6D, 0x6B4D, 0x6B4C, 0x630B, 0x5AEB, 0x5AEB,
    0x5ACA, 0x5ACA, 0x5ACB, 0x5AEB, 0x5AEB, 0x630C, 0x6B4C, 0x738D,
    0x738D, 0x73AE, 0x7BCE, 0x7BCF, 0x7BCF, 0x7BCF, 0x7BCF, 0x73AE,
    0x738D, 0x6B6D, 0x6B4D, 0x632C, 0x630C, 0x5AEB, 0x5ACA, 0x52AA,
    0x5289, 0x4A69, 0x528A, 0x52AA, 0x52AA, 0x5ACB, 0x630B, 0x632C,
    0x6B4C, 0x6B6D, 0x738E, 0x738E, 0x73AE, 0x738E, 0x738E, 0x738D,
    0x6B6D, 0x6B4C, 0x632C, 0x630C, 0x5AEB, 0x52AA, 0x528A, 0x4A69,
    0x4228, 0x4228, 0x4228, 0x4A28, 0x4A49, 0x5289, 0x52AA, 0x5AEB,
    0x630B, 0x6B4C, 0x6B6D, 0x738D, 0x73AE, 0x738E, 0x738D, 0x6B6D,
    0x6B4D, 0x6B4D, 0x632C, 0x630B, 0x5ACB, 0x5ACA, 0x528A, 0x4A49,
    0x4208, 0x4207, 0x39E7, 0x39E7, 0x4208, 0x4A49, 0x4A69, 0x528A,
    0x5AAB, 0x5AEB, 0x632C, 0x6B4D, 0x738E, 0x738E, 0x738D, 0x6B6D,
    0x6B4D, 0x632C, 0x632C, 0x630B, 0x5AEB, 0x52AA, 0x5289, 0x4A49,
    0x4208, 0x39E7, 0x39C6, 0x39C6, 0x39C7, 0x39C7, 0x4207, 0x4228,
    0x4A69, 0x5289, 0x5ACA, 0x5AEB, 0x630C, 0x630C, 0x632C, 0x632C,
    0x632C, 0x630C, 0x5AEB, 0x5AEB, 0x5ACA, 0x528A, 0x4A69, 0x4A48,
    0x4208, 0x39E7, 0x39A6, 0x31A6, 0x3186, 0x31A6, 0x39C7, 0x39E7,
    0x4208, 0x4A28, 0x4A69, 0x528A, 0x528A, 0x52AA, 0x52AA, 0x52AA,
    0x52AA, 0x528A, 0x528A, 0x5289, 0x4A69, 0x4A48, 0x4228, 0x4207,
    0x39C7, 0x31A6, 0x3186, 0x2965, 0x2965, 0x2965, 0x3165, 0x31A6,
    0x39A6, 0x39E7, 0x4208, 0x4228, 0x4A49, 0x4A69, 0x4A69, 0x4A69,
    0x4A69, 0x4A69, 0x4A69, 0x4A69, 0x5269, 0x5289, 0x5289, 0x52AA,
    0x528A, 0x5ACA, 0x630C, 0x6B4D, 0xD69A, 0xD69A, 0xD69A, 0xCE79,
    0xD69A, 0xCE79, 0xCE79, 0xCE59, 0xC638, 0xC638, 0xC638, 0xC638,
    0xC638, 0xC638, 0xC638, 0xC638, 0xC638, 0xCE59, 0xCE59, 0xCE59,
    0xC638, 0xC618, 0xBDF7, 0xBDF7, 0xB5B6, 0xB596, 0xB595, 0xAD75,
    0xAD75, 0xAD75, 0xAD75, 0xAD75, 0xAD55, 0xAD55, 0xAD55, 0xAD75,
    0xB595, 0xB5B6, 0xBDD7, 0xBDF7, 0xBDF7, 0xC617, 0xC618, 0xC618,
    0xC618, 0xBDF7, 0xBDD7, 0xBDD7, 0xB596, 0xAD75, 0xAD55, 0xA534,
    0xA514, 0x9CF3, 0x9CF3, 0x9CF3, 0x9CF3, 0x9CF3, 0x9CF3, 0x9CF3,
    0xA514, 0xAD54, 0xAD75, 0xB596, 0xB5B6, 0xB596, 0xB5D6, 0xBDD7,
    0xBDF7, 0xBDD7, 0xBDD7, 0xB596, 0xAD75, 0xAD55, 0xA534, 0xA514,
    0x9CD3, 0x94B2, 0x94B2, 0x9492, 0x9492, 0x94B2, 0x94B2, 0x94B2,
    0x94B2, 0x9CF3, 0xA513, 0xAD54, 0xAD75, 0xAD75, 0xB596, 0xB596,
    0xB5B6, 0xB5B6, 0xB5B6, 0xB596, 0xAD55, 0xA534, 0xA513, 0x9CF3,
    0x9CD2, 0x94B2, 0x9491, 0x8C71, 0x8C51, 0x8C50, 0x8C51, 0x8C51,
    0x8C51, 0x8C71, 0x9492, 0x9CD3, 0xA513, 0xA534, 0xAD54, 0xAD55,
    0xAD55, 0xAD75, 0xAD75, 0xAD55, 0xAD54, 0xA514, 0x9CF3, 0x9CD3,
    0x94B2, 0x9492, 0x8C71, 0x8C51, 0x8430, 0x8430, 0x8430, 0x8430,
    0x8430, 0x8450, 0x8C50, 0x8C71, 0x94B2, 0x9CD3, 0xA514, 0xA534,
    0xA534, 0xAD54, 0xAD55, 0xAD54, 0xA534, 0xA513, 0x9CF3, 0x9CD2,
    0x94B2, 0x8C71, 0x8C71, 0x8C50, 0x8430, 0x840F, 0x840F, 0x7C0F,
    0x7C0F, 0x840F, 0x8410, 0x8430, 0x8C51, 0x9492, 0x94B2, 0x9CD2,
    0x9CF3, 0xA514, 0xA514, 0xA514, 0x9CF3, 0x9CF3, 0x9CD3, 0x94B2,
    0x9492, 0x8C51, 0x8C50, 0x8C50, 0x842F, 0x840F, 0x840F, 0x7BEF,
    0x7BEF, 0x7BEF, 0x7BEF, 0x840F, 0x8410, 0x8C50, 0x8C51, 0x9491,
    0x94B2, 0x94B2, 0x9CD2, 0x9CD3, 0x9CD2, 0x9492, 0x9491, 0x8C71,
    0x8C51, 0x8430, 0x842F, 0x8410, 0x840F, 0x7BCF, 0x7BCE, 0x73AE,
    0x738E, 0x738E, 0x73AE, 0x73AE, 0x73AE, 0x7BCE, 0x7BEF, 0x8430,
    0x8C50, 0x8C71, 0x9491, 0x9492, 0x9492, 0x9491, 0x8C71, 0x8C50,
    0x8430, 0x8410, 0x7BEF, 0x7BCF, 0x73AE, 0x73AE, 0x738E, 0x6B6D,
    0x6B6D, 0x6B6D, 0x6B4D, 0x6B4D, 0x6B4D, 0x6B6D, 0x738E, 0x7BCE,
    0x7BEF, 0x840F, 0x8430, 0x8C51, 0x8C51, 0x8C71, 0x8C51, 0x8430,
    0x840F, 0x7BEF, 0x7BCE, 0x73AE, 0x738D, 0x6B6D, 0x6B4C, 0x632C,
    0x630B, 0x630B, 0x630B, 0x5AEB, 0x5AEB, 0x630B, 0x6B2C, 0x6B4C,
    0x6B6D, 0x73AE, 0x7BEF, 0x840F, 0x8410, 0x8430, 0x8410, 0x8410,
    0x7BEF, 0x7BCF, 0x73AE, 0x738D, 0x6B6D, 0x6B4C, 0x632C, 0x630B,
    0x5ACB, 0x52AA, 0x52AA, 0x528A, 0x52AA, 0x52AA, 0x5AEB, 0x630B,
    0x632C, 0x6B4C, 0x6B6D, 0x73AE, 0x7BCE, 0x7BCF, 0x7BEF, 0x7BCF,
    0x73AE, 0x73AE, 0x738E, 0x6B6D, 0x6B4C, 0x632C, 0x630B, 0x5ACA,
    0x52AA, 0x4A69, 0x4A69, 0x4A48, 0x4A68, 0x4A69, 0x5289, 0x52AA,
    0x5ACA, 0x5B0B, 0x632C, 0x6B4C, 0x738D, 0x73AE, 0x7BCE, 0x7BCE,
    0x73AE, 0x73AE, 0x738D, 0x6B6D, 0x6B4D, 0x632C, 0x5AEB, 0x5ACA,
    0x52AA, 0x4A69, 0x4228, 0x4208, 0x4208, 0x4208, 0x4228, 0x4A49,
    0x4A69, 0x52AA, 0x5AEB, 0x632C, 0x6B4C, 0x6B6D, 0x738D, 0x73AE,
    0x738E, 0x738E, 0x6B6D, 0x6B6D, 0x6B4C, 0x632C, 0x5AEB, 0x52AA,
    0x4A69, 0x4A48, 0x4208, 0x39E7, 0x39C6, 0x39C6, 0x39C7, 0x4207,
    0x4228, 0x4A49, 0x52AA, 0x5ACA, 0x5AEB, 0x632C, 0x6B4D, 0x6B6D,
    0x6B6D, 0x6B6D, 0x6B4D, 0x632C, 0x630C, 0x5AEB, 0x5ACA, 0x528A,
    0x4A49, 0x4208, 0x39C7, 0x31A6, 0x3186, 0x3185, 0x3186, 0x31A6,
    0x39C6, 0x39E7, 0x4A28, 0x5289, 0x5ACA, 0x5AEB, 0x632C, 0x6B4D,
    0x6B6D, 0x6B4D, 0x6B4D, 0x632C, 0x630C, 0x5AEB, 0x52AA, 0x528A,
    0x4A69, 0x4228, 0x39E7, 0x31A6, 0x3165, 0x2965, 0x2965, 0x2965,
    0x3186, 0x31A6, 0x39E7, 0x4208, 0x4A49, 0x52AA, 0x5ACB, 0x630C,
    0x632C, 0x632C, 0x632C, 0x632C, 0x630C, 0x5AEB, 0x52AA, 0x5289,
    0x4A69, 0x4228, 0x4207, 0x39C7, 0x3186, 0x2965, 0x2945, 0x2944,
    0x2945, 0x3165, 0x3186, 0x39A6, 0x4207, 0x4208, 0x4A48, 0x528A,
    0x5ACA, 0x5ACB, 0x5AEB, 0x5AEB, 0x5ACB, 0x5ACB, 0x52AA, 0x4A69,
    0x4A48, 0x4228, 0x39E7, 0x39C6, 0x31A6, 0x3165, 0x2945, 0x2944,
    0x2944, 0x2944, 0x2965, 0x3185, 0x31A6, 0x39A6, 0x39E7, 0x4208,
    0x4228, 0x4228, 0x4228, 0x4228, 0x4228, 0x4228, 0x4208, 0x4207,
    0x4207, 0x39E7, 0x39C7, 0x3186, 0x3185, 0x2965, 0x2944, 0x2124,
    0x2104, 0x2124, 0x2924, 0x2944, 0x2945, 0x3185, 0x31A6, 0x31A6,
    0x39C7, 0x39E7, 0x39E7, 0x39E7, 0x39E7, 0x3A07, 0x3A07, 0x39E7,
    0x39E7, 0x41E7, 0x4207, 0x4228, 0x4A28, 0x4A69, 0x52AA, 0x630B,
    0xD69A, 0xD69A, 0xD69A, 0xCE79, 0xCE79, 0xCE79, 0xCE59, 0xC638,
    0xC618, 0xBDF7, 0xBDF7, 0xBDF7, 0xBDF7, 0xBDF7, 0xBDF7, 0xC618,
    0xC618, 0xC638, 0xC638, 0xC618, 0xBDF7, 0xB5B6, 0xB596, 0xAD75,
    0xA534, 0xA513, 0x9CF3, 0x9CD3, 0x9CD3, 0x9CF3, 0x9CD3, 0x9CD3,
    0x9CD3, 0x94B2, 0x9CD2, 0xA513, 0xA534, 0xAD75, 0xB596, 0xB5B6,
    0xBDD7, 0xBDF7, 0xBDF7, 0xBDF7, 0xBDD7, 0xB5B6, 0xB595, 0xAD55,
    0xA534, 0x9CF3, 0x9CD2, 0x9492, 0x8C71, 0x8C71, 0x8C71, 0x8C71,
    0x8C71, 0x8C71, 0x8C71, 0x8C71, 0x94B2, 0x9CF3, 0xA534, 0xAD55,
    0xAD75, 0xAD75, 0xB5B6, 0xB5B6, 0xB5B6, 0xB5B6, 0xB595, 0xAD55,
    0xA514, 0x9CF3, 0x94B2, 0x9492, 0x8C71, 0x8C50, 0x8450, 0x8430,
    0x8430, 0x8430, 0x8430, 0x8430, 0x8C51, 0x9492, 0x9CD2, 0x9CF3,
    0xA534, 0xA554, 0xAD55, 0xAD75, 0xAD75, 0xAD75, 0xAD55, 0xA534,
    0xA513, 0x9CD3, 0x9492, 0x9491, 0x8C71, 0x8430, 0x840F, 0x840F,
    0x840F, 0x840F, 0x83EF, 0x7BEF, 0x840F, 0x8410, 0x8C50, 0x9491,
    0x94B2, 0x9CF3, 0xA513, 0xA514, 0xA534, 0xA534, 0xA534, 0xA514,
    0x9CF3, 0x94B2, 0x9492, 0x8C71, 0x8C50, 0x8C50, 0x8410, 0x7BEF,
    0x7BEF, 0x7BEF, 0x7BCE, 0x7BCF, 0x7BEF, 0x7BEF, 0x840F, 0x8430,
    0x8C71, 0x9492, 0x9CD2, 0x9CF3, 0x9D13, 0xA514, 0xA514, 0x9CF3,
    0x9CD3, 0x94D2, 0x9491, 0x8C71, 0x8C50, 0x8410, 0x7BEF, 0x7BCE,
    0x738E, 0x738E, 0x738D, 0x738D, 0x738D, 0x738D, 0x738E, 0x7BCE,
    0x7BEF, 0x8430, 0x8C50, 0x9491, 0x94B2, 0x9CD3, 0x9CF3, 0x9CD3,
    0x94B2, 0x9492, 0x8C71, 0x8430, 0x8410, 0x7BEF, 0x7BCE, 0x73AE,
    0x6B6D, 0x6B4C, 0x632C, 0x632C, 0x632C, 0x632C, 0x632C, 0x6B4D,
    0x738D, 0x73AE, 0x7BCF, 0x7C0F, 0x8430, 0x8C51, 0x8C71, 0x9491,
    0x8C71, 0x8C71, 0x8430, 0x7BEF, 0x7BCE, 0x73AE, 0x6B6D, 0x6B4D,
    0x632C, 0x5AEB, 0x5ACA, 0x5ACA, 0x5ACA, 0x5ACA, 0x52CA, 0x5ACA,
    0x62EB, 0x632B, 0x6B4C, 0x738D, 0x7BCE, 0x7BEF, 0x8410, 0x8430,
    0x8430, 0x8430, 0x8410, 0x7BEF, 0x7BCE, 0x738E, 0x6B4D, 0x630C,
    0x630B, 0x5ACB, 0x52AA, 0x4A89, 0x4A69, 0x4A69, 0x4A69, 0x4A69,
    0x5289, 0x5ACA, 0x5AEB, 0x632C, 0x6B4D, 0x738D, 0x7BCE, 0x7BCF,
    0x7BCF, 0x7BEF, 0x7BEF, 0x7BCF, 0x73AE, 0x738D, 0x6B4C, 0x632B,
    0x5AEA, 0x52AA, 0x4A69, 0x4A48, 0x4228, 0x4208, 0x4228, 0x4208,
    0x4228, 0x4A69, 0x52AA, 0x5ACA, 0x5AEB, 0x632C, 0x6B6D, 0x73AE,
    0x73AE, 0x7BCF, 0x7BCF, 0x7BCE, 0x73AE, 0x738D, 0x6B4C, 0x632B,
    0x5AEB, 0x52AA, 0x4A49, 0x4228, 0x39E7, 0x39C6, 0x31A6, 0x39A6,
    0x39E7, 0x41E7, 0x4228, 0x4A69, 0x5289, 0x5ACA, 0x630C, 0x6B4C,
    0x6B6D, 0x738E, 0x73AE, 0x73AE, 0x738D, 0x6B6D, 0x6B4C, 0x630C,
    0x5ACB, 0x52AA, 0x4A48, 0x4207, 0x39C6, 0x3186, 0x3185, 0x3185,
    0x3185, 0x3186, 0x39C7, 0x4207, 0x4A48, 0x5289, 0x5ACA, 0x630B,
    0x632C, 0x6B6D, 0x738E, 0x738D, 0x738D, 0x6B6D, 0x6B4C, 0x632C,
    0x5AEB, 0x52AA, 0x4A69, 0x4208, 0x39E6, 0x31A5, 0x2965, 0x2944,
    0x2945, 0x2945, 0x2965, 0x31A6, 0x39E7, 0x4A48, 0x5289, 0x5ACA,
    0x630B, 0x632C, 0x6B4D, 0x6B6D, 0x6B6D, 0x6B4D, 0x632C, 0x630C,
    0x5AEB, 0x52AA, 0x4A69, 0x4208, 0x39C7, 0x3186, 0x2945, 0x2945,
    0x2124, 0x2124, 0x2944, 0x2965, 0x3186, 0x39C6, 0x4207, 0x4A69,
    0x52AA, 0x5AEB, 0x630B, 0x632C, 0x632C, 0x630C, 0x5AEB, 0x5AEB,
    0x52AA, 0x4A69, 0x4A49, 0x4208, 0x39C6, 0x3185, 0x2944, 0x2124,
    0x2104, 0x2104, 0x2104, 0x2124, 0x2945, 0x3165, 0x31A6, 0x39E7,
    0x4A48, 0x528A, 0x5ACB, 0x5AEB, 0x630B, 0x630C, 0x5AEB, 0x5ACB,
    0x52AA, 0x4A69, 0x4228, 0x4208, 0x39E7, 0x31A6, 0x2965, 0x2944,
    0x2924, 0x2124, 0x2104, 0x2124, 0x2124, 0x2944, 0x3165, 0x31A6,
    0x39E7, 0x4228, 0x528A, 0x52AA, 0x5ACB, 0x5AEB, 0x5AEB, 0x5ACB,
    0x52AA, 0x528A, 0x4A49, 0x4208, 0x39E7, 0x39C6, 0x31A6, 0x2965,
    0x2945, 0x2124, 0x2124, 0x2104, 0x2103, 0x2124, 0x2944, 0x2965,
    0x3185, 0x39C6, 0x41E7, 0x4228, 0x4A69, 0x5289, 0x528A, 0x528A,
    0x528A, 0x5289, 0x4A69, 0x4A28, 0x39E7, 0x39C7, 0x31A6, 0x3185,
    0x2965, 0x2944, 0x2124, 0x2104, 0x2104, 0x2104, 0x2124, 0x2944,
    0x2945, 0x2965, 0x3186, 0x31A6, 0x31A6, 0x39A6, 0x39A6, 0x39C6,
    0x39C6, 0x39C7, 0x39C7, 0x31A6, 0x31A6, 0x31A6, 0x3186, 0x2965,
    0x2945, 0x2124, 0x2124, 0x2124, 0x2104, 0x2104, 0x2104, 0x2124,
    0x2124, 0x2944, 0x2965, 0x2965, 0x2965, 0x3185, 0x3185, 0x3186,
    0x3185, 0x3186, 0x3186, 0x3186, 0x3186, 0x3185, 0x3186, 0x31A6,
    0x39C7, 0x4208, 0x4A69, 0x5ACB, 0xD69A, 0xD69A, 0xD69A, 0xCE79,
    0xCE79, 0xCE79, 0xC638, 0xC618, 0xBDF7, 0xB5B6, 0xB595, 0xB596,
    0xB596, 0xB5B6, 0xB5B6, 0xBDD7, 0xBDF7, 0xC617, 0xC617, 0xBDF7,
    0xB5B6, 0xB575, 0xA534, 0x9CF3, 0x94B2, 0x8C91, 0x8C70, 0x8450,
    0x8C50, 0x8C50, 0x8430, 0x8C30, 0x8430, 0x8430, 0x8C51, 0x9491,
    0x9CD3, 0xA513, 0xAD54, 0xAD75, 0xB596, 0xB5B6, 0xB5B6, 0xB5B6,
    0xB596, 0xAD75, 0xA514, 0x9CF3, 0x94D2, 0x8C71, 0x8C50, 0x8430,
    0x840F, 0x840F, 0x840F, 0x840F, 0x840F, 0x840F, 0x8410, 0x8430,
    0x8C51, 0x94B2, 0x9CD2, 0xA513, 0xA554, 0xAD55, 0xAD75, 0xAD75,
    0xAD75, 0xAD55, 0xA534, 0x9CF3, 0x94B2, 0x9492, 0x8C71, 0x8450,
    0x840F, 0x7BCE, 0x7BCE, 0x7BCE, 0x7BCF, 0x7BCF, 0x7BCE, 0x7BEE,
    0x7BEF, 0x8410, 0x8C51, 0x9491, 0x9CD3, 0xA513, 0xA514, 0xA534,
    0xA534, 0xA534, 0xA513, 0x9CD3, 0x94B2, 0x8C71, 0x8430, 0x842F,
    0x7BEE, 0x738D, 0x738D, 0x6B6D, 0x6B6D, 0x6B6D, 0x6B6D, 0x6B6D,
    0x6B6D, 0x73AD, 0x73CE, 0x840F, 0x8450, 0x8C91, 0x94B2, 0x9CD3,
    0x9CF3, 0xA513, 0x9CF3, 0x9CD2, 0x9491, 0x8C50, 0x8410, 0x7BCE,
    0x73AE, 0x738D, 0x6B4C, 0x630B, 0x630B, 0x630B, 0x5AEB, 0x5AEB,
    0x5AEB, 0x630B, 0x632C, 0x738D, 0x7BEF, 0x8430, 0x8C71, 0x9491,
    0x94B2, 0x9CD3, 0x94B2, 0x94B2, 0x8C71, 0x8C50, 0x840F, 0x7BCE,
    0x738D, 0x6B4C, 0x632C, 0x5ACA, 0x52AA, 0x5289, 0x5289, 0x4A69,
    0x5289, 0x528A, 0x52AA, 0x5AEB, 0x6B4C, 0x738D, 0x7BAE, 0x842F,
    0x8C50, 0x8C71, 0x8C71, 0x9491, 0x8C71, 0x8430, 0x7BEF, 0x73AE,
    0x6B6D, 0x630B, 0x5ACB, 0x528A, 0x4A49, 0x4A48, 0x4A48, 0x4228,
    0x4228, 0x4228, 0x4228, 0x4A69, 0x5ACA, 0x630B, 0x632C, 0x6B6D,
    0x73CE, 0x7BEF, 0x8410, 0x8430, 0x8430, 0x8410, 0x7BCE, 0x6B8D,
    0x632C, 0x5AEB, 0x52AA, 0x4A69, 0x4228, 0x39E7, 0x39C6, 0x39C6,
    0x39C6, 0x39C6, 0x39C6, 0x39E7, 0x4228, 0x4A69, 0x5AAA, 0x5AEB,
    0x634C, 0x738D, 0x73AE, 0x7BCE, 0x7BEF, 0x7BEF, 0x7BCF, 0x738E,
    0x6B4D, 0x630B, 0x5ACA, 0x4A69, 0x4228, 0x39C6, 0x31A5, 0x3185,
    0x2985, 0x2965, 0x3165, 0x3185, 0x39A6, 0x4207, 0x4A48, 0x5289,
    0x5ACA, 0x630B, 0x6B4D, 0x738D, 0x73AE, 0x73CE, 0x73AE, 0x73AE,
    0x6B6D, 0x632C, 0x5AEB, 0x5289, 0x4228, 0x39C6, 0x3185, 0x2944,
    0x2944, 0x2124, 0x2124, 0x2124, 0x2945, 0x3186, 0x41C7, 0x4A28,
    0x5269, 0x5AAA, 0x5AEB, 0x6B2C, 0x6B8E, 0x73AE, 0x738E, 0x6B6D,
    0x6B4C, 0x632C, 0x5AEB, 0x52AA, 0x4A49, 0x39E7, 0x3186, 0x2945,
    0x2104, 0x2104, 0x2104, 0x20E3, 0x2104, 0x2924, 0x3165, 0x39A6,
    0x4207, 0x4A69, 0x52AA, 0x5AEB, 0x6B4C, 0x6B6D, 0x6B6D, 0x6B6D,
    0x6B4D, 0x630C, 0x5ACB, 0x528A, 0x4A69, 0x4208, 0x31A6, 0x3165,
    0x2924, 0x20E3, 0x20E3, 0x20E3, 0x18E3, 0x2103, 0x2924, 0x2965,
    0x3186, 0x41E7, 0x4A49, 0x52AA, 0x5AEB, 0x632C, 0x6B4C, 0x6B4C,
    0x6B2C, 0x630C, 0x5AEB, 0x52AA, 0x4A69, 0x4A48, 0x39E7, 0x3186,
    0x2944, 0x2104, 0x20E3, 0x20E3, 0x18E3, 0x18E3, 0x2104, 0x2124,
    0x2965, 0x39A6, 0x4207, 0x4A49, 0x52AA, 0x5AEB, 0x630C, 0x630C,
    0x630C, 0x5AEB, 0x5ACB, 0x52AA, 0x4A8A, 0x4A49, 0x39E7, 0x31A6,
    0x2965, 0x2124, 0x2104, 0x2104, 0x2103, 0x20E3, 0x2103, 0x2103,
    0x2924, 0x3165, 0x39A6, 0x4207, 0x4A48, 0x5289, 0x5ACA, 0x5ACB,
    0x5ACA, 0x5ACA, 0x52AA, 0x528A, 0x4A69, 0x4228, 0x39E7, 0x39C6,
    0x3185, 0x2944, 0x2104, 0x2103, 0x2103, 0x20E3, 0x20E3, 0x20E3,
    0x2103, 0x2924, 0x2965, 0x3186, 0x39E7, 0x4228, 0x4A69, 0x52AA,
    0x52AA, 0x52AA, 0x52AA, 0x528A, 0x4A69, 0x4228, 0x3A07, 0x39C7,
    0x3186, 0x2965, 0x2945, 0x2124, 0x2104, 0x2104, 0x2103, 0x2103,
    0x2103, 0x2104, 0x2944, 0x2965, 0x31A6, 0x39E7, 0x4228, 0x4A69,
    0x528A, 0x528A, 0x528A, 0x5289, 0x4A49, 0x4228, 0x4208, 0x39E7,
    0x31A6, 0x3186, 0x2965, 0x2945, 0x2124, 0x2104, 0x2124, 0x2104,
    0x20E3, 0x2103, 0x2104, 0x2124, 0x2945, 0x3185, 0x39C6, 0x39E7,
    0x4208, 0x4228, 0x4A28, 0x4A48, 0x4A49, 0x4A49, 0x4228, 0x39E7,
    0x39C6, 0x3186, 0x2965, 0x2945, 0x2944, 0x2124, 0x2124, 0x2104,
    0x2104, 0x2103, 0x2103, 0x2104, 0x2124, 0x2124, 0x2924, 0x2944,
    0x2945, 0x2965, 0x2965, 0x2965, 0x2965, 0x3185, 0x3186, 0x3186,
    0x2965, 0x2965, 0x2945, 0x2945, 0x2924, 0x2124, 0x2124, 0x2104,
    0x2104, 0x2104, 0x2103, 0x20E4, 0x2103, 0x2104, 0x2124, 0x2124,
    0x2944, 0x2944, 0x2944, 0x2945, 0x2945, 0x2945, 0x2945, 0x2945,
    0x2945, 0x2944, 0x2945, 0x2945, 0x3166, 0x39A7, 0x4228, 0x52AA,
    0xD69A, 0xD69A, 0xD69A, 0xCE79, 0xCE59, 0xC638, 0xC617, 0xB5D6,
    0xAD95, 0xA534, 0xA513, 0xAD54, 0xAD54, 0xAD75, 0xB595, 0xB596,
    0xBDD6, 0xBDD6, 0xBDD6, 0xB5B6, 0xAD54, 0xA513, 0x94B2, 0x8C71,
    0x840F, 0x7BEE, 0x7BCE, 0x7BCE, 0x7BCE, 0x73AE, 0x73AE, 0x73AE,
    0x73AE, 0x7BCE, 0x7BEE, 0x840F, 0x8C71, 0x9CD2, 0xA513, 0xA534,
    0xAD54, 0xAD55, 0xAD75, 0xAD75, 0xAD54, 0xA513, 0x9CD2, 0x8C91,
    0x8430, 0x7BCE, 0x738D, 0x6B4C, 0x6B4C, 0x6B2B, 0x632B, 0x632C,
    0x630C, 0x632C, 0x634C, 0x6B6D, 0x73AE, 0x840F, 0x8C50, 0x9491,
    0x9CD2, 0xA514, 0xA534, 0xA534, 0xA513, 0x9CF3, 0x9CB2, 0x8C70,
    0x840F, 0x7BCF, 0x6B6D, 0x630B, 0x5ACA, 0x5AAA, 0x52AA, 0x52AA,
    0x52AA, 0x52AA, 0x52AA, 0x52AA, 0x5AEB, 0x6B4C, 0x738D, 0x7BEF,
    0x8C50, 0x9491, 0x94B2, 0x9CD3, 0x9CF3, 0x9CD2, 0x9491, 0x8C50,
    0x840F, 0x73AE, 0x6B4D, 0x5AEB, 0x5289, 0x4A69, 0x4A48, 0x4228,
    0x4228, 0x4228, 0x4228, 0x4228, 0x4228, 0x5269, 0x5ACA, 0x632C,
    0x738D, 0x7BCE, 0x8430, 0x9471, 0x9492, 0x94B2, 0x8C71, 0x8C51,
    0x840F, 0x73AE, 0x6B4C, 0x5AEB, 0x5289, 0x4228, 0x39E7, 0x39C6,
    0x39C6, 0x39C6, 0x39C6, 0x31A6, 0x31A6, 0x39C6, 0x4228, 0x5289,
    0x62EB, 0x736D, 0x7BCE, 0x840F, 0x8C50, 0x8C71, 0x8C71, 0x8C71,
    0x840F, 0x7BAE, 0x736C, 0x630B, 0x52AA, 0x4A48, 0x39E7, 0x3185,
    0x2965, 0x2965, 0x2965, 0x2965, 0x2965, 0x2965, 0x31A6, 0x4207,
    0x4A48, 0x5ACA, 0x6B2B, 0x738D, 0x7BCE, 0x7BCF, 0x840F, 0x8430,
    0x83EF, 0x7BCE, 0x6B6D, 0x630B, 0x52A9, 0x4A48, 0x39C7, 0x2965,
    0x2924, 0x2124, 0x2124, 0x2124, 0x2124, 0x2124, 0x2944, 0x3185,
    0x39E6, 0x4A48, 0x5289, 0x5ACA, 0x6B2B, 0x738D, 0x7BCE, 0x7BEF,
    0x7BCF, 0x73AE, 0x6B6D, 0x632C, 0x5ACA, 0x4A69, 0x3A07, 0x3186,
    0x2124, 0x2103, 0x2103, 0x18E3, 0x18E3, 0x18E3, 0x18E3, 0x2104,
    0x2965, 0x31A6, 0x4207, 0x4A69, 0x5ACA, 0x630B, 0x6B4C, 0x738E,
    0x73AE, 0x73AE, 0x6B8D, 0x6B4C, 0x630B, 0x52AA, 0x4A48, 0x39C7,
    0x2965, 0x2103, 0x18E3, 0x18E3, 0x18C2, 0x18C2, 0x18E3, 0x18E3,
    0x2103, 0x2944, 0x3185, 0x41E7, 0x4A69, 0x52AA, 0x5AEB, 0x6B4C,
    0x6B6D, 0x6B8D, 0x6B6D, 0x6B4C, 0x630C, 0x5ACB, 0x4A69, 0x4228,
    0x31A6, 0x2944, 0x1903, 0x18C3, 0x18C3, 0x18C2, 0x18C2, 0x18C2,
    0x18C2, 0x2103, 0x2944, 0x3165, 0x39E6, 0x4A48, 0x5AAA, 0x62EB,
    0x632C, 0x6B4D, 0x632C, 0x630B, 0x5ACB, 0x52AA, 0x5289, 0x4A48,
    0x39E7, 0x3185, 0x2124, 0x18E3, 0x18E3, 0x18C3, 0x18C3, 0x18C2,
    0x18C3, 0x18E3, 0x2103, 0x2924, 0x3186, 0x3A07, 0x4A49, 0x528A,
    0x5AEB, 0x630B, 0x5B0B, 0x630B, 0x5ACB, 0x52AA, 0x5289, 0x4A48,
    0x41E7, 0x3186, 0x2944, 0x2104, 0x20E3, 0x18E3, 0x18E3, 0x18C2,
    0x18C3, 0x18C3, 0x20E3, 0x2104, 0x2945, 0x3186, 0x41E7, 0x4A48,
    0x528A, 0x52AA, 0x5ACB, 0x5ACB, 0x5ACA, 0x5AAA, 0x528A, 0x4A49,
    0x4228, 0x39E7, 0x3185, 0x2965, 0x2124, 0x20E3, 0x2103, 0x18E3,
    0x18E3, 0x18C3, 0x18E3, 0x2104, 0x2124, 0x2965, 0x31A6, 0x41E7,
    0x4A49, 0x528A, 0x52AA, 0x5AAB, 0x52AA, 0x528A, 0x4A69, 0x4A49,
    0x4228, 0x39E7, 0x39C7, 0x3186, 0x2144, 0x2104, 0x2104, 0x18E3,
    0x18E3, 0x18E3, 0x18E3, 0x20E3, 0x2103, 0x2924, 0x3165, 0x39A6,
    0x41E7, 0x4A28, 0x4A69, 0x5269, 0x4A69, 0x4A69, 0x4A49, 0x4228,
    0x4207, 0x39E7, 0x39A6, 0x3185, 0x2945, 0x2124, 0x2104, 0x2103,
    0x2103, 0x20E3, 0x18E3, 0x18E3, 0x20E3, 0x2104, 0x2924, 0x2965,
    0x31A6, 0x39E7, 0x4228, 0x4A49, 0x4A69, 0x4A69, 0x4A69, 0x4A48,
    0x4208, 0x39E7, 0x39C7, 0x3186, 0x2965, 0x2945, 0x2944, 0x2124,
    0x2104, 0x2103, 0x2103, 0x2103, 0x20E3, 0x18E3, 0x2104, 0x2945,
    0x3165, 0x39A6, 0x39E7, 0x4228, 0x4A49, 0x4A49, 0x4A48, 0x4A49,
    0x4228, 0x4208, 0x39C7, 0x31A6, 0x3186, 0x2965, 0x2945, 0x2945,
    0x2124, 0x2124, 0x2104, 0x2103, 0x20E3, 0x20E3, 0x20E4, 0x2104,
    0x2944, 0x2965, 0x31A6, 0x39C6, 0x39E7, 0x4207, 0x4208, 0x4208,
    0x4228, 0x4208, 0x39E7, 0x39C6, 0x31A6, 0x2965, 0x2965, 0x2944,
    0x2124, 0x2124, 0x2124, 0x2104, 0x2104, 0x2104, 0x18E3, 0x18E3,
    0x18E3, 0x18E3, 0x2103, 0x2104, 0x2104, 0x2124, 0x2124, 0x2944,
    0x2944, 0x2965, 0x2945, 0x2944, 0x2944, 0x2944, 0x2124, 0x2124,
    0x2124, 0x2124, 0x2124, 0x2124, 0x2104, 0x2103, 0x20E3, 0x20E3,
    0x20E3, 0x2103, 0x2104, 0x2124, 0x2124, 0x2124, 0x2924, 0x2124,
    0x2124, 0x2124, 0x2124, 0x2124, 0x2124, 0x2124, 0x2124, 0x2124,
    0x2925, 0x3186, 0x4208, 0x528A, 0xD69A, 0xD69A, 0xD69A, 0xCE59,
    0xC638, 0xBDF7, 0xB5B6, 0xAD55, 0x9D13, 0x94B2, 0x9491, 0x94B2,
    0x9CD2, 0x9CF3, 0xA534, 0xAD75, 0xB595, 0xAD75, 0xAD55, 0xA534,
    0x9CD2, 0x8C71, 0x7BCE, 0x6B4C, 0x5AA9, 0x5268, 0x4A68, 0x4A68,
    0x4A68, 0x4A48, 0x4228, 0x4228, 0x4A48, 0x4A48, 0x5269, 0x62EB,
    0x738D, 0x842F, 0x9491, 0x9CD2, 0xA513, 0xA514, 0xA514, 0xA513,
    0x9CD2, 0x8C71, 0x7BEF, 0x6B6D, 0x5AEA, 0x4A48, 0x41E6, 0x41C5,
    0x39C5, 0x39C5, 0x39A5, 0x39A5, 0x39A6, 0x31A6, 0x39A6, 0x41E7,
    0x5268, 0x630B, 0x738D, 0x840F, 0x8C70, 0x94B2, 0x9CD2, 0x9CD2,
    0x9CB1, 0x9470, 0x840F, 0x7BAD, 0x632B, 0x5289, 0x39E7, 0x3185,
    0x2965, 0x2944, 0x2944, 0x2944, 0x2945, 0x2945, 0x2945, 0x2965,
    0x39C6, 0x4A48, 0x5AA9, 0x632B, 0x73AD, 0x840F, 0x8C50, 0x8C71,
    0x9471, 0x8C50, 0x7BEF, 0x73AE, 0x6B4C, 0x52CA, 0x4228, 0x31A6,
    0x2944, 0x2124, 0x2104, 0x2104, 0x2103, 0x2103, 0x2103, 0x2103,
    0x2104, 0x2964, 0x39C6, 0x4A48, 0x5ACA, 0x6B4C, 0x7BAD, 0x83EF,
    0x840F, 0x8430, 0x8410, 0x7BCF, 0x6B6D, 0x630B, 0x4A69, 0x39E7,
    0x3185, 0x2103, 0x18C3, 0x18C3, 0x18C2, 0x18C2, 0x18C2, 0x18C2,
    0x18C2, 0x18E3, 0x2944, 0x31A6, 0x4A28, 0x5289, 0x630B, 0x736C,
    0x7BCE, 0x7BEF, 0x7BEF, 0x7BEF, 0x73AE, 0x6B4C, 0x5AEA, 0x4A48,
    0x39E6, 0x2944, 0x18E3, 0x18C2, 0x10A2, 0x10A2, 0x10A2, 0x10A2,
    0x18A2, 0x18A2, 0x18E3, 0x2924, 0x39A6, 0x4207, 0x5268, 0x5ACA,
    0x6B4C, 0x738D, 0x7BCE, 0x7BAE, 0x73AE, 0x736D, 0x630B, 0x52A9,
    0x4228, 0x3186, 0x2104, 0x18C3, 0x10A2, 0x10A2, 0x10A2, 0x10A2,
    0x10A2, 0x10A2, 0x18A2, 0x20E3, 0x2923, 0x3985, 0x4206, 0x5268,
    0x5ACA, 0x632C, 0x6B6D, 0x73AE, 0x738E, 0x6B6D, 0x632C, 0x5ACB,
    0x4A69, 0x3A07, 0x2965, 0x18E3, 0x18C3, 0x18A2, 0x18A2, 0x10A2,
    0x10A2, 0x10A2, 0x10A2, 0x18C3, 0x18E3, 0x2924, 0x3185, 0x39E7,
    0x4A48, 0x5AAA, 0x630C, 0x632C, 0x6B4D, 0x634D, 0x5B0C, 0x5AEB,
    0x528A, 0x4228, 0x39E7, 0x2965, 0x18E3, 0x18C3, 0x18C3, 0x18A2,
    0x18A2, 0x18A2, 0x18A2, 0x10A2, 0x18C3, 0x20E3, 0x2124, 0x3185,
    0x39E7, 0x4A48, 0x528A, 0x5AEB, 0x630B, 0x630B, 0x5AEB, 0x5ACA,
    0x528A, 0x4A49, 0x4207, 0x31A6, 0x2945, 0x2104, 0x18E3, 0x18C3,
    0x18C2, 0x18A2, 0x18C2, 0x18A2, 0x18A2, 0x18C2, 0x2103, 0x2124,
    0x3165, 0x39E6, 0x4A48, 0x5289, 0x5AAA, 0x5ACA, 0x5AAA, 0x52AA,
    0x528A, 0x4A49, 0x4208, 0x39C7, 0x31A6, 0x2144, 0x2103, 0x18E3,
    0x18C3, 0x18C3, 0x18C2, 0x18C3, 0x10A2, 0x18C3, 0x18E3, 0x2103,
    0x2944, 0x3185, 0x39C7, 0x4A28, 0x4A69, 0x5289, 0x5289, 0x5289,
    0x4A69, 0x4A49, 0x4228, 0x39E7, 0x31A6, 0x2965, 0x2124, 0x2103,
    0x18E3, 0x18E3, 0x18C3, 0x18C3, 0x18C3, 0x18C3, 0x18C3, 0x20E3,
    0x2124, 0x2944, 0x3185, 0x39E7, 0x4228, 0x4A49, 0x5269, 0x5289,
    0x4A69, 0x4A49, 0x4228, 0x3A07, 0x39C6, 0x3185, 0x2965, 0x2124,
    0x2104, 0x2103, 0x18E3, 0x18E3, 0x18E3, 0x18C3, 0x18C3, 0x18E3,
    0x20E4, 0x2124, 0x3165, 0x31A6, 0x39E7, 0x4228, 0x4A49, 0x4A69,
    0x4A69, 0x4A48, 0x4228, 0x4208, 0x39C7, 0x31A6, 0x3186, 0x2945,
    0x2124, 0x2124, 0x2104, 0x18E3, 0x18E3, 0x18E3, 0x18E3, 0x18E3,
    0x18E3, 0x2104, 0x2924, 0x3165, 0x39A6, 0x39E7, 0x4208, 0x4228,
    0x4228, 0x4228, 0x4208, 0x39E7, 0x39C6, 0x31A6, 0x3185, 0x2965,
    0x2945, 0x2124, 0x2124, 0x2104, 0x20E3, 0x18E3, 0x18E3, 0x18C3,
    0x18C3, 0x18E3, 0x2104, 0x2944, 0x3165, 0x39A6, 0x39E7, 0x4208,
    0x4228, 0x4228, 0x4228, 0x4208, 0x39E7, 0x39C7, 0x31A6, 0x2965,
    0x2965, 0x2945, 0x2924, 0x2124, 0x2104, 0x2103, 0x20E3, 0x18E3,
    0x18E3, 0x18E3, 0x2104, 0x2124, 0x2965, 0x3186, 0x39C6, 0x39E7,
    0x4208, 0x4228, 0x4228, 0x4208, 0x39E7, 0x39C7, 0x31A6, 0x3186,
    0x2965, 0x2945, 0x2945, 0x2124, 0x2124, 0x2124, 0x2104, 0x20E3,
    0x18E3, 0x18E3, 0x18E3, 0x2104, 0x2924, 0x2965, 0x3186, 0x31A6,
    0x39E7, 0x39E7, 0x4207, 0x4208, 0x39E7, 0x39E7, 0x39C7, 0x31A6,
    0x2965, 0x2965, 0x2944, 0x2124, 0x2124, 0x2124, 0x2124, 0x2104,
    0x20E4, 0x2103, 0x18E3, 0x18E3, 0x18E3, 0x18E3, 0x20E3, 0x2104,
    0x2124, 0x2124, 0x2924, 0x2924, 0x2924, 0x2924, 0x2124, 0x2124,
    0x2104, 0x2103, 0x2104, 0x2124, 0x2124, 0x2124, 0x2124, 0x2124,
    0x2104, 0x2103, 0x2104, 0x18E3, 0x20E3, 0x2104, 0x2124, 0x2124,
    0x2944, 0x2945, 0x2944, 0x2944, 0x2924, 0x2124, 0x2104, 0x2104,
    0x18E3, 0x20E3, 0x2104, 0x2124, 0x2124, 0x2965, 0x39E7, 0x4A69,
    0xD69A, 0xD69A, 0xD699, 0xCE38, 0xC617, 0xB5B6, 0xA534, 0x9CD2,
    0x8C4F, 0x73AD, 0x736D, 0x7BAE, 0x840F, 0x9491, 0x9CD2, 0x9CF3,
    0xA513, 0xA4F3, 0x9CF3, 0x94B2, 0x8430, 0x6B4C, 0x5268, 0x3185,
    0x2103, 0x20E3, 0x18E3, 0x18E3, 0x18C3, 0x18C3, 0x18C3, 0x18C3,
    0x18C2, 0x20E3, 0x2124, 0x39C6, 0x5288, 0x6B2B, 0x7BCE, 0x8C50,
    0x9491, 0x94B2, 0x94B1, 0x8C71, 0x8430, 0x7BCE, 0x632B, 0x4A48,
    0x3185, 0x20E3, 0x18C2, 0x18A2, 0x18A1, 0x18A2, 0x18A2, 0x18C2,
    0x18C2, 0x18C2, 0x18C2, 0x18E3, 0x2964, 0x4207, 0x5AA9, 0x6B4B,
    0x7BCE, 0x840F, 0x8C50, 0x8C30, 0x840F, 0x83EE, 0x738C, 0x630A,
    0x4A47, 0x3185, 0x18E3, 0x18C2, 0x18C2, 0x10A2, 0x10A2, 0x10A2,
    0x10A2, 0x10A2, 0x10A2, 0x10A2, 0x18E3, 0x2944, 0x41E6, 0x5268,
    0x62EA, 0x736C, 0x7BAD, 0x7BEF, 0x7BEF, 0x7BEF, 0x73AE, 0x6B4C,
    0x52CA, 0x4207, 0x2965, 0x18E3, 0x10C2, 0x10A2, 0x10A2, 0x10A2,
    0x1082, 0x10A2, 0x10A2, 0x10A2, 0x10A2, 0x18C3, 0x2944, 0x39C5,
    0x4A27, 0x5AC9, 0x6B2B, 0x736D, 0x73AE, 0x7BCF, 0x7BCF, 0x738D,
    0x632C, 0x528A, 0x4207, 0x2945, 0x18C2, 0x10A2, 0x1082, 0x1082,
    0x1082, 0x1082, 0x1082, 0x10A2, 0x10A2, 0x1082, 0x18C3, 0x2924,
    0x3185, 0x4207, 0x5289, 0x62EA, 0x6B4C, 0x736D, 0x738E, 0x738D,
    0x6B4C, 0x5AEB, 0x5269, 0x41E7, 0x2944, 0x18C2, 0x10A2, 0x10A2,
    0x10A2, 0x1082, 0x10A2, 0x10A2, 0x10A2, 0x1082, 0x18A2, 0x20E3,
    0x2944, 0x31A5, 0x4207, 0x5269, 0x62EB, 0x6B2C, 0x6B4C, 0x6B4D,
    0x6B4C, 0x5AEB, 0x52A9, 0x4A27, 0x31A6, 0x2124, 0x18C3, 0x10A2,
    0x10A2, 0x1082, 0x1082, 0x10A2, 0x10A2, 0x18A2, 0x18A2, 0x18A2,
    0x20E2, 0x2923, 0x3184, 0x41E6, 0x5268, 0x5AA9, 0x5ACB, 0x5AEB,
    0x5AEB, 0x5AEB, 0x52AA, 0x4A69, 0x41E7, 0x2986, 0x2104, 0x18C3,
    0x18C3, 0x18A2, 0x10A2, 0x10A2, 0x10A2, 0x18A3, 0x18C3, 0x10A2,
    0x18C2, 0x18E3, 0x2944, 0x2965, 0x39C6, 0x4228, 0x4A69, 0x52AA,
    0x52AB, 0x528A, 0x526A, 0x4A49, 0x4208, 0x39C7, 0x2965, 0x2104,
    0x18C3, 0x18C3, 0x18C3, 0x18A2, 0x10A2, 0x10A2, 0x10A2, 0x18C2,
    0x10A2, 0x18C3, 0x18E3, 0x2124, 0x3185, 0x39C6, 0x4208, 0x4A49,
    0x4A69, 0x4A69, 0x4A69, 0x4A49, 0x4228, 0x39E7, 0x31A6, 0x2965,
    0x2124, 0x18E3, 0x18E3, 0x18C2, 0x18C2, 0x18A2, 0x18A2, 0x18A3,
    0x18C2, 0x18A2, 0x18C2, 0x18E3, 0x2924, 0x3185, 0x39C6, 0x4208,
    0x4A28, 0x4A49, 0x4249, 0x4229, 0x4228, 0x39E7, 0x39A6, 0x3186,
    0x2945, 0x2104, 0x18E3, 0x18E3, 0x18C3, 0x18A3, 0x10A3, 0x10A3,
    0x18A3, 0x10C2, 0x10C3, 0x18E3, 0x2104, 0x2944, 0x3186, 0x39C6,
    0x41E7, 0x4228, 0x4228, 0x4228, 0x4208, 0x39E7, 0x31A7, 0x31A6,
    0x2985, 0x2944, 0x2124, 0x2104, 0x20E3, 0x18C3, 0x18C3, 0x18C3,
    0x18A3, 0x10A2, 0x18A2, 0x18C3, 0x20E3, 0x2124, 0x2945, 0x3186,
    0x39C6, 0x41E7, 0x4228, 0x4228, 0x4208, 0x39E7, 0x39C7, 0x31A6,
    0x2985, 0x2965, 0x2945, 0x2924, 0x2904, 0x2104, 0x20E3, 0x18E3,
    0x18C3, 0x18A3, 0x10A2, 0x18C3, 0x18E3, 0x2104, 0x2944, 0x3185,
    0x31A6, 0x39E7, 0x4207, 0x4228, 0x4228, 0x4208, 0x39E7, 0x31A6,
    0x31A6, 0x3186, 0x2965, 0x2944, 0x2924, 0x2104, 0x20E4, 0x18E3,
    0x18C3, 0x18C3, 0x18A2, 0x18A2, 0x18E3, 0x2104, 0x2924, 0x3165,
    0x31A6, 0x39C6, 0x39E7, 0x4207, 0x4208, 0x4207, 0x39E7, 0x31A6,
    0x3186, 0x3165, 0x2965, 0x2945, 0x2944, 0x2124, 0x2124, 0x2104,
    0x20E3, 0x18E3, 0x18E3, 0x10A2, 0x10A2, 0x18E3, 0x2104, 0x2944,
    0x3165, 0x39C6, 0x39E7, 0x4208, 0x4227, 0x4227, 0x4207, 0x39E7,
    0x3165, 0x2965, 0x2965, 0x2965, 0x2945, 0x2945, 0x2944, 0x2924,
    0x2124, 0x2104, 0x2104, 0x18E3, 0x10A2, 0x18C3, 0x2104, 0x2145,
    0x2965, 0x31A6, 0x39C7, 0x4207, 0x4208, 0x4228, 0x4228, 0x4208,
    0x39C7, 0x3186, 0x2986, 0x3186, 0x2965, 0x2945, 0x2944, 0x2944,
    0x2944, 0x2124, 0x2124, 0x2104, 0x18E3, 0x10A3, 0x20E4, 0x2945,
    0x2965, 0x2986, 0x31A6, 0x39C7, 0x39E7, 0x3A08, 0x4208, 0x4207,
    0x39E7, 0x39A7, 0x2966, 0x3186, 0x31A6, 0x2965, 0x2145, 0x2144,
    0x2924, 0x2945, 0x2125, 0x2124, 0x2124, 0x18E3, 0x18C2, 0x2924,
    0x2965, 0x2124, 0x2104, 0x2124, 0x2924, 0x2924, 0x2944, 0x2944,
    0x2924, 0x2124, 0x2124, 0x2944, 0x3185, 0x39C6, 0x3185, 0x2124,
    0x2124, 0x2124, 0x2124, 0x2124, 0x2124, 0x2124, 0x1904, 0x18E3,
    0x3185, 0x39C6, 0x3165, 0x2945, 0x2944, 0x2965, 0x2965, 0x2945,
    0x2944, 0x2124, 0x2104, 0x2104, 0x2945, 0x3185, 0x31A5, 0x2965,
    0x2945, 0x2965, 0x39E7, 0x4A49, 0xD69A, 0xD69A, 0xCE79, 0xC638,
    0xBDF7, 0xAD75, 0x94D1, 0x840E, 0x630A, 0x4A26, 0x4206, 0x5268,
    0x632B, 0x7BAD, 0x8430, 0x8C71, 0x8C71, 0x9471, 0x8C30, 0x7BCE,
    0x6B4C, 0x4A68, 0x2944, 0x18C2, 0x10A2, 0x10A2, 0x10A1, 0x1081,
    0x1082, 0x10A2, 0x1082, 0x0861, 0x0860, 0x1081, 0x18C2, 0x2924,
    0x39C5, 0x5268, 0x6B2B, 0x7BAE, 0x7BEF, 0x840F, 0x842F, 0x7BEF,
    0x6B6D, 0x5AEB, 0x4A49, 0x2965, 0x18C2, 0x18A2, 0x10A2, 0x10A2,
    0x1082, 0x1082, 0x1082, 0x0882, 0x0841, 0x0861, 0x1082, 0x10A2,
    0x20E3, 0x3165, 0x4207, 0x5A89, 0x6B0B, 0x736C, 0x73AE, 0x73CE,
    0x73AD, 0x6B4C, 0x5AC9, 0x4A47, 0x3185, 0x18C3, 0x10A3, 0x18A2,
    0x18A2, 0x18A2, 0x10A2, 0x1082, 0x1062, 0x0861, 0x1061, 0x1082,
    0x18A3, 0x20E3, 0x2964, 0x41E6, 0x5268, 0x62CA, 0x6B2C, 0x6B6C,
    0x6B6D, 0x632C, 0x52AA, 0x4A69, 0x4208, 0x2945, 0x18C2, 0x10A2,
    0x10A2, 0x10A2, 0x10A2, 0x1082, 0x10A2, 0x0862, 0x0841, 0x0861,
    0x10A2, 0x18A2, 0x20E3, 0x3144, 0x39C5, 0x4A27, 0x5289, 0x5AEA,
    0x630B, 0x630C, 0x5AEB, 0x528A, 0x4A48, 0x39E7, 0x2965, 0x18C3,
    0x1082, 0x1082, 0x1082, 0x1082, 0x0882, 0x0882, 0x0861, 0x0840,
    0x0861, 0x1082, 0x1082, 0x18C3, 0x2924, 0x31A5, 0x4207, 0x4A68,
    0x5AAA, 0x5ACA, 0x5ACA, 0x52AA, 0x4A69, 0x4228, 0x39C6, 0x2945,
    0x18E3, 0x1082, 0x1082, 0x1082, 0x1082, 0x1082, 0x1082, 0x0841,
    0x0020, 0x0862, 0x1082, 0x10A2, 0x20E3, 0x2924, 0x3185, 0x41E7,
    0x4A48, 0x5289, 0x528A, 0x528A, 0x4A48, 0x39E7, 0x39E6, 0x31A6,
    0x2944, 0x18E3, 0x10A2, 0x10A2, 0x10A2, 0x1082, 0x1082, 0x1082,
    0x0841, 0x0841, 0x1082, 0x1082, 0x18A2, 0x18E3, 0x2924, 0x3164,
    0x39C6, 0x4207, 0x4228, 0x4A48, 0x4A48, 0x39E7, 0x31A6, 0x31A6,
    0x3186, 0x2945, 0x18E3, 0x18C3, 0x18C3, 0x10A2, 0x10A2, 0x10A2,
    0x1082, 0x0841, 0x0861, 0x10A2, 0x10A2, 0x10A2, 0x18E3, 0x2124,
    0x2965, 0x31A6, 0x39E7, 0x4208, 0x4208, 0x4208, 0x39C6, 0x3185,
    0x3186, 0x3166, 0x2945, 0x2104, 0x18E3, 0x18C3, 0x10C3, 0x10C3,
    0x10A3, 0x1082, 0x0841, 0x1061, 0x10A2, 0x10A2, 0x10A3, 0x18E3,
    0x2124, 0x2965, 0x31A6, 0x39E7, 0x39E7, 0x39E7, 0x39C7, 0x3186,
    0x3185, 0x3186, 0x3185, 0x2944, 0x2124, 0x2103, 0x2103, 0x18E3,
    0x18C3, 0x18C3, 0x1082, 0x0841, 0x1061, 0x18A2, 0x18A2, 0x18C3,
    0x20E4, 0x2945, 0x2965, 0x39A6, 0x39E7, 0x39E8, 0x39E8, 0x31A6,
    0x3165, 0x2965, 0x2965, 0x2965, 0x2944, 0x2124, 0x2104, 0x2104,
    0x2103, 0x18E3, 0x18A3, 0x1082, 0x1061, 0x1081, 0x18A2, 0x10C3,
    0x18E3, 0x2124, 0x2945, 0x3186, 0x39C6, 0x39E7, 0x39E8, 0x39E7,
    0x31A6, 0x3186, 0x2965, 0x2965, 0x2945, 0x2944, 0x2124, 0x2124,
    0x2104, 0x20E3, 0x18E4, 0x18E3, 0x1082, 0x18E3, 0x18E3, 0x18C3,
    0x18C3, 0x2104, 0x2945, 0x2965, 0x31A6, 0x39C7, 0x4207, 0x4207,
    0x39C6, 0x31A6, 0x39C6, 0x39A6, 0x2986, 0x2965, 0x2965, 0x2965,
    0x2944, 0x2924, 0x2124, 0x2124, 0x18E3, 0x2104, 0x31A6, 0x2124,
    0x18C3, 0x2104, 0x2945, 0x3165, 0x31A6, 0x39E7, 0x4208, 0x4228,
    0x4208, 0x39C7, 0x39E7, 0x4A68, 0x39E7, 0x2965, 0x2965, 0x2965,
    0x2965, 0x2945, 0x2945, 0x2125, 0x2124, 0x1903, 0x3165, 0x41E6,
    0x2924, 0x2103, 0x2945, 0x2965, 0x31A6, 0x39E7, 0x4207, 0x4228,
    0x4228, 0x3A07, 0x39C7, 0x528A, 0x62EB, 0x4A28, 0x2965, 0x2965,
    0x2965, 0x2965, 0x2165, 0x2945, 0x2145, 0x2145, 0x2124, 0x41C6,
    0x5268, 0x3185, 0x2923, 0x2945, 0x3186, 0x39E7, 0x4207, 0x4A28,
    0x4A28, 0x4228, 0x4207, 0x39E7, 0x6B4C, 0x7B8D, 0x5269, 0x2965,
    0x2945, 0x2965, 0x2965, 0x2145, 0x2145, 0x2145, 0x2124, 0x2965,
    0x52A9, 0x6B2B, 0x4A07, 0x3165, 0x3186, 0x39A7, 0x41E7, 0x4228,
    0x4A29, 0x4A28, 0x4208, 0x39E8, 0x39C7, 0x738D, 0x9470, 0x630B,
    0x3185, 0x2145, 0x2145, 0x2145, 0x2145, 0x2145, 0x2145, 0x2124,
    0x2124, 0x630B, 0x840F, 0x5ACA, 0x39A5, 0x3186, 0x31C7, 0x39C7,
    0x39E7, 0x4207, 0x4207, 0x3A07, 0x39C7, 0x31A6, 0x73AE, 0x9CD2,
    0x6B6C, 0x3186, 0x2124, 0x2124, 0x2124, 0x2125, 0x2125, 0x2125,
    0x1904, 0x2965, 0x7BCE, 0x8C2F, 0x5AA9, 0x3165, 0x2124, 0x2924,
    0x2924, 0x2945, 0x2945, 0x2945, 0x2944, 0x2104, 0x39C7, 0x8C0F,
    0xB553, 0x8BED, 0x41C6, 0x2124, 0x1924, 0x2124, 0x1925, 0x2124,
    0x1904, 0x10E4, 0x2124, 0x7BAD, 0xA4B0, 0x6B0A, 0x41C5, 0x3164,
    0x2965, 0x2965, 0x2965, 0x2965, 0x2945, 0x2945, 0x2104, 0x39C7,
    0x9C70, 0xB531, 0x83AC, 0x4A06, 0x3165, 0x2985, 0x39E7, 0x4A69,
    0xD69A, 0xD69A, 0xCE59, 0xBDF7, 0xAD95, 0x9CD2, 0x7BEE, 0x5AC8,
    0x41A4, 0x2902, 0x2903, 0x3184, 0x4A27, 0x62EA, 0x736C, 0x7BCE,
    0x7BCE, 0x7BEF, 0x7BCE, 0x738D, 0x4A48, 0x2123, 0x20E3, 0x18E3,
    0x2104, 0x2124, 0x1904, 0x18E3, 0x18E3, 0x2104, 0x39E7, 0x5ACA,
    0x39A5, 0x20C2, 0x18A2, 0x18C2, 0x2924, 0x39C5, 0x4A48, 0x62EA,
    0x6B4C, 0x6B6C, 0x6B6D, 0x73AE, 0x7BCE, 0x5AAA, 0x2944, 0x2104,
    0x1904, 0x1904, 0x1904, 0x1903, 0x18E3, 0x18E3, 0x18E3, 0x31A6,
    0x5A89, 0x41E6, 0x20E2, 0x18A2, 0x18A2, 0x20E3, 0x3165, 0x4207,
    0x5248, 0x5AAA, 0x5AEA, 0x5AEA, 0x630B, 0x7BAD, 0x5AA9, 0x2944,
    0x2104, 0x1904, 0x18E4, 0x18E4, 0x18E3, 0x2104, 0x2124, 0x2104,
    0x3186, 0x4A48, 0x3185, 0x18C2, 0x18A2, 0x18C2, 0x18E3, 0x2944,
    0x3986, 0x4A07, 0x4A68, 0x4A69, 0x4A69, 0x62EB, 0x7BCE, 0x52AA,
    0x2944, 0x2124, 0x1904, 0x18E3, 0x18E4, 0x1903, 0x1903, 0x18E3,
    0x1903, 0x39C6, 0x5269, 0x39C6, 0x18A1, 0x1081, 0x18A2, 0x18C3,
    0x2924, 0x3165, 0x39A6, 0x39E7, 0x4207, 0x41E7, 0x528A, 0x6B6D,
    0x4A49, 0x2124, 0x2104, 0x1904, 0x1904, 0x1903, 0x1904, 0x1903,
    0x18E4, 0x1904, 0x39C6, 0x5248, 0x3986, 0x1882, 0x1082, 0x10A2,
    0x18C2, 0x2103, 0x2964, 0x3185, 0x39A6, 0x39C6, 0x39C6, 0x4A68,
    0x5ACB, 0x39C7, 0x2124, 0x1924, 0x1904, 0x1904, 0x2124, 0x1904,
    0x1904, 0x18E3, 0x2103, 0x39E7, 0x5AC9, 0x39A5, 0x1082, 0x1082,
    0x10A2, 0x18C2, 0x2104, 0x2945, 0x3185, 0x39C6, 0x39E7, 0x31A6,
    0x5269, 0x734C, 0x4A47, 0x2123, 0x2124, 0x2104, 0x18E3, 0x1904,
    0x18E3, 0x18E3, 0x18C3, 0x2123, 0x4207, 0x5269, 0x2944, 0x1081,
    0x10A2, 0x10A2, 0x20E3, 0x2924, 0x2944, 0x3185, 0x31A6, 0x3186,
    0x39A6, 0x6B4C, 0x7BAE, 0x39C6, 0x2104, 0x2945, 0x2124, 0x2124,
    0x2124, 0x2104, 0x1904, 0x18E3, 0x2965, 0x528A, 0x4A69, 0x2103,
    0x1082, 0x10A2, 0x18C2, 0x2103, 0x2124, 0x2965, 0x31A5, 0x31A6,
    0x3186, 0x39C7, 0x736D, 0x7BAE, 0x31A6, 0x2104, 0x2144, 0x2144,
    0x2144, 0x2124, 0x2124, 0x1924, 0x1904, 0x3185, 0x630B, 0x62CA,
    0x2903, 0x1081, 0x10A3, 0x18C3, 0x2104, 0x2944, 0x3185, 0x39A6,
    0x39E7, 0x31A6, 0x4207, 0x7BCE, 0x73AE, 0x31A6, 0x2124, 0x2145,
    0x2145, 0x2145, 0x2145, 0x2145, 0x1924, 0x18E3, 0x4A48, 0x8C0F,
    0x732B, 0x18C2, 0x1081, 0x18C3, 0x2104, 0x2945, 0x3165, 0x39A6,
    0x39E7, 0x4208, 0x39C7, 0x5289, 0x8C2F, 0x736C, 0x2944, 0x2103,
    0x2124, 0x2124, 0x2124, 0x2145, 0x2124, 0x1924, 0x2104, 0x5ACA,
    0x8C50, 0x5AA9, 0x1881, 0x18C3, 0x18E3, 0x2124, 0x2966, 0x31A6,
    0x39E7, 0x4208, 0x4208, 0x39C6, 0x7BCD, 0xB574, 0x83CE, 0x2103,
    0x18E3, 0x1904, 0x2104, 0x2104, 0x2104, 0x1904, 0x18E4, 0x2104,
    0x7BAE, 0xB574, 0x736C, 0x18A1, 0x20E3, 0x2104, 0x2965, 0x31A6,
    0x39C7, 0x4207, 0x4228, 0x4208, 0x39C6, 0x8C2F, 0xC5D6, 0x7B8D,
    0x20E3, 0x1904, 0x1924, 0x2124, 0x2124, 0x1925, 0x1925, 0x1904,
    0x2965, 0x9CF3, 0xC617, 0x5ACA, 0x18C2, 0x2124, 0x2965, 0x3186,
    0x39E7, 0x4228, 0x4228, 0x4A49, 0x4208, 0x4207, 0xAD33, 0xD678,
    0x7BCD, 0x18E3, 0x1924, 0x1925, 0x1945, 0x1945, 0x1945, 0x1945,
    0x10C4, 0x3A07, 0xC5D6, 0xC5D5, 0x4A27, 0x2103, 0x2945, 0x3186,
    0x39E7, 0x4228, 0x4A48, 0x4A49, 0x4A48, 0x39E7, 0x62EA, 0xD657,
    0xE6B8, 0x8C0E, 0x2103, 0x1925, 0x1925, 0x1125, 0x1125, 0x1925,
    0x1925, 0x08C4, 0x3A08, 0xC5F6, 0xD636, 0x62A9, 0x2923, 0x3185,
    0x31A7, 0x39E7, 0x4228, 0x4A48, 0x4248, 0x4A49, 0x39C6, 0x630B,
    0xE6B8, 0xE6D8, 0x83AC, 0x18E3, 0x10E4, 0x1105, 0x1105, 0x1104,
    0x1104, 0x1125, 0x08A3, 0x528A, 0xD677, 0xD656, 0x732A, 0x3164,
    0x39A6, 0x39C6, 0x39E7, 0x4228, 0x4228, 0x4228, 0x4228, 0x31A6,
    0x5289, 0xCE37, 0xE6D9, 0x942E, 0x2123, 0x1104, 0x1105, 0x1105,
    0x1105, 0x1105, 0x1105, 0x0883, 0x4207, 0xD657, 0xE6B7, 0x8BED,
    0x41C5, 0x3985, 0x3186, 0x39C7, 0x39C7, 0x41E7, 0x4207, 0x4207,
    0x31A5, 0x4A47, 0xCE16, 0xE6D8, 0x944F, 0x2944, 0x18E4, 0x1104,
    0x0905, 0x0905, 0x08E5, 0x1105, 0x0083, 0x31C7, 0xC616, 0xD655,
    0x83AB, 0x41A4, 0x3144, 0x2944, 0x2945, 0x2966, 0x2966, 0x2965,
    0x3185, 0x2103, 0x5AA9, 0xCDF5, 0xE676, 0x944D, 0x3164, 0x1904,
    0x10E4, 0x08E4, 0x08E5, 0x08C4, 0x10E5, 0x0083, 0x2965, 0xB574,
    0xCDD3, 0x940C, 0x5246, 0x39A5, 0x3186, 0x31A6, 0x31A6, 0x31A6,
    0x3186, 0x3186, 0x2124, 0x6B0B, 0xD5F4, 0xDE34, 0xA48E, 0x5246,
    0x31A5, 0x2986, 0x39E7, 0x4A69, 0xD69A, 0xD699, 0xC638, 0xB5B6,
    0xA534, 0x94B2, 0xAD32, 0x9C8F, 0x3984, 0x20C2, 0x20C2, 0x20E3,
    0x3144, 0x41E6, 0x5248, 0x5AAA, 0x5ACB, 0x5ACA, 0x8C70, 0xD698,
    0xB553, 0x2923, 0x1082, 0x10C4, 0x10E4, 0x1105, 0x1105, 0x1104,
    0x10E4, 0x2124, 0x9CD2, 0xF75B, 0xC5D5, 0x41C5, 0x20E2, 0x1081,
    0x18C2, 0x20E3, 0x2964, 0x39C6, 0x4207, 0x4228, 0x4A48, 0xA4F2,
    0xEF5B, 0xCE16, 0x3144, 0x1082, 0x10E4, 0x10E4, 0x1104, 0x1104,
    0x10E4, 0x10C3, 0x18E3, 0x9CB1, 0xF75A, 0xD636, 0x5226, 0x20C1,
    0x1881, 0x18A1, 0x18E2, 0x2103, 0x2964, 0x39A5, 0x39A5, 0x3985,
    0x8C0E, 0xEEF9, 0xCE16, 0x3164, 0x1082, 0x10E4, 0x10E4, 0x10E4,
    0x10E4, 0x1104, 0x1104, 0x1904, 0x9470, 0xEF19, 0xBD73, 0x3164,
    0x18A1, 0x1082, 0x10A2, 0x18C3, 0x20C3, 0x2103, 0x2924, 0x2944,
    0x2944, 0xA4F2, 0xF77C, 0xCE37, 0x2923, 0x08A2, 0x1104, 0x1104,
    0x1104, 0x1104, 0x1104, 0x10E4, 0x1904, 0x9CF3, 0xF75B, 0xC5D4,
    0x3963, 0x1061, 0x1082, 0x1082, 0x1882, 0x18A2, 0x20C2, 0x20E3,
    0x2103, 0x2103, 0x9CB1, 0xEF3B, 0xC5F6, 0x2123, 0x0882, 0x10E4,
    0x10E4, 0x1104, 0x1105, 0x1105, 0x08C4, 0x2145, 0xBDB5, 0xF73A,
    0xA4D1, 0x20E2, 0x1881, 0x1082, 0x1082, 0x10A2, 0x18A2, 0x18C3,
    0x18E3, 0x18C3, 0x2924, 0xA533, 0xEF3B, 0x9CD2, 0x10A2, 0x10E4,
    0x10E4, 0x1104, 0x1905, 0x1104, 0x1104, 0x10C3, 0x2965, 0xC5F6,
    0xFF9B, 0x946F, 0x1061, 0x1082, 0x10A2, 0x10A2, 0x18C3, 0x2103,
    0x2124, 0x2965, 0x2124, 0x39E7, 0xC5D5, 0xFF9C, 0xB553, 0x10A1,
    0x10C3, 0x10E4, 0x10E4, 0x10E4, 0x10E4, 0x1104, 0x0883, 0x4A48,
    0xE6B8, 0xEEF9, 0x732B, 0x1060, 0x10A2, 0x10A2, 0x18C3, 0x2103,
    0x2924, 0x3165, 0x3185, 0x2104, 0x5AA9, 0xEF19, 0xFF9C, 0x83AC,
    0x0820, 0x10C4, 0x10E3, 0x10E4, 0x10E4, 0x10E4, 0x1104, 0x0882,
    0x6B2C, 0xEF3A, 0xE6B8, 0x5268, 0x1060, 0x18A2, 0x18C3, 0x18E3,
    0x2924, 0x3164, 0x31A6, 0x39C7, 0x2944, 0x6B4C, 0xEF3B, 0xF75B,
    0x5AA8, 0x0861, 0x1104, 0x1104, 0x1104, 0x1105, 0x1104, 0x1104,
    0x0882, 0x7BCE, 0xF73A, 0xE6B8, 0x5A67, 0x1040, 0x18C3, 0x18E3,
    0x2924, 0x2965, 0x39A6, 0x41E7, 0x4207, 0x39A5, 0x83EE, 0xF75B,
    0xEEFA, 0x4A27, 0x0862, 0x10E4, 0x10E4, 0x08E4, 0x08E4, 0x08E4,
    0x08E4, 0x0882, 0x9CD2, 0xF75B, 0xD636, 0x39A4, 0x1060, 0x20E3,
    0x2124, 0x2965, 0x39C6, 0x4207, 0x4228, 0x4228, 0x41E7, 0xAD33,
    0xFF5A, 0xCDF5, 0x2943, 0x0882, 0x10C4, 0x08C4, 0x08E4, 0x08E4,
    0x08E4, 0x00A4, 0x10C3, 0xAD74, 0xF75B, 0xBD73, 0x2902, 0x18A2,
    0x2124, 0x2965, 0x39A7, 0x3A07, 0x4228, 0x5269, 0x4A08, 0x5A89,
    0xD636, 0xF739, 0xBD73, 0x18C1, 0x10A2, 0x08C4, 0x08E4, 0x08E4,
    0x08E4, 0x08E4, 0x00A3, 0x2124, 0xC5F6, 0xF75A, 0xBD92, 0x3122,
    0x20E2, 0x2944, 0x3185, 0x39E7, 0x4A28, 0x4A48, 0x5269, 0x4207,
    0x5288, 0xD677, 0xF759, 0x944E, 0x1060, 0x10C3, 0x08C4, 0x08E4,
    0x08E4, 0x08E5, 0x08E5, 0x0083, 0x31A6, 0xD678, 0xEF19, 0x8C0D,
    0x28E2, 0x2944, 0x3186, 0x39C6, 0x4208, 0x4A49, 0x4A69, 0x5289,
    0x41E7, 0x6B0B, 0xE6B8, 0xF718, 0x9C6F, 0x18A2, 0x1104, 0x0905,
    0x0926, 0x0926, 0x0905, 0x1106, 0x0083, 0x4A69, 0xE6F9, 0xEED8,
    0x838B, 0x2922, 0x3165, 0x39A6, 0x41E7, 0x4228, 0x4A48, 0x4A48,
    0x4A48, 0x39A5, 0x944F, 0xEED7, 0xEED7, 0x942D, 0x18C2, 0x10E5,
    0x08E6, 0x0106, 0x0106, 0x0906, 0x0906, 0x0084, 0x3A28, 0xDE97,
    0xE6B7, 0x942D, 0x3983, 0x3185, 0x39C6, 0x39E7, 0x4207, 0x4248,
    0x4248, 0x4228, 0x3185, 0x944F, 0xE696, 0xE695, 0x83AB, 0x18C2,
    0x08E4, 0x0906, 0x08E6, 0x0906, 0x0106, 0x0906, 0x0063, 0x52AA,
    0xDE77, 0xE675, 0xA48E, 0x41C4, 0x39A5, 0x39C6, 0x39E7, 0x4208,
    0x4228, 0x4248, 0x4208, 0x3185, 0x8C0E, 0xDE76, 0xE696, 0x940D,
    0x2123, 0x1104, 0x0906, 0x0906, 0x0906, 0x0906, 0x0906, 0x0063,
    0x4228, 0xD636, 0xE695, 0xBD50, 0x6286, 0x41C5, 0x39C6, 0x39E7,
    0x4208, 0x4208, 0x4A28, 0x4207, 0x3184, 0x8BED, 0xDE55, 0xE675,
    0x9C4D, 0x3163, 0x1904, 0x08E5, 0x0105, 0x0906, 0x08E6, 0x0906,
    0x0084, 0x31A6, 0xBD93, 0xDE34, 0xC570, 0x6AC7, 0x49E5, 0x39A5,
    0x39A6, 0x39A6, 0x39C7, 0x39C7, 0x3165, 0x39A5, 0xACCF, 0xDE34,
    0xDE53, 0x942C, 0x3184, 0x1104, 0x08E5, 0x00E5, 0x00E6, 0x08E5,
    0x0906, 0x00A4, 0x2965, 0xBD72, 0xD5F2, 0xC570, 0x7B49, 0x5A67,
    0x4A27, 0x4207, 0x4207, 0x39E7, 0x39C6, 0x3185, 0x41E6, 0xACF0,
    0xD5F3, 0xDE12, 0xA48E, 0x49E5, 0x2944, 0x2986, 0x39E7, 0x4A69,
    0xD69A, 0xCE79, 0xC618, 0xAD55, 0x7BEF, 0xAD33, 0xF73A, 0xE6B7,
    0x62E9, 0x20C1, 0x20C2, 0x18A2, 0x18C2, 0x20E3, 0x2923, 0x2944,
    0x2944, 0x5268, 0xCDF5, 0xF75A, 0xDE77, 0x3985, 0x0862, 0x08C4,
    0x08C4, 0x08C5, 0x08E5, 0x08E5, 0x08C4, 0x10E4, 0xAD12, 0xFF7A,
    0xEEF8, 0x7B4A, 0x20C1, 0x18A1, 0x10A2, 0x10A2, 0x18C2, 0x18C2,
    0x20E3, 0x18C2, 0x4A27, 0xD677, 0xFF7A, 0xE6D7, 0x39A4, 0x0861,
    0x08C4, 0x08C5, 0x08E5, 0x08E5, 0x08C5, 0x08A4, 0x10A3, 0xAD12,
    0xFF7A, 0xF738, 0x9C2C, 0x28E1, 0x18A1, 0x1881, 0x18A2, 0x18A2,
    0x18A2, 0x20C2, 0x18A1, 0x3944, 0xCDD4, 0xFF79, 0xE696, 0x3984,
    0x0841, 0x08C4, 0x08C4, 0x08C5, 0x08C5, 0x08E5, 0x08C4, 0x10C4,
    0x9CF2, 0xF75A, 0xEEB7, 0x6AE9, 0x18A0, 0x18A1, 0x1082, 0x10A2,
    0x18C2, 0x18C3, 0x18E3, 0x1081, 0x4A27, 0xDE97, 0xFF59, 0xE6B7,
    0x3164, 0x0862, 0x08E4, 0x08E4, 0x08E5, 0x08E5, 0x08E4, 0x08C4,
    0x10E4, 0xAD54, 0xFF7A, 0xFF38, 0x7329, 0x1860, 0x1081, 0x10A1,
    0x1081, 0x1081, 0x1082, 0x10A2, 0x0840, 0x3965, 0xD636, 0xFF59,
    0xD656, 0x2943, 0x0882, 0x08E4, 0x08E4, 0x0905, 0x08E5, 0x08E5,
    0x00A4, 0x2145, 0xD657, 0xFF9A, 0xD635, 0x41C4, 0x1860, 0x1082,
    0x1082, 0x1082, 0x10A1, 0x1082, 0x10A2, 0x0841, 0x41C6, 0xDEB8,
    0xFF9B, 0xBD93, 0x1081, 0x08C4, 0x08E5, 0x08E5, 0x08E5, 0x08E5,
    0x08E5, 0x0083, 0x2986, 0xDEB8, 0xFF9B, 0xCDF5, 0x3102, 0x1060,
    0x10A2, 0x10C3, 0x18E3, 0x2104, 0x2945, 0x2945, 0x2103, 0x736C,
    0xF739, 0xFF7A, 0xBD72, 0x1081, 0x10A4, 0x08E4, 0x08E5, 0x08C5,
    0x08C5, 0x08E4, 0x0042, 0x4A69, 0xF73A, 0xFF7A, 0xACD0, 0x20C0,
    0x1081, 0x18A2, 0x18E3, 0x2124, 0x3165, 0x31A5, 0x39A5, 0x2923,
    0x944F, 0xFF5A, 0xFF9A, 0x944E, 0x0000, 0x10C4, 0x08C4, 0x08C5,
    0x08C5, 0x08C5, 0x08E5, 0x0063, 0x736D, 0xF73B, 0xFF39, 0xA4CF,
    0x20C0, 0x18A1, 0x18E3, 0x2124, 0x2965, 0x39C6, 0x4208, 0x4208,
    0x39A5, 0xAD11, 0xFF7A, 0xF718, 0x6287, 0x0861, 0x1105, 0x0905,
    0x0905, 0x08E6, 0x0905, 0x0905, 0x0063, 0x842F, 0xF75A, 0xFF39,
    0xA4AE, 0x20A0, 0x18A2, 0x2104, 0x2965, 0x39C7, 0x4208, 0x5268,
    0x5247, 0x5246, 0xC5B3, 0xFF19, 0xE697, 0x41C5, 0x0882, 0x0905,
    0x08E5, 0x08E5, 0x00E5, 0x08E5, 0x00E5, 0x0083, 0x94B1, 0xEEF8,
    0xEED7, 0x942D, 0x20A0, 0x20E2, 0x2945, 0x31C7, 0x4228, 0x5268,
    0x5289, 0x4A07, 0x732A, 0xDE76, 0xEED7, 0xCDD3, 0x2943, 0x08A2,
    0x08E5, 0x08E5, 0x08E6, 0x00E6, 0x00E6, 0x00C5, 0x08C4, 0xAD54,
    0xEED7, 0xE696, 0x7B49, 0x18A0, 0x2944, 0x31A6, 0x4207, 0x4A48,
    0x5269, 0x5289, 0x4A06, 0x944E, 0xEEB7, 0xEED6, 0xBD30, 0x20C1,
    0x10A3, 0x08E4, 0x08E5, 0x00E5, 0x00E5, 0x08E5, 0x0084, 0x1904,
    0xC5B4, 0xEED6, 0xEE95, 0x7B49, 0x20C1, 0x3164, 0x39C6, 0x4207,
    0x4A48, 0x5268, 0x5268, 0x39A6, 0x944E, 0xE6B7, 0xEEB6, 0xACCF,
    0x18C1, 0x10C3, 0x08E5, 0x08E5, 0x08E5, 0x00E6, 0x08E6, 0x0084,
    0x31C7, 0xD656, 0xEED7, 0xD5F3, 0x5A66, 0x2922, 0x31A5, 0x39C6,
    0x4207, 0x4A28, 0x4A68, 0x4A48, 0x41C6, 0xACD1, 0xEED7, 0xF717,
    0xA48E, 0x18C2, 0x1105, 0x0927, 0x0927, 0x0927, 0x0927, 0x0927,
    0x00A4, 0x4249, 0xE6B8, 0xF6D6, 0xCDB2, 0x5225, 0x3143, 0x39A5,
    0x41E6, 0x4A27, 0x4A28, 0x5248, 0x41C5, 0x5AA8, 0xD614, 0xEE95,
    0xEED6, 0x940C, 0x10C2, 0x1106, 0x0907, 0x0907, 0x0927, 0x0927,
    0x0927, 0x00A5, 0x3A08, 0xDE76, 0xE6B6, 0xD633, 0x7308, 0x3963,
    0x39A6, 0x39E7, 0x4227, 0x4A48, 0x4A48, 0x39A5, 0x62C8, 0xD634,
    0xE674, 0xEE94, 0x8389, 0x18C1, 0x0905, 0x0106, 0x0107, 0x0107,
    0x00E6, 0x0107, 0x0064, 0x52AB, 0xDE76, 0xE674, 0xDE53, 0x8BCA,
    0x49E5, 0x41E6, 0x4A27, 0x4A48, 0x4A69, 0x4A28, 0x39A6, 0x6B0A,
    0xD614, 0xE674, 0xEE94, 0x940C, 0x2923, 0x1105, 0x0907, 0x0907,
    0x0907, 0x0907, 0x0907, 0x0084, 0x6B4C, 0xDE75, 0xE652, 0xE673,
    0xACAD, 0x6286, 0x4A06, 0x4A27, 0x4A48, 0x5268, 0x4A27, 0x41C5,
    0x7B6A, 0xD634, 0xE653, 0xEE53, 0xC591, 0x5AA7, 0x1924, 0x0905,
    0x0906, 0x0906, 0x08E6, 0x0907, 0x0084, 0x39C7, 0xCDF4, 0xDE12,
    0xDE32, 0xB4EE, 0x7308, 0x5247, 0x5247, 0x4A27, 0x4A06, 0x41C5,
    0x49E6, 0xA48E, 0xDE54, 0xDE32, 0xE652, 0x9C4C, 0x3183, 0x10E4,
    0x08E5, 0x08E6, 0x08E6, 0x08E6, 0x08E6, 0x00A4, 0x2965, 0xC5B3,
    0xDE33, 0xE653, 0xBD4F, 0x8369, 0x62C8, 0x5A88, 0x5247, 0x5226,
    0x49E5, 0x5246, 0xA4AF, 0xD613, 0xDDF2, 0xE632, 0xA48D, 0x4A05,
    0x2103, 0x1904, 0x29A7, 0x4249, 0xD699, 0xCE59, 0xB5B6, 0x630C,
    0x2964, 0xAD32, 0xF739, 0xF6F7, 0xC5B2, 0x49E4, 0x20C1, 0x1881,
    0x10A2, 0x10A1, 0x1081, 0x1081, 0x3164, 0xAD11, 0xFF38, 0xFF17,
    0xDE55, 0x3184, 0x0882, 0x08E5, 0x08C5, 0x00E6, 0x08E6, 0x08E6,
    0x08C5, 0x10E4, 0xA4F1, 0xFF39, 0xF6F6, 0xD5F2, 0x5A45, 0x20A0,
    0x1881, 0x1081, 0x1081, 0x1081, 0x1060, 0x2102, 0xA4D0, 0xFF59,
    0xFF17, 0xE6B5, 0x3984, 0x0862, 0x08E5, 0x00C5, 0x00E5, 0x08E6,
    0x00E5, 0x00A4, 0x2124, 0xB552, 0xFF37, 0xFF16, 0xEE94, 0x6AC6,
    0x20A0, 0x1881, 0x1882, 0x1882, 0x1882, 0x1861, 0x28C2, 0x9C4E,
    0xFF38, 0xF716, 0xF6D5, 0x5A46, 0x0820, 0x08C4, 0x08E5, 0x08C5,
    0x08C6, 0x08E6, 0x08C5, 0x08A4, 0x9490, 0xF738, 0xFF17, 0xD5F3,
    0x5224, 0x1880, 0x1081, 0x10A2, 0x18A3, 0x18C3, 0x18A2, 0x3164,
    0xB531, 0xF717, 0xF716, 0xEE95, 0x3963, 0x0882, 0x0905, 0x0905,
    0x0906, 0x0906, 0x0906, 0x0905, 0x1105, 0xAD53, 0xFF59, 0xFF37,
    0xD5F2, 0x49C3, 0x1860, 0x1061, 0x1082, 0x10A2, 0x1082, 0x0841,
    0x20A1, 0xA48F, 0xFF38, 0xFF37, 0xDE34, 0x3142, 0x08A2, 0x08E5,
    0x0905, 0x0906, 0x0906, 0x0906, 0x08C5, 0x1925, 0xCDF6, 0xFF59,
    0xFF17, 0xA46C, 0x28C0, 0x1060, 0x1081, 0x10A1, 0x10A2, 0x18C2,
    0x1082, 0x18C2, 0xA4B0, 0xF738, 0xFF59, 0xBD51, 0x1081, 0x08E5,
    0x0906, 0x0906, 0x0906, 0x0906, 0x0906, 0x00A4, 0x2986, 0xD657,
    0xFF39, 0xFF17, 0x940B, 0x1880, 0x1061, 0x18C3, 0x2124, 0x2965,
    0x39A6, 0x3985, 0x5226, 0xCDD3, 0xFF37, 0xFF58, 0xB510, 0x1080,
    0x08C4, 0x00C5, 0x00C6, 0x00C6, 0x00C5, 0x00C5, 0x0043, 0x632B,
    0xF738, 0xFF17, 0xEEB5, 0x7307, 0x1880, 0x18A1, 0x2924, 0x3165,
    0x39C6, 0x4206, 0x41C5, 0x6B09, 0xDE75, 0xF717, 0xFF57, 0xBD30,
    0x1080, 0x0883, 0x08C5, 0x00E5, 0x08E6, 0x00C6, 0x08E6, 0x0063,
    0x6B4C, 0xF718, 0xF6F6, 0xEED6, 0x83AA, 0x20C0, 0x18C1, 0x2944,
    0x39C6, 0x4228, 0x4A48, 0x4A06, 0x83CC, 0xEEB6, 0xF6F6, 0xF6F6,
    0x6AA7, 0x0841, 0x1106, 0x0906, 0x0906, 0x0907, 0x0906, 0x0926,
    0x0083, 0x7BEE, 0xF739, 0xF6F6, 0xEED5, 0x83AA, 0x28E1, 0x2103,
    0x3186, 0x4208, 0x4A48, 0x5248, 0x5A46, 0xACAF, 0xF6F6, 0xF6F6,
    0xE675, 0x3984, 0x0882, 0x1106, 0x0906, 0x0906, 0x0906, 0x08E6,
    0x08E6, 0x0084, 0x9470, 0xEEF8, 0xEEB5, 0xEE94, 0x7B69, 0x2902,
    0x2944, 0x39C6, 0x4A28, 0x4A48, 0x4A27, 0x6AE9, 0xC5B3, 0xEED6,
    0xF6D5, 0xCDD2, 0x2922, 0x08A3, 0x08E5, 0x08E6, 0x08E6, 0x00E6,
    0x00E6, 0x00E6, 0x08A4, 0xAD33, 0xEED6, 0xF6B5, 0xDE33, 0x6AC7,
    0x3143, 0x3184, 0x39C6, 0x4207, 0x4A27, 0x4A27, 0x83AC, 0xE675,
    0xEEB5, 0xF6F5, 0xBD30, 0x18A0, 0x08A3, 0x08E5, 0x08E5, 0x00E5,
    0x08E5, 0x08E5, 0x0043, 0x52CA, 0xE6B7, 0xEEB5, 0xF6D5, 0xDE12,
    0x7307, 0x3142, 0x3184, 0x41E6, 0x4A07, 0x4A07, 0x41C6, 0x838C,
    0xE696, 0xEED5, 0xEEB4, 0xE674, 0x5267, 0x0882, 0x10E5, 0x08E5,
    0x0906, 0x08E6, 0x0906, 0x0084, 0x39E8, 0xDE97, 0xEEB6, 0xF6F6,
    0xCD91, 0x5A66, 0x3963, 0x39A5, 0x41E7, 0x4A28, 0x4A27, 0x41E6,
    0x8BCD, 0xE6B6, 0xEED6, 0xFF37, 0x9C8D, 0x10C1, 0x1106, 0x0927,
    0x0927, 0x0927, 0x0927, 0x0927, 0x00A4, 0x4249, 0xE6D8, 0xF6D6,
    0xEEB5, 0xBD2F, 0x6286, 0x41C4, 0x41E6, 0x4A07, 0x4A27, 0x4A06,
    0x62C8, 0xC592, 0xEED6, 0xEE94, 0xF6D6, 0x8BCC, 0x10C2, 0x0906,
    0x0927, 0x0927, 0x0927, 0x0927, 0x0927, 0x00A5, 0x4208, 0xDE76,
    0xE695, 0xEEB4, 0xD5F2, 0x83AB, 0x5227, 0x4A27, 0x5247, 0x5227,
    0x4A06, 0x6B09, 0xC5B2, 0xE694, 0xE653, 0xEE73, 0x7B49, 0x18C1,
    0x1106, 0x0107, 0x0907, 0x0927, 0x0906, 0x0907, 0x0084, 0x528A,
    0xDE96, 0xEE94, 0xEEB4, 0xE653, 0xA48D, 0x7328, 0x62A7, 0x5A88,
    0x5A88, 0x5AA7, 0x8BEC, 0xD613, 0xEE94, 0xE653, 0xEE94, 0x940B,
    0x2123, 0x1126, 0x0927, 0x0927, 0x0928, 0x0947, 0x0927, 0x08C6,
    0x94B2, 0xDE75, 0xE652, 0xEE73, 0xE673, 0xB4EE, 0x7B68, 0x6AE7,
    0x6AC7, 0x62A7, 0x6AC7, 0x9C2C, 0xDE34, 0xEE94, 0xE652, 0xE632,
    0xE674, 0x7B6A, 0x2144, 0x1146, 0x0927, 0x0927, 0x0927, 0x0927,
    0x0084, 0x39C7, 0xCDD4, 0xD5F2, 0xE632, 0xE653, 0xC591, 0x9C2C,
    0x838A, 0x7309, 0x72E8, 0x838A, 0xBD31, 0xDE54, 0xDE53, 0xDE11,
    0xE652, 0x9C6C, 0x31A4, 0x1104, 0x0905, 0x1106, 0x1106, 0x1106,
    0x08E6, 0x0084, 0x2965, 0xC5B3, 0xDE33, 0xDE12, 0xE653, 0xCDB1,
    0xA48D, 0x8BEB, 0x836A, 0x838A, 0x93EB, 0xC551, 0xDE33, 0xDE12,
    0xDE11, 0xE632, 0xA48D, 0x41E4, 0x2124, 0x08E4, 0x1925, 0x31E8,
    0xD67A, 0xCE59, 0x73EF, 0x10C3, 0x1904, 0xAD32, 0xF738, 0xF6D5,
    0xFF16, 0xCDB2, 0x6B09, 0x3163, 0x20C2, 0x18A1, 0x20E2, 0x4A26,
    0xB531, 0xF738, 0xFF16, 0xFF16, 0xE654, 0x3983, 0x0882, 0x1106,
    0x0907, 0x0907, 0x0927, 0x0906, 0x08E5, 0x10E4, 0x9CD0, 0xF758,
    0xF6F5, 0xFF36, 0xDE12, 0x7308, 0x4183, 0x20C1, 0x18A1, 0x28E2,
    0x5226, 0xAD10, 0xFF38, 0xFF16, 0xFF16, 0xEED5, 0x39A4, 0x0882,
    0x1105, 0x0926, 0x0926, 0x0927, 0x0926, 0x08E4, 0x4249, 0xE6B8,
    0xFF16, 0xFF15, 0xFF15, 0xE632, 0x7B07, 0x3121, 0x20A1, 0x1881,
    0x20C1, 0x41A4, 0xA48E, 0xFF16, 0xFF36, 0xFF15, 0xFF57, 0xACCF,
    0x1060, 0x1104, 0x0906, 0x1107, 0x0907, 0x0926, 0x00E6, 0x08C5,
    0x9C91, 0xFF59, 0xFF16, 0xFF57, 0xDE33, 0x7B29, 0x3963, 0x20C1,
    0x20E2, 0x3163, 0x62A8, 0xBD72, 0xFF17, 0xF6F5, 0xFF15, 0xEE95,
    0x3963, 0x0883, 0x1126, 0x0926, 0x1127, 0x0927, 0x0927, 0x0906,
    0x1105, 0xAD53, 0xFF79, 0xFF15, 0xFF36, 0xCDB1, 0x6265, 0x20A1,
    0x1060, 0x1081, 0x18A1, 0x3984, 0xACCF, 0xFF17, 0xFF16, 0xFF56,
    0xE674, 0x3162, 0x10C3, 0x08E5, 0x0906, 0x0906, 0x0906, 0x1106,
    0x08C5, 0x1904, 0xBD94, 0xFF38, 0xFF16, 0xF6F5, 0xA46C, 0x3962,
    0x1860, 0x1061, 0x1882, 0x18C3, 0x3144, 0x9C6E, 0xF717, 0xF716,
    0xFF38, 0xBD51, 0x1080, 0x08E5, 0x0906, 0x0906, 0x0907, 0x0907,
    0x0906, 0x08C5, 0x2166, 0xCE16, 0xFF38, 0xFF15, 0xF6F5, 0x8BCA,
    0x2901, 0x20C2, 0x2104, 0x39A6, 0x41E6, 0x5A87, 0xBD50, 0xFF16,
    0xFEF5, 0xFF16, 0xB4EF, 0x1081, 0x10C5, 0x0906, 0x0906, 0x0907,
    0x0907, 0x0906, 0x08A4, 0x9CD2, 0xF738, 0xF6B4, 0xFEF4, 0xE672,
    0x8389, 0x3962, 0x3123, 0x3964, 0x41C6, 0x5246, 0x838B, 0xDE33,
    0xFF16, 0xF6F4, 0xF6F4, 0xEEB4, 0x4205, 0x0882, 0x0926, 0x0906,
    0x0927, 0x0906, 0x0906, 0x0063, 0x6B2B, 0xF6F7, 0xF6B4, 0xFEF5,
    0xF6D5, 0xA48D, 0x4A04, 0x3984, 0x49E5, 0x5246, 0x62C9, 0x9C2E,
    0xEE96, 0xFEF6, 0xF6D4, 0xF6F5, 0x6AC7, 0x0841, 0x1106, 0x0906,
    0x0927, 0x0927, 0x0927, 0x0927, 0x0084, 0x7BEE, 0xFF38, 0xF6D5,
    0xFEF5, 0xF6D5, 0xA46D, 0x4A06, 0x41A5, 0x41E5, 0x5227, 0x6AE8,
    0xB4EF, 0xFEF6, 0xFEF5, 0xF6F5, 0xE673, 0x3983, 0x08A3, 0x1106,
    0x0906, 0x0907, 0x0907, 0x0907, 0x0907, 0x0083, 0x8C4F, 0xF6F8,
    0xEE95, 0xF6D4, 0xEEB5, 0xA4AE, 0x6287, 0x5226, 0x5247, 0x62A8,
    0x8BCC, 0xD5F3, 0xF6D6, 0xEEB4, 0xF6F5, 0xCDD2, 0x2922, 0x10C4,
    0x08E5, 0x08E6, 0x08E6, 0x00E6, 0x00E6, 0x08E6, 0x08C4, 0xAD32,
    0xF6D6, 0xF6B4, 0xF6F5, 0xE674, 0x9C4D, 0x6AE8, 0x5A87, 0x62A8,
    0x7B4A, 0xB4F0, 0xE695, 0xF6B5, 0xEEB4, 0xFF16, 0xB50F, 0x18A1,
    0x10E4, 0x0906, 0x0906, 0x0906, 0x0906, 0x1127, 0x0084, 0x840F,
    0xF718, 0xEEB4, 0xF6B4, 0xF6D4, 0xEE53, 0xA46D, 0x72E8, 0x6266,
    0x62A7, 0x732A, 0xA4AF, 0xE695, 0xF6D5, 0xF6D4, 0xF6B3, 0xF6F5,
    0x7369, 0x10C2, 0x1967, 0x1146, 0x1147, 0x0927, 0x0906, 0x0084,
    0x3A08, 0xE697, 0xEED5, 0xEED4, 0xF6F5, 0xD5F2, 0x940C, 0x6AE8,
    0x5A87, 0x6287, 0x7309, 0xACD0, 0xEE96, 0xF6D5, 0xEE94, 0xFF16,
    0x9C4C, 0x10C1, 0x0906, 0x0927, 0x0927, 0x0927, 0x0927, 0x0927,
    0x0084, 0x4249, 0xE6D8, 0xEED6, 0xEEB4, 0xF6B4, 0xD5F2, 0xA46C,
    0x83AA, 0x836A, 0x83AB, 0xACAE, 0xDE14, 0xF6D6, 0xEEB5, 0xEEB4,
    0xEED5, 0x7B8A, 0x10C2, 0x1126, 0x0927, 0x0927, 0x0927, 0x0927,
    0x0927, 0x00A5, 0x4228, 0xDE97, 0xE695, 0xEE93, 0xEEB5, 0xEE95,
    0xBD71, 0x9C4E, 0x93EC, 0x9C2D, 0xB510, 0xE654, 0xEE94, 0xE652,
    0xE672, 0xEEB4, 0x838A, 0x18C1, 0x1126, 0x0927, 0x0927, 0x0928,
    0x0927, 0x0907, 0x0084, 0x528A, 0xE696, 0xEE94, 0xE673, 0xEE94,
    0xEEB4, 0xDE12, 0xBD2F, 0xB4EF, 0xBD50, 0xD5F2, 0xE694, 0xEE74,
    0xE673, 0xEE73, 0xEEB4, 0x8BEB, 0x2123, 0x1126, 0x0948, 0x0948,
    0x1148, 0x0948, 0x0947, 0x0906, 0x9CD2, 0xDE75, 0xE652, 0xEE73,
    0xEE72, 0xEE93, 0xDE32, 0xCD90, 0xC54F, 0xC54F, 0xD5F2, 0xEE94,
    0xEE93, 0xE693, 0xE672, 0xE673, 0xE674, 0x7B6A, 0x2144, 0x1146,
    0x0947, 0x0947, 0x0927, 0x0906, 0x0084, 0x31A6, 0xC5D4, 0xDE33,
    0xE652, 0xE653, 0xEE94, 0xEE94, 0xD5F2, 0xCDB1, 0xD5D2, 0xE653,
    0xE673, 0xDE52, 0xDE52, 0xDE31, 0xEE93, 0xA48D, 0x3184, 0x1904,
    0x0906, 0x0926, 0x1126, 0x1106, 0x08E6, 0x0084, 0x2965, 0xC5B3,
    0xDE12, 0xD5F1, 0xDE11, 0xE632, 0xE653, 0xD612, 0xD5F1, 0xD5F1,
    0xDE32, 0xDE32, 0xDE32, 0xDE11, 0xDE11, 0xE652, 0xAC8D, 0x41C4,
    0x1924, 0x0905, 0x08E5, 0x2186, 0xD6BA, 0xB596, 0x29C7, 0x08E4,
    0x2145, 0xAD32, 0xFF38, 0xEED5, 0xF6D5, 0xF6F6, 0xEEB5, 0xC571,
    0x9C4D, 0x9C2C, 0xACCF, 0xE675, 0xFF37, 0xFF16, 0xF6F5, 0xFEF5,
    0xE674, 0x4183, 0x10A3, 0x1127, 0x1148, 0x1168, 0x1188, 0x1168,
    0x0906, 0x10E5, 0x9CB0, 0xFF79, 0xFF16, 0xFF16, 0xFF16, 0xF6D5,
    0xD5D2, 0xB4EF, 0xACAE, 0xBD30, 0xE675, 0xFF37, 0xFF16, 0xFEF5,
    0xFF16, 0xF6D6, 0x41C4, 0x08A3, 0x1126, 0x1168, 0x1168, 0x1168,
    0x1188, 0x1147, 0x52CB, 0xE6D8, 0xF717, 0xFF16, 0xFF15, 0xFF15,
    0xEEB4, 0xBD4F, 0x9C2C, 0x8BCA, 0xA46D, 0xD5D2, 0xFF16, 0xFF36,
    0xFEF5, 0xFF15, 0xFF57, 0xC591, 0x20E1, 0x1945, 0x1167, 0x1168,
    0x1168, 0x0947, 0x0906, 0x1105, 0xA4D1, 0xFF79, 0xFF37, 0xFEF6,
    0xFF16, 0xF6D6, 0xCDB2, 0xA4AE, 0xA48E, 0xC592, 0xEEB6, 0xFF37,
    0xFF15, 0xFEF4, 0xFF16, 0xEE95, 0x3983, 0x08A3, 0x1127, 0x0927,
    0x0927, 0x0928, 0x0927, 0x1107, 0x1906, 0xAD33, 0xFF59, 0xFF15,
    0xFF15, 0xFF15, 0xEE94, 0xB50F, 0x9C2C, 0x93CB, 0xAC8E, 0xDE13,
    0xFF36, 0xFF15, 0xFF15, 0xFF56, 0xDE33, 0x2922, 0x10C4, 0x1106,
    0x1106, 0x1126, 0x0926, 0x1127, 0x08E6, 0x1904, 0xBD93, 0xFF16,
    0xF6D4, 0xFF15, 0xFF15, 0xCDD1, 0x93EB, 0x6AE8, 0x7309, 0x8BCC,
    0xC592, 0xFF17, 0xFF16, 0xF6F5, 0xFF36, 0xBD4F, 0x1880, 0x10C5,
    0x1106, 0x1127, 0x0927, 0x0927, 0x1127, 0x08E5, 0x2986, 0xCE15,
    0xF717, 0xF6D4, 0xFEF4, 0xF6F5, 0xC590, 0x8BCB, 0x7B2A, 0x838B,
    0xA48E, 0xD613, 0xFF15, 0xFEF4, 0xFED4, 0xFF15, 0xA48D, 0x1081,
    0x1106, 0x1147, 0x1168, 0x1148, 0x1168, 0x0948, 0x08E5, 0xA512,
    0xFF38, 0xF6D4, 0xF6D3, 0xFEF4, 0xF6F4, 0xCD90, 0xA44D, 0x93EC,
    0xA44D, 0xC550, 0xEEB5, 0xFF15, 0xF6F4, 0xFEF3, 0xF6D3, 0xF6F4,
    0x5A86, 0x10C3, 0x1968, 0x1168, 0x1148, 0x1148, 0x0907, 0x0063,
    0x734C, 0xF717, 0xF6D4, 0xFEF4, 0xFF15, 0xFF36, 0xE653, 0xBD30,
    0xB4CE, 0xB4EF, 0xD613, 0xF6F6, 0xFEF5, 0xF6D4, 0xF6D4, 0xF6F5,
    0x6AE7, 0x1061, 0x1126, 0x0927, 0x1127, 0x0947, 0x0947, 0x1148,
    0x00A4, 0x7BED, 0xF717, 0xF6D4, 0xF6D4, 0xF6F4, 0xFEF6, 0xDE13,
    0xC571, 0xBD30, 0xC571, 0xE674, 0xFF16, 0xFEF5, 0xFED4, 0xFEF5,
    0xE673, 0x3983, 0x10A3, 0x1126, 0x0927, 0x0927, 0x1127, 0x1148,
    0x0927, 0x0084, 0x8C6F, 0xF718, 0xF6B5, 0xF6B4, 0xF6D5, 0xF717,
    0xE675, 0xD5F3, 0xCDB2, 0xDE34, 0xEEB5, 0xF6D5, 0xF6B5, 0xF6B4,
    0xF6D5, 0xD5F2, 0x2922, 0x08C3, 0x0906, 0x0906, 0x08E6, 0x08E7,
    0x0907, 0x0907, 0x08C4, 0xAD32, 0xF6F6, 0xF6B4, 0xF6D4, 0xF6D4,
    0xF6D5, 0xE694, 0xDE34, 0xDE13, 0xEE95, 0xF6F6, 0xF6B4, 0xEEB4,
    0xEE93, 0xF6F5, 0xB50F, 0x18A1, 0x1105, 0x0926, 0x0927, 0x0927,
    0x0927, 0x1168, 0x08C5, 0x83EE, 0xF6F7, 0xEEB4, 0xEEB3, 0xEE93,
    0xF6B3, 0xF6D5, 0xEE74, 0xDDF2, 0xDE12, 0xEE94, 0xF6B5, 0xF6D5,
    0xF6B4, 0xF6B3, 0xEE93, 0xF6D5, 0x7329, 0x18E2, 0x1968, 0x0968,
    0x1148, 0x0948, 0x0906, 0x0084, 0x4207, 0xE696, 0xF6D5, 0xF6D4,
    0xF6D4, 0xF6D5, 0xF6F5, 0xE654, 0xCDB1, 0xD5F2, 0xE675, 0xF6F6,
    0xF6D5, 0xF6B4, 0xEE93, 0xF6D5, 0x942C, 0x10C2, 0x1106, 0x0927,
    0x0927, 0x0927, 0x0927, 0x0927, 0x00A5, 0x4228, 0xE6B7, 0xEED5,
    0xEEB4, 0xEE94, 0xEEB4, 0xF6F5, 0xEEB4, 0xEE94, 0xF6D5, 0xF716,
    0xF6D6, 0xEEB5, 0xEEB5, 0xEEB4, 0xEED6, 0x83CB, 0x18E2, 0x1125,
    0x0907, 0x0927, 0x0927, 0x0927, 0x0927, 0x00A5, 0x4208, 0xDE76,
    0xE674, 0xE673, 0xEE94, 0xEEB4, 0xEED5, 0xEE95, 0xE694, 0xEEB5,
    0xF6D5, 0xEEB4, 0xEE93, 0xE673, 0xE693, 0xF6D5, 0x8BCB, 0x18C2,
    0x1126, 0x0948, 0x0928, 0x0948, 0x0928, 0x0907, 0x0084, 0x52AB,
    0xE696, 0xEE94, 0xE673, 0xE673, 0xE694, 0xEE94, 0xEEB4, 0xEED5,
    0xEEB4, 0xEEB4, 0xEE93, 0xE672, 0xEE72, 0xEE93, 0xEEB4, 0x8BEC,
    0x2123, 0x1126, 0x1168, 0x1168, 0x0968, 0x0968, 0x0948, 0x1126,
    0x9CD2, 0xE675, 0xE693, 0xEE93, 0xEE73, 0xEE93, 0xF6D3, 0xF6D4,
    0xF6D4, 0xF6D4, 0xF6B4, 0xEE73, 0xEE93, 0xEE93, 0xE693, 0xE673,
    0xE674, 0x736A, 0x2144, 0x1146, 0x0947, 0x0947, 0x0927, 0x0926,
    0x0084, 0x31A6, 0xCDF4, 0xE654, 0xE673, 0xE673, 0xE693, 0xE673,
    0xE653, 0xE653, 0xE673, 0xE652, 0xE632, 0xE652, 0xDE32, 0xDE32,
    0xE694, 0xA48D, 0x3163, 0x1924, 0x0905, 0x0906, 0x0906, 0x0906,
    0x08E6, 0x0084, 0x2144, 0xC5B3, 0xD612, 0xD611, 0xDE11, 0xDDF1,
    0xD5F1, 0xD5F1, 0xDE12, 0xDE32, 0xD5F1, 0xD5F1, 0xDE10, 0xD5F0,
    0xD5F0, 0xDE31, 0xA44C, 0x41C4, 0x1924, 0x0905, 0x08E5, 0x1946,
    0xCE79, 0x5B2C, 0x08E4, 0x1126, 0x2145, 0xAD32, 0xFF58, 0xF6F5,
    0xF6D4, 0xEE94, 0xF6D4, 0xF6F5, 0xF6D5, 0xF6D5, 0xFF16, 0xF715,
    0xFF15, 0xFF15, 0xFF15, 0xFF15, 0xEE94, 0x41A4, 0x10A3, 0x1147,
    0x1168, 0x1189, 0x19A9, 0x19A9, 0x0927, 0x1105, 0x9CB1, 0xFF79,
    0xFF16, 0xFF16, 0xFEF5, 0xFEF5, 0xFF36, 0xFF16, 0xFF36, 0xFF57,
    0xFF57, 0xFF36, 0xFF36, 0xFF36, 0xFF57, 0xF6F6, 0x39A4, 0x10C3,
    0x1147, 0x1188, 0x11A9, 0x1189, 0x11A9, 0x1968, 0x5AEC, 0xE6D8,
    0xF737, 0xF6F5, 0xF6D4, 0xF6F4, 0xFF15, 0xFF36, 0xFF15, 0xFF15,
    0xFF15, 0xFF15, 0xFF15, 0xFEF5, 0xF6B4, 0xEEB4, 0xFF36, 0xC591,
    0x20E1, 0x1946, 0x1168, 0x1188, 0x1188, 0x1168, 0x0927, 0x1105,
    0x9CB1, 0xFF58, 0xF716, 0xF6F5, 0xF6B4, 0xF6D4, 0xFF16, 0xFF16,
    0xFF16, 0xFF16, 0xFF16, 0xFF15, 0xF6F5, 0xF6D5, 0xFF16, 0xE695,
    0x3984, 0x10C4, 0x1127, 0x0927, 0x0927, 0x0927, 0x1147, 0x1127,
    0x1926, 0xAD33, 0xFF38, 0xFEF5, 0xFEF4, 0xFEF4, 0xFF14, 0xFF35,
    0xFF35, 0xFF15, 0xFF36, 0xFF16, 0xFEF5, 0xFF15, 0xF6F4, 0xFF36,
    0xD5F2, 0x2901, 0x10E4, 0x1126, 0x1127, 0x1127, 0x1127, 0x1147,
    0x0906, 0x1905, 0xBD93, 0xFF17, 0xF6F5, 0xFEF5, 0xFEF5, 0xFF36,
    0xFF36, 0xF6F5, 0xF6F5, 0xFF15, 0xFF16, 0xFEF5, 0xFEF5, 0xF6F5,
    0xFF36, 0xBD4F, 0x18A1, 0x10E5, 0x1107, 0x1127, 0x1148, 0x1148,
    0x1147, 0x0906, 0x29A7, 0xD635, 0xF6F6, 0xF6D4, 0xFED4, 0xF6D4,
    0xFF15, 0xFF36, 0xFEF5, 0xF6D5, 0xF6F5, 0xFEF5, 0xFED3, 0xFEF4,
    0xF6D4, 0xFF15, 0x9C6C, 0x1081, 0x1906, 0x1147, 0x1168, 0x1169,
    0x1169, 0x1169, 0x0906, 0xA512, 0xFF58, 0xF6B4, 0xF6B2, 0xF6D3,
    0xFEF4, 0xFF35, 0xFF16, 0xFF15, 0xFF16, 0xFF15, 0xFEF4, 0xF6F3,
    0xF6F4, 0xFEF4, 0xFEF3, 0xF6F5, 0x5A86, 0x10E3, 0x1968, 0x1169,
    0x1169, 0x0968, 0x0927, 0x0063, 0x736C, 0xF717, 0xF6D4, 0xF6D4,
    0xFEF4, 0xF6F4, 0xFF15, 0xFF35, 0xFF15, 0xFEF5, 0xFEF5, 0xF6D4,
    0xF6D4, 0xF6D4, 0xF6D4, 0xFEF5, 0x6AE7, 0x1061, 0x1126, 0x0927,
    0x1147, 0x1147, 0x1147, 0x1148, 0x08A4, 0x840D, 0xF717, 0xF6B4,
    0xF6D4, 0xF6D4, 0xFED4, 0xFEF5, 0xFF35, 0xFF36, 0xFF36, 0xFF15,
    0xF6F4, 0xFEF4, 0xF6D4, 0xFED4, 0xE653, 0x3983, 0x10A4, 0x1147,
    0x0947, 0x0947, 0x0928, 0x1128, 0x1148, 0x08A4, 0x9490, 0xF718,
    0xEEB5, 0xF6D5, 0xEEB5, 0xF6D5, 0xF6F5, 0xF6F6, 0xFEF5, 0xF6F5,
    0xEED5, 0xF6B4, 0xF6B4, 0xF6B4, 0xF6F5, 0xD5F2, 0x2902, 0x08C4,
    0x0906, 0x0907, 0x0907, 0x0927, 0x0927, 0x0907, 0x10C4, 0xAD32,
    0xF6F6, 0xEEB3, 0xEEB3, 0xF6B3, 0xEE93, 0xEEB4, 0xEEB4, 0xEE94,
    0xEE94, 0xEE93, 0xEEB3, 0xEEB3, 0xE692, 0xF6F4, 0xB4EF, 0x1880,
    0x1105, 0x0947, 0x0947, 0x0948, 0x0948, 0x1168, 0x08E5, 0x7BEE,
    0xEED6, 0xEE93, 0xEE72, 0xEE92, 0xEE93, 0xEEB3, 0xF6B4, 0xEE93,
    0xF6D4, 0xF6D4, 0xEE93, 0xF6B4, 0xF693, 0xEE93, 0xEE93, 0xF6D4,
    0x7329, 0x10C2, 0x1168, 0x0968, 0x0968, 0x0948, 0x0927, 0x0084,
    0x4207, 0xE697, 0xEEB5, 0xEEB4, 0xF6D5, 0xF6B4, 0xF6D5, 0xF6D5,
    0xF6D5, 0xFF16, 0xEED5, 0xEEB4, 0xEEB4, 0xEE93, 0xE673, 0xF6F6,
    0x9C4C, 0x18C2, 0x1126, 0x0927, 0x1128, 0x0928, 0x0927, 0x0927,
    0x00C5, 0x3A08, 0xE697, 0xEED5, 0xEE94, 0xEEB4, 0xEEB4, 0xF6D5,
    0xF6D4, 0xF6D4, 0xF6D4, 0xEEB4, 0xEE94, 0xEEB4, 0xF6D4, 0xEED5,
    0xF6F6, 0x83EC, 0x18E2, 0x1126, 0x0927, 0x0927, 0x0928, 0x0928,
    0x0948, 0x00A5, 0x4249, 0xDE76, 0xE674, 0xE673, 0xEE73, 0xE673,
    0xE673, 0xE633, 0xE653, 0xE673, 0xEE93, 0xEE94, 0xEEB4, 0xE693,
    0xE673, 0xF6D6, 0x940C, 0x2102, 0x1147, 0x1148, 0x0948, 0x0948,
    0x0948, 0x0927, 0x0084, 0x5ACB, 0xEED7, 0xEEB5, 0xEE93, 0xEE93,
    0xEE93, 0xE652, 0xE652, 0xE672, 0xEE72, 0xEE92, 0xE672, 0xE651,
    0xEE72, 0xEE92, 0xEEB4, 0x8BCB, 0x2123, 0x1167, 0x1168, 0x1168,
    0x0968, 0x0968, 0x0948, 0x1126, 0x9CF2, 0xE695, 0xEE93, 0xEEB3,
    0xEE72, 0xE652, 0xE672, 0xEE72, 0xEE93, 0xF6B4, 0xEEB4, 0xEEB3,
    0xEEB3, 0xEE93, 0xEE73, 0xEE73, 0xE674, 0x7349, 0x2144, 0x1146,
    0x0947, 0x0948, 0x0947, 0x0927, 0x0084, 0x31A7, 0xCDF4, 0xDE33,
    0xE653, 0xE673, 0xE653, 0xDE32, 0xDE32, 0xE652, 0xEE73, 0xEEB3,
    0xE673, 0xE652, 0xDE32, 0xDE11, 0xE673, 0xA46D, 0x3164, 0x1104,
    0x0906, 0x0906, 0x1126, 0x1127, 0x08E6, 0x0083, 0x2144, 0xBD72,
    0xD5F1, 0xD611, 0xDE11, 0xD5F1, 0xDDF1, 0xDE12, 0xDE33, 0xE653,
    0xE653, 0xE652, 0xDE31, 0xD5F0, 0xD5D0, 0xD611, 0x942B, 0x39A3,
    0x1903, 0x0905, 0x08E5, 0x1946, 0x94B2, 0x1125, 0x0926, 0x1147,
    0x1945, 0xA4F1, 0xFF37, 0xF6D5, 0xF6B3, 0xEE93, 0xEEB3, 0xEEB3,
    0xEEB4, 0xEED4, 0xEED4, 0xF6D4, 0xF6D4, 0xFEF4, 0xFEF5, 0xFF16,
    0xE674, 0x41A4, 0x10C3, 0x1948, 0x19A9, 0x19CA, 0x19AA, 0x11AA,
    0x0948, 0x1126, 0x9491, 0xFF59, 0xF6F5, 0xF6F5, 0xF6F5, 0xF6D4,
    0xF6D4, 0xF6F5, 0xF6F5, 0xF6F5, 0xFEF5, 0xFEF5, 0xFF16, 0xFF37,
    0xFF57, 0xF6F7, 0x41E5, 0x10C3, 0x1167, 0x11A9, 0x11A9, 0x11A9,
    0x19C9, 0x1988, 0x5AEC, 0xE6D8, 0xF716, 0xF6D4, 0xEE93, 0xEEB3,
    0xF6D4, 0xFEF5, 0xF6F5, 0xFF15, 0xFEF5, 0xFEF5, 0xFEF5, 0xF6F5,
    0xF6F4, 0xF6D4, 0xFF16, 0xC5B1, 0x2902, 0x1966, 0x1189, 0x1189,
    0x1189, 0x1168, 0x0927, 0x1925, 0x9C90, 0xFF58, 0xF6F6, 0xF6F5,
    0xF6D4, 0xF6B3, 0xF6D4, 0xF6D5, 0xF6D5, 0xEEB4, 0xEEB4, 0xF6F4,
    0xF6D4, 0xF6D4, 0xF6F5, 0xE674, 0x41A4, 0x10C4, 0x1148, 0x1127,
    0x0948, 0x1148, 0x1148, 0x1147, 0x1946, 0xAD53, 0xFF58, 0xF6D4,
    0xF6D3, 0xF6F4, 0xF6D4, 0xF6B3, 0xFEF4, 0xF6D4, 0xF6D4, 0xF6D4,
    0xF6F5, 0xFF15, 0xF6F4, 0xFF15, 0xD5F2, 0x20E1, 0x10E5, 0x1127,
    0x1147, 0x1147, 0x1148, 0x1148, 0x0907, 0x1925, 0xC5B4, 0xFF37,
    0xF6F5, 0xFEF5, 0xFEF5, 0xF6F5, 0xF6F5, 0xF6F5, 0xF6D5, 0xF6D5,
    0xF6F5, 0xFEF5, 0xFEF5, 0xF6F4, 0xFF36, 0xC571, 0x20E1, 0x1105,
    0x1127, 0x1128, 0x1148, 0x1148, 0x1148, 0x1106, 0x29A7, 0xD636,
    0xF716, 0xF6D4, 0xF6D4, 0xF6B3, 0xF6B2, 0xF6B3, 0xFED4, 0xF6D4,
    0xF6D3, 0xFED3, 0xFED3, 0xF6D4, 0xF6D4, 0xFF15, 0xA46D, 0x1061,
    0x1927, 0x1168, 0x1189, 0x1189, 0x1189, 0x1189, 0x1147, 0xA513,
    0xFF58, 0xF6B4, 0xF6B2, 0xF692, 0xFED3, 0xF6B3, 0xF6B3, 0xF6D3,
    0xF6D3, 0xF6B3, 0xF6D3, 0xFEF3, 0xF6D3, 0xF6D3, 0xFEF4, 0xFF16,
    0x62C7, 0x10C3, 0x1989, 0x1189, 0x1188, 0x1188, 0x0947, 0x0084,
    0x736C, 0xFF38, 0xF6F5, 0xF6D4, 0xF6D3, 0xF6B3, 0xEE92, 0xF6B2,
    0xF6B2, 0xF6B3, 0xF6D3, 0xF6F4, 0xFEF4, 0xFEF4, 0xFEF4, 0xFF15,
    0x72E7, 0x1061, 0x1127, 0x0927, 0x1148, 0x1148, 0x1148, 0x1148,
    0x08C4, 0x8C2E, 0xFF17, 0xF6B4, 0xF6D3, 0xF6B3, 0xF6B3, 0xF6B3,
    0xFED4, 0xFED4, 0xFEF4, 0xFED4, 0xF693, 0xF6D4, 0xF6F4, 0xF6D4,
    0xE693, 0x41A3, 0x10A4, 0x1147, 0x1147, 0x1148, 0x1148, 0x1148,
    0x1168, 0x10E5, 0x9CD1, 0xF718, 0xEEB4, 0xEEB4, 0xEEB4, 0xEE94,
    0xEE94, 0xF6B4, 0xEE94, 0xEEB5, 0xEEB4, 0xEE94, 0xEE94, 0xEE93,
    0xF6D5, 0xCDB1, 0x2902, 0x10E4, 0x0907, 0x0907, 0x1127, 0x0927,
    0x0927, 0x1127, 0x1904, 0xB532, 0xF6D6, 0xEE73, 0xEE93, 0xEE92,
    0xEE72, 0xEE72, 0xEE93, 0xEE93, 0xE673, 0xE652, 0xE652, 0xE672,
    0xE672, 0xF6D4, 0xB4CE, 0x1881, 0x1126, 0x0947, 0x0948, 0x0948,
    0x0948, 0x1168, 0x08E5, 0x7C0F, 0xEED6, 0xEE93, 0xEE72, 0xE672,
    0xEE72, 0xEE72, 0xEE52, 0xE652, 0xEE92, 0xF693, 0xF6B3, 0xEEB3,
    0xEE92, 0xEE92, 0xEE72, 0xF6D4, 0x7B49, 0x10C2, 0x1168, 0x0968,
    0x0968, 0x0969, 0x0947, 0x00A4, 0x4208, 0xE696, 0xEEB4, 0xE693,
    0xEE94, 0xEEB3, 0xEEB4, 0xEE94, 0xF6B4, 0xF6F5, 0xEED5, 0xEEB4,
    0xEE93, 0xE673, 0xEEB4, 0xFF36, 0xA48D, 0x18E2, 0x1106, 0x0927,
    0x1128, 0x1148, 0x0928, 0x1148, 0x00C6, 0x4229, 0xE6B7, 0xEED5,
    0xEE94, 0xEE94, 0xEE93, 0xF6D4, 0xF6F5, 0xF716, 0xFF36, 0xFF16,
    0xF6D5, 0xEED5, 0xF6D5, 0xF6D4, 0xF716, 0x83EC, 0x18E3, 0x1146,
    0x1127, 0x0927, 0x0948, 0x0948, 0x1148, 0x00A6, 0x4A8A, 0xE6B8,
    0xEEB5, 0xEED4, 0xE673, 0xDE53, 0xE694, 0xEEF6, 0xF737, 0xF737,
    0xF737, 0xF716, 0xE6B4, 0xE673, 0xE673, 0xF6F6, 0x940C, 0x1902,
    0x1167, 0x1168, 0x1168, 0x0948, 0x0948, 0x0927, 0x0064, 0x5B0C,
    0xEEF8, 0xEEB5, 0xEEB3, 0xEE73, 0xEE73, 0xEEB3, 0xFF35, 0xFF76,
    0xFF56, 0xFF35, 0xF6F4, 0xEEB3, 0xE672, 0xE652, 0xEE94, 0x83AA,
    0x2123, 0x1967, 0x1168, 0x0968, 0x0968, 0x0968, 0x0948, 0x1127,
    0x9CF2, 0xE695, 0xEE94, 0xEE93, 0xE672, 0xEE92, 0xFF35, 0xFFB8,
    0xFFF9, 0xFFF9, 0xFF97, 0xF736, 0xF715, 0xF6F4, 0xEE93, 0xE652,
    0xDE33, 0x6B29, 0x2144, 0x1166, 0x0947, 0x0947, 0x0947, 0x0906,
    0x0085, 0x31A7, 0xC5D3, 0xDE33, 0xE632, 0xE632, 0xEE94, 0xFF16,
    0xFF57, 0xFFB8, 0xFFF9, 0xFFD9, 0xFF56, 0xEEB4, 0xE673, 0xDE32,
    0xE674, 0x9C4D, 0x3164, 0x1104, 0x1106, 0x0906, 0x0926, 0x1127,
    0x08E5, 0x0083, 0x2944, 0xBD72, 0xD5F2, 0xDE11, 0xDDF1, 0xE653,
    0xEEB4, 0xFF36, 0xFFB9, 0xFFFA, 0xFFDA, 0xFF57, 0xEEB4, 0xDE11,
    0xDE11, 0xDE32, 0x9C4B, 0x41C4, 0x1904, 0x0905, 0x08E5, 0x1946,
    0x634D, 0x08E4, 0x1167, 0x1147, 0x1946, 0x9CD0, 0xF717, 0xEEB4,
    0xF6B3, 0xF6D4, 0xF6F4, 0xFF35, 0xFF77, 0xFF77, 0xFF56, 0xF6F5,
    0xEEB3, 0xF6D4, 0xF6D4, 0xFEF5, 0xE654, 0x41C4, 0x18E4, 0x1988,
    0x19AA, 0x19CA, 0x11CA, 0x19CA, 0x0968, 0x1126, 0x9490, 0xF738,
    0xF6F5, 0xF715, 0xF715, 0xFF36, 0xFF57, 0xFF77, 0xF736, 0xF716,
    0xFF16, 0xF6F5, 0xFEF5, 0xFEF6, 0xFF16, 0xEED6, 0x4A06, 0x10E4,
    0x1988, 0x11A9, 0x11A9, 0x11CA, 0x11CA, 0x1988, 0x5B0C, 0xE6D8,
    0xF716, 0xF6F5, 0xF6F5, 0xF6D5, 0xFF36, 0xFF77, 0xFF77, 0xFF77,
    0xFF56, 0xFF35, 0xF6F5, 0xF6F5, 0xF6F5, 0xFEF4, 0xFF15, 0xC591,
    0x2901, 0x1967, 0x1189, 0x1189, 0x11A9, 0x1189, 0x1147, 0x1946,
    0xA4D1, 0xFF38, 0xF6F6, 0xF6F5, 0xF6D4, 0xF715, 0xFF57, 0xFF78,
    0xFF78, 0xF757, 0xF6F5, 0xEED4, 0xF6D4, 0xF6D4, 0xFF16, 0xE675,
    0x39A4, 0x10E4, 0x1148, 0x1148, 0x1168, 0x1169, 0x1168, 0x1148,
    0x2146, 0xB594, 0xFF79, 0xF6D4, 0xF6B3, 0xEEB3, 0xF6D4, 0xFF15,
    0xFF55, 0xFF35, 0xF715, 0xF6F5, 0xF6F4, 0xFF14, 0xFF15, 0xFF36,
    0xDE33, 0x2902, 0x18E5, 0x1147, 0x1147, 0x1147, 0x1148, 0x1148,
    0x1127, 0x1925, 0xC5B4, 0xFF58, 0xF6F5, 0xF6F5, 0xF6F5, 0xF6F5,
    0xFF36, 0xFF36, 0xFF57, 0xFF36, 0xF716, 0xF6F5, 0xF6F5, 0xF6F5,
    0xFF16, 0xCD91, 0x28E2, 0x18E4, 0x1127, 0x1148, 0x1168, 0x1168,
    0x1968, 0x1127, 0x31C7, 0xD635, 0xFF16, 0xF6B3, 0xF6B3, 0xF6B3,
    0xF6D3, 0xF6F5, 0xFF16, 0xFF15, 0xF6F4, 0xF6D4, 0xF6D3, 0xF6D3,
    0xF6D3, 0xFF56, 0xA46D, 0x1061, 0x1947, 0x1188, 0x1189, 0x1189,
    0x1189, 0x1189, 0x1968, 0xA513, 0xFF58, 0xF6D4, 0xF6B2, 0xF6B2,
    0xFED3, 0xF6F4, 0xFF35, 0xFF56, 0xFF56, 0xFF35, 0xF6D3, 0xF6D3,
    0xF6D3, 0xFED3, 0xFEF4, 0xFF36, 0x6AC8, 0x10E3, 0x1989, 0x1189,
    0x1189, 0x1189, 0x1148, 0x00A4, 0x736D, 0xFF38, 0xF6D5, 0xFED4,
    0xF6B3, 0xF6B3, 0xF714, 0xFF76, 0xFF97, 0xFFB8, 0xFF57, 0xF6F5,
    0xF6D4, 0xF6B3, 0xF6B3, 0xFF15, 0x7307, 0x1061, 0x1947, 0x1148,
    0x1168, 0x1148, 0x1148, 0x1168, 0x08C5, 0x840E, 0xFF17, 0xF6B4,
    0xF6B3, 0xEEB3, 0xF6D4, 0xFF76, 0xFFD8, 0xFFD8, 0xFFB8, 0xFF77,
    0xF6F4, 0xEEB3, 0xEEB3, 0xF6D4, 0xE673, 0x41A3, 0x10C4, 0x1147,
    0x1147, 0x1148, 0x1168, 0x1168, 0x1989, 0x1126, 0x9CD1, 0xF6F7,
    0xEEB4, 0xEE93, 0xEE93, 0xF6F5, 0xFF98, 0xFFD9, 0xFFFA, 0xFFDA,
    0xFF57, 0xF6D5, 0xE693, 0xE672, 0xF6D4, 0xC571, 0x2902, 0x1105,
    0x1127, 0x0927, 0x1148, 0x0928, 0x1148, 0x1127, 0x1904, 0xB532,
    0xEEB5, 0xEE73, 0xE672, 0xEE92, 0xFF15, 0xFFB8, 0xFFFA, 0xFFFA,
    0xFFB9, 0xF756, 0xEEB4, 0xEE73, 0xEE72, 0xF6B4, 0xB4EE, 0x18C1,
    0x1146, 0x1148, 0x0948, 0x0968, 0x0968, 0x1188, 0x0906, 0x842F,
    0xE6D6, 0xEE73, 0xEE92, 0xEE72, 0xEE92, 0xFEF4, 0xFF97, 0xFFD8,
    0xFFD8, 0xFF97, 0xFF55, 0xF6F4, 0xEE72, 0xEE72, 0xEE71, 0xF6D3,
    0x7349, 0x10C2, 0x1168, 0x0968, 0x0968, 0x0969, 0x0947, 0x00A5,
    0x4228, 0xE6B7, 0xEED4, 0xEE93, 0xEE73, 0xF6D4, 0xFF77, 0xFFFA,
    0xFFFB, 0xFFFB, 0xFFDA, 0xFF99, 0xF716, 0xE694, 0xEEB4, 0xFF16,
    0x9C8D, 0x1903, 0x1126, 0x0927, 0x1128, 0x1148, 0x0927, 0x1148,
    0x00C5, 0x4249, 0xE6D8, 0xEEF6, 0xEEB5, 0xEED5, 0xFF78, 0xFFFB,
    0xFFFC, 0xFFFC, 0xFFFC, 0xFFFB, 0xFFB9, 0xFF57, 0xEED5, 0xEED5,
    0xF717, 0x8BEC, 0x10E3, 0x1147, 0x0927, 0x0947, 0x1148, 0x1148,
    0x1168, 0x08E6, 0x4A8A, 0xE6D8, 0xEED6, 0xEED4, 0xEEB5, 0xFF37,
    0xFFFB, 0xFFFD, 0xFFFD, 0xFFFE, 0xFFFE, 0xFFDB, 0xF738, 0xE6B4,
    0xE673, 0xF6D5, 0x8BEB, 0x18E2, 0x1167, 0x1168, 0x1168, 0x0969,
    0x0948, 0x0927, 0x0085, 0x5B0C, 0xEED8, 0xEE95, 0xE693, 0xEEB4,
    0xFF37, 0xFF78, 0xEF37, 0xEF17, 0xFFDA, 0xFFFC, 0xFFFA, 0xFF57,
    0xEEB4, 0xE672, 0xEE94, 0x83AA, 0x1923, 0x1167, 0x1168, 0x0968,
    0x0968, 0x0968, 0x0968, 0x1126, 0x9CF2, 0xE6B6, 0xEE94, 0xEE93,
    0xEED3, 0xEED4, 0xDE52, 0xC5B1, 0xBD91, 0xCE54, 0xFFFA, 0xFFFB,
    0xFFB8, 0xF736, 0xEEB4, 0xE652, 0xDE32, 0x6B28, 0x2144, 0x1146,
    0x0927, 0x0927, 0x0927, 0x0906, 0x0084, 0x31A6, 0xC5D3, 0xDE33,
    0xE652, 0xEE73, 0xCDB1, 0xACAD, 0x940B, 0x93EB, 0xA48E, 0xD674,
    0xFFFA, 0xFF98, 0xF6F5, 0xE673, 0xE694, 0x9C6D, 0x3163, 0x1124,
    0x1106, 0x0906, 0x0905, 0x08E5, 0x08E5, 0x0063, 0x2945, 0xC593,
    0xD612, 0xDE11, 0xDE32, 0xBD4F, 0xA46C, 0x8369, 0x7308, 0x8BCB,
    0xC5D3, 0xFFDB, 0xFFB9, 0xF6D5, 0xE652, 0xE632, 0x9C4C, 0x39A4,
    0x1924, 0x0905, 0x08E5, 0x1966, 0x6B8E, 0x0904, 0x1167, 0x1148,
    0x2166, 0x9CF1, 0xF717, 0xF6B4, 0xFED4, 0xFF36, 0xFFF9, 0xFFFB,
    0xFFFB, 0xFFFB, 0xFFFC, 0xFFFA, 0xFF57, 0xF6F5, 0xF6D5, 0xF716,
    0xEEB6, 0x4A05, 0x1904, 0x1988, 0x19EA, 0x19CA, 0x19EB, 0x19EA,
    0x1168, 0x1966, 0x94B1, 0xFF59, 0xF6D5, 0xFF36, 0xFF98, 0xFFFA,
    0xFFFC, 0xFFFC, 0xFFFB, 0xFFFA, 0xFFFA, 0xFF98, 0xF716, 0xF6F5,
    0xFF36, 0xF6F7, 0x4A06, 0x10E4, 0x1968, 0x11A9, 0x11CA, 0x11AA,
    0x11C9, 0x1188, 0x5B2D, 0xE6F8, 0xF716, 0xFF16, 0xFF36, 0xFF97,
    0xFFFA, 0xFFFB, 0xFFFB, 0xFFFB, 0xFFFA, 0xFFFA, 0xFFB9, 0xF716,
    0xF6D5, 0xF6F4, 0xFF36, 0xC591, 0x2101, 0x1967, 0x1189, 0x11A9,
    0x11AA, 0x11A9, 0x1168, 0x2166, 0xAD12, 0xFF38, 0xF6D6, 0xF6F5,
    0xFF77, 0xFFFA, 0xFFFC, 0xFFFC, 0xFFFB, 0xFFFC, 0xFFFB, 0xFFB8,
    0xF716, 0xEED5, 0xF716, 0xDE55, 0x3983, 0x1905, 0x1948, 0x1148,
    0x1168, 0x1169, 0x1168, 0x1168, 0x1946, 0xB573, 0xFF79, 0xFF15,
    0xF715, 0xF715, 0xFFB8, 0xFFFA, 0xFFFB, 0xFFFB, 0xFFFB, 0xFFFB,
    0xFF99, 0xFF37, 0xFF36, 0xFF57, 0xDE54, 0x2902, 0x1905, 0x1147,
    0x1147, 0x1168, 0x1168, 0x1148, 0x1127, 0x1946, 0xC5B4, 0xFF79,
    0xFF16, 0xFF15, 0xFF57, 0xFFD9, 0xFFFC, 0xFFFC, 0xFFFC, 0xFFFC,
    0xFFD9, 0xFF56, 0xF6F5, 0xF6F5, 0xFF16, 0xD5F3, 0x2902, 0x1905,
    0x1147, 0x1148, 0x1168, 0x1188, 0x1968, 0x1948, 0x31A7, 0xD635,
    0xFF37, 0xF6B3, 0xF6D3, 0xFF56, 0xFFFA, 0xFFFC, 0xFFFC, 0xFFFC,
    0xFFFA, 0xFFB8, 0xF6F5, 0xF6B3, 0xFED4, 0xFF56, 0xA48E, 0x1081,
    0x1967, 0x1189, 0x1189, 0x1189, 0x1189, 0x19AA, 0x1968, 0xA512,
    0xFF58, 0xF6D4, 0xF6B3, 0xFEF4, 0xFFB8, 0xFFF9, 0xFFFA, 0xFFFA,
    0xFFFA, 0xFFF8, 0xFFD6, 0xF713, 0xEEB2, 0xF6D3, 0xF6D3, 0xF6F5,
    0x62A7, 0x1904, 0x1989, 0x1189, 0x1189, 0x1189, 0x0948, 0x0084,
    0x630B, 0xF718, 0xF6B4, 0xF6B3, 0xFF36, 0xFFF9, 0xFFFB, 0xFFFD,
    0xFFFD, 0xFFFE, 0xFFFD, 0xFFDA, 0xF716, 0xF693, 0xF6B3, 0xFEF5,
    0x7307, 0x1081, 0x1947, 0x1148, 0x1168, 0x1168, 0x1148, 0x1168,
    0x08E5, 0x83EE, 0xF717, 0xF6B4, 0xF6B3, 0xFF56, 0xFFF9, 0xFFB9,
    0xF799, 0xF799, 0xF7BA, 0xFFFB, 0xFFFA, 0xF756, 0xEEB3, 0xEEB3,
    0xE653, 0x3983, 0x10E4, 0x1148, 0x1148, 0x1168, 0x1168, 0x1168,
    0x1169, 0x1105, 0x9CB1, 0xF6F6, 0xEE94, 0xEE93, 0xFF76, 0xFFB9,
    0xEF17, 0xE6F6, 0xE717, 0xEF79, 0xFFFB, 0xFFFA, 0xF716, 0xE673,
    0xF6D4, 0xC5B1, 0x2102, 0x1105, 0x1127, 0x1147, 0x1148, 0x1148,
    0x1148, 0x1127, 0x1904, 0xB552, 0xEED5, 0xEE73, 0xF6B3, 0xFF77,
    0xFF98, 0xDEB5, 0xCE34, 0xCE74, 0xEF57, 0xFFFB, 0xFFD9, 0xF6F5,
    0xEE73, 0xF6D4, 0xB4EF, 0x18C1, 0x1126, 0x1168, 0x0948, 0x0968,
    0x0968, 0x1188, 0x0906, 0x8430, 0xEEF7, 0xEE93, 0xEE93, 0xF6B3,
    0xFF56, 0xFF97, 0xEF36, 0xD653, 0xDEB5, 0xFFDA, 0xFFFB, 0xFFD9,
    0xF715, 0xEEB3, 0xEE72, 0xF6F5, 0x7B4A, 0x10A2, 0x1147, 0x0948,
    0x0968, 0x0969, 0x0948, 0x00A5, 0x4248, 0xEEF8, 0xEED5, 0xF6D4,
    0xFF56, 0xFFB8, 0xEF37, 0xD675, 0xD696, 0xE718, 0xFFBB, 0xFFFD,
    0xFFDB, 0xF737, 0xEED5, 0xFF37, 0xA48E, 0x18E3, 0x1126, 0x0927,
    0x0927, 0x0927, 0x0927, 0x1147, 0x00A5, 0x4A6A, 0xE6D8, 0xEEF7,
    0xEEF6, 0xFF78, 0xEF17, 0xC5D2, 0xACEF, 0xACF0, 0xCE55, 0xF79A,
    0xFFFD, 0xFFDB, 0xF737, 0xEEF6, 0xF717, 0x8BEC, 0x18E3, 0x1126,
    0x0927, 0x0948, 0x0948, 0x1148, 0x0968, 0x08E6, 0x52AA, 0xE6D8,
    0xEEB6, 0xEED5, 0xF6F6, 0xD5F3, 0xA4AF, 0x8BEC, 0x8BEC, 0x9CB0,
    0xC616, 0xFFFD, 0xFFFC, 0xF737, 0xE694, 0xEED5, 0x83AB, 0x1903,
    0x1168, 0x1169, 0x0968, 0x0969, 0x0948, 0x0927, 0x0085, 0x4AAB,
    0xE6B7, 0xE695, 0xEEB4, 0xE674, 0xA46C, 0x62A6, 0x49C3, 0x41A3,
    0x5A66, 0x944D, 0xEF59, 0xFFFB, 0xF736, 0xEE93, 0xEE94, 0x7B6A,
    0x1923, 0x1967, 0x1189, 0x1168, 0x0968, 0x0968, 0x0948, 0x0926,
    0x9CF2, 0xE6B6, 0xEE94, 0xF6F5, 0xD5F1, 0x7307, 0x4182, 0x3121,
    0x3100, 0x3141, 0x5A86, 0xBD91, 0xFFFB, 0xFF98, 0xEEB4, 0xE672,
    0xDE32, 0x6B28, 0x2164, 0x0926, 0x0927, 0x0927, 0x0927, 0x0906,
    0x0084, 0x31A6, 0xCDF4, 0xDE53, 0xDE32, 0x9C2B, 0x4181, 0x28E0,
    0x28C0, 0x28C1, 0x20C0, 0x2901, 0x7B89, 0xFFD9, 0xFF98, 0xE674,
    0xEE94, 0x9C8D, 0x3184, 0x1124, 0x0905, 0x0905, 0x0906, 0x08E5,
    0x08C5, 0x0063, 0x2945, 0xC5B3, 0xD5F2, 0xD611, 0x940A, 0x4161,
    0x28C0, 0x20C0, 0x28C1, 0x20C0, 0x20A0, 0x62C8, 0xEF39, 0xFFB9,
    0xE653, 0xDE32, 0x9C4C, 0x41C4, 0x1924, 0x08E5, 0x08E5, 0x2187,
    0x73F0, 0x0904, 0x1167, 0x1168, 0x2166, 0x9CD0, 0xF716, 0xF6F5,
    0xFF36, 0xFFFA, 0xEF37, 0xBDD2, 0xC614, 0xD676, 0xEF19, 0xF75A,
    0xFF99, 0xFFB9, 0xFF57, 0xFF37, 0xF6D7, 0x5226, 0x1904, 0x1968,
    0x19CA, 0x11CA, 0x19EA, 0x19EA, 0x1168, 0x1987, 0x9CF2, 0xFF59,
    0xFF16, 0xFF98, 0xFFFB, 0xF779, 0xC5F3, 0xBD92, 0xC614, 0xD696,
    0xEF59, 0xFFFA, 0xFFB9, 0xF737, 0xFF37, 0xF6F7, 0x4A06, 0x10C4,
    0x1988, 0x11A9, 0x11CA, 0x11A9, 0x11A9, 0x1168, 0x5B2C, 0xE6F8,
    0xF717, 0xFF16, 0xFF98, 0xFFFA, 0xF798, 0xC5F2, 0xAD30, 0xB592,
    0xCE34, 0xE738, 0xFFFA, 0xFFDA, 0xF716, 0xF6D4, 0xFF36, 0xC571,
    0x2902, 0x1967, 0x1189, 0x11A9, 0x11A9, 0x1189, 0x0948, 0x2166,
    0xAD32, 0xFF59, 0xF716, 0xFF98, 0xFFFA, 0xDEB6, 0xAD52, 0xA4F0,
    0xAD11, 0xCE35, 0xE718, 0xFFDA, 0xFFFA, 0xF716, 0xF716, 0xDE55,
    0x3984, 0x1925, 0x1948, 0x1168, 0x1189, 0x1169, 0x1968, 0x1168,
    0x1947, 0xB574, 0xFF99, 0xFF16, 0xFF77, 0xFFFA, 0xFFB9, 0xCE54,
    0xB551, 0xBDB2, 0xD696, 0xF79A, 0xFFFC, 0xFFDA, 0xFF37, 0xFF78,
    0xDE54, 0x2902, 0x10E5, 0x1147, 0x1147, 0x1147, 0x1147, 0x1147,
    0x1127, 0x2146, 0xC5B5, 0xFF7A, 0xFF17, 0xFF98, 0xFFFC, 0xFFBA,
    0xCE55, 0xAD51, 0xB591, 0xDED6, 0xF7B9, 0xFFFA, 0xFF78, 0xF716,
    0xFF57, 0xD5F3, 0x20E1, 0x1904, 0x1127, 0x1148, 0x1148, 0x1168,
    0x1968, 0x1147, 0x29A7, 0xCE35, 0xFF37, 0xF6F4, 0xFF97, 0xFFF9,
    0xDEB6, 0xBDB3, 0xC5B3, 0xCDF4, 0xDEB6, 0xFFDA, 0xFFFA, 0xF737,
    0xEEB4, 0xFF37, 0x9C8E, 0x0881, 0x1947, 0x1168, 0x1189, 0x1189,
    0x1189, 0x1189, 0x1947, 0xAD12, 0xFF37, 0xF6B3, 0xFED3, 0xFFB6,
    0xF775, 0xAD4C, 0x8C49, 0x948A, 0xA50C, 0xC62F, 0xFFD5, 0xFFF8,
    0xF714, 0xEE92, 0xF692, 0xEEB4, 0x5A66, 0x10E4, 0x1189, 0x0988,
    0x1189, 0x1189, 0x0948, 0x0084, 0x528A, 0xF6D8, 0xF6D5, 0xFF35,
    0xFFB8, 0xD653, 0x8C0B, 0x7B8A, 0x8C2D, 0x9C8F, 0xC5F4, 0xF7BA,
    0xFFFB, 0xF6F5, 0xEE93, 0xF6F5, 0x6AC7, 0x1882, 0x1947, 0x1148,
    0x1168, 0x1168, 0x1148, 0x1148, 0x10E5, 0x840F, 0xF717, 0xF6B4,
    0xFF35, 0xEEB4, 0x9C2B, 0x62A5, 0x6285, 0x6B07, 0x7B69, 0xA4EE,
    0xEF16, 0xFFFA, 0xF756, 0xF6F5, 0xE674, 0x41A4, 0x10E4, 0x1148,
    0x1148, 0x1168, 0x1148, 0x1148, 0x1148, 0x1105, 0xA4D1, 0xF6F6,
    0xEE94, 0xFF16, 0xCDD1, 0x7307, 0x51E4, 0x5A45, 0x5A86, 0x6B08,
    0xA4AE, 0xEF38, 0xFFFA, 0xF6F5, 0xF6D4, 0xCDD2, 0x2902, 0x1105,
    0x1127, 0x1148, 0x1168, 0x1148, 0x1147, 0x1127, 0x2125, 0xBD73,
    0xEED5, 0xF6B3, 0xFED5, 0xBD2E, 0x6AC6, 0x49C3, 0x49E2, 0x5223,
    0x6AE6, 0xA4AE, 0xF758, 0xFFDA, 0xEED5, 0xF6D5, 0xBD0F, 0x20C2,
    0x1126, 0x1168, 0x0948, 0x0968, 0x0969, 0x1188, 0x0906, 0x8C50,
    0xEEF7, 0xEE73, 0xF6B3, 0xF6D4, 0xBD0E, 0x6AA5, 0x49E3, 0x41A2,
    0x5245, 0x62C7, 0xA4EF, 0xFFDA, 0xFFFA, 0xF6F5, 0xF6B3, 0xFF15,
    0x7B6A, 0x10C2, 0x1168, 0x0968, 0x0968, 0x0969, 0x0948, 0x00A5,
    0x4229, 0xEED8, 0xF6D6, 0xFF16, 0xE653, 0x83AA, 0x49E4, 0x41A3,
    0x49E4, 0x5225, 0x6AC7, 0xBDB3, 0xFFFC, 0xFFDA, 0xEEF6, 0xF717,
    0xA48E, 0x18E2, 0x1926, 0x1127, 0x0927, 0x0927, 0x0927, 0x1127,
    0x00A5, 0x4A8B, 0xE6F9, 0xEEF7, 0xEEB5, 0xA48E, 0x41C4, 0x2901,
    0x3942, 0x4183, 0x4183, 0x5245, 0xBD92, 0xFFFC, 0xFFBA, 0xEED6,
    0xF6F7, 0x8C0C, 0x18E3, 0x1127, 0x0927, 0x0948, 0x0948, 0x0948,
    0x0948, 0x00C6, 0x52AA, 0xE6D8, 0xE6B6, 0xE6B5, 0x8BEB, 0x3121,
    0x28E1, 0x3122, 0x3143, 0x2902, 0x2902, 0x7B8B, 0xF779, 0xFFFB,
    0xEED6, 0xEED6, 0x83AB, 0x1903, 0x1167, 0x1169, 0x0948, 0x0969,
    0x0948, 0x0927, 0x0085, 0x4A8A, 0xE6B7, 0xEEB6, 0xD5D1, 0x6264,
    0x20A0, 0x28E1, 0x3123, 0x3143, 0x3123, 0x20C0, 0x5225, 0xE6D6,
    0xFF98, 0xEE94, 0xEE94, 0x7B8A, 0x1923, 0x1167, 0x1189, 0x1189,
    0x0989, 0x0969, 0x0969, 0x0906, 0x94B2, 0xE6B6, 0xEEB5, 0xD612,
    0x6264, 0x20A0, 0x2902, 0x2923, 0x2943, 0x2923, 0x20C1, 0x18A0,
    0x83AA, 0xFF57, 0xF6D4, 0xE652, 0xE653, 0x7329, 0x2144, 0x1126,
    0x0927, 0x0927, 0x0926, 0x0906, 0x0064, 0x3186, 0xC5F4, 0xE675,
    0x9C6C, 0x3120, 0x20C0, 0x2902, 0x2903, 0x2903, 0x2923, 0x2922,
    0x1040, 0x62E7, 0xF757, 0xEEB5, 0xE674, 0x9C6D, 0x2963, 0x1104,
    0x0905, 0x08E5, 0x0905, 0x08E6, 0x08E5, 0x0063, 0x2145, 0xC593,
    0xDE33, 0xA48C, 0x4181, 0x28C0, 0x2902, 0x2903, 0x2903, 0x2903,
    0x2103, 0x0840, 0x5226, 0xE6B7, 0xE674, 0xDE13, 0xA48E, 0x41E5,
    0x1924, 0x0905, 0x00E4, 0x2186, 0x7C10, 0x08E5, 0x1168, 0x1168,
    0x1987, 0x9CD1, 0xF6F7, 0xF6D5, 0xFF77, 0xC570, 0x6AC6, 0x838A,
    0xB531, 0xCDF4, 0xDE96, 0xE6D8, 0xEED8, 0xEF17, 0xFF58, 0xF6F6,
    0xE6B6, 0x4A26, 0x18E4, 0x1968, 0x11A9, 0x11A9, 0x11CA, 0x19EA,
    0x0948, 0x1967, 0xA533, 0xFF7A, 0xFF58, 0xFFFA, 0xCDF2, 0x5A86,
    0x6B28, 0x9C6E, 0xBD72, 0xCE15, 0xD676, 0xDEB6, 0xF738, 0xFF99,
    0xFF57, 0xEEF7, 0x41E6, 0x10C3, 0x1168, 0x11A9, 0x11A9, 0x09A9,
    0x11A9, 0x1168, 0x5B2C, 0xEF18, 0xFF17, 0xFF37, 0xFFD9, 0xC5D1,
    0x5A85, 0x5A86, 0x8BEC, 0xACD0, 0xBD92, 0xC5D3, 0xCE34, 0xEEF7,
    0xFF78, 0xF6F5, 0xFF36, 0xC5B2, 0x2922, 0x1946, 0x1189, 0x1189,
    0x11A9, 0x0989, 0x0927, 0x1925, 0xAD32, 0xFF7A, 0xFF58, 0xF778,
    0xA48D, 0x41C3, 0x5225, 0x7B6A, 0x9C4E, 0xA4AF, 0xB530, 0xC5D3,
    0xF758, 0xFF99, 0xFF57, 0xDE55, 0x3963, 0x1905, 0x1968, 0x1968,
    0x1189, 0x1989, 0x1989, 0x1989, 0x1947, 0xB574, 0xFF9A, 0xFF37,
    0xFFB9, 0xC5B1, 0x5A65, 0x5205, 0x72E8, 0x83AA, 0x944D, 0xACEF,
    0xCE34, 0xFFDA, 0xFF98, 0xFF78, 0xDE75, 0x2902, 0x10E5, 0x1127,
    0x1127, 0x1127, 0x1127, 0x1147, 0x1127, 0x1945, 0xC5B5, 0xFF7A,
    0xFF58, 0xFF99, 0xB530, 0x5A66, 0x41C3, 0x62A6, 0x7B69, 0x8C0B,
    0xA4AE, 0xD675, 0xFFFA, 0xFF58, 0xFF57, 0xCDD2, 0x20C1, 0x1104,
    0x1127, 0x1127, 0x0927, 0x1148, 0x1148, 0x1127, 0x29A7, 0xD615,
    0xF716, 0xFF15, 0xEEB4, 0x8389, 0x41C2, 0x49E4, 0x6287, 0x7B29,
    0x83AA, 0xA4AE, 0xEEF6, 0xFFD9, 0xEED5, 0xFF17, 0x9C6E, 0x0881,
    0x1947, 0x1168, 0x1189, 0x1189, 0x1189, 0x19A9, 0x1946, 0xA511,
    0xF717, 0xF6B3, 0xFF35, 0xC56E, 0x49C2, 0x3920, 0x49E2, 0x5A84,
    0x6AE5, 0x7B47, 0x9C4A, 0xE6F5, 0xFFD8, 0xF6D4, 0xF693, 0xEEB4,
    0x5A46, 0x10E4, 0x1189, 0x0968, 0x0988, 0x1169, 0x0948, 0x00A5,
    0x528A, 0xEED8, 0xF6F5, 0xF6F4, 0x8BA9, 0x3100, 0x3941, 0x49C4,
    0x5A67, 0x6AE8, 0x7328, 0x8C2C, 0xE6F7, 0xFF98, 0xEEB4, 0xF6D5,
    0x6AC7, 0x1082, 0x1947, 0x1148, 0x1168, 0x1148, 0x1147, 0x1148,
    0x10E6, 0x8C50, 0xF718, 0xF6F6, 0xDE32, 0x51E3, 0x20A0, 0x4183,
    0x5206, 0x5A67, 0x6AA7, 0x6AA7, 0x7308, 0xCE13, 0xFFB9, 0xF716,
    0xEE95, 0x41E4, 0x10E4, 0x1948, 0x1148, 0x1148, 0x1148, 0x1127,
    0x1148, 0x10E5, 0xA4F2, 0xF6F7, 0xF6D5, 0xB4CD, 0x3100, 0x28E1,
    0x41A4, 0x5206, 0x5A67, 0x6287, 0x5246, 0x6AE8, 0xD655, 0xFF78,
    0xF6D5, 0xCDD2, 0x2922, 0x1926, 0x1148, 0x1147, 0x1148, 0x1148,
    0x1147, 0x1127, 0x1925, 0xBD93, 0xEED6, 0xEE94, 0x8BCA, 0x28C0,
    0x2901, 0x4184, 0x51E6, 0x5A46, 0x5A46, 0x41C4, 0x6B08, 0xE6D5,
    0xFF56, 0xF6F5, 0xC551, 0x2102, 0x1146, 0x1168, 0x0968, 0x1189,
    0x1189, 0x1189, 0x0906, 0x8C91, 0xEEF7, 0xEE94, 0xEE93, 0x8367,
    0x28A0, 0x28E0, 0x3963, 0x49C5, 0x49C5, 0x41C5, 0x3162, 0x7348,
    0xEF17, 0xFF57, 0xEE93, 0xF715, 0x83AA, 0x18C2, 0x1168, 0x0968,
    0x0968, 0x0948, 0x0947, 0x00A5, 0x4229, 0xE6D8, 0xF717, 0xCDB1,
    0x41A3, 0x1880, 0x3122, 0x4184, 0x41A4, 0x49C4, 0x4183, 0x3141,
    0x944D, 0xFFBA, 0xF716, 0xF717, 0x9C6D, 0x18E2, 0x1927, 0x1127,
    0x0927, 0x0927, 0x0927, 0x0927, 0x00A5, 0x3A09, 0xDEB8, 0xF718,
    0x9C4C, 0x20A0, 0x20C1, 0x3163, 0x3984, 0x41A5, 0x3984, 0x3143,
    0x20E0, 0x946D, 0xFFDB, 0xEED6, 0xF718, 0x8C0C, 0x10E3, 0x1127,
    0x0927, 0x0927, 0x1147, 0x0948, 0x0948, 0x00C5, 0x4A8A, 0xDE97,
    0xEED7, 0x9C2C, 0x20C0, 0x20E1, 0x3143, 0x3144, 0x3144, 0x3164,
    0x3143, 0x1880, 0x5A86, 0xEF18, 0xEEF7, 0xEED6, 0x83AB, 0x18E3,
    0x1147, 0x0969, 0x0969, 0x0969, 0x0948, 0x0927, 0x0064, 0x52AB,
    0xE6B8, 0xEEB6, 0x83A9, 0x1880, 0x2902, 0x2923, 0x2103, 0x2903,
    0x2903, 0x2923, 0x18A0, 0x41C3, 0xDE74, 0xF6D6, 0xE695, 0x7B8B,
    0x1903, 0x1167, 0x1189, 0x1189, 0x1189, 0x0968, 0x0968, 0x0926,
    0x9CF2, 0xE6B6, 0xEE95, 0x8BEA, 0x28E0, 0x20E1, 0x20E2, 0x20E2,
    0x20E2, 0x20E2, 0x28E2, 0x20E1, 0x1020, 0x9C4D, 0xF6F6, 0xE632,
    0xE632, 0x6B28, 0x1944, 0x0926, 0x0927, 0x0907, 0x0906, 0x0906,
    0x0064, 0x31A7, 0xCDF5, 0xCDD3, 0x6286, 0x20C0, 0x20E2, 0x20E2,
    0x18E2, 0x18E3, 0x18C2, 0x20C2, 0x20E2, 0x0820, 0x944D, 0xEED6,
    0xE675, 0x9C6E, 0x2964, 0x1104, 0x1106, 0x08E6, 0x0905, 0x08E5,
    0x08C5, 0x0063, 0x2125, 0xBD93, 0xCDB2, 0x6AC6, 0x3100, 0x20E2,
    0x18C2, 0x18E3, 0x18E3, 0x18C3, 0x18C3, 0x18E3, 0x0000, 0x6AE9,
    0xDE34, 0xDE13, 0xA48E, 0x39C4, 0x1924, 0x0905, 0x08E5, 0x2186,
    0x7C30, 0x0905, 0x1168, 0x1168, 0x21A7, 0xA532, 0xF6F7, 0xEED5,
    0xB4AD, 0x49A1, 0x6286, 0x9C4D, 0xB531, 0xCDF4, 0xDE97, 0xEEF8,
    0xEEF8, 0xD635, 0xDE75, 0xF6F7, 0xE696, 0x49E5, 0x10A3, 0x1168,
    0x11A9, 0x11A9, 0x11AA, 0x19CA, 0x0948, 0x1946, 0xAD12, 0xFF79,
    0xFF79, 0xC571, 0x4181, 0x49C3, 0x83AB, 0xA4B0, 0xBD93, 0xD636,
    0xDE77, 0xDE76, 0xD614, 0xE6B6, 0xFF79, 0xEED7, 0x4A06, 0x10A3,
    0x1148, 0x11A9, 0x11CA, 0x11A9, 0x11A9, 0x0948, 0x636D, 0xEF39,
    0xFF37, 0xFF57, 0xB50E, 0x3921, 0x4183, 0x730A, 0x8BED, 0xA4B0,
    0xBD72, 0xCDF4, 0xC5D4, 0xBD71, 0xE695, 0xFF57, 0xFF57, 0xCDB2,
    0x2922, 0x1946, 0x1189, 0x1189, 0x11A9, 0x0988, 0x0927, 0x1926,
    0xAD33, 0xFF9B, 0xF718, 0x8BCA, 0x20A0, 0x4183, 0x6AE9, 0x838B,
    0x9C0D, 0xACD0, 0xB531, 0xAD10, 0xB531, 0xEED6, 0xFF58, 0xDE55,
    0x3164, 0x1905, 0x1968, 0x1169, 0x1169, 0x1169, 0x1169, 0x1168,
    0x1926, 0xAD53, 0xFF7A, 0xFF58, 0xACCF, 0x28C0, 0x3142, 0x5A68,
    0x732A, 0x83AC, 0x9C4E, 0xA48E, 0x9C6E, 0xB571, 0xF737, 0xFF99,
    0xDE75, 0x2902, 0x10C4, 0x1106, 0x1106, 0x1126, 0x1127, 0x1127,
    0x0906, 0x1925, 0xBD94, 0xFF7A, 0xFF58, 0x8BEB, 0x1840, 0x3142,
    0x5247, 0x6AC9, 0x7B8B, 0x940D, 0x942D, 0x942C, 0xC5B2, 0xF758,
    0xFF58, 0xD5F3, 0x28E1, 0x10E4, 0x1106, 0x1107, 0x0927, 0x0927,
    0x1127, 0x0906, 0x2166, 0xCE15, 0xFF57, 0xDE12, 0x5A03, 0x2080,
    0x41C3, 0x5A67, 0x72E9, 0x836A, 0x8BEC, 0x8BCB, 0x940B, 0xE654,
    0xFF17, 0xFF37, 0x944D, 0x10A2, 0x1947, 0x1148, 0x1189, 0x1189,
    0x11A9, 0x19A9, 0x1126, 0xAD12, 0xFF37, 0xFEF5, 0xCD6F, 0x3100,
    0x20A0, 0x41C5, 0x5247, 0x62A8, 0x7329, 0x836A, 0x7B49, 0x83AA,
    0xE694, 0xFF35, 0xEEB3, 0xE694, 0x5245, 0x10E4, 0x1168, 0x0968,
    0x0989, 0x0969, 0x0928, 0x00A5, 0x52AA, 0xEED8, 0xF717, 0x8BCA,
    0x1820, 0x3121, 0x41E5, 0x4A27, 0x5A88, 0x6B0A, 0x734A, 0x6AE8,
    0x7B69, 0xEE95, 0xFF16, 0xF6D6, 0x6AC7, 0x1082, 0x1927, 0x1148,
    0x1148, 0x1148, 0x1148, 0x1148, 0x08C5, 0x8410, 0xF739, 0xF6D6,
    0x6AC6, 0x1840, 0x3963, 0x39A4, 0x49E5, 0x5226, 0x5A67, 0x62A8,
    0x6267, 0x5A46, 0xCDF3, 0xFF57, 0xEE95, 0x41E5, 0x10C3, 0x1947,
    0x1147, 0x1148, 0x1148, 0x0927, 0x0927, 0x1105, 0xA4F2, 0xF738,
    0xD613, 0x3941, 0x20A0, 0x3163, 0x3984, 0x41A5, 0x49E6, 0x5226,
    0x5247, 0x41C4, 0x6287, 0xE676, 0xFF37, 0xCDD3, 0x2923, 0x1926,
    0x1147, 0x0927, 0x0947, 0x0927, 0x1127, 0x0927, 0x18E4, 0xB573,
    0xF717, 0xB4CE, 0x20A0, 0x28E1, 0x3143, 0x3144, 0x3185, 0x39A5,
    0x41A5, 0x49E5, 0x3121, 0x72E7, 0xEED5, 0xFF37, 0xB4EF, 0x18A2,
    0x1147, 0x1168, 0x1188, 0x0968, 0x0968, 0x1189, 0x0906, 0x8C71,
    0xEF17, 0xF6D5, 0xACAC, 0x2080, 0x20C0, 0x3123, 0x3144, 0x3164,
    0x3965, 0x3985, 0x39A5, 0x20E1, 0x6B09, 0xEEF6, 0xEEB4, 0xF6F5,
    0x838A, 0x10C2, 0x1168, 0x0968, 0x1189, 0x0969, 0x0948, 0x00A5,
    0x4229, 0xE6D8, 0xEED7, 0x6286, 0x1020, 0x2922, 0x2923, 0x2923,
    0x3143, 0x3964, 0x3964, 0x3963, 0x20A0, 0x9C8E, 0xF737, 0xF717,
    0x9C6D, 0x18E2, 0x1126, 0x1127, 0x0927, 0x0927, 0x0927, 0x0927,
    0x0085, 0x4229, 0xDED9, 0xDE97, 0x5225, 0x1880, 0x2123, 0x2103,
    0x2923, 0x2923, 0x2923, 0x2923, 0x2923, 0x1080, 0xA4AF, 0xF718,
    0xF6F8, 0x83EC, 0x10E3, 0x1127, 0x0927, 0x0927, 0x1147, 0x0928,
    0x0948, 0x00C5, 0x528A, 0xE6B8, 0xDE56, 0x5225, 0x18A0, 0x20E2,
    0x20E2, 0x20E3, 0x20E3, 0x20E2, 0x20E2, 0x2902, 0x1040, 0x8BEC,
    0xF718, 0xEED7, 0x83AC, 0x18E3, 0x1147, 0x0969, 0x1169, 0x1169,
    0x0948, 0x0928, 0x0064, 0x52AC, 0xE6D9, 0xDE55, 0x5245, 0x18A0,
    0x20E2, 0x20C2, 0x20E2, 0x18E2, 0x20C2, 0x20C2, 0x20E2, 0x1020,
    0x7B6A, 0xEED6, 0xE675, 0x7B8B, 0x1904, 0x1168, 0x1189, 0x1189,
    0x0988, 0x0988, 0x0948, 0x1147, 0xA554, 0xEEB7, 0xE654, 0x6AC6,
    0x20C0, 0x18C2, 0x18C2, 0x18C2, 0x18C2, 0x18C2, 0x18A2, 0x20C2,
    0x1060, 0x3963, 0xD613, 0xE653, 0xDE32, 0x6B29, 0x1944, 0x0926,
    0x0926, 0x0907, 0x0906, 0x08E6, 0x0063, 0x29A6, 0xC5F5, 0xBD51,
    0x5204, 0x20E1, 0x18E2, 0x18E2, 0x18C2, 0x18C2, 0x18C2, 0x18A2,
    0x20C2, 0x1040, 0x41A4, 0xD5F3, 0xDE54, 0x944D, 0x2964, 0x1104,
    0x08E5, 0x0906, 0x0905, 0x08E5, 0x08C5, 0x0064, 0x2104, 0xB573,
    0xBD31, 0x5A45, 0x2921, 0x20E2, 0x18E3, 0x18E3, 0x18E3, 0x18E3,
    0x18C3, 0x18C3, 0x1081, 0x2902, 0xBD51, 0xDE13, 0x9C4D, 0x39A4,
    0x1924, 0x0905, 0x08E5, 0x1966, 0x7C0F, 0x0905, 0x1168, 0x1168,
    0x1987, 0xA533, 0xF759, 0xD5F3, 0x6224, 0x49A2, 0x6266, 0x838B,
    0xA4B0, 0xBD93, 0xD615, 0xDE76, 0xDE97, 0xD635, 0xCDD3, 0xF6F7,
    0xDE76, 0x41C5, 0x10C3, 0x1148, 0x11A9, 0x11AA, 0x11AA, 0x11AA,
    0x0948, 0x1946, 0xAD12, 0xFF9B, 0xDE55, 0x5A24, 0x3941, 0x5225,
    0x7309, 0x940D, 0xACF0, 0xC5B3, 0xCE15, 0xD615, 0xC5B3, 0xCDD3,
    0xFF59, 0xF719, 0x5268, 0x08A3, 0x1168, 0x11A9, 0x11C9, 0x11AA,
    0x11CA, 0x0947, 0x636D, 0xF739, 0xFF58, 0xDE33, 0x51C2, 0x3101,
    0x49C5, 0x62A8, 0x7B8C, 0x944E, 0xACF0, 0xBD72, 0xBD93, 0xB531,
    0xBD71, 0xFF17, 0xFF78, 0xC592, 0x2922, 0x1966, 0x1189, 0x1189,
    0x0989, 0x0968, 0x0927, 0x1126, 0xA4F2, 0xFFBC, 0xC592, 0x3120,
    0x3121, 0x41C5, 0x5A67, 0x732A, 0x8BCC, 0x9C4E, 0xA4B0, 0xACF1,
    0x9C6E, 0xBD71, 0xFF79, 0xDE76, 0x3164, 0x10E4, 0x1968, 0x1169,
    0x1169, 0x1168, 0x1168, 0x1147, 0x1106, 0xAD73, 0xFF9A, 0xDE34,
    0x3121, 0x20A1, 0x39A5, 0x4A27, 0x62A9, 0x734B, 0x8BEC, 0x9C4E,
    0xA4AF, 0x940C, 0xC5B1, 0xFF79, 0xDE76, 0x2102, 0x10A4, 0x1106,
    0x1106, 0x1107, 0x1127, 0x1106, 0x08E6, 0x1925, 0xBDB5, 0xFFBB,
    0xD614, 0x28E1, 0x20A1, 0x3984, 0x49E6, 0x5A68, 0x6AEA, 0x7B8C,
    0x8C0D, 0x8BED, 0x83AB, 0xD654, 0xFF99, 0xCDF4, 0x20E2, 0x10C3,
    0x1106, 0x1107, 0x0927, 0x0927, 0x1127, 0x0906, 0x2166, 0xCDF6,
    0xFF79, 0x8B8A, 0x1820, 0x3942, 0x41A5, 0x5206, 0x6288, 0x730A,
    0x836B, 0x8BCC, 0x838A, 0x8BEB, 0xE6B5, 0xFF58, 0x944E, 0x0861,
    0x1926, 0x1168, 0x1189, 0x1189, 0x1189, 0x1189, 0x1106, 0xA4F1,
    0xF717, 0xFEF5, 0x8327, 0x1840, 0x3123, 0x3984, 0x41E6, 0x5247,
    0x6288, 0x6AC8, 0x7309, 0x6266, 0x8BAA, 0xF6D5, 0xF6D4, 0xE674,
    0x4A05, 0x10E4, 0x1168, 0x0968, 0x0968, 0x0969, 0x0928, 0x00A5,
    0x4AAA, 0xEEF9, 0xE696, 0x41A3, 0x1880, 0x3123, 0x3144, 0x39A5,
    0x4A06, 0x5247, 0x5267, 0x5A87, 0x49E4, 0xA46D, 0xF717, 0xEEF7,
    0x6AE8, 0x10A2, 0x1147, 0x1147, 0x1148, 0x1148, 0x1147, 0x1147,
    0x00A5, 0x7C10, 0xF75A, 0xDE34, 0x3942, 0x20A0, 0x2923, 0x3143,
    0x3984, 0x41A5, 0x41C5, 0x49E5, 0x49E6, 0x3943, 0x83AB, 0xFF38,
    0xEEB6, 0x41C5, 0x10C3, 0x1147, 0x1147, 0x1148, 0x1148, 0x1148,
    0x0928, 0x10E5, 0xA513, 0xFF7A, 0xACCF, 0x2080, 0x20E1, 0x2103,
    0x2923, 0x3144, 0x3164, 0x3984, 0x39A4, 0x39A4, 0x2902, 0x9C6E,
    0xFF38, 0xCDF4, 0x3144, 0x1106, 0x1127, 0x1127, 0x0927, 0x0927,
    0x0927, 0x0907, 0x1104, 0xB573, 0xF717, 0x8349, 0x1840, 0x20E2,
    0x20E2, 0x2903, 0x2923, 0x2923, 0x3144, 0x3144, 0x3143, 0x3102,
    0xBD51, 0xFF38, 0xACD0, 0x18C2, 0x1127, 0x1168, 0x1168, 0x1189,
    0x0968, 0x0968, 0x08E6, 0x8450, 0xEEF7, 0xF6D5, 0x7B07, 0x1040,
    0x20E2, 0x18C2, 0x2103, 0x2103, 0x2903, 0x2903, 0x2923, 0x2102,
    0x20C1, 0xC592, 0xF6D5, 0xF6F6, 0x7B8A, 0x10A2, 0x1167, 0x0968,
    0x0968, 0x0969, 0x0948, 0x00A5, 0x3A09, 0xE6D9, 0xDE97, 0x49E4,
    0x1880, 0x20E2, 0x20E3, 0x20E3, 0x20E3, 0x2903, 0x28E2, 0x2903,
    0x18A1, 0x4A06, 0xE6B7, 0xF738, 0x9C8E, 0x18E2, 0x1106, 0x0927,
    0x0927, 0x0928, 0x0907, 0x0927, 0x0064, 0x7C10, 0xEF5B, 0xD635,
    0x41A3, 0x1881, 0x20E3, 0x20E3, 0x20E3, 0x20E3, 0x20E2, 0x20E2,
    0x2103, 0x1060, 0x5A88, 0xEEF8, 0xEEF8, 0x83ED, 0x10E3, 0x1126,
    0x0927, 0x0927, 0x0927, 0x0927, 0x1148, 0x00C5, 0x4A8A, 0xE6FA,
    0xCDF5, 0x49C4, 0x20A1, 0x18C3, 0x18C3, 0x18E2, 0x18E3, 0x20C2,
    0x18C2, 0x20C2, 0x1040, 0x5247, 0xE6B8, 0xEEF8, 0x8BED, 0x18E4,
    0x1147, 0x0969, 0x0969, 0x0969, 0x0948, 0x0928, 0x0085, 0x428B,
    0xDED9, 0xCE15, 0x41E4, 0x18A1, 0x18E3, 0x18E2, 0x18C2, 0x18C3,
    0x18C2, 0x18C2, 0x18C2, 0x1060, 0x4A06, 0xDE76, 0xE6B7, 0x83ED,
    0x1904, 0x1148, 0x1189, 0x0989, 0x0969, 0x0968, 0x0948, 0x1147,
    0xAD75, 0xEED7, 0xD613, 0x6285, 0x20E0, 0x18C1, 0x18C2, 0x18C2,
    0x18C2, 0x18C2, 0x18C2, 0x18C2, 0x1081, 0x20C2, 0xBD31, 0xE653,
    0xDE13, 0x6B08, 0x1944, 0x0926, 0x0926, 0x0906, 0x0906, 0x0906,
    0x0063, 0x2986, 0xC5F5, 0xBD51, 0x5225, 0x2902, 0x18C2, 0x18C2,
    0x18C2, 0x18C3, 0x18C3, 0x20C2, 0x20C2, 0x1060, 0x3143, 0xC572,
    0xDE54, 0x8C0D, 0x2124, 0x1105, 0x08E5, 0x08E5, 0x08E5, 0x0905,
    0x08E5, 0x0063, 0x1904, 0xB553, 0xBD31, 0x5A86, 0x3142, 0x20E2,
    0x18E2, 0x18E3, 0x18E3, 0x18E3, 0x18C2, 0x18C3, 0x1082, 0x2102,
    0xACF1, 0xD614, 0x942D, 0x31A5, 0x1924, 0x1105, 0x0905, 0x1966,
    0x73EF, 0x0905, 0x1167, 0x0968, 0x1967, 0xA533, 0xF75A, 0xBD31,
    0x51E3, 0x51C3, 0x51E5, 0x7309, 0x940E, 0xACD0, 0xBD72, 0xC5D3,
    0xC5D4, 0xBD73, 0xBD72, 0xEEF8, 0xD636, 0x3984, 0x10C4, 0x1148,
    0x11A9, 0x11A9, 0x11AA, 0x0989, 0x0928, 0x1966, 0xAD53, 0xFFBC,
    0xC593, 0x49C3, 0x4163, 0x41A4, 0x6287, 0x838B, 0x9C4E, 0xACF0,
    0xBD72, 0xBD93, 0xB531, 0xC592, 0xFF59, 0xEEF9, 0x4A27, 0x08A3,
    0x1167, 0x11A9, 0x09A9, 0x11A9, 0x11CA, 0x0968, 0x5B4C, 0xEF19,
    0xFF58, 0xC570, 0x4140, 0x3921, 0x4184, 0x5226, 0x6AE9, 0x83AC,
    0x9C4E, 0xACD0, 0xACF0, 0xA4AF, 0xB50F, 0xF717, 0xFF78, 0xBD72,
    0x2102, 0x1987, 0x1189, 0x0989, 0x0989, 0x0969, 0x0107, 0x08C5,
    0x9491, 0xFF9B, 0xACD0, 0x3100, 0x3122, 0x3964, 0x4A06, 0x62A8,
    0x734A, 0x83CC, 0x8C2E, 0x944F, 0x8BED, 0xAD10, 0xFF59, 0xE6D8,
    0x39A5, 0x10E4, 0x1968, 0x1969, 0x1169, 0x1168, 0x1148, 0x1148,
    0x1126, 0xAD73, 0xFFBB, 0xC572, 0x20C0, 0x20E2, 0x2923, 0x39A5,
    0x5227, 0x62C8, 0x7B4A, 0x83AC, 0x8BEC, 0x838A, 0xACCF, 0xFF7A,
    0xDE76, 0x2103, 0x08A4, 0x1106, 0x0906, 0x1106, 0x0906, 0x08E5,
    0x08C5, 0x2126, 0xBDD6, 0xFFDC, 0xB510, 0x2080, 0x20C1, 0x2903,
    0x3964, 0x49E6, 0x5A68, 0x62E9, 0x732A, 0x732A, 0x6AC8, 0xBD72,
    0xFF99, 0xEEF8, 0x5247, 0x0882, 0x1106, 0x0907, 0x0927, 0x0927,
    0x1127, 0x0906, 0x2166, 0xCE37, 0xF739, 0x6287, 0x1860, 0x2903,
    0x3143, 0x41A4, 0x5206, 0x5A67, 0x6288, 0x6AC8, 0x62C8, 0x6AC7,
    0xCDF3, 0xFF7A, 0x9C6E, 0x0861, 0x1926, 0x1168, 0x1189, 0x1189,
    0x11A9, 0x11A9, 0x1126, 0xA4F1, 0xFF38, 0xF6D4, 0x6265, 0x1860,
    0x2102, 0x2923, 0x3164, 0x39A5, 0x49E5, 0x5205, 0x5226, 0x49C4,
    0x6266, 0xE653, 0xF6F5, 0xE675, 0x41E5, 0x08C4, 0x0948, 0x1189,
    0x11A9, 0x11A9, 0x0948, 0x00A6, 0x4A8A, 0xEF1A, 0xD655, 0x3142,
    0x20A0, 0x28E2, 0x2903, 0x3144, 0x3964, 0x41A5, 0x41A5, 0x39C5,
    0x3163, 0x7309, 0xEED7, 0xF718, 0x6B09, 0x10A2, 0x1147, 0x1148,
    0x1148, 0x1148, 0x0947, 0x1127, 0x00A5, 0x7BEF, 0xF75B, 0xD614,
    0x3121, 0x20A1, 0x20E2, 0x2902, 0x2923, 0x2943, 0x2943, 0x2944,
    0x3164, 0x20E2, 0x62C9, 0xEEF8, 0xEEB7, 0x41E5, 0x10C4, 0x1148,
    0x0948, 0x1148, 0x1148, 0x0927, 0x0927, 0x08E5, 0x9CD2, 0xFF7B,
    0x9C6E, 0x1860, 0x20E2, 0x20E2, 0x2102, 0x28E3, 0x2903, 0x2123,
    0x2103, 0x2923, 0x18A1, 0x83AC, 0xF719, 0xCE15, 0x3164, 0x1106,
    0x1147, 0x1148, 0x0927, 0x0927, 0x0927, 0x0906, 0x2987, 0xCE16,
    0xEEF7, 0x7B28, 0x1860, 0x20E2, 0x20E2, 0x20E3, 0x20E2, 0x20E2,
    0x2102, 0x20E3, 0x20E2, 0x20A0, 0xACF0, 0xFF39, 0xACF1, 0x1904,
    0x1167, 0x0968, 0x1168, 0x1189, 0x0968, 0x0968, 0x00E5, 0x8C71,
    0xEF17, 0xEED5, 0x72C6, 0x1040, 0x20C2, 0x18C2, 0x18E2, 0x18E2,
    0x20E2, 0x20E2, 0x18C2, 0x18C2, 0x1881, 0xBD51, 0xF6F6, 0xF6F6,
    0x7B8A, 0x10C2, 0x1168, 0x0968, 0x0968, 0x0969, 0x0148, 0x00A5,
    0x3A09, 0xDEDA, 0xE698, 0x5205, 0x1860, 0x18E2, 0x18E3, 0x20E2,
    0x18E2, 0x20E2, 0x18C2, 0x18C3, 0x1081, 0x39A5, 0xDE57, 0xF739,
    0xA4D0, 0x18E3, 0x1106, 0x0927, 0x0927, 0x0927, 0x0907, 0x0907,
    0x0084, 0x9D13, 0xF75B, 0xD636, 0x41C4, 0x1881, 0x20E3, 0x18C3,
    0x20E2, 0x20E2, 0x20E2, 0x18C2, 0x18C2, 0x0840, 0x5A88, 0xEEF8,
    0xF719, 0x7BAC, 0x10C3, 0x1126, 0x0907, 0x0927, 0x0927, 0x0907,
    0x0927, 0x00A5, 0x4A8B, 0xE6FA, 0xCE36, 0x4A05, 0x18A1, 0x18E3,
    0x18E3, 0x20E3, 0x18E2, 0x20E2, 0x18C2, 0x18C2, 0x1040, 0x4A06,
    0xE6B7, 0xEF19, 0x83CD, 0x10C3, 0x1147, 0x0969, 0x0968, 0x0968,
    0x0148, 0x0928, 0x0085, 0x3A4A, 0xDEB9, 0xCE16, 0x4A26, 0x18C1,
    0x18C3, 0x18C2, 0x18E3, 0x20E3, 0x18C3, 0x18C2, 0x18C2, 0x1061,
    0x4A06, 0xDE76, 0xE6D8, 0x7BAC, 0x1104, 0x1148, 0x0989, 0x0989,
    0x0989, 0x0969, 0x0948, 0x1147, 0xA554, 0xEED7, 0xDE33, 0x6AE7,
    0x2901, 0x20C2, 0x18C2, 0x18C2, 0x18C2, 0x18C2, 0x18C2, 0x18C2,
    0x0861, 0x2923, 0xC592, 0xE653, 0xDE13, 0x6B29, 0x1944, 0x0926,
    0x0926, 0x0906, 0x0906, 0x08E6, 0x0064, 0x2966, 0xBDD5, 0xC5B3,
    0x62A7, 0x2902, 0x20E2, 0x18C2, 0x18C2, 0x18C3, 0x18C2, 0x18C2,
    0x20C2, 0x1040, 0x41C5, 0xCDB3, 0xD634, 0x83AB, 0x1903, 0x10E4,
    0x08E5, 0x08E5, 0x08E5, 0x08E5, 0x08C5, 0x0063, 0x18E4, 0xAD53,
    0xC5B3, 0x7329, 0x3963, 0x2102, 0x18C2, 0x18E2, 0x18C3, 0x18E3,
    0x18C2, 0x18C3, 0x1081, 0x3164, 0xBD72, 0xD614, 0x8C0D, 0x2964,
    0x10E4, 0x08E5, 0x08E5, 0x1966, 0x7C30, 0x0905, 0x0967, 0x0968,
    0x1147, 0x9D13, 0xF75A, 0xBD31, 0x5A04, 0x4983, 0x4183, 0x5A47,
    0x732A, 0x940D, 0xA48F, 0xACF0, 0xACF1, 0x9C8F, 0xB531, 0xF739,
    0xD636, 0x3164, 0x10C4, 0x1148, 0x1189, 0x11A9, 0x11AA, 0x11A9,
    0x0127, 0x1126, 0xA513, 0xFFBD, 0xC5B3, 0x51E4, 0x4163, 0x3943,
    0x49E5, 0x6AA7, 0x7B6A, 0x942D, 0x9C6E, 0xA48F, 0x9C4D, 0xBD51,
    0xFF7A, 0xE6D8, 0x41E6, 0x0883, 0x1147, 0x11A9, 0x09A9, 0x09A9,
    0x11CA, 0x0968, 0x5B4C, 0xEF19, 0xFF59, 0xD5D2, 0x4982, 0x3102,
    0x3123, 0x4184, 0x5226, 0x6AC8, 0x7B6A, 0x8BCB, 0x8BEC, 0x83AB,
    0xA4AE, 0xFF38, 0xFF79, 0xBD93, 0x2103, 0x1988, 0x11A9, 0x0989,
    0x0989, 0x0969, 0x0127, 0x08C5, 0x8C71, 0xFF9B, 0xBD72, 0x3921,
    0x30E1, 0x3123, 0x3984, 0x49E5, 0x5247, 0x62A9, 0x6B0A, 0x6B0A,
    0x62A8, 0xAD11, 0xFF7A, 0xEEF8, 0x41C5, 0x10C4, 0x1948, 0x1148,
    0x1148, 0x1148, 0x1148, 0x1148, 0x1925, 0xAD53, 0xFFBC, 0xC5B4,
    0x28E0, 0x20C2, 0x20E3, 0x3123, 0x3984, 0x49E5, 0x5247, 0x5A87,
    0x5A87, 0x5A46, 0xA4AF, 0xFF7A, 0xD656, 0x2103, 0x08A4, 0x1105,
    0x08E5, 0x08E6, 0x08E5, 0x0905, 0x08C5, 0x1926, 0xBDF6, 0xFFBC,
    0xACD0, 0x2080, 0x20A1, 0x20E2, 0x2903, 0x3143, 0x3984, 0x41C5,
    0x4A06, 0x49E6, 0x49C4, 0xBD51, 0xFF79, 0xFF9A, 0x7BAD, 0x0041,
    0x1106, 0x0906, 0x0927, 0x0927, 0x1127, 0x0906, 0x2166, 0xC637,
    0xF75A, 0x72E8, 0x1860, 0x2902, 0x2903, 0x3123, 0x3963, 0x4184,
    0x41C5, 0x49C5, 0x41A4, 0x5205, 0xCDD3, 0xFF7A, 0x9C6F, 0x1061,
    0x1127, 0x1168, 0x11A9, 0x1189, 0x11A9, 0x1189, 0x1126, 0xB593,
    0xFF58, 0xF6B4, 0x6265, 0x1860, 0x20E2, 0x20E3, 0x2903, 0x2923,
    0x3123, 0x3123, 0x3964, 0x2902, 0x5205, 0xE674, 0xFF16, 0xE6B6,
    0x4A26, 0x21A7, 0x4B70, 0x5BF2, 0x6413, 0x53B0, 0x19E9, 0x00A6,
    0x4A6A, 0xEF1A, 0xDE56, 0x3962, 0x18A0, 0x20E2, 0x2103, 0x2903,
    0x2903, 0x2923, 0x2923, 0x2923, 0x20C1, 0x6AE8, 0xEED7, 0xF718,
    0x6AE9, 0x10A2, 0x1147, 0x0948, 0x1148, 0x1147, 0x1147, 0x1148,
    0x00A5, 0x6B8E, 0xF73A, 0xDE34, 0x4162, 0x2080, 0x20E2, 0x20E2,
    0x2102, 0x2902, 0x2903, 0x2903, 0x2103, 0x18A1, 0x62C9, 0xEEF8,
    0xE6B7, 0x41E6, 0x10C3, 0x1148, 0x0948, 0x1168, 0x1148, 0x1127,
    0x0927, 0x08E5, 0x94B2, 0xF75A, 0xB531, 0x28C0, 0x20C1, 0x20E3,
    0x20E3, 0x20E2, 0x2103, 0x20E2, 0x20E2, 0x20E2, 0x1081, 0x942E,
    0xF739, 0xCDF5, 0x2965, 0x1106, 0x1127, 0x1147, 0x0927, 0x0927,
    0x1147, 0x00C6, 0x4A8B, 0xE6D9, 0xEEF7, 0x940C, 0x1880, 0x20E2,
    0x20C2, 0x20E2, 0x20E2, 0x20E2, 0x20E2, 0x20C2, 0x18A2, 0x20A1,
    0xB532, 0xF739, 0xACF1, 0x18E3, 0x1167, 0x1188, 0x1188, 0x1189,
    0x0968, 0x1188, 0x00E5, 0x8C71, 0xF718, 0xF6D6, 0x8389, 0x1840,
    0x20C1, 0x18C2, 0x20E3, 0x20C2, 0x20C2, 0x20C2, 0x18C2, 0x18A2,
    0x18A1, 0xC592, 0xF6D6, 0xEED6, 0x7B8B, 0x18E3, 0x1168, 0x0968,
    0x1168, 0x0969, 0x0147, 0x00A5, 0x31E8, 0xDEB9, 0xE6D8, 0x6287,
    0x1860, 0x20C2, 0x18C3, 0x20E3, 0x20E3, 0x18E3, 0x18C2, 0x18C3,
    0x0861, 0x4A47, 0xE6B8, 0xF719, 0x8C0D, 0x10C2, 0x1106, 0x0907,
    0x1127, 0x0927, 0x0927, 0x0906, 0x0084, 0x8C91, 0xEF3A, 0xE697,
    0x5A87, 0x1880, 0x18C2, 0x20C2, 0x20E3, 0x20C2, 0x20E3, 0x18C2,
    0x18E2, 0x0840, 0x734B, 0xF759, 0xF739, 0x736B, 0x0882, 0x1126,
    0x1107, 0x0927, 0x0927, 0x0907, 0x0927, 0x00C5, 0x3A49, 0xDEB9,
    0xDE77, 0x62A8, 0x18C1, 0x18C2, 0x18C2, 0x18E2, 0x18E2, 0x18E2,
    0x18C2, 0x18C2, 0x1040, 0x62C9, 0xE6D8, 0xE6D8, 0x630A, 0x08C4,
    0x1148, 0x0969, 0x0969, 0x0969, 0x0969, 0x0928, 0x00A5, 0x31E8,
    0xCE78, 0xDE98, 0x6B2A, 0x20E1, 0x18C2, 0x18C2, 0x18C2, 0x18C2,
    0x18C2, 0x18C2, 0x18C2, 0x0820, 0x62E9, 0xE6D8, 0xDEB8, 0x5AE9,
    0x10E4, 0x0947, 0x0968, 0x0989, 0x0989, 0x0988, 0x0948, 0x1147,
    0xA554, 0xE6B7, 0xEE95, 0x942B, 0x3942, 0x20C2, 0x18C2, 0x18C2,
    0x18C2, 0x18C2, 0x18C2, 0x10C2, 0x0020, 0x4A27, 0xDE55, 0xDE53,
    0xDE33, 0x6B29, 0x1924, 0x0926, 0x0906, 0x0906, 0x0906, 0x08E5,
    0x00A4, 0x10E4, 0xA513, 0xD615, 0x93EC, 0x4183, 0x2902, 0x18C2,
    0x18C2, 0x18C2, 0x18C2, 0x18C2, 0x18C2, 0x0820, 0x7B6B, 0xD614,
    0xD5F3, 0x6AE8, 0x10C2, 0x10E4, 0x08E5, 0x08E5, 0x08E5, 0x08E5,
    0x08C5, 0x0084, 0x0882, 0x9491, 0xCDF5, 0x9C8E, 0x49E4, 0x3123,
    0x20E2, 0x18C2, 0x18E3, 0x18C3, 0x18C3, 0x18E3, 0x0840, 0x62E9,
    0xD5F4, 0xD5F3, 0x734A, 0x2123, 0x10E4, 0x08E4, 0x08E5, 0x1966,
    0x7C30, 0x1125, 0x0967, 0x0968, 0x0926, 0x8C91, 0xF73A, 0xD614,
    0x6A86, 0x4983, 0x3922, 0x4183, 0x5206, 0x62A8, 0x7B4A, 0x838B,
    0x83AC, 0x7B8B, 0xB531, 0xFF5A, 0xD615, 0x2923, 0x10C4, 0x1148,
    0x11A9, 0x11A9, 0x11AA, 0x0989, 0x0127, 0x0905, 0x9491, 0xFFBC,
    0xDE97, 0x6AA7, 0x4183, 0x3122, 0x3942, 0x49A4, 0x5225, 0x62A7,
    0x72E9, 0x7309, 0x7329, 0xC592, 0xFF9B, 0xDE98, 0x31A5, 0x08A4,
    0x0947, 0x11A9, 0x0989, 0x09A9, 0x11EA, 0x0968, 0x634D, 0xF73A,
    0xFF59, 0xF6F6, 0x6AC6, 0x30E1, 0x3102, 0x3123, 0x4184, 0x49C4,
    0x5225, 0x5A45, 0x5A46, 0x5A45, 0xBD51, 0xFF79, 0xFF79, 0xBD73,
    0x18E2, 0x1167, 0x11A9, 0x1189, 0x0989, 0x0968, 0x0927, 0x08C4,
    0x8C50, 0xFF9B, 0xDE76, 0x5204, 0x30E1, 0x3102, 0x3123, 0x3144,
    0x3964, 0x4184, 0x41C5, 0x39A5, 0x49E5, 0xC5B3, 0xFF7B, 0xE6B7,
    0x3984, 0x10E4, 0x1147, 0x1148, 0x1147, 0x1147, 0x1127, 0x1127,
    0x1905, 0x94B1, 0xFF7C, 0xE677, 0x41C3, 0x20A1, 0x20C2, 0x20E2,
    0x2903, 0x3123, 0x3143, 0x3964, 0x3964, 0x41A4, 0xB531, 0xFF9A,
    0xD635, 0x20E3, 0x10A4, 0x08E5, 0x10E5, 0x08E6, 0x08E5, 0x08E5,
    0x08C5, 0x18E5, 0xBDB5, 0xFFBC, 0xC5B3, 0x3101, 0x18A1, 0x18C2,
    0x20E2, 0x20E2, 0x2903, 0x2903, 0x3123, 0x2902, 0x4183, 0xD634,
    0xFF99, 0xFF7A, 0x736C, 0x0021, 0x1106, 0x1106, 0x0926, 0x1127,
    0x1127, 0x1107, 0x1925, 0xBDB6, 0xFFBC, 0x942D, 0x1860, 0x20E2,
    0x20E3, 0x2903, 0x2903, 0x2923, 0x2923, 0x3123, 0x20C2, 0x5A46,
    0xE675, 0xFF7A, 0xA4D0, 0x1081, 0x1126, 0x1168, 0x11A9, 0x11A9,
    0x11A9, 0x1189, 0x1946, 0xBDB4, 0xFF78, 0xFF16, 0x8348, 0x1840,
    0x20C2, 0x20C2, 0x2103, 0x2903, 0x2902, 0x2902, 0x2923, 0x1881,
    0x6AC8, 0xF6F7, 0xF6F7, 0xE6B7, 0x5AA9, 0x3A4B, 0x3AAD, 0x19C9,
    0x19A9, 0x19A9, 0x1147, 0x08C6, 0x4208, 0xE6D9, 0xEEF9, 0x5A66,
    0x1860, 0x20E2, 0x20E2, 0x2102, 0x2103, 0x2903, 0x2903, 0x2903,
    0x18A1, 0x8BEC, 0xF718, 0xE696, 0x4A06, 0x10A3, 0x1147, 0x1127,
    0x1147, 0x0947, 0x0927, 0x1147, 0x08C5, 0x5AEB, 0xEEF9, 0xEED6,
    0x72E7, 0x1840, 0x20E2, 0x20E2, 0x20E2, 0x20E2, 0x2103, 0x2103,
    0x20E2, 0x1881, 0x944F, 0xF739, 0xCE15, 0x2944, 0x10E4, 0x1127,
    0x0947, 0x1168, 0x1148, 0x1147, 0x0948, 0x0906, 0x9CF3, 0xEF19,
    0xE655, 0x5204, 0x1860, 0x20E2, 0x20E2, 0x20E2, 0x20E2, 0x20E2,
    0x20E3, 0x18A2, 0x2923, 0xC593, 0xF718, 0xAD11, 0x18E3, 0x1926,
    0x1127, 0x1148, 0x1148, 0x0948, 0x1148, 0x00C6, 0x3A09, 0xD698,
    0xEED7, 0xCD92, 0x3142, 0x1880, 0x20C3, 0x20E2, 0x20E2, 0x20E2,
    0x20C2, 0x20E3, 0x1040, 0x41C5, 0xD635, 0xF718, 0x8C2E, 0x10A2,
    0x1147, 0x1189, 0x11A9, 0x1189, 0x1168, 0x1188, 0x00E5, 0x8C91,
    0xF718, 0xF6D6, 0xBD0E, 0x28E0, 0x1880, 0x18C2, 0x18C3, 0x20E2,
    0x18C1, 0x18C1, 0x20C2, 0x0840, 0x4A06, 0xE6B6, 0xEED5, 0xF717,
    0x8BCC, 0x1903, 0x1188, 0x0968, 0x0989, 0x1189, 0x0927, 0x00A5,
    0x29C8, 0xD698, 0xEF3A, 0xA4AF, 0x20A0, 0x18A1, 0x18C2, 0x18C2,
    0x18C2, 0x18C2, 0x18C2, 0x18C2, 0x0840, 0x8C2F, 0xF73A, 0xEED8,
    0x5A87, 0x10A2, 0x1106, 0x1107, 0x0926, 0x1127, 0x0907, 0x0927,
    0x00A4, 0x634D, 0xE6FA, 0xEEF9, 0xA4AF, 0x20E1, 0x18C2, 0x18C2,
    0x18C3, 0x18C3, 0x18E2, 0x18C2, 0x18A1, 0x1081, 0xB553, 0xFF7A,
    0xE6D8, 0x4A47, 0x08A3, 0x1106, 0x1107, 0x0927, 0x0927, 0x0907,
    0x0907, 0x08E6, 0x2186, 0xBDF7, 0xE6D9, 0xA4AF, 0x3143, 0x18C1,
    0x18C2, 0x18C2, 0x18C2, 0x18C2, 0x18C2, 0x1081, 0x1880, 0xA4F1,
    0xEEF9, 0xD615, 0x39C6, 0x10E4, 0x0948, 0x0969, 0x0989, 0x0989,
    0x0989, 0x0948, 0x00E6, 0x1105, 0xAD75, 0xE6DA, 0xBD72, 0x4205,
    0x18C1, 0x18C2, 0x18C2, 0x18C2, 0x18C2, 0x18C2, 0x0840, 0x20E2,
    0xB573, 0xEEF9, 0xC5F5, 0x39C5, 0x08E4, 0x0947, 0x0968, 0x0969,
    0x0989, 0x0968, 0x0948, 0x1147, 0xA553, 0xE6B6, 0xEE95, 0xD613,
    0x7308, 0x3122, 0x20C1, 0x18C1, 0x18A2, 0x18A2, 0x18A2, 0x0840,
    0x20E2, 0xACF1, 0xE676, 0xDE54, 0xDE33, 0x6309, 0x1944, 0x0926,
    0x0926, 0x0926, 0x0906, 0x08E5, 0x08C5, 0x0042, 0x736D, 0xD615,
    0xC5B2, 0x836A, 0x3963, 0x20E2, 0x18C2, 0x18A2, 0x18A2, 0x18A2,
    0x0840, 0x41E5, 0xC592, 0xDE55, 0xBD51, 0x39A4, 0x10A2, 0x10C4,
    0x08E5, 0x08E5, 0x08E5, 0x0905, 0x08E5, 0x08C5, 0x0042, 0x5AEB,
    0xCDF5, 0xC593, 0x838B, 0x41A4, 0x2902, 0x18E2, 0x18C2, 0x18C2,
    0x18C2, 0x1081, 0x39A5, 0xB532, 0xDE35, 0xBD51, 0x41E5, 0x10C2,
    0x10E4, 0x08E4, 0x08E4, 0x1946, 0x73CF, 0x0926, 0x1167, 0x1188,
    0x0926, 0x6B8D, 0xEF19, 0xF6F7, 0x9C0B, 0x51C3, 0x4163, 0x3102,
    0x3943, 0x4163, 0x4983, 0x49C4, 0x49E5, 0x7B6A, 0xE696, 0xFF9A,
    0xBD73, 0x18C1, 0x10E5, 0x1148, 0x11A9, 0x11AA, 0x11AA, 0x0989,
    0x0947, 0x1106, 0x6B6D, 0xF75A, 0xFF7A, 0xACCF, 0x49C3, 0x3942,
    0x30E1, 0x3922, 0x3963, 0x4183, 0x4183, 0x4162, 0x7B29, 0xEED7,
    0xFFBB, 0xBD73, 0x18C2, 0x10E5, 0x1148, 0x11A9, 0x09A9, 0x11A9,
    0x11EA, 0x1188, 0x638D, 0xF75A, 0xFF38, 0xFF79, 0xBD30, 0x3941,
    0x3101, 0x3102, 0x3102, 0x3943, 0x4163, 0x3942, 0x30E0, 0x7308,
    0xF6F7, 0xFF58, 0xFF99, 0xBD93, 0x1903, 0x1168, 0x1189, 0x0989,
    0x09A9, 0x0989, 0x0127, 0x00A4, 0x6B4D, 0xEF5A, 0xFF5A, 0xA48E,
    0x3100, 0x2901, 0x28E2, 0x2903, 0x3102, 0x3123, 0x3123, 0x20C1,
    0x7B6A, 0xEEF8, 0xFF9B, 0xC5B4, 0x18C2, 0x1925, 0x1127, 0x1127,
    0x1147, 0x1127, 0x1127, 0x1107, 0x08A3, 0x738D, 0xF75B, 0xFF5A,
    0x8BEC, 0x2080, 0x20C2, 0x20C2, 0x20E2, 0x20E2, 0x2903, 0x2903,
    0x20A0, 0x5A67, 0xDE75, 0xFF9A, 0xB532, 0x1061, 0x10C4, 0x08E5,
    0x10E5, 0x10E5, 0x08E5, 0x08E5, 0x10E5, 0x0882, 0x8C70, 0xFFBB,
    0xEEF8, 0x62E8, 0x1060, 0x18C2, 0x18C2, 0x20E2, 0x20E2, 0x20C3,
    0x20E3, 0x1060, 0x6AE9, 0xFF39, 0xFF79, 0xEEF8, 0x4A26, 0x0862,
    0x10E5, 0x08E6, 0x1127, 0x1127, 0x1107, 0x1127, 0x08A4, 0x9491,
    0xFFBC, 0xD5F4, 0x3942, 0x1880, 0x20E2, 0x20E3, 0x20E3, 0x2103,
    0x2923, 0x2103, 0x20C1, 0x9C6F, 0xF718, 0xFF59, 0xB552, 0x10A1,
    0x1106, 0x1168, 0x11A9, 0x1189, 0x1189, 0x1189, 0x1146, 0xB5B4,
    0xFF58, 0xFF15, 0xC570, 0x3921, 0x1881, 0x20E2, 0x20E2, 0x20E2,
    0x2102, 0x2923, 0x18C1, 0x20C1, 0xB511, 0xF717, 0xEED6, 0xE6B7,
    0x4A47, 0x08A5, 0x00C6, 0x0926, 0x1148, 0x00E6, 0x0906, 0x10E6,
    0x2125, 0xC5F5, 0xFF5A, 0xB531, 0x2901, 0x1880, 0x20E2, 0x20E2,
    0x20E3, 0x20E2, 0x2902, 0x1860, 0x39A5, 0xD615, 0xF738, 0xBD71,
    0x20E2, 0x1904, 0x1127, 0x1127, 0x1127, 0x0927, 0x0927, 0x1147,
    0x08E5, 0x31C7, 0xDE77, 0xFF17, 0xCDB2, 0x3942, 0x1860, 0x20C2,
    0x20E2, 0x20E3, 0x2103, 0x20E3, 0x1040, 0x5AA9, 0xDE97, 0xF73A,
    0xA4D0, 0x10A2, 0x1126, 0x1127, 0x0947, 0x1148, 0x1148, 0x1148,
    0x0948, 0x0906, 0x9CD2, 0xEEF8, 0xF6D6, 0xB4CE, 0x28E0, 0x1880,
    0x20C2, 0x20C2, 0x20E3, 0x18E2, 0x1082, 0x1081, 0x942E, 0xEEB7,
    0xEED7, 0x7B8B, 0x10A2, 0x1126, 0x0907, 0x1147, 0x1148, 0x0928,
    0x1148, 0x0907, 0x10E4, 0xB574, 0xEEF8, 0xEEB7, 0x940D, 0x20A0,
    0x1881, 0x18C2, 0x18C2, 0x20C2, 0x18C2, 0x1060, 0x20C1, 0xACF0,
    0xEED7, 0xEEB7, 0x5A87, 0x10A2, 0x1147, 0x11A9, 0x11A9, 0x1189,
    0x1168, 0x1188, 0x00E5, 0x8C91, 0xF718, 0xEEB5, 0xEEB4, 0x8BAA,
    0x1880, 0x1881, 0x18A2, 0x18C2, 0x18C1, 0x18C2, 0x1061, 0x18A1,
    0xB511, 0xFF37, 0xF6D5, 0xFF37, 0x83CC, 0x1903, 0x1188, 0x1188,
    0x0989, 0x0989, 0x0947, 0x00C5, 0x1967, 0xCE38, 0xF73A, 0xE6B7,
    0x6AE8, 0x1880, 0x10A1, 0x18C2, 0x18C2, 0x18C2, 0x18A2, 0x0820,
    0x5247, 0xDE77, 0xF75A, 0xC5D4, 0x2902, 0x10E4, 0x1106, 0x0906,
    0x1106, 0x0907, 0x08E6, 0x1127, 0x1106, 0x29C7, 0xC5F6, 0xEF19,
    0xE6B7, 0x7B8A, 0x18C1, 0x1881, 0x18A2, 0x18A2, 0x18A2, 0x1081,
    0x0840, 0x7B6B, 0xEEF9, 0xF75A, 0xACF1, 0x18A1, 0x1104, 0x1106,
    0x0907, 0x0907, 0x0927, 0x0927, 0x0927, 0x0906, 0x08C4, 0x8430,
    0xEF1A, 0xDEB7, 0x8C0D, 0x3162, 0x18A1, 0x1081, 0x1081, 0x1081,
    0x1061, 0x18A1, 0x83AC, 0xE6B7, 0xEF19, 0x946F, 0x18E3, 0x1105,
    0x0948, 0x0969, 0x0969, 0x0989, 0x0989, 0x0948, 0x0927, 0x0084,
    0x634D, 0xE6FA, 0xE6D8, 0xB531, 0x5247, 0x2902, 0x18A1, 0x1881,
    0x1860, 0x1080, 0x3184, 0xA4D1, 0xE6D8, 0xEEF9, 0x8BED, 0x18C2,
    0x1105, 0x0968, 0x0968, 0x0989, 0x0989, 0x0968, 0x0948, 0x1126,
    0xA533, 0xE696, 0xEE94, 0xF6F5, 0xD633, 0x7B8A, 0x39A3, 0x20E1,
    0x1881, 0x1881, 0x18C1, 0x41C5, 0xA4AF, 0xE695, 0xE654, 0xE654,
    0xDE33, 0x6B09, 0x1124, 0x0926, 0x0926, 0x0926, 0x0906, 0x08E6,
    0x08E5, 0x0063, 0x2965, 0xBD73, 0xD635, 0xCDB3, 0x8BCC, 0x5226,
    0x3163, 0x2902, 0x20E2, 0x3143, 0x62E9, 0xBD93, 0xD635, 0xDE35,
    0x6B09, 0x10A1, 0x08C3, 0x08C4, 0x08E5, 0x08E5, 0x08E5, 0x08E5,
    0x08E5, 0x08C5, 0x0083, 0x10E3, 0xA4F2, 0xD636, 0xC593, 0x940D,
    0x5A87, 0x39A4, 0x3143, 0x3143, 0x3164, 0x5A88, 0xACF1, 0xD635,
    0xD615, 0x7329, 0x18C1, 0x10E3, 0x08C4, 0x08C4, 0x08E4, 0x1946,
    0x73EF, 0x0926, 0x1168, 0x1168, 0x0926, 0x4AAA, 0xE6B7, 0xFF38,
    0xEED5, 0x9C0B, 0x51C3, 0x3921, 0x28E1, 0x30E1, 0x30E1, 0x3102,
    0x6AE8, 0xD635, 0xFF59, 0xFF7A, 0xAD32, 0x1081, 0x1106, 0x1168,
    0x11A9, 0x11A9, 0x11CA, 0x11A9, 0x0968, 0x1126, 0x2986, 0xC616,
    0xFFBB, 0xF718, 0x940B, 0x49A2, 0x3101, 0x28C1, 0x28E1, 0x28E0,
    0x3101, 0x6286, 0xD5F3, 0xFF79, 0xFF7A, 0x734A, 0x0861, 0x1926,
    0x1168, 0x11A9, 0x09A9, 0x0989, 0x11C9, 0x1188, 0x6BAE, 0xF75A,
    0xFF59, 0xFF58, 0xFF58, 0xA44D, 0x3942, 0x28C1, 0x20C1, 0x28C1,
    0x28C1, 0x28C1, 0x5A25, 0xD613, 0xFF99, 0xFF38, 0xFF99, 0xBDB3,
    0x1903, 0x1188, 0x0989, 0x09AA, 0x09A9, 0x0989, 0x0948, 0x00C5,
    0x2965, 0xC616, 0xFFBC, 0xF739, 0x940C, 0x3141, 0x20A1, 0x18A1,
    0x20A1, 0x20A1, 0x28E2, 0x732A, 0xE697, 0xFF9A, 0xFF9B, 0x736B,
    0x1061, 0x1946, 0x1127, 0x1147, 0x1127, 0x1127, 0x1127, 0x1107,
    0x08C4, 0x31A6, 0xD657, 0xFF7B, 0xE6B7, 0x62A7, 0x2080, 0x1880,
    0x1881, 0x18A2, 0x20A2, 0x1880, 0x41A4, 0xC5B3, 0xFF59, 0xEEF8,
    0x5A87, 0x0841, 0x10C5, 0x08E5, 0x08E5, 0x10E5, 0x08E5, 0x08E5,
    0x10E5, 0x08A3, 0x39E6, 0xDEB8, 0xFF7B, 0xCDF4, 0x41E4, 0x1060,
    0x1881, 0x18A1, 0x18A1, 0x18A1, 0x1040, 0x41C5, 0xCDF4, 0xFF59,
    0xFF9A, 0xACF1, 0x10A1, 0x1904, 0x08E5, 0x0906, 0x0927, 0x1127,
    0x1127, 0x1127, 0x08C5, 0x4228, 0xE6D8, 0xFF5A, 0xACCF, 0x2901,
    0x1880, 0x18A1, 0x20C2, 0x18C2, 0x18A1, 0x1880, 0x7B6B, 0xEED7,
    0xEF17, 0xF739, 0x8C0D, 0x1081, 0x1926, 0x1168, 0x11A9, 0x1189,
    0x11A9, 0x11A8, 0x1126, 0xB573, 0xF758, 0xF6D4, 0xFEF4, 0xAC8C,
    0x3141, 0x1880, 0x1881, 0x1882, 0x1882, 0x1060, 0x20C1, 0x940C,
    0xF717, 0xF6F6, 0xF6F6, 0xDE55, 0x3164, 0x08A4, 0x0927, 0x2A0A,
    0x42CD, 0x1188, 0x00E6, 0x1127, 0x08A3, 0x7BCE, 0xEF3A, 0xEF18,
    0xA4AF, 0x3122, 0x1860, 0x1880, 0x1881, 0x1881, 0x1860, 0x41A4,
    0xBD52, 0xF718, 0xF739, 0x732A, 0x0881, 0x1926, 0x0907, 0x1127,
    0x0927, 0x0927, 0x0927, 0x0927, 0x1147, 0x08C4, 0x9470, 0xF739,
    0xF6F7, 0xBD30, 0x49A3, 0x2080, 0x1880, 0x1060, 0x1060, 0x18A1,
    0x62A9, 0xD657, 0xF739, 0xEEF9, 0x5268, 0x10C3, 0x1927, 0x1147,
    0x1148, 0x1148, 0x1148, 0x1148, 0x1168, 0x00E5, 0x52CB, 0xE6D8,
    0xEED6, 0xF6D5, 0xACCE, 0x49C3, 0x18A0, 0x1061, 0x1061, 0x1060,
    0x3143, 0x9C6F, 0xE6B6, 0xF6F7, 0xD614, 0x3164, 0x10E4, 0x1126,
    0x0907, 0x1127, 0x1148, 0x1148, 0x1127, 0x1127, 0x08E5, 0x632C,
    0xEF19, 0xEED7, 0xEED7, 0x9C4E, 0x39A3, 0x20A1, 0x1860, 0x1060,
    0x1881, 0x39A5, 0xA4D0, 0xEED7, 0xFF38, 0xB510, 0x20C1, 0x10E4,
    0x1147, 0x11A9, 0x11A9, 0x1189, 0x0988, 0x1189, 0x0106, 0x8430,
    0xF739, 0xEEB5, 0xF6F5, 0xF6D5, 0x93EB, 0x3121, 0x1860, 0x1060,
    0x1060, 0x1060, 0x3964, 0xA4B0, 0xF717, 0xFEF5, 0xF6D5, 0xFF37,
    0x7BAB, 0x1903, 0x1188, 0x1188, 0x0989, 0x0969, 0x0928, 0x0907,
    0x0084, 0x73AD, 0xF73A, 0xF6F8, 0xE696, 0x83CB, 0x3983, 0x20C2,
    0x1881, 0x1881, 0x20E2, 0x62E9, 0xD636, 0xF739, 0xE6D8, 0x62C9,
    0x1081, 0x1105, 0x0906, 0x0906, 0x0906, 0x08E6, 0x0906, 0x21C9,
    0x532E, 0x636E, 0x9CF2, 0xE6F9, 0xEEF9, 0xDE97, 0x8C0D, 0x41E5,
    0x2923, 0x28E2, 0x2903, 0x3984, 0x942E, 0xE6D8, 0xF73A, 0xDE97,
    0x41C5, 0x1082, 0x1105, 0x0906, 0x0906, 0x0907, 0x0927, 0x0927,
    0x0907, 0x1127, 0x08E5, 0x2166, 0xC5F6, 0xEF3A, 0xE6D7, 0xB531,
    0x732A, 0x4206, 0x39A5, 0x39C5, 0x62EA, 0xAD32, 0xE6B7, 0xF719,
    0xC5F5, 0x31A5, 0x10C3, 0x1126, 0x0968, 0x0969, 0x0989, 0x0989,
    0x0989, 0x0969, 0x0928, 0x00E6, 0x10E5, 0xAD74, 0xEF1A, 0xE6B8,
    0xD635, 0x9C8F, 0x7B6B, 0x6AE9, 0x6B0A, 0x944F, 0xCE36, 0xEED8,
    0xF719, 0xAD11, 0x2943, 0x10E4, 0x1126, 0x0968, 0x0969, 0x0989,
    0x0989, 0x0989, 0x0969, 0x0926, 0x94B1, 0xE6B6, 0xEE94, 0xF6D5,
    0xF6F6, 0xE695, 0xB531, 0x942C, 0x83AB, 0x8BEC, 0xACCF, 0xDE34,
    0xEEB5, 0xE674, 0xE673, 0xE674, 0xD5F3, 0x5247, 0x1104, 0x0926,
    0x0926, 0x0926, 0x0906, 0x0906, 0x08E5, 0x08C5, 0x0041, 0x5268,
    0xCDF4, 0xDE55, 0xD634, 0xC592, 0xA4AF, 0x9C6E, 0x9C8F, 0xB552,
    0xD635, 0xDE76, 0xD635, 0x7BAB, 0x18C1, 0x10A3, 0x08C4, 0x08C5,
    0x08E5, 0x0905, 0x08E5, 0x08E5, 0x08E5, 0x08C5, 0x08C4, 0x0042,
    0x31A6, 0xB573, 0xD635, 0xD614, 0xC592, 0xACCF, 0x9C6E, 0xA48F,
    0xB532, 0xCDF4, 0xDE56, 0xD615, 0x736B, 0x18C1, 0x10C2, 0x10E4,
    0x08C5, 0x08C5, 0x08E5, 0x1946, 0x6BCF, 0x1126, 0x1188, 0x0968,
    0x1147, 0x2187, 0xBDB4, 0xFF9B, 0xFF59, 0xFF37, 0xC550, 0x8369,
    0x5A25, 0x5205, 0x6AC7, 0x9C6E, 0xEED7, 0xFF9A, 0xFF39, 0xFF5A,
    0x738C, 0x1082, 0x1147, 0x1188, 0x11AA, 0x11CA, 0x11CA, 0x11CA,
    0x11A9, 0x0926, 0x08E4, 0x630B, 0xEF19, 0xFF79, 0xFF17, 0xBD2F,
    0x838A, 0x6286, 0x5A45, 0x6AC8, 0xA44D, 0xEEB5, 0xFF79, 0xFF7A,
    0xCDF4, 0x2102, 0x10C3, 0x0926, 0x1188, 0x11A9, 0x09A9, 0x0989,
    0x09A9, 0x1168, 0x530C, 0xEF3A, 0xFF78, 0xFF37, 0xFF78, 0xFF58,
    0xBD50, 0x72E8, 0x49E4, 0x49A3, 0x5A25, 0x8BEB, 0xE675, 0xFF78,
    0xFF78, 0xFF58, 0xFF99, 0xBD72, 0x1903, 0x1988, 0x1189, 0x11AA,
    0x09AA, 0x09AA, 0x0969, 0x0927, 0x00A4, 0x5B0A, 0xEF5B, 0xFF9B,
    0xF739, 0xBD72, 0x7329, 0x5225, 0x5225, 0x6AE9, 0xB531, 0xF739,
    0xFF9A, 0xFFBB, 0xBD73, 0x20E3, 0x1905, 0x1126, 0x1127, 0x1127,
    0x0927, 0x1127, 0x0926, 0x0906, 0x1105, 0x0882, 0x632B, 0xEF1A,
    0xFF5A, 0xDE96, 0x83CC, 0x49E5, 0x2902, 0x28E1, 0x3143, 0x6AE9,
    0xCDF4, 0xFF59, 0xFF5A, 0x940E, 0x1040, 0x10A3, 0x10C4, 0x08C4,
    0x08C4, 0x08C5, 0x08E5, 0x08C5, 0x08E5, 0x10E4, 0x0861, 0x7BCD,
    0xF75B, 0xF739, 0xD634, 0x7329, 0x3164, 0x20C1, 0x18A1, 0x2902,
    0x6AC9, 0xD636, 0xFF7A, 0xFF7A, 0xEEF8, 0x736B, 0x4228, 0x3209,
    0x1106, 0x00C6, 0x0927, 0x1127, 0x1128, 0x1127, 0x1127, 0x08A3,
    0x83EE, 0xFF5A, 0xFF39, 0xBD51, 0x6287, 0x3943, 0x20E1, 0x20E2,
    0x41C5, 0x942E, 0xEEB7, 0xF718, 0xFF59, 0xD635, 0x3163, 0x10A2,
    0x1947, 0x1189, 0x0988, 0x0988, 0x0988, 0x0988, 0x0905, 0x9CB1,
    0xFF58, 0xF6D4, 0xFEF4, 0xFF15, 0xC590, 0x72E7, 0x41A4, 0x3123,
    0x3963, 0x62A8, 0xBD52, 0xF716, 0xFF16, 0xF6F5, 0xFF17, 0xCDB3,
    0x2102, 0x1926, 0x1148, 0x00C5, 0x0106, 0x1148, 0x0906, 0x1127,
    0x1106, 0x2145, 0xB594, 0xF77B, 0xF739, 0xCDD4, 0x7B6B, 0x5205,
    0x41A4, 0x5206, 0x8BCC, 0xD635, 0xF739, 0xFF7A, 0xAD12, 0x18C2,
    0x1105, 0x1106, 0x0907, 0x0907, 0x0906, 0x0927, 0x0927, 0x0927,
    0x0947, 0x08E6, 0x2145, 0xC5D5, 0xF739, 0xF718, 0xDE54, 0xA46E,
    0x7309, 0x62C7, 0x7B6A, 0xAD11, 0xE6D8, 0xF739, 0xF739, 0x8C0E,
    0x18C2, 0x1926, 0x1127, 0x1147, 0x1148, 0x1148, 0x1148, 0x1148,
    0x1168, 0x1147, 0x10E4, 0x8C50, 0xF739, 0xF6F6, 0xF6F6, 0xDE54,
    0xACAE, 0x7B4A, 0x7B49, 0x9C6D, 0xD614, 0xF717, 0xF717, 0xEEB7,
    0x62A8, 0x10A3, 0x1947, 0x0927, 0x1127, 0x0927, 0x0927, 0x1148,
    0x0927, 0x0927, 0x1167, 0x1924, 0x9CD1, 0xF739, 0xEEF7, 0xEEF7,
    0xD614, 0xACAF, 0x8BEC, 0x8BEC, 0xA4B0, 0xDE56, 0xEEF8, 0xFF39,
    0xCDF4, 0x39A4, 0x10A2, 0x10E5, 0x0947, 0x0989, 0x11A9, 0x11A9,
    0x09A9, 0x1189, 0x0105, 0x5B2C, 0xEEF8, 0xEE94, 0xF6D4, 0xFF15,
    0xF6F6, 0xCDD2, 0x9C6E, 0x838A, 0x83AB, 0xA4AF, 0xDE75, 0xFF57,
    0xF6F5, 0xF6B4, 0xFED4, 0xEEB6, 0x5266, 0x1104, 0x1188, 0x0968,
    0x0968, 0x0969, 0x0927, 0x0907, 0x0906, 0x1103, 0x9CD1, 0xFF5A,
    0xFF39, 0xF739, 0xD635, 0xA4B0, 0x8BED, 0x9C8F, 0xBDB3, 0xEEF9,
    0xF75A, 0xEED9, 0x7B6B, 0x1061, 0x10E4, 0x10E5, 0x0906, 0x0906,
    0x08E6, 0x0906, 0x1127, 0x1988, 0x21E9, 0x29E8, 0x3A08, 0x842F,
    0xDE98, 0xF73A, 0xEF19, 0xDE76, 0xBD93, 0xB531, 0xC593, 0xDE76,
    0xFF5A, 0xF77A, 0xDE77, 0x5288, 0x0881, 0x1104, 0x08E5, 0x0906,
    0x0906, 0x0906, 0x0907, 0x0927, 0x0907, 0x0907, 0x0927, 0x08A4,
    0x3A08, 0xCE57, 0xF77B, 0xF73A, 0xEEF9, 0xDE97, 0xD636, 0xDE77,
    0xEF1A, 0xF77A, 0xF739, 0xC5D4, 0x4206, 0x10C3, 0x1106, 0x0947,
    0x0969, 0x0989, 0x0989, 0x0989, 0x0989, 0x0989, 0x0948, 0x0927,
    0x00A5, 0x2146, 0xAD53, 0xEF19, 0xF739, 0xF739, 0xEF18, 0xEED8,
    0xEF19, 0xF73A, 0xF739, 0xE6F8, 0x946F, 0x2102, 0x10C3, 0x1126,
    0x0948, 0x0969, 0x0989, 0x0989, 0x0989, 0x0969, 0x0989, 0x0127,
    0x4AAA, 0xDE96, 0xEEB6, 0xEE95, 0xEEB5, 0xEEB6, 0xEEF7, 0xF6F7,
    0xEEF7, 0xF6F7, 0xF6F6, 0xEEB5, 0xE674, 0xE694, 0xE674, 0xE6B5,
    0x942D, 0x2103, 0x1105, 0x0926, 0x0926, 0x0906, 0x0907, 0x0906,
    0x08E5, 0x08C5, 0x08A4, 0x0041, 0x4A27, 0xAD11, 0xDE76, 0xE6B7,
    0xE696, 0xE696, 0xE6B7, 0xE6B7, 0xDE76, 0xBD93, 0x62E9, 0x1081,
    0x0882, 0x08C4, 0x08C5, 0x08E5, 0x08E5, 0x08E5, 0x0905, 0x08E5,
    0x0905, 0x08E5, 0x08C5, 0x08C4, 0x0042, 0x2124, 0x8C2F, 0xC5D4,
    0xDE35, 0xDE76, 0xE696, 0xDE96, 0xDE77, 0xD615, 0xACF0, 0x5266,
    0x1080, 0x10A2, 0x08C4, 0x08C4, 0x08C4, 0x08C5, 0x08C4, 0x1946,
    0x6BCF, 0x0926, 0x11A9, 0x11A9, 0x1189, 0x0906, 0x4269, 0xD677,
    0xFFBB, 0xFF58, 0xFF78, 0xFF17, 0xE695, 0xE696, 0xF718, 0xFF99,
    0xFF7A, 0xFF7A, 0xFF7A, 0x9CB0, 0x10C2, 0x10E5, 0x1148, 0x1189,
    0x11CA, 0x11EA, 0x11EB, 0x11EA, 0x11CA, 0x0967, 0x0926, 0x1904,
    0xAD12, 0xFFBA, 0xFF58, 0xFF99, 0xFF58, 0xF6F7, 0xF6F7, 0xFF38,
    0xFF99, 0xFF79, 0xFF79, 0xFF9A, 0x6AE9, 0x0840, 0x1946, 0x19A8,
    0x11A9, 0x11A9, 0x09A9, 0x0989, 0x0989, 0x1189, 0x29E8, 0xC616,
    0xFFBA, 0xFF37, 0xFF78, 0xFF78, 0xFF99, 0xFF38, 0xEEB6, 0xE696,
    0xF6F7, 0xFF99, 0xFF99, 0xFF78, 0xFF77, 0xFF58, 0xFFBA, 0x942D,
    0x10C3, 0x19A9, 0x11A9, 0x11A9, 0x09AA, 0x09AA, 0x11A9, 0x0947,
    0x0906, 0x08C4, 0x6B8D, 0xEF3B, 0xFFBB, 0xFF9A, 0xFF59, 0xF718,
    0xF718, 0xFF79, 0xFFBB, 0xFFBB, 0xFFDB, 0xCDF5, 0x3184, 0x10C3,
    0x1127, 0x1127, 0x1127, 0x0907, 0x0907, 0x0906, 0x0906, 0x08E5,
    0x08C5, 0x08C3, 0x1082, 0x7BCE, 0xEF1A, 0xFF7B, 0xF759, 0xE697,
    0xCDB3, 0xC572, 0xD614, 0xF718, 0xFF7A, 0xF739, 0xA48F, 0x18A1,
    0x1061, 0x10A3, 0x08A4, 0x08A4, 0x08A4, 0x08A4, 0x08C4, 0x08A4,
    0x08A4, 0x08A4, 0x08A2, 0x10A2, 0x842F, 0xEF3A, 0xFF7A, 0xF719,
    0xD615, 0xBD52, 0xBD52, 0xCDF4, 0xF739, 0xFF9B, 0xFF7B, 0xEEF9,
    0xAD11, 0x738D, 0x7C30, 0x7431, 0x4AED, 0x0906, 0x00C5, 0x0907,
    0x0927, 0x1107, 0x1127, 0x1106, 0x10E3, 0x8C4F, 0xF73A, 0xFF9A,
    0xEEF7, 0xCDF4, 0xBD51, 0xC592, 0xE676, 0xF718, 0xF6F7, 0xFF38,
    0xD635, 0x5268, 0x10C2, 0x1905, 0x1127, 0x21EA, 0x2A6C, 0x224B,
    0x224B, 0x222A, 0x21A7, 0x7BCE, 0xF718, 0xFF16, 0xFEF4, 0xFEF5,
    0xFF37, 0xFF16, 0xE674, 0xD613, 0xE654, 0xFF17, 0xFF57, 0xFF16,
    0xFEF5, 0xFF15, 0xF6F7, 0x6AE9, 0x20E2, 0x1926, 0x1169, 0x1147,
    0x1167, 0x21EA, 0x1168, 0x0927, 0x1147, 0x08E5, 0x2966, 0xAD74,
    0xF75B, 0xFF7B, 0xFF59, 0xE6D7, 0xE696, 0xEEF7, 0xFF79, 0xFF9A,
    0xFF7B, 0xB552, 0x2923, 0x10E4, 0x1126, 0x0907, 0x0907, 0x1127,
    0x0927, 0x0106, 0x0927, 0x0927, 0x0927, 0x1148, 0x08C5, 0x31A6,
    0xC5F5, 0xFF5A, 0xFF59, 0xFF58, 0xFF38, 0xFF38, 0xFF59, 0xFF7A,
    0xFF5A, 0xEEF8, 0x83CD, 0x18E2, 0x1926, 0x1147, 0x1147, 0x1148,
    0x1148, 0x1148, 0x1148, 0x1148, 0x1148, 0x1148, 0x1988, 0x1945,
    0x944F, 0xEEF8, 0xF6F7, 0xFF17, 0xFF37, 0xF717, 0xFF17, 0xFF58,
    0xFF58, 0xF738, 0xD614, 0x62C9, 0x18C3, 0x1946, 0x1147, 0x1148,
    0x0948, 0x0927, 0x0947, 0x0927, 0x0106, 0x19A9, 0x4B0D, 0x638F,
    0x73CE, 0xC5F5, 0xEF39, 0xF739, 0xFF39, 0xFF59, 0xF739, 0xF739,
    0xF759, 0xF739, 0xEEF9, 0xAD11, 0x3163, 0x10C2, 0x1946, 0x1168,
    0x1188, 0x1188, 0x11A9, 0x11C9, 0x11A9, 0x11A8, 0x1167, 0x31A6,
    0xC5B3, 0xF6F7, 0xF6D5, 0xF6F6, 0xF6F6, 0xFF38, 0xFF58, 0xFF58,
    0xFF57, 0xFF58, 0xFF57, 0xFF36, 0xFF36, 0xFF16, 0xF716, 0xAD10,
    0x41E6, 0x29E7, 0x21E9, 0x220A, 0x220A, 0x11A9, 0x0927, 0x0907,
    0x1127, 0x1126, 0x1104, 0x8C6F, 0xEEF8, 0xFF5A, 0xFF7A, 0xFF9A,
    0xFFBB, 0xFFBC, 0xFFBB, 0xF739, 0xC5B4, 0x5A88, 0x1060, 0x10C3,
    0x10E5, 0x08C5, 0x08E5, 0x08C5, 0x0906, 0x1126, 0x0906, 0x08C5,
    0x00C4, 0x00A4, 0x0083, 0x0861, 0x41E6, 0xA4F2, 0xE6B9, 0xFF7B,
    0xFF7A, 0xFF9A, 0xFF9A, 0xFF5A, 0xEED8, 0xAD11, 0x39A4, 0x0841,
    0x10E4, 0x08E5, 0x08E6, 0x08E6, 0x0906, 0x0906, 0x0907, 0x0927,
    0x0927, 0x0927, 0x0907, 0x1106, 0x08A4, 0x29A6, 0x9CF2, 0xE6D9,
    0xF75A, 0xFF7A, 0xFF9B, 0xFF9B, 0xF75B, 0xD656, 0x840E, 0x2944,
    0x10C3, 0x1126, 0x0927, 0x0969, 0x0969, 0x0989, 0x0989, 0x0989,
    0x0989, 0x0989, 0x0989, 0x0148, 0x0927, 0x00A4, 0x1904, 0x73CD,
    0xC5F5, 0xE6D8, 0xEF3A, 0xF75A, 0xF73A, 0xDEB8, 0xBD94, 0x5AEA,
    0x10A1, 0x08C3, 0x0926, 0x0948, 0x0969, 0x0989, 0x0989, 0x09A9,
    0x0989, 0x0989, 0x0989, 0x0969, 0x0905, 0x6B8D, 0xD676, 0xEED7,
    0xF6F7, 0xF6F7, 0xF717, 0xF717, 0xF6F7, 0xF6F7, 0xEED7, 0xEED6,
    0xEED6, 0xEED6, 0xDE55, 0x8C0C, 0x2123, 0x10E3, 0x0906, 0x0906,
    0x0906, 0x0906, 0x0926, 0x0906, 0x08E6, 0x08E6, 0x08C5, 0x08A4,
    0x0021, 0x18C2, 0x5AC9, 0x944E, 0xAD31, 0xB572, 0xAD31, 0x946E,
    0x6B09, 0x2923, 0x0840, 0x08A2, 0x08C4, 0x08C5, 0x08E5, 0x08E5,
    0x08E5, 0x08E5, 0x08E5, 0x08E5, 0x08E5, 0x08E5, 0x08E5, 0x08C5,
    0x08A4, 0x0062, 0x0882, 0x39C6, 0x6B0A, 0x83ED, 0x946F, 0x944E,
    0x7B8C, 0x4A26, 0x18C1, 0x0840, 0x08A3, 0x08A4, 0x08C5, 0x08E5,
    0x08C4, 0x08E5, 0x08C4, 0x1945, 0x73CF, 0x0926, 0x11A9, 0x11AA,
    0x0989, 0x0968, 0x1126, 0x4268, 0xB593, 0xFF7A, 0xFFBA, 0xFF7A,
    0xFF9A, 0xFFBA, 0xFF99, 0xFF9A, 0xFFBA, 0xEEF8, 0x8C0E, 0x2124,
    0x1105, 0x1147, 0x0968, 0x11AA, 0x11EA, 0x11EB, 0x120B, 0x11EA,
    0x11C9, 0x0988, 0x0947, 0x0905, 0x31C6, 0xAD52, 0xFF5A, 0xFF9A,
    0xFFBA, 0xFFBA, 0xFFBA, 0xFF9A, 0xFF9A, 0xFF9A, 0xF739, 0x9C6E,
    0x18C2, 0x10A3, 0x1126, 0x220A, 0x222B, 0x11A9, 0x0989, 0x09A9,
    0x0989, 0x11A9, 0x1167, 0x530B, 0xDED8, 0xFFBA, 0xFF79, 0xFF99,
    0xFF79, 0xFF99, 0xFF99, 0xFF9A, 0xFF99, 0xFF79, 0xFF79, 0xFF79,
    0xFF99, 0xFFDA, 0xD635, 0x39A4, 0x1925, 0x1188, 0x09A9, 0x09A9,
    0x09AA, 0x09AA, 0x09A9, 0x0989, 0x0927, 0x0906, 0x08C4, 0x52AA,
    0xC616, 0xFF9A, 0xFFDB, 0xFFDC, 0xFFDC, 0xFFDC, 0xFFDB, 0xEEF9,
    0xA4D1, 0x3185, 0x10A2, 0x1125, 0x0906, 0x0907, 0x0907, 0x0907,
    0x08E6, 0x08E6, 0x10E5, 0x08C5, 0x08C4, 0x08A4, 0x0883, 0x0861,
    0x5268, 0xB533, 0xE6B8, 0xF759, 0xFF7A, 0xFF9A, 0xFF7A, 0xF739,
    0xDE56, 0x734A, 0x1060, 0x0841, 0x10A3, 0x0883, 0x08A3, 0x08A3,
    0x08A4, 0x08A3, 0x08A4, 0x08A4, 0x08A4, 0x08A4, 0x08A3, 0x0883,
    0x0841, 0x5AA9, 0xBD94, 0xEED9, 0xFF7B, 0xFF9B, 0xFF9B, 0xFF9B,
    0xF75A, 0xD656, 0x7B8C, 0x41C5, 0x2944, 0x1903, 0x10E4, 0x21A7,
    0x5B8F, 0x534F, 0x0926, 0x00C5, 0x0907, 0x1107, 0x1107, 0x1127,
    0x1106, 0x10C3, 0x630B, 0xCDD5, 0xFF5A, 0xFFBB, 0xFFBB, 0xFF9A,
    0xFF9A, 0xFF58, 0xEEF7, 0xBD92, 0x4A06, 0x1903, 0x1946, 0x08E6,
    0x0927, 0x430E, 0x7CF5, 0x8515, 0x8515, 0x84F4, 0x84D3, 0x8470,
    0xAD32, 0xDE75, 0xFF36, 0xFF57, 0xFF58, 0xFF78, 0xFF78, 0xFF98,
    0xFF98, 0xFF78, 0xFF58, 0xFF57, 0xFF57, 0xF6F6, 0x7B6A, 0x1880,
    0x10E4, 0x1127, 0x4B2F, 0x7494, 0x7CD5, 0x4B4F, 0x1168, 0x1148,
    0x0927, 0x1148, 0x08E6, 0x1925, 0x840F, 0xCE36, 0xEF19, 0xFF9B,
    0xFFBB, 0xFF9A, 0xF739, 0xD655, 0x7BAC, 0x20E2, 0x18E4, 0x1126,
    0x1127, 0x0927, 0x0948, 0x2A4C, 0x324C, 0x0927, 0x0106, 0x0927,
    0x0947, 0x0927, 0x1147, 0x08E5, 0x2965, 0x8C2F, 0xD636, 0xF718,
    0xFF59, 0xFF5A, 0xFF39, 0xE6B7, 0xBD52, 0x5A68, 0x18C3, 0x2166,
    0x1127, 0x1127, 0x0947, 0x0968, 0x0948, 0x1148, 0x0948, 0x1168,
    0x1127, 0x0948, 0x19C9, 0x322A, 0x4AA9, 0x9CB0, 0xDEB8, 0xF738,
    0xEEF7, 0xF718, 0xF718, 0xEEB7, 0xCDF4, 0x83CC, 0x3163, 0x18E3,
    0x1947, 0x1127, 0x0948, 0x0948, 0x0927, 0x0948, 0x0927, 0x0106,
    0x0947, 0x42CD, 0x5BB0, 0x534E, 0x4ACB, 0x4A89, 0x6B4B, 0x8C0E,
    0xBDB4, 0xD656, 0xDE76, 0xD676, 0xCE35, 0xACF1, 0x5AA8, 0x18C2,
    0x18E3, 0x1105, 0x19A9, 0x53B1, 0x5BF1, 0x5BF1, 0x6412, 0x6431,
    0x5C11, 0x6431, 0x7451, 0x740F, 0x8C6F, 0xB531, 0xC5D3, 0xE696,
    0xE6B6, 0xE6B6, 0xE696, 0xE675, 0xDE55, 0xDE54, 0xE675, 0xDE55,
    0xCE14, 0xBD71, 0xA4D0, 0x83ED, 0x7C10, 0x7411, 0x63F1, 0x6C32,
    0x6412, 0x2A2B, 0x0907, 0x0906, 0x0927, 0x19A9, 0x29E9, 0x4268,
    0x8C4F, 0xC5F5, 0xE6D8, 0xDE77, 0xCE15, 0xBD93, 0x9CB0, 0x630A,
    0x20C2, 0x0841, 0x10C3, 0x08C4, 0x08C5, 0x08C4, 0x00A4, 0x08E5,
    0x1106, 0x08E5, 0x08E5, 0x08E5, 0x08E5, 0x08E5, 0x08C5, 0x10C4,
    0x0841, 0x0861, 0x4207, 0x83EE, 0xAD12, 0xB533, 0x9CB0, 0x7BAC,
    0x4A06, 0x1060, 0x0861, 0x10E4, 0x08C4, 0x08C5, 0x08C5, 0x08E5,
    0x08E6, 0x0906, 0x1107, 0x0927, 0x0907, 0x0927, 0x0907, 0x0907,
    0x1127, 0x08C4, 0x10C3, 0x4207, 0x73AD, 0x9CB1, 0x9CD1, 0x9470,
    0x630A, 0x3185, 0x08A2, 0x08C4, 0x08E6, 0x0107, 0x0968, 0x0989,
    0x0989, 0x0989, 0x0989, 0x0989, 0x0989, 0x0989, 0x09A9, 0x0988,
    0x0148, 0x0927, 0x08C5, 0x0083, 0x2104, 0x4248, 0x6B8C, 0x7BCE,
    0x738D, 0x4227, 0x18E3, 0x0082, 0x1105, 0x0906, 0x0948, 0x0969,
    0x0989, 0x0989, 0x0989, 0x09A9, 0x0989, 0x0989, 0x0989, 0x0189,
    0x0968, 0x0905, 0x4248, 0x7BCD, 0x944E, 0x9C6E, 0x944E, 0x942D,
    0x8C2D, 0x8BED, 0x83CC, 0x83AC, 0x7BAC, 0x6B2A, 0x41C5, 0x18A1,
    0x10E4, 0x0906, 0x0906, 0x0907, 0x0907, 0x0926, 0x0906, 0x0926,
    0x0906, 0x0906, 0x08E6, 0x00C5, 0x08C4, 0x0882, 0x0021, 0x0841,
    0x18C2, 0x2103, 0x18C2, 0x0840, 0x0020, 0x0862, 0x08A4, 0x08C4,
    0x08C5, 0x08E5, 0x08E5, 0x08E5, 0x08E5, 0x08E5, 0x08E5, 0x08E5,
    0x08E5, 0x08E5, 0x08E5, 0x08E5, 0x00C5, 0x08C4, 0x08A4, 0x0062,
    0x0021, 0x0841, 0x0861, 0x0841, 0x0020, 0x0021, 0x0882, 0x08A3,
    0x08C4, 0x08C5, 0x08E5, 0x08E5, 0x08E4, 0x08E5, 0x08C4, 0x1945,
    0x73EF, 0x0926, 0x11A9, 0x09A9, 0x0989, 0x0969, 0x1188, 0x1967,
    0x2165, 0x632B, 0xAD52, 0xDE76, 0xE6D7, 0xEF18, 0xEEF9, 0xD635,
    0x9C6E, 0x4A47, 0x1904, 0x1967, 0x1168, 0x0968, 0x1189, 0x11CA,
    0x11CA, 0x09EA, 0x11EA, 0x09CA, 0x09C9, 0x0988, 0x0927, 0x0947,
    0x0905, 0x1944, 0x630B, 0xAD12, 0xD656, 0xE6B8, 0xEED8, 0xE6D8,
    0xD615, 0x9C8F, 0x5267, 0x18C1, 0x1104, 0x1105, 0x08E6, 0x1168,
    0x2A4B, 0x222B, 0x0989, 0x0988, 0x11A9, 0x11AA, 0x11A9, 0x1166,
    0x4AA9, 0xAD52, 0xE6B7, 0xF719, 0xF739, 0xF739, 0xF759, 0xFF59,
    0xFF59, 0xFF5A, 0xFF5A, 0xF739, 0xE6B7, 0xA4F0, 0x39C5, 0x1924,
    0x19A8, 0x0988, 0x09A9, 0x0989, 0x09A9, 0x09A9, 0x0989, 0x0989,
    0x0969, 0x0107, 0x0906, 0x08A4, 0x2125, 0x630B, 0x9CB0, 0xC5F5,
    0xCE15, 0xB553, 0x8C0E, 0x4A27, 0x10A2, 0x10C3, 0x1126, 0x0906,
    0x0927, 0x0907, 0x0907, 0x08E6, 0x08E6, 0x08C5, 0x08C5, 0x08A4,
    0x08C4, 0x08A4, 0x08A4, 0x08A3, 0x0020, 0x1081, 0x39A5, 0x7B8C,
    0xA4D0, 0x9C8F, 0x83ED, 0x5AA8, 0x2102, 0x0820, 0x0861, 0x08A3,
    0x0883, 0x0883, 0x0883, 0x08A3, 0x08A3, 0x08A3, 0x08A3, 0x08A3,
    0x08A3, 0x08A4, 0x0883, 0x08A3, 0x0883, 0x0021, 0x1081, 0x41E6,
    0x736C, 0x840E, 0x8C0E, 0x83CD, 0x5A88, 0x2923, 0x0841, 0x0882,
    0x08A3, 0x08E4, 0x08E5, 0x00E4, 0x1146, 0x536F, 0x5B90, 0x1167,
    0x00C5, 0x0907, 0x1128, 0x0927, 0x1147, 0x1946, 0x08A3, 0x2924,
    0x62EA, 0x83EE, 0x9C6F, 0x9C90, 0xA4D1, 0xB532, 0xA4D0, 0x83EE,
    0x73AE, 0x638F, 0x3A6B, 0x08E6, 0x0106, 0x1188, 0x21E9, 0x21E9,
    0x29E9, 0x2A09, 0x3229, 0x31E7, 0x2985, 0x39A5, 0x736B, 0x9C8F,
    0x9CAF, 0x9C8F, 0x944E, 0x8C0D, 0x946E, 0x9CAF, 0x9C6E, 0x942C,
    0x83CB, 0x4A26, 0x18A1, 0x10E3, 0x1126, 0x32AC, 0x432E, 0x430E,
    0x3AED, 0x19E9, 0x0947, 0x1148, 0x0927, 0x0927, 0x1148, 0x1106,
    0x10A3, 0x2124, 0x5288, 0x7BCD, 0x840E, 0x738C, 0x5267, 0x2923,
    0x1082, 0x1905, 0x1126, 0x0907, 0x0927, 0x1148, 0x0927, 0x0106,
    0x1168, 0x1167, 0x0926, 0x0927, 0x0947, 0x0927, 0x0927, 0x1148,
    0x1106, 0x08A3, 0x2944, 0x62CA, 0x736C, 0x736C, 0x6B2B, 0x39C5,
    0x18C2, 0x18E4, 0x1947, 0x1147, 0x0927, 0x0948, 0x0948, 0x0948,
    0x0948, 0x0948, 0x0948, 0x0927, 0x0106, 0x19A9, 0x432F, 0x6C52,
    0x7451, 0x638D, 0x632B, 0x5AEA, 0x5268, 0x5ACA, 0x5ACA, 0x4207,
    0x2944, 0x10C2, 0x1104, 0x1947, 0x1147, 0x0947, 0x0947, 0x0948,
    0x0948, 0x0907, 0x0106, 0x1168, 0x19C9, 0x19C9, 0x1147, 0x08E5,
    0x0905, 0x1105, 0x08A3, 0x0882, 0x2104, 0x2985, 0x39E7, 0x39C6,
    0x2944, 0x10C2, 0x10A2, 0x1925, 0x1946, 0x0926, 0x0907, 0x1188,
    0x19E8, 0x21E8, 0x2209, 0x2209, 0x2A09, 0x2A2A, 0x2A09, 0x3208,
    0x29C6, 0x18E2, 0x2103, 0x41C5, 0x41C5, 0x41E4, 0x39C4, 0x3163,
    0x3963, 0x3963, 0x3143, 0x2923, 0x2103, 0x18C2, 0x18C2, 0x1924,
    0x1946, 0x1967, 0x1967, 0x1167, 0x1167, 0x0926, 0x00E6, 0x0906,
    0x1188, 0x2A2B, 0x42CD, 0x42AB, 0x29C6, 0x2944, 0x31A5, 0x2944,
    0x20E2, 0x1081, 0x0840, 0x0020, 0x0862, 0x10C4, 0x08C4, 0x08C5,
    0x00A4, 0x08A4, 0x08E5, 0x08E5, 0x08E5, 0x08C5, 0x08C5, 0x08C5,
    0x08C4, 0x08C4, 0x08C5, 0x08C5, 0x08C4, 0x08A3, 0x0041, 0x0020,
    0x0861, 0x1061, 0x0841, 0x0020, 0x0841, 0x10A3, 0x10C4, 0x08C4,
    0x08C4, 0x08C5, 0x08C5, 0x08C5, 0x08E5, 0x08E6, 0x1106, 0x0906,
    0x0907, 0x0907, 0x0927, 0x0927, 0x0907, 0x1127, 0x1106, 0x08C4,
    0x08A4, 0x10C4, 0x08C4, 0x08A3, 0x08A3, 0x10E5, 0x1106, 0x19A9,
    0x328D, 0x32CE, 0x224B, 0x11A9, 0x11A9, 0x09A9, 0x09A9, 0x09A9,
    0x09A9, 0x0989, 0x0989, 0x0989, 0x0989, 0x0968, 0x0928, 0x0907,
    0x08E5, 0x00A4, 0x00A3, 0x0083, 0x0083, 0x00A4, 0x08E5, 0x0926,
    0x0927, 0x0948, 0x0989, 0x0989, 0x0989, 0x0989, 0x0989, 0x0989,
    0x0989, 0x0989, 0x0989, 0x0189, 0x0989, 0x0988, 0x0926, 0x0905,
    0x08C4, 0x08C3, 0x10E3, 0x10C3, 0x10C3, 0x10C3, 0x08A3, 0x08A3,
    0x0083, 0x0083, 0x08C4, 0x1106, 0x0926, 0x0926, 0x0907, 0x0907,
    0x0906, 0x0906, 0x0906, 0x0906, 0x0906, 0x0906, 0x0905, 0x08E6,
    0x00C5, 0x08C4, 0x08C4, 0x08A4, 0x0083, 0x0082, 0x0082, 0x08A3,
    0x08C4, 0x08C4, 0x08C4, 0x08C5, 0x08C5, 0x08C5, 0x08E5, 0x08E5,
    0x08E5, 0x08E5, 0x08E5, 0x08E5, 0x08E5, 0x08E5, 0x08E5, 0x08E5,
    0x08E5, 0x08C5, 0x00C4, 0x00C4, 0x08A4, 0x08A4, 0x0883, 0x0884,
    0x08A4, 0x08A4, 0x08C4, 0x08C4, 0x08E5, 0x08E5, 0x08E5, 0x08E5,
    0x08C4, 0x08C4, 0x08C4, 0x1946, 0x73EF, 0x0926, 0x0988, 0x0989,
    0x0989, 0x0969, 0x0989, 0x19CA, 0x19A9, 0x1126, 0x1904, 0x2984,
    0x31C5, 0x3A06, 0x3A07, 0x2964, 0x18E3, 0x1945, 0x21C9, 0x11A9,
    0x0948, 0x0948, 0x220B, 0x3AEF, 0x1A2B, 0x09A9, 0x09EA, 0x09C9,
    0x09A9, 0x0988, 0x0127, 0x0927, 0x0947, 0x1147, 0x1104, 0x1904,
    0x3165, 0x41C5, 0x41E6, 0x39A5, 0x2903, 0x10A2, 0x10C3, 0x1945,
    0x1946, 0x1147, 0x0906, 0x00E6, 0x1147, 0x2A0A, 0x2A2B, 0x19C9,
    0x1188, 0x11A9, 0x11C9, 0x19C9, 0x1987, 0x2186, 0x4248, 0x4A89,
    0x4A89, 0x4A69, 0x4A69, 0x52A9, 0x52A9, 0x5289, 0x5AA9, 0x5AA9,
    0x41E6, 0x1903, 0x1925, 0x1188, 0x0968, 0x0189, 0x0989, 0x0989,
    0x0989, 0x0989, 0x0189, 0x0989, 0x0989, 0x0989, 0x0948, 0x0927,
    0x08C5, 0x0083, 0x0883, 0x10E4, 0x18E3, 0x10A3, 0x0062, 0x10A3,
    0x1905, 0x1126, 0x0907, 0x0907, 0x0907, 0x08E6, 0x08E6, 0x08E6,
    0x08C5, 0x08C4, 0x08A4, 0x08A3, 0x08A3, 0x08A4, 0x08A4, 0x0883,
    0x0883, 0x0862, 0x0020, 0x0000, 0x0020, 0x0020, 0x0000, 0x0020,
    0x0841, 0x0882, 0x0882, 0x0883, 0x0883, 0x0883, 0x0883, 0x0883,
    0x0883, 0x0862, 0x0062, 0x0883, 0x0883, 0x0883, 0x0883, 0x0083,
    0x0882, 0x0882, 0x0861, 0x0000, 0x0000, 0x0000, 0x0000, 0x0000,
    0x0020, 0x0882, 0x10C4, 0x10E4, 0x10E5, 0x10E5, 0x10E6, 0x1126,
    0x0905, 0x1967, 0x5B8F, 0x5BB0, 0x1188, 0x00C5, 0x0907, 0x1127,
    0x1147, 0x1147, 0x1947, 0x1105, 0x08A4, 0x0882, 0x10A2, 0x10A3,
    0x10C3, 0x1904, 0x2986, 0x3A49, 0x4ACC, 0x63CF, 0x7C93, 0x4B4F,
    0x0926, 0x00C4, 0x0084, 0x0084, 0x0084, 0x0084, 0x0083, 0x0063,
    0x00A3, 0x0062, 0x0041, 0x0040, 0x0020, 0x0020, 0x0020, 0x0000,
    0x0000, 0x0020, 0x0020, 0x0820, 0x0040, 0x0862, 0x10E4, 0x1967,
    0x3A8C, 0x2A4B, 0x00E5, 0x0063, 0x0063, 0x00A4, 0x00A5, 0x00A5,
    0x00A5, 0x00A5, 0x00A5, 0x00A4, 0x00A4, 0x0062, 0x0021, 0x0000,
    0x0000, 0x0000, 0x0021, 0x0063, 0x08A5, 0x00C5, 0x00C5, 0x00C5,
    0x00C5, 0x0927, 0x1188, 0x0926, 0x1167, 0x1188, 0x0927, 0x1148,
    0x1128, 0x0927, 0x0928, 0x0928, 0x1147, 0x1147, 0x1105, 0x08C4,
    0x08A4, 0x08A4, 0x08C4, 0x1105, 0x1926, 0x1948, 0x1127, 0x1147,
    0x0948, 0x0948, 0x0948, 0x0947, 0x0947, 0x0947, 0x0927, 0x0127,
    0x1189, 0x2A2B, 0x2A6C, 0x19C9, 0x1167, 0x1126, 0x1105, 0x10E5,
    0x1106, 0x10E6, 0x08E6, 0x10E6, 0x1126, 0x1947, 0x1148, 0x1128,
    0x1148, 0x1148, 0x0927, 0x1148, 0x0927, 0x0907, 0x1168, 0x1989,
    0x1168, 0x0947, 0x0947, 0x0927, 0x00E6, 0x00C5, 0x00C4, 0x00A4,
    0x0083, 0x0063, 0x0064, 0x0063, 0x0063, 0x00A4, 0x00A4, 0x0084,
    0x00A4, 0x00A5, 0x00A4, 0x0063, 0x0063, 0x0083, 0x0063, 0x0063,
    0x0083, 0x0084, 0x0083, 0x0083, 0x0083, 0x00A4, 0x0083, 0x0062,
    0x0062, 0x0062, 0x0042, 0x0062, 0x0062, 0x0042, 0x0062, 0x0083,
    0x08A3, 0x08A4, 0x00A4, 0x00A4, 0x00A4, 0x00A4, 0x0084, 0x0084,
    0x00A5, 0x00C5, 0x0927, 0x1188, 0x1168, 0x0948, 0x0906, 0x08E5,
    0x08C5, 0x08C4, 0x0883, 0x0882, 0x0883, 0x08A3, 0x10C4, 0x10C4,
    0x10C4, 0x08A4, 0x08A4, 0x00A4, 0x00A4, 0x08C5, 0x08E5, 0x08C4,
    0x08C5, 0x08C4, 0x08C4, 0x08C4, 0x08C4, 0x08C4, 0x08C5, 0x08C5,
    0x08A4, 0x08A4, 0x08A4, 0x08A3, 0x0883, 0x0883, 0x10A3, 0x10A4,
    0x10C4, 0x10C4, 0x08A4, 0x08A4, 0x08A4, 0x08A4, 0x08A4, 0x08A4,
    0x08C5, 0x08C5, 0x08E5, 0x0906, 0x0906, 0x1127, 0x0927, 0x0907,
    0x0927, 0x0927, 0x0927, 0x1127, 0x1127, 0x1127, 0x1127, 0x1127,
    0x1128, 0x1128, 0x0907, 0x19EA, 0x4B91, 0x5BF2, 0x6453, 0x4B90,
    0x19EA, 0x11A9, 0x09A9, 0x09A9, 0x0988, 0x0988, 0x0989, 0x0989,
    0x0989, 0x0989, 0x0968, 0x0969, 0x0948, 0x0948, 0x0928, 0x0927,
    0x0928, 0x0928, 0x0928, 0x0968, 0x0969, 0x0989, 0x0989, 0x0989,
    0x0989, 0x0989, 0x0989, 0x0989, 0x0189, 0x0989, 0x0989, 0x0189,
    0x0989, 0x0989, 0x0989, 0x0989, 0x0968, 0x0968, 0x0968, 0x0968,
    0x0948, 0x1147, 0x1148, 0x0947, 0x0947, 0x0947, 0x0947, 0x0927,
    0x0906, 0x0927, 0x0907, 0x0927, 0x0926, 0x0906, 0x0906, 0x0906,
    0x0905, 0x08E5, 0x08E5, 0x08E5, 0x08E5, 0x08E5, 0x08E5, 0x08C4,
    0x08C4, 0x08C4, 0x08C4, 0x08C4, 0x08C4, 0x08C4, 0x08E4, 0x08C5,
    0x08E5, 0x08E5, 0x08E5, 0x08E5, 0x08E5, 0x08E5, 0x08E5, 0x08E5,
    0x08E5, 0x08E5, 0x08E5, 0x08E5, 0x08E4, 0x08E4, 0x08C4, 0x1126,
    0x2167, 0x2187, 0x2167, 0x1987, 0x21C8, 0x29E8, 0x1987, 0x1106,
    0x08E5, 0x08E5, 0x08E5, 0x08E5, 0x08C4, 0x00C4, 0x08C4, 0x1946,
    0x73EF, 0x1146, 0x1188, 0x0989, 0x0989, 0x0969, 0x09A9, 0x09EA,
    0x11EA, 0x19EA, 0x2A4A, 0x3AAB, 0x42AB, 0x4ACB, 0x42AA, 0x21C7,
    0x19A8, 0x21EA, 0x19EA, 0x11CA, 0x0969, 0x0107, 0x19A9, 0x4B50,
    0x4350, 0x1A2B, 0x09C9, 0x09C9, 0x09A9, 0x0968, 0x0126, 0x0926,
    0x1127, 0x1968, 0x1988, 0x19A8, 0x1988, 0x1946, 0x1925, 0x1925,
    0x1925, 0x1947, 0x1147, 0x1147, 0x1147, 0x1147, 0x0927, 0x0906,
    0x00E5, 0x1147, 0x2A2B, 0x326C, 0x19EA, 0x1189, 0x19CA, 0x19EA,
    0x220A, 0x2A0A, 0x21E9, 0x21EA, 0x21EA, 0x21CA, 0x21A9, 0x19A9,
    0x1148, 0x1147, 0x1947, 0x1967, 0x2187, 0x19A8, 0x1189, 0x19CB,
    0x1A0B, 0x11CA, 0x0989, 0x0989, 0x0989, 0x09A9, 0x120B, 0x09CA,
    0x0989, 0x09A9, 0x0989, 0x0989, 0x0948, 0x0927, 0x0927, 0x08E6,
    0x08E6, 0x0906, 0x0927, 0x0906, 0x0906, 0x0907, 0x0907, 0x1168,
    0x29EB, 0x19A9, 0x08C6, 0x00A5, 0x00A4, 0x0083, 0x0062, 0x0062,
    0x0062, 0x0062, 0x0062, 0x0042, 0x0842, 0x0862, 0x0861, 0x0841,
    0x0841, 0x0841, 0x0841, 0x0862, 0x0042, 0x0042, 0x0042, 0x0042,
    0x0042, 0x0042, 0x0041, 0x0041, 0x0042, 0x0042, 0x0042, 0x0042,
    0x0042, 0x0041, 0x0041, 0x0041, 0x0041, 0x0041, 0x0041, 0x0861,
    0x0862, 0x0062, 0x0862, 0x0862, 0x0882, 0x0883, 0x0884, 0x08A4,
    0x08C4, 0x08C5, 0x08C5, 0x08C5, 0x08E5, 0x08E5, 0x0905, 0x3ACC,
    0x5BD0, 0x19C9, 0x00A5, 0x0906, 0x1127, 0x1148, 0x1168, 0x1168,
    0x1148, 0x1148, 0x1168, 0x1168, 0x1168, 0x1147, 0x1127, 0x1127,
    0x1147, 0x1126, 0x324A, 0x6C52, 0x7473, 0x6411, 0x63F1, 0x6BF1,
    0x63F1, 0x63F1, 0x6411, 0x6C32, 0x6C52, 0x7432, 0x6C11, 0x63F0,
    0x6BCF, 0x6C10, 0x7431, 0x7411, 0x6BF0, 0x6BF0, 0x7410, 0x7411,
    0x7451, 0x7452, 0x7452, 0x6411, 0x222A, 0x00E5, 0x220A, 0x4B4E,
    0x4B4E, 0x4B4E, 0x536F, 0x534F, 0x534F, 0x534F, 0x4B4F, 0x4B4F,
    0x4B4F, 0x536F, 0x5B8F, 0x5B8F, 0x5B8F, 0x63AF, 0x63AF, 0x5BB0,
    0x5BB0, 0x5BB0, 0x5BB0, 0x5BB0, 0x5BD1, 0x6C32, 0x7CB4, 0x7CB4,
    0x6C32, 0x2A0A, 0x0927, 0x1148, 0x0928, 0x0927, 0x0928, 0x0948,
    0x0928, 0x0928, 0x0947, 0x1168, 0x1148, 0x1148, 0x1167, 0x1168,
    0x1148, 0x1148, 0x1148, 0x1148, 0x0948, 0x0948, 0x1148, 0x0947,
    0x0947, 0x0927, 0x0927, 0x19A9, 0x19EA, 0x1189, 0x0128, 0x0947,
    0x0948, 0x1147, 0x1168, 0x1168, 0x1148, 0x1169, 0x1169, 0x1169,
    0x1168, 0x1148, 0x1148, 0x1148, 0x1148, 0x1148, 0x1148, 0x0927,
    0x0907, 0x1188, 0x1189, 0x0948, 0x0948, 0x0927, 0x0906, 0x0927,
    0x2A2B, 0x42ED, 0x4B2E, 0x4B0E, 0x430D, 0x430E, 0x42ED, 0x42CD,
    0x4B0D, 0x4B2E, 0x4B4F, 0x4B2F, 0x4B2E, 0x534F, 0x4B2E, 0x4B0E,
    0x4B2E, 0x4B2E, 0x4B0D, 0x4B0D, 0x4B0D, 0x4B0D, 0x536F, 0x538F,
    0x536F, 0x5B8F, 0x5B8F, 0x536F, 0x534F, 0x534F, 0x4B2F, 0x4B2F,
    0x536F, 0x5B90, 0x63B0, 0x63D0, 0x63D0, 0x63D0, 0x63D0, 0x5BB0,
    0x5BD0, 0x5BB0, 0x5BB0, 0x5BB0, 0x63D1, 0x63D1, 0x42CD, 0x1148,
    0x0927, 0x0906, 0x08E6, 0x0906, 0x08E5, 0x08E5, 0x08C5, 0x08A4,
    0x08A3, 0x0883, 0x0883, 0x0883, 0x08A3, 0x08A4, 0x0883, 0x0083,
    0x08A4, 0x08C4, 0x08A4, 0x0883, 0x0883, 0x0883, 0x0883, 0x0883,
    0x0883, 0x0883, 0x0883, 0x0883, 0x0883, 0x0063, 0x0862, 0x0862,
    0x0862, 0x0862, 0x0862, 0x0862, 0x0862, 0x0882, 0x0883, 0x0863,
    0x0883, 0x0063, 0x0083, 0x0083, 0x08A4, 0x08A4, 0x08C4, 0x00C5,
    0x00E5, 0x08E6, 0x08E6, 0x0906, 0x08E6, 0x08E7, 0x0907, 0x0907,
    0x0907, 0x0907, 0x08E7, 0x08E7, 0x0907, 0x0907, 0x0907, 0x00E6,
    0x00E6, 0x0106, 0x19C9, 0x5BF1, 0x5BF1, 0x1A0A, 0x09A9, 0x09A9,
    0x0989, 0x0989, 0x0989, 0x0969, 0x0989, 0x0969, 0x0969, 0x0989,
    0x0989, 0x0989, 0x0969, 0x0969, 0x0969, 0x0989, 0x0989, 0x0989,
    0x0989, 0x0989, 0x0989, 0x0989, 0x0989, 0x0989, 0x0989, 0x09A9,
    0x0989, 0x0989, 0x0989, 0x0989, 0x0989, 0x0989, 0x0989, 0x0969,
    0x0969, 0x0968, 0x0968, 0x0968, 0x0948, 0x0948, 0x0948, 0x0927,
    0x0927, 0x0927, 0x0927, 0x0927, 0x0906, 0x0906, 0x0906, 0x0926,
    0x0106, 0x0906, 0x0906, 0x08E6, 0x08E5, 0x08E5, 0x08E5, 0x08E5,
    0x08E5, 0x08E5, 0x08E5, 0x08E5, 0x08E5, 0x08E5, 0x08C5, 0x08E5,
    0x08E5, 0x08C5, 0x08E5, 0x08E5, 0x08E5, 0x08E5, 0x08E5, 0x08E5,
    0x08E5, 0x08E5, 0x08E5, 0x08C5, 0x08E5, 0x08E5, 0x08E5, 0x08E5,
    0x08E5, 0x08C4, 0x21C8, 0x4ACC, 0x532D, 0x530C, 0x4AEB, 0x532D,
    0x5B4D, 0x4B0C, 0x29E9, 0x1106, 0x08E5, 0x08E5, 0x08E5, 0x08E5,
    0x08C4, 0x08C4, 0x08C4, 0x1945, 0x6BCE, 0x1146, 0x1188, 0x0989,
    0x0989, 0x0969, 0x11AA, 0x120A, 0x1A2B, 0x4B6F, 0x8535, 0xADF8,
    0xB639, 0xB638, 0xAE18, 0x7CD3, 0x32AC, 0x19EA, 0x1A0B, 0x11EB,
    0x11AA, 0x0948, 0x0107, 0x19AA, 0x326C, 0x32AD, 0x224B, 0x09C9,
    0x09A9, 0x0988, 0x0106, 0x1127, 0x1968, 0x2188, 0x21C9, 0x1988,
    0x19A9, 0x19A8, 0x1988, 0x1987, 0x1167, 0x1147, 0x1147, 0x0947,
    0x0947, 0x0947, 0x0927, 0x0926, 0x08E5, 0x00C5, 0x1126, 0x2A0A,
    0x328C, 0x220A, 0x1189, 0x19EA, 0x1A0B, 0x222B, 0x222C, 0x222C,
    0x224C, 0x2A4C, 0x2A4D, 0x224C, 0x19EB, 0x19CA, 0x19EA, 0x19CB,
    0x19CA, 0x11AA, 0x11AA, 0x32AE, 0x4B70, 0x3AEE, 0x0989, 0x0989,
    0x0989, 0x2A6D, 0x4350, 0x32AE, 0x11CA, 0x09AA, 0x09A9, 0x11A9,
    0x11A9, 0x11A9, 0x1189, 0x1189, 0x1169, 0x1189, 0x0989, 0x0969,
    0x0947, 0x0927, 0x0927, 0x1168, 0x19C9, 0x21C9, 0x1127, 0x00A4,
    0x0063, 0x0042, 0x0041, 0x0041, 0x0041, 0x0041, 0x0021, 0x0021,
    0x0021, 0x0021, 0x0021, 0x0040, 0x0020, 0x0020, 0x0020, 0x0020,
    0x0020, 0x0020, 0x0021, 0x0021, 0x0021, 0x0021, 0x0021, 0x0021,
    0x0021, 0x0021, 0x0021, 0x0021, 0x0041, 0x0021, 0x0020, 0x0020,
    0x0021, 0x0021, 0x0020, 0x0020, 0x0021, 0x0021, 0x0021, 0x0021,
    0x0041, 0x0862, 0x0883, 0x08A3, 0x08C4, 0x08C4, 0x08C4, 0x08C4,
    0x08C5, 0x08C5, 0x1987, 0x1166, 0x2A4A, 0x5BD0, 0x21E9, 0x00C5,
    0x0906, 0x1148, 0x0948, 0x0927, 0x0907, 0x0907, 0x0907, 0x0907,
    0x0907, 0x0907, 0x08E6, 0x08E6, 0x0906, 0x08E6, 0x00A5, 0x1147,
    0x3AAC, 0x430D, 0x430C, 0x4B0D, 0x430D, 0x42EC, 0x430D, 0x4B2E,
    0x4B2E, 0x4B2D, 0x536E, 0x538E, 0x536E, 0x4B2D, 0x4B0D, 0x4B0D,
    0x42ED, 0x42ED, 0x42CC, 0x3AAC, 0x3AAC, 0x42EC, 0x3ACB, 0x21E8,
    0x0105, 0x2A2A, 0x4B4F, 0x4B4E, 0x430D, 0x430D, 0x4B2E, 0x4B2E,
    0x4B2E, 0x4B2D, 0x4B2D, 0x4B2D, 0x4B2E, 0x4B4E, 0x4B4E, 0x4B4E,
    0x534E, 0x4B4E, 0x4B2D, 0x4B4D, 0x4B4D, 0x4B2D, 0x430D, 0x42CC,
    0x3ACC, 0x3AAC, 0x326A, 0x2A29, 0x19A8, 0x00E5, 0x00C5, 0x00C6,
    0x00C6, 0x00C6, 0x00C5, 0x00C6, 0x00C6, 0x00E6, 0x00E6, 0x00E6,
    0x00C6, 0x00C5, 0x00A5, 0x00C5, 0x00C6, 0x00C6, 0x00C6, 0x00C6,
    0x00C6, 0x00C6, 0x00C6, 0x00C5, 0x00C5, 0x0126, 0x19C9, 0x19C9,
    0x0968, 0x0948, 0x0968, 0x1148, 0x1148, 0x1148, 0x1148, 0x1148,
    0x1148, 0x1148, 0x1148, 0x1168, 0x1148, 0x1168, 0x1168, 0x0948,
    0x1168, 0x1168, 0x0927, 0x0927, 0x1189, 0x1168, 0x0968, 0x0948,
    0x0927, 0x0907, 0x0947, 0x19EA, 0x3ACD, 0x4B4F, 0x4B4E, 0x4B4E,
    0x4B4E, 0x4B2E, 0x4B2E, 0x4B4E, 0x534E, 0x536E, 0x536E, 0x4B2D,
    0x430D, 0x4B2D, 0x4B2E, 0x42ED, 0x3AEC, 0x3ACC, 0x3ACC, 0x3ACC,
    0x3AAC, 0x326B, 0x32AB, 0x3ACC, 0x3AAC, 0x3AAB, 0x3AAB, 0x3AAC,
    0x3AAB, 0x3AAC, 0x328C, 0x326B, 0x328B, 0x3AAC, 0x42CC, 0x42CC,
    0x42CC, 0x42CC, 0x42AC, 0x3AAC, 0x328B, 0x326B, 0x326B, 0x324A,
    0x2A2A, 0x2A0A, 0x1127, 0x0084, 0x00A5, 0x00A5, 0x00A4, 0x0084,
    0x0084, 0x00A4, 0x0083, 0x0063, 0x0042, 0x0042, 0x0041, 0x0041,
    0x0041, 0x0042, 0x0042, 0x0062, 0x0882, 0x0042, 0x0042, 0x0041,
    0x0041, 0x0041, 0x0041, 0x0041, 0x0041, 0x0042, 0x0041, 0x0041,
    0x0021, 0x0021, 0x0021, 0x0021, 0x0021, 0x0021, 0x0021, 0x0021,
    0x0021, 0x0021, 0x0021, 0x0021, 0x0021, 0x0021, 0x0041, 0x0041,
    0x0043, 0x0084, 0x00C4, 0x08E5, 0x08E5, 0x00E5, 0x08E5, 0x0906,
    0x0906, 0x0927, 0x0947, 0x1167, 0x1188, 0x1188, 0x1168, 0x1188,
    0x1188, 0x1188, 0x1188, 0x1188, 0x1168, 0x0927, 0x00E6, 0x0926,
    0x536F, 0x6432, 0x222B, 0x09A9, 0x09A9, 0x0989, 0x0989, 0x0989,
    0x0989, 0x0989, 0x0989, 0x0989, 0x0989, 0x0989, 0x0989, 0x0989,
    0x0989, 0x0989, 0x0989, 0x0989, 0x09A9, 0x0989, 0x0989, 0x0989,
    0x0989, 0x0989, 0x09A9, 0x0989, 0x0989, 0x0989, 0x0989, 0x0989,
    0x0989, 0x0989, 0x0989, 0x0989, 0x0969, 0x0969, 0x0969, 0x0948,
    0x0948, 0x0948, 0x0948, 0x0947, 0x0927, 0x0927, 0x0926, 0x0926,
    0x0906, 0x0106, 0x0906, 0x0906, 0x0106, 0x08E6, 0x08E5, 0x00E5,
    0x08E5, 0x08E5, 0x08E5, 0x08E5, 0x08E5, 0x08E5, 0x08E5, 0x08E5,
    0x08E5, 0x08E5, 0x08C5, 0x08C5, 0x08C5, 0x08C5, 0x08C5, 0x08C5,
    0x08C5, 0x08E4, 0x08E4, 0x00C4, 0x08C5, 0x08C5, 0x08C5, 0x08C5,
    0x00C4, 0x08C5, 0x08C4, 0x08E5, 0x08C5, 0x00A4, 0x3229, 0x7C51,
    0x7410, 0x42AA, 0x29C7, 0x31E8, 0x31E8, 0x2186, 0x1105, 0x08C4,
    0x08E4, 0x08E4, 0x08E5, 0x08E5, 0x00C4, 0x00C4, 0x08C4, 0x1946,
    0x6BAE, 0x1166, 0x1188, 0x0989, 0x0989, 0x0968, 0x11CA, 0x120A,
    0x3B2E, 0x8D97, 0xAE39, 0xADF8, 0x9555, 0x8D34, 0xA5D7, 0xB639,
    0x7CD4, 0x222A, 0x11EA, 0x11CA, 0x11CA, 0x11AA, 0x0968, 0x0107,
    0x0927, 0x220A, 0x32AD, 0x224B, 0x09A8, 0x0967, 0x0106, 0x0906,
    0x2188, 0x2A09, 0x42AC, 0x326B, 0x21A8, 0x19A8, 0x1988, 0x1167,
    0x1147, 0x1126, 0x1126, 0x0926, 0x0926, 0x0906, 0x0906, 0x0926,
    0x1106, 0x08C5, 0x08A4, 0x08E5, 0x2A0A, 0x536F, 0x32AC, 0x11A8,
    0x19EA, 0x1A0B, 0x222C, 0x222C, 0x222C, 0x222C, 0x222C, 0x222B,
    0x19EB, 0x11EA, 0x11EA, 0x11CA, 0x11EB, 0x11CA, 0x11AA, 0x0968,
    0x19A9, 0x11A9, 0x0989, 0x09AA, 0x0989, 0x0969, 0x21EB, 0x19CA,
    0x11AA, 0x09AA, 0x09A9, 0x09AA, 0x09CA, 0x09CA, 0x09AA, 0x09CA,
    0x09CA, 0x09AA, 0x0989, 0x0989, 0x0928, 0x0947, 0x19A9, 0x1168,
    0x0084, 0x00E6, 0x1146, 0x0083, 0x0042, 0x0021, 0x0021, 0x0021,
    0x0021, 0x0021, 0x0021, 0x0021, 0x0021, 0x0021, 0x0021, 0x0021,
    0x0020, 0x0020, 0x0020, 0x0020, 0x0020, 0x0000, 0x0000, 0x0000,
    0x0000, 0x0000, 0x0000, 0x0020, 0x0000, 0x0000, 0x0000, 0x0000,
    0x0000, 0x0020, 0x0021, 0x0020, 0x0021, 0x0021, 0x0020, 0x0020,
    0x0000, 0x0000, 0x0000, 0x0020, 0x18E3, 0x4A6A, 0x73F0, 0x7C51,
    0x7C52, 0x7C52, 0x7452, 0x7431, 0x6C31, 0x6C31, 0x84F4, 0x7472,
    0x00C4, 0x19C8, 0x538F, 0x21E9, 0x00C5, 0x08E6, 0x0906, 0x0926,
    0x0906, 0x1106, 0x0906, 0x0906, 0x0927, 0x0907, 0x1127, 0x1126,
    0x1126, 0x0927, 0x0927, 0x0926, 0x0905, 0x08E5, 0x08E5, 0x0905,
    0x0905, 0x0905, 0x0905, 0x0105, 0x0905, 0x0905, 0x0905, 0x0905,
    0x0925, 0x08E5, 0x00E5, 0x00E5, 0x00E5, 0x00C4, 0x00C4, 0x08E5,
    0x08E5, 0x0905, 0x0905, 0x1146, 0x326B, 0x326B, 0x0926, 0x0926,
    0x2209, 0x2A29, 0x2A09, 0x2A09, 0x2208, 0x21E8, 0x2209, 0x2A29,
    0x2209, 0x2209, 0x2209, 0x2209, 0x2209, 0x21E9, 0x21E9, 0x2209,
    0x2A29, 0x2A09, 0x2A09, 0x2A2A, 0x2A29, 0x2A29, 0x324A, 0x326A,
    0x324A, 0x328B, 0x3AAC, 0x3AAC, 0x3AAC, 0x3AAC, 0x3AAC, 0x3A8C,
    0x3A8C, 0x3AAC, 0x328C, 0x326C, 0x326C, 0x326C, 0x326C, 0x326C,
    0x328C, 0x3AAD, 0x3AAD, 0x3ACD, 0x3ACD, 0x3AAD, 0x3ACD, 0x328C,
    0x3AAC, 0x32AD, 0x19C9, 0x0968, 0x0948, 0x0948, 0x0948, 0x0928,
    0x0948, 0x0948, 0x1148, 0x1148, 0x1148, 0x1148, 0x1148, 0x1148,
    0x1148, 0x1168, 0x1168, 0x0948, 0x1148, 0x0927, 0x0927, 0x1989,
    0x1189, 0x0948, 0x0948, 0x0948, 0x0907, 0x0948, 0x19CA, 0x0988,
    0x00C5, 0x0926, 0x19C8, 0x19A8, 0x19A7, 0x19A7, 0x1187, 0x1167,
    0x1187, 0x1187, 0x1167, 0x1166, 0x1187, 0x1167, 0x1167, 0x1987,
    0x19A7, 0x19A7, 0x19A7, 0x19C8, 0x21C8, 0x21C8, 0x19A8, 0x1987,
    0x21A8, 0x29E9, 0x2A09, 0x2A09, 0x2A2A, 0x2A2A, 0x324A, 0x324A,
    0x322A, 0x324A, 0x324A, 0x324A, 0x3A6A, 0x3A8B, 0x3A8B, 0x3A8B,
    0x3A8B, 0x3A8B, 0x326A, 0x324A, 0x3A8B, 0x3AAC, 0x3AAC, 0x3AAC,
    0x326B, 0x324B, 0x2A0A, 0x29E9, 0x21A8, 0x08C5, 0x0063, 0x0062,
    0x0041, 0x0041, 0x0841, 0x0841, 0x0841, 0x0841, 0x0841, 0x0862,
    0x0862, 0x0841, 0x0841, 0x0841, 0x0841, 0x0841, 0x0841, 0x0841,
    0x0841, 0x0841, 0x0841, 0x0841, 0x0841, 0x0841, 0x0841, 0x0841,
    0x0841, 0x0841, 0x0841, 0x0841, 0x0841, 0x0841, 0x0841, 0x0821,
    0x0841, 0x0841, 0x0041, 0x10C3, 0x3209, 0x426B, 0x42AC, 0x3A6B,
    0x1126, 0x08E5, 0x08E5, 0x0905, 0x0926, 0x0947, 0x3AED, 0x6C32,
    0x6C53, 0x6432, 0x6412, 0x6C32, 0x6C53, 0x6C53, 0x6432, 0x6412,
    0x6412, 0x4B6F, 0x19C9, 0x0106, 0x0106, 0x4B4F, 0x6432, 0x2A4B,
    0x11A9, 0x09A9, 0x09A9, 0x09A9, 0x09A9, 0x0989, 0x0989, 0x0989,
    0x0989, 0x0989, 0x0989, 0x0989, 0x0989, 0x0989, 0x09A9, 0x0989,
    0x09A9, 0x09A9, 0x01A9, 0x0989, 0x0989, 0x0989, 0x0189, 0x0189,
    0x0989, 0x0989, 0x0989, 0x0989, 0x0989, 0x0989, 0x0989, 0x0989,
    0x0989, 0x0969, 0x0968, 0x0968, 0x0948, 0x0948, 0x0948, 0x0927,
    0x0927, 0x0927, 0x0126, 0x0926, 0x0906, 0x0106, 0x0106, 0x0106,
    0x00E5, 0x08E5, 0x00E5, 0x00E5, 0x08C5, 0x00C5, 0x08C5, 0x08C5,
    0x08C4, 0x08E5, 0x08C5, 0x08C5, 0x08C5, 0x08C5, 0x08C5, 0x08C5,
    0x08C5, 0x08C5, 0x08C4, 0x08E4, 0x08C4, 0x00C4, 0x08C4, 0x08C4,
    0x08C4, 0x08C4, 0x08C4, 0x00C4, 0x08C4, 0x08C4, 0x08C4, 0x08C4,
    0x08C4, 0x00C4, 0x0083, 0x3A49, 0x636E, 0x2186, 0x08C3, 0x00A3,
    0x00A3, 0x00A3, 0x00A4, 0x08C4, 0x08C4, 0x08C4, 0x08C4, 0x08C4,
    0x00C4, 0x00C4, 0x08C4, 0x1945, 0x740F, 0x1166, 0x0988, 0x0989,
    0x0969, 0x0969, 0x11CA, 0x11E9, 0x53F0, 0xA639, 0x9575, 0x534D,
    0x3228, 0x328A, 0x7430, 0xADF7, 0x9555, 0x2229, 0x09A8, 0x11EA,
    0x11CA, 0x11CA, 0x11AA, 0x0968, 0x0127, 0x0927, 0x19EA, 0x2A4B,
    0x19E9, 0x0947, 0x00E5, 0x00A4, 0x10E5, 0x3209, 0x4AED, 0x530D,
    0x2A09, 0x1987, 0x1967, 0x1147, 0x1146, 0x1126, 0x1126, 0x0906,
    0x0906, 0x0906, 0x0905, 0x0905, 0x0905, 0x08E5, 0x08C5, 0x00A4,
    0x08E5, 0x3A8B, 0x5BD0, 0x3ACD, 0x11A9, 0x11C9, 0x1A0A, 0x1A0B,
    0x1A0B, 0x1A2B, 0x1A0B, 0x1A0B, 0x1A0B, 0x11EB, 0x11EA, 0x11EA,
    0x11EA, 0x11EA, 0x11CA, 0x0127, 0x00C5, 0x0947, 0x11CA, 0x19EB,
    0x11CA, 0x0107, 0x00C6, 0x0128, 0x11AA, 0x09AA, 0x09A9, 0x09AA,
    0x09AA, 0x09AA, 0x09AA, 0x09A9, 0x09A9, 0x09A9, 0x09A9, 0x0989,
    0x0148, 0x0107, 0x3AAD, 0x6412, 0x4B0E, 0x42ED, 0x3A4A, 0x10E4,
    0x0862, 0x0861, 0x0861, 0x1082, 0x10C3, 0x10C3, 0x1082, 0x1082,
    0x0882, 0x0882, 0x0861, 0x0861, 0x1082, 0x1081, 0x1061, 0x1081,
    0x1082, 0x10A2, 0x10C2, 0x10C2, 0x18C3, 0x2104, 0x2103, 0x10A2,
    0x18C3, 0x2104, 0x2104, 0x2945, 0x2945, 0x10A2, 0x1082, 0x18C3,
    0x10A2, 0x0861, 0x0861, 0x0861, 0x10A2, 0x10C3, 0x0862, 0x0841,
    0x10A2, 0x2166, 0x3209, 0x3A29, 0x3A49, 0x3A6A, 0x3A6A, 0x3249,
    0x3229, 0x4B0C, 0xA5D7, 0xB659, 0x63F0, 0x2A08, 0x6C51, 0x84F4,
    0x6411, 0x63F0, 0x6C52, 0x7472, 0x7473, 0x7493, 0x7493, 0x7493,
    0x7473, 0x6C52, 0x7473, 0x7473, 0x7493, 0x7493, 0x6C52, 0x6C52,
    0x6C52, 0x7473, 0x7C93, 0x7C93, 0x7473, 0x7472, 0x6C32, 0x7493,
    0x7CD4, 0x7CD4, 0x7CB3, 0x7C93, 0x7CB3, 0x7C93, 0x7C93, 0x7C93,
    0x7492, 0x7472, 0x7493, 0x7CB3, 0x7493, 0x6C52, 0x7493, 0x6C73,
    0x3AAC, 0x00E5, 0x19A8, 0x53B0, 0x7493, 0x7493, 0x7472, 0x7472,
    0x6C51, 0x6C31, 0x6C31, 0x6C32, 0x6C31, 0x6C51, 0x7C93, 0x7492,
    0x6C72, 0x6C71, 0x6C52, 0x6C52, 0x7452, 0x7452, 0x7452, 0x6C51,
    0x6C31, 0x6C11, 0x6C11, 0x6C11, 0x63F1, 0x63F0, 0x63D0, 0x5BAF,
    0x538F, 0x5BD0, 0x5BD0, 0x5BAF, 0x5BAF, 0x5BB0, 0x538F, 0x536F,
    0x5BB0, 0x5BD0, 0x63F1, 0x63F2, 0x5BF1, 0x6432, 0x6412, 0x6432,
    0x6452, 0x6432, 0x6432, 0x5C12, 0x5C11, 0x32CD, 0x0106, 0x00C6,
    0x00C6, 0x00C5, 0x00C6, 0x00A6, 0x00C5, 0x00C5, 0x00E6, 0x00C6,
    0x00E6, 0x00E6, 0x00C6, 0x00C6, 0x00E6, 0x00E6, 0x00E6, 0x00C6,
    0x00C5, 0x0906, 0x1989, 0x1189, 0x0948, 0x0948, 0x0927, 0x0107,
    0x0947, 0x11A9, 0x0968, 0x0106, 0x1188, 0x4B4F, 0x6C73, 0x6C32,
    0x6411, 0x6411, 0x5BF1, 0x5BF1, 0x5BF1, 0x5BF1, 0x63F1, 0x6411,
    0x6411, 0x63F1, 0x63F0, 0x63F0, 0x5BD0, 0x63F1, 0x63F1, 0x63F0,
    0x63F0, 0x63F0, 0x5BF0, 0x5BD0, 0x6411, 0x6C32, 0x6C32, 0x6C31,
    0x6C11, 0x6C11, 0x6C32, 0x6C32, 0x63F1, 0x63F1, 0x6C11, 0x63F1,
    0x6BF1, 0x6C11, 0x7452, 0x7452, 0x7431, 0x6C11, 0x6BF1, 0x6C11,
    0x63D0, 0x5B8F, 0x5B8F, 0x5B8F, 0x4B0D, 0x42AC, 0x3A8C, 0x3A4B,
    0x21A8, 0x0083, 0x0042, 0x0041, 0x0841, 0x0841, 0x0841, 0x0841,
    0x0840, 0x0841, 0x0841, 0x0841, 0x0841, 0x0841, 0x0841, 0x0841,
    0x0841, 0x0820, 0x0841, 0x0841, 0x0841, 0x0841, 0x0841, 0x0841,
    0x0820, 0x0840, 0x0841, 0x0841, 0x0841, 0x0841, 0x0841, 0x0841,
    0x0841, 0x0841, 0x0840, 0x0841, 0x0841, 0x0841, 0x0882, 0x1904,
    0x2146, 0x1946, 0x1966, 0x10E4, 0x0083, 0x00A3, 0x00C4, 0x08E5,
    0x08E5, 0x00C5, 0x0926, 0x21C8, 0x21E9, 0x21C9, 0x21C9, 0x21E9,
    0x21E9, 0x19C9, 0x19C9, 0x19A8, 0x21E9, 0x536F, 0x5BD1, 0x19E9,
    0x0106, 0x00E5, 0x42ED, 0x6432, 0x328C, 0x11EA, 0x09C9, 0x09A9,
    0x09A9, 0x09A9, 0x09A9, 0x09A9, 0x09A9, 0x09A9, 0x0989, 0x09A9,
    0x09A9, 0x0989, 0x09A9, 0x09A9, 0x09A9, 0x09A9, 0x0989, 0x0989,
    0x0989, 0x0989, 0x0189, 0x0189, 0x0189, 0x0189, 0x0169, 0x0989,
    0x0189, 0x0189, 0x0989, 0x0989, 0x0969, 0x0969, 0x0968, 0x0968,
    0x0948, 0x0947, 0x0947, 0x0927, 0x0927, 0x0927, 0x0106, 0x0106,
    0x0106, 0x00E6, 0x00E6, 0x00E6, 0x00E5, 0x00E5, 0x08E5, 0x08C5,
    0x00C5, 0x00C5, 0x00C4, 0x00C4, 0x00C4, 0x08C4, 0x08C4, 0x08C4,
    0x00C4, 0x00C4, 0x00C4, 0x08C4, 0x08C4, 0x08C4, 0x00A4, 0x00A4,
    0x00A4, 0x00A4, 0x08C4, 0x08C4, 0x00C4, 0x00A4, 0x00A4, 0x00C4,
    0x08C4, 0x00A4, 0x08C4, 0x08C4, 0x00C4, 0x08C4, 0x00A3, 0x08C3,
    0x1945, 0x1104, 0x10E4, 0x08E4, 0x08C4, 0x08C4, 0x08C5, 0x08C4,
    0x08E5, 0x08C4, 0x08C4, 0x08C4, 0x08C4, 0x00C4, 0x08A4, 0x1945,
    0x7C30, 0x1166, 0x0988, 0x0989, 0x0969, 0x0989, 0x11A9, 0x11C9,
    0x3B0D, 0xA618, 0xBE9A, 0xA5B6, 0x9D75, 0x9D96, 0xAE17, 0xCEDA,
    0x9596, 0x19C8, 0x0988, 0x11CA, 0x09CA, 0x09CA, 0x09CA, 0x09CA,
    0x0989, 0x0127, 0x0106, 0x1967, 0x29E9, 0x1987, 0x00C4, 0x08A4,
    0x0083, 0x10C4, 0x29A7, 0x3209, 0x29C8, 0x1946, 0x1105, 0x1105,
    0x10E5, 0x08C4, 0x08C4, 0x08C4, 0x08C4, 0x08C4, 0x08C4, 0x08C4,
    0x08A4, 0x08A4, 0x08A4, 0x08A4, 0x0083, 0x08E5, 0x2A0A, 0x536F,
    0x3AED, 0x11C9, 0x09C9, 0x11EA, 0x120B, 0x120B, 0x120B, 0x120B,
    0x120B, 0x120B, 0x120B, 0x11EB, 0x11EB, 0x11EB, 0x1A0B, 0x19EA,
    0x11A9, 0x19EA, 0x1A0B, 0x1A0B, 0x1A0B, 0x11CA, 0x1189, 0x11AA,
    0x11CA, 0x11CA, 0x09A9, 0x0989, 0x09A9, 0x09A9, 0x09A9, 0x09A9,
    0x0989, 0x0989, 0x0989, 0x09AA, 0x0969, 0x00E6, 0x1168, 0x63D1,
    0xB639, 0xC69A, 0xB5D7, 0x6B6D, 0x3A07, 0x39E6, 0x39E6, 0x3185,
    0x4A89, 0xA513, 0xA513, 0x94B1, 0x8C90, 0x8C50, 0x73CD, 0x73AD,
    0x94B1, 0x9491, 0x9490, 0x94B1, 0x9CD1, 0x94B1, 0x9490, 0x94B1,
    0x94D1, 0xA553, 0xA553, 0x8C90, 0x94B1, 0xA512, 0xA513, 0xB5B5,
    0xBDF6, 0xA533, 0x738D, 0x52A9, 0x5289, 0x4A48, 0x4A28, 0x4207,
    0x39E7, 0x52AA, 0x39E8, 0x10A2, 0x0041, 0x0021, 0x0001, 0x0021,
    0x0021, 0x0041, 0x0042, 0x0063, 0x0042, 0x00C4, 0x8CF4, 0xBE9A,
    0xC6BA, 0xB638, 0xB638, 0xC69A, 0xC6BB, 0xB618, 0x534D, 0x19C7,
    0x21E8, 0x2209, 0x2A09, 0x2A29, 0x2A29, 0x21E8, 0x21E8, 0x19C8,
    0x21E8, 0x21E8, 0x19C7, 0x1987, 0x1987, 0x19A7, 0x19A8, 0x19A8,
    0x19C8, 0x21E9, 0x21E9, 0x220A, 0x2A4A, 0x2229, 0x21C8, 0x19A8,
    0x19A7, 0x19A7, 0x21C7, 0x19A7, 0x1987, 0x19A7, 0x19A7, 0x19A7,
    0x1187, 0x1166, 0x1187, 0x1146, 0x00E5, 0x19A8, 0x32AC, 0x19C9,
    0x0105, 0x0926, 0x0946, 0x0946, 0x1166, 0x1166, 0x0946, 0x0946,
    0x0946, 0x1166, 0x19A7, 0x1187, 0x1187, 0x11A7, 0x1186, 0x1166,
    0x1166, 0x1166, 0x1146, 0x0945, 0x0945, 0x0925, 0x0905, 0x0905,
    0x0905, 0x0925, 0x1126, 0x1126, 0x1125, 0x1126, 0x1126, 0x1146,
    0x1146, 0x1147, 0x1187, 0x1187, 0x1987, 0x0926, 0x00C4, 0x0106,
    0x0126, 0x0127, 0x0927, 0x0947, 0x0947, 0x0947, 0x0947, 0x0947,
    0x0126, 0x00E6, 0x1168, 0x2A4C, 0x328C, 0x326C, 0x324B, 0x2A4B,
    0x2A4B, 0x324B, 0x324B, 0x2A4B, 0x326C, 0x328C, 0x3A8C, 0x328C,
    0x328C, 0x3AAC, 0x3ACC, 0x3ACC, 0x32AC, 0x326C, 0x11A9, 0x0948,
    0x0948, 0x0927, 0x00E6, 0x0947, 0x11A9, 0x0147, 0x0106, 0x11A9,
    0x11A9, 0x0947, 0x0927, 0x0906, 0x00E5, 0x08E6, 0x0906, 0x0906,
    0x00E6, 0x00E6, 0x00E5, 0x00E5, 0x00E5, 0x0906, 0x0105, 0x00E5,
    0x0105, 0x00E5, 0x00E5, 0x00C5, 0x00C5, 0x00E5, 0x00C5, 0x00C5,
    0x00C5, 0x00C4, 0x00C4, 0x00A4, 0x00A4, 0x00C5, 0x00C5, 0x00C5,
    0x00A4, 0x00A4, 0x00A4, 0x00C4, 0x00C5, 0x00C5, 0x00C5, 0x0905,
    0x29E9, 0x324A, 0x3229, 0x29E8, 0x1987, 0x1126, 0x08E4, 0x0083,
    0x0042, 0x0041, 0x0021, 0x0021, 0x0062, 0x0883, 0x0042, 0x0841,
    0x0841, 0x0841, 0x0841, 0x0841, 0x0841, 0x0841, 0x0841, 0x0841,
    0x0841, 0x0841, 0x0841, 0x0841, 0x0841, 0x0841, 0x0841, 0x0841,
    0x0841, 0x0841, 0x0841, 0x0841, 0x0841, 0x0841, 0x0841, 0x0841,
    0x0841, 0x0841, 0x0841, 0x0841, 0x0841, 0x0041, 0x0841, 0x0841,
    0x0841, 0x0020, 0x0861, 0x2124, 0x0041, 0x0000, 0x0000, 0x0021,
    0x0062, 0x0082, 0x0082, 0x08A3, 0x08A4, 0x00A4, 0x0083, 0x0083,
    0x00A4, 0x08E5, 0x08E5, 0x00C5, 0x00C5, 0x00E5, 0x00E5, 0x00E5,
    0x00C5, 0x00E6, 0x430E, 0x5BD1, 0x21E9, 0x0105, 0x00C5, 0x3AAC,
    0x6432, 0x32CD, 0x11C9, 0x09C9, 0x09A9, 0x0189, 0x0189, 0x0168,
    0x0189, 0x09A9, 0x09A9, 0x09A9, 0x0989, 0x0989, 0x09A9, 0x09A9,
    0x0989, 0x0989, 0x0989, 0x0989, 0x0189, 0x0169, 0x0189, 0x0189,
    0x0989, 0x0989, 0x0989, 0x0969, 0x0969, 0x0989, 0x0989, 0x0969,
    0x0969, 0x0969, 0x0968, 0x0948, 0x0948, 0x0947, 0x0127, 0x0927,
    0x0927, 0x0907, 0x0106, 0x0106, 0x0906, 0x00E6, 0x00E6, 0x08E6,
    0x08E5, 0x08E5, 0x08E5, 0x08E5, 0x08C5, 0x08C4, 0x00A4, 0x00A4,
    0x00C4, 0x00C4, 0x00C4, 0x00C4, 0x00C4, 0x08C4, 0x00A4, 0x00A4,
    0x08C4, 0x08A4, 0x08A4, 0x08A4, 0x08A4, 0x08A4, 0x08A4, 0x08A4,
    0x08A4, 0x08A4, 0x08A4, 0x00C4, 0x00A4, 0x00A4, 0x08A4, 0x08C4,
    0x08C4, 0x08A4, 0x08A3, 0x1104, 0x2186, 0x2186, 0x1925, 0x08E4,
    0x08E4, 0x2187, 0x2167, 0x08E5, 0x08E4, 0x08C4, 0x00C4, 0x08C4,
    0x08C4, 0x00A4, 0x08A4, 0x2146, 0x7C30, 0x1166, 0x0968, 0x0968,
    0x0948, 0x0968, 0x11A9, 0x09A9, 0x09A8, 0x432D, 0x8D35, 0xB618,
    0xBE79, 0xBE79, 0xB638, 0x8D13, 0x42EB, 0x0967, 0x11A9, 0x09A9,
    0x09CA, 0x09AA, 0x09CA, 0x09CA, 0x09A9, 0x0968, 0x00E5, 0x00A4,
    0x08C4, 0x08C4, 0x0083, 0x0042, 0x0041, 0x0021, 0x0062, 0x08A3,
    0x08A3, 0x0882, 0x0062, 0x0062, 0x0042, 0x0042, 0x0042, 0x0062,
    0x0042, 0x0042, 0x0042, 0x0042, 0x0041, 0x0042, 0x0042, 0x0062,
    0x0062, 0x08A4, 0x08C5, 0x19A8, 0x430E, 0x434F, 0x1A2B, 0x09A9,
    0x09A9, 0x09A9, 0x09A9, 0x09CA, 0x09C9, 0x09C9, 0x11CA, 0x11CA,
    0x09CA, 0x09CA, 0x120B, 0x1A2B, 0x1A2B, 0x1A0B, 0x120B, 0x120B,
    0x120B, 0x1A0B, 0x1A0B, 0x11EB, 0x11EA, 0x11CA, 0x09CA, 0x09AA,
    0x09AA, 0x09A9, 0x09A9, 0x09A9, 0x0989, 0x0148, 0x0148, 0x11CA,
    0x0968, 0x00A5, 0x0002, 0x0000, 0x5B6D, 0xDF1B, 0xB5D6, 0x9CD1,
    0xA532, 0xA532, 0x9CF2, 0x8C70, 0x6B6C, 0x94B0, 0xBDD5, 0xB5D5,
    0xBDF5, 0xC636, 0xAD94, 0xA532, 0xB5B4, 0xC636, 0xCE57, 0xC656,
    0xCE57, 0xC656, 0xBE16, 0xC636, 0xC636, 0xBDF5, 0xB5B4, 0xAD73,
    0xAD73, 0xAD73, 0xBDD5, 0xC657, 0xC636, 0xC637, 0xBDD5, 0xAD53,
    0xAD73, 0xAD73, 0xAD33, 0xA512, 0x738C, 0x39C6, 0x2944, 0x1082,
    0x0021, 0x0021, 0x0021, 0x0021, 0x0021, 0x0083, 0x1105, 0x1126,
    0x08E5, 0x0905, 0x6C31, 0xB659, 0xB659, 0xBE79, 0xBE38, 0xC679,
    0xC69A, 0xB639, 0x7431, 0x534E, 0x536F, 0x538F, 0x536E, 0x536E,
    0x538F, 0x536F, 0x536F, 0x536E, 0x536E, 0x536E, 0x5B8F, 0x4B0D,
    0x1167, 0x00E5, 0x0927, 0x00E6, 0x00C5, 0x08E6, 0x08E6, 0x08E6,
    0x00C5, 0x00C5, 0x2A0A, 0x5BD0, 0x6C31, 0x6411, 0x5BD0, 0x63F0,
    0x63F0, 0x63D0, 0x63D0, 0x63D0, 0x5BAF, 0x5BAF, 0x5BB0, 0x5BB0,
    0x536F, 0x328B, 0x0927, 0x0106, 0x328C, 0x6C52, 0x7473, 0x7473,
    0x7493, 0x7493, 0x74B3, 0x7493, 0x7472, 0x7472, 0x6C52, 0x6411,
    0x6411, 0x6C31, 0x6C11, 0x6411, 0x6411, 0x6411, 0x63F0, 0x63F0,
    0x6411, 0x6411, 0x6411, 0x63F0, 0x63F0, 0x6411, 0x6C31, 0x6C52,
    0x7473, 0x7472, 0x7493, 0x7CB3, 0x74B4, 0x7CB4, 0x7CD4, 0x7CD4,
    0x7CD4, 0x6C32, 0x2A0A, 0x00E6, 0x0927, 0x1148, 0x0948, 0x0948,
    0x0948, 0x0948, 0x0948, 0x0927, 0x0927, 0x1188, 0x2A4B, 0x4B70,
    0x53B0, 0x53B0, 0x4BAF, 0x53AF, 0x4BAF, 0x4B8F, 0x4B6F, 0x432E,
    0x3B0D, 0x3B0D, 0x432E, 0x434E, 0x432D, 0x434E, 0x434E, 0x432E,
    0x430D, 0x19C9, 0x00E6, 0x00C6, 0x00C5, 0x00C5, 0x0947, 0x1189,
    0x0927, 0x0127, 0x1188, 0x1189, 0x0947, 0x00E6, 0x00C6, 0x00C6,
    0x00C6, 0x00C6, 0x08C5, 0x00C5, 0x00C5, 0x00C5, 0x00C5, 0x00C5,
    0x00A4, 0x0084, 0x00A4, 0x00A5, 0x08C5, 0x08C5, 0x08C5, 0x08A5,
    0x0084, 0x00A4, 0x08C5, 0x00A5, 0x00C5, 0x00C5, 0x00C5, 0x08E5,
    0x08E5, 0x00E6, 0x00E6, 0x08E6, 0x0906, 0x0906, 0x0906, 0x00E5,
    0x08E6, 0x08C5, 0x08E5, 0x1946, 0x31C9, 0x3A4A, 0x3229, 0x2A09,
    0x1986, 0x1105, 0x0883, 0x0021, 0x0000, 0x0000, 0x0041, 0x08A2,
    0x10C3, 0x08A3, 0x0041, 0x0861, 0x1082, 0x18C3, 0x18C3, 0x18C3,
    0x18E3, 0x18E3, 0x18E3, 0x18E3, 0x18E3, 0x18E3, 0x18E3, 0x18E3,
    0x18E3, 0x18E3, 0x18E3, 0x18E3, 0x2104, 0x2104, 0x18E3, 0x18E3,
    0x18E3, 0x18E3, 0x18E3, 0x18E3, 0x18E3, 0x18E3, 0x18E3, 0x18E3,
    0x18E3, 0x18E3, 0x18E3, 0x18C3, 0x10A2, 0x0841, 0x0841, 0x18E3,
    0x2124, 0x2965, 0x18E4, 0x0861, 0x0041, 0x0041, 0x0041, 0x0041,
    0x0062, 0x0082, 0x10E4, 0x3209, 0x2187, 0x08E5, 0x1126, 0x1147,
    0x1168, 0x0968, 0x0968, 0x0968, 0x0947, 0x0106, 0x00C5, 0x42ED,
    0x6432, 0x2A4A, 0x0126, 0x0946, 0x5BD0, 0x7CD4, 0x6432, 0x4B90,
    0x3B0E, 0x32EE, 0x32EE, 0x3B4F, 0x4390, 0x4390, 0x1A4B, 0x01A9,
    0x09A9, 0x0989, 0x0989, 0x0989, 0x0989, 0x0989, 0x0989, 0x0989,
    0x0989, 0x1A2B, 0x2ACD, 0x120B, 0x0989, 0x0989, 0x222B, 0x2A8D,
    0x19EA, 0x0989, 0x0169, 0x0969, 0x0969, 0x0968, 0x0968, 0x0968,
    0x0947, 0x0947, 0x0127, 0x0127, 0x0927, 0x0106, 0x0106, 0x0106,
    0x08E6, 0x00E5, 0x00E5, 0x00E5, 0x08C5, 0x08C4, 0x08A4, 0x1926,
    0x1946, 0x08C4, 0x00A4, 0x00A4, 0x00A3, 0x00A3, 0x00A3, 0x00A4,
    0x00A3, 0x00A3, 0x08A4, 0x08A4, 0x08A4, 0x08A4, 0x00A4, 0x08A4,
    0x00A3, 0x00A4, 0x00A3, 0x00A3, 0x08A3, 0x08A3, 0x00A3, 0x00A3,
    0x08A3, 0x08A3, 0x08A3, 0x08A4, 0x08A4, 0x0084, 0x10E4, 0x29A7,
    0x3A28, 0x4269, 0x3208, 0x1945, 0x2166, 0x3209, 0x29C8, 0x1105,
    0x08C4, 0x00C4, 0x08C4, 0x08C4, 0x00A4, 0x00A4, 0x00A4, 0x1945,
    0x73EF, 0x1166, 0x0968, 0x0968, 0x0948, 0x0947, 0x0988, 0x11CA,
    0x11C9, 0x0988, 0x19E9, 0x326A, 0x42CB, 0x63CF, 0x7450, 0x3A69,
    0x0104, 0x0988, 0x11A9, 0x09A9, 0x09A9, 0x09A9, 0x09AA, 0x09A9,
    0x09C9, 0x11A8, 0x00C5, 0x0042, 0x0041, 0x0041, 0x0041, 0x0041,
    0x0021, 0x0041, 0x0041, 0x0041, 0x0041, 0x0041, 0x0041, 0x0041,
    0x0041, 0x0041, 0x0041, 0x0021, 0x0041, 0x0041, 0x0021, 0x0021,
    0x0041, 0x0041, 0x0021, 0x0041, 0x0062, 0x08C4, 0x08E5, 0x08C5,
    0x1147, 0x430E, 0x6453, 0x5BF2, 0x53D1, 0x53D1, 0x53F2, 0x53D1,
    0x53D1, 0x5BF2, 0x5C12, 0x5C12, 0x5C12, 0x5C33, 0x6494, 0x6CB4,
    0x6494, 0x6473, 0x53F2, 0x4350, 0x2AAD, 0x122B, 0x120B, 0x122B,
    0x120B, 0x11EA, 0x11EA, 0x09CA, 0x09AA, 0x09A9, 0x09A9, 0x09AA,
    0x11CA, 0x0168, 0x0168, 0x11C9, 0x0947, 0x08C4, 0x3209, 0x4248,
    0x73CD, 0xD698, 0xBDF5, 0xD698, 0xDED8, 0xDEF9, 0xDEF9, 0xDEF9,
    0xAD53, 0x842E, 0xB5D4, 0xBDF5, 0xAD93, 0xB5D4, 0xB5B4, 0xB5B4,
    0xAD93, 0x9CF0, 0x94AF, 0x9CF1, 0xA511, 0xB5B3, 0xBDF4, 0xB5B4,
    0xB5D4, 0xBDF5, 0xB5B4, 0xAD93, 0xA552, 0xA532, 0xBDF5, 0xC636,
    0xBE15, 0xBE15, 0xD697, 0xDED9, 0xDED8, 0xDED8, 0xD677, 0xCE57,
    0xB594, 0x4A68, 0x2103, 0x18E3, 0x10C3, 0x2124, 0x31A6, 0x39E7,
    0x2986, 0x0083, 0x08C4, 0x1106, 0x0906, 0x0106, 0x6431, 0x8514,
    0x3228, 0x2186, 0x3249, 0x530C, 0x532D, 0x4B0C, 0x534D, 0x538E,
    0x536E, 0x534E, 0x534E, 0x4B4E, 0x536E, 0x536F, 0x5BD0, 0x6C31,
    0x5BAF, 0x538F, 0x5BB0, 0x4B4E, 0x220A, 0x19E9, 0x3AAD, 0x220B,
    0x00E6, 0x0907, 0x1127, 0x1127, 0x0927, 0x21E9, 0x430E, 0x53B0,
    0x53B0, 0x432D, 0x3AAB, 0x3ACB, 0x3AAB, 0x3AAB, 0x3AAB, 0x3ACC,
    0x3AAB, 0x328A, 0x326A, 0x326B, 0x19C9, 0x00E5, 0x0927, 0x21EA,
    0x2A2A, 0x2A4B, 0x2A4A, 0x2A2A, 0x2A09, 0x2209, 0x2A2A, 0x2A2A,
    0x21E9, 0x21C8, 0x19C8, 0x19A8, 0x1187, 0x1188, 0x19A8, 0x1187,
    0x1187, 0x19A8, 0x19C8, 0x19A8, 0x19A8, 0x19A8, 0x19A8, 0x19A8,
    0x19A8, 0x1988, 0x19A8, 0x19A8, 0x19C8, 0x21E9, 0x21E9, 0x2209,
    0x21E9, 0x21E9, 0x19C9, 0x19A8, 0x19C9, 0x3AED, 0x6432, 0x326C,
    0x00C6, 0x0907, 0x0948, 0x1148, 0x0948, 0x0947, 0x0907, 0x0107,
    0x19A9, 0x19C9, 0x0127, 0x0106, 0x0926, 0x0946, 0x0946, 0x0946,
    0x0946, 0x0946, 0x0946, 0x0946, 0x0926, 0x0926, 0x0966, 0x0967,
    0x0966, 0x0946, 0x1167, 0x19A7, 0x19A8, 0x19C9, 0x21EA, 0x21C9,
    0x21C9, 0x220A, 0x19A9, 0x0106, 0x0127, 0x11A9, 0x1188, 0x0947,
    0x0906, 0x0906, 0x1147, 0x1147, 0x0906, 0x0106, 0x0927, 0x0927,
    0x0927, 0x0927, 0x0927, 0x0927, 0x0926, 0x19C8, 0x1167, 0x0906,
    0x0927, 0x0926, 0x0906, 0x1126, 0x21A8, 0x1988, 0x0926, 0x0906,
    0x0927, 0x0947, 0x0948, 0x1168, 0x1168, 0x0968, 0x0948, 0x0968,
    0x0947, 0x0967, 0x0968, 0x0106, 0x00E5, 0x00C5, 0x29C8, 0x08C4,
    0x0021, 0x08A3, 0x4249, 0x6BAE, 0x636D, 0x3A29, 0x1924, 0x2986,
    0x52CB, 0x8C71, 0xAD75, 0xB595, 0xA513, 0x632C, 0x18E3, 0x18C3,
    0x2104, 0x2124, 0x2124, 0x2124, 0x2124, 0x2124, 0x2144, 0x2945,
    0x2945, 0x2945, 0x2945, 0x2944, 0x2945, 0x2965, 0x2965, 0x2965,
    0x2965, 0x2965, 0x2965, 0x2945, 0x2945, 0x2944, 0x2944, 0x2945,
    0x2945, 0x2945, 0x2945, 0x2944, 0x2924, 0x2125, 0x2124, 0x2124,
    0x1904, 0x1082, 0x2124, 0x7BEF, 0xC617, 0xD699, 0xB5B5, 0x842F,
    0x3A07, 0x1903, 0x10C2, 0x29A6, 0x636D, 0x638E, 0x4269, 0x2186,
    0x428A, 0x2166, 0x08E5, 0x1168, 0x1188, 0x0988, 0x0988, 0x0988,
    0x0968, 0x0947, 0x0106, 0x00E5, 0x3AAC, 0x6412, 0x2A8B, 0x0987,
    0x538F, 0x8D56, 0x9597, 0x6452, 0x53D0, 0x5C32, 0x5C32, 0x6493,
    0x6CD5, 0x4BD1, 0x1A6C, 0x226C, 0x09CA, 0x0989, 0x0989, 0x0989,
    0x0989, 0x0989, 0x0989, 0x0989, 0x0148, 0x222B, 0x3B0F, 0x1A2B,
    0x0989, 0x0148, 0x1A0B, 0x3AEE, 0x1A0B, 0x0969, 0x0969, 0x0969,
    0x0969, 0x0968, 0x0968, 0x0948, 0x0947, 0x0947, 0x0127, 0x0927,
    0x0907, 0x0106, 0x0906, 0x0106, 0x00E5, 0x00E5, 0x00E5, 0x00C5,
    0x08C4, 0x0083, 0x0083, 0x08C4, 0x10E4, 0x08A3, 0x08A3, 0x00A3,
    0x00A3, 0x08A3, 0x00A3, 0x00A3, 0x00A3, 0x00A3, 0x00A3, 0x00A3,
    0x00A3, 0x00A3, 0x00A3, 0x00A3, 0x00A3, 0x00A3, 0x00A3, 0x0083,
    0x00A3, 0x00A3, 0x00A3, 0x00A3, 0x00A3, 0x00A3, 0x08A3, 0x00A3,
    0x00A4, 0x0083, 0x1926, 0x31C7, 0x2165, 0x2186, 0x428A, 0x3A69,
    0x3228, 0x3A29, 0x29C7, 0x1104, 0x08C3, 0x00A3, 0x08C4, 0x08A3,
    0x00A3, 0x00A4, 0x00A4, 0x1945, 0x73CF, 0x1146, 0x0967, 0x0968,
    0x0968, 0x0127, 0x0968, 0x19CA, 0x32AC, 0x6452, 0x7CF4, 0x7492,
    0x6C51, 0x8514, 0x9DB6, 0x9D96, 0x5BAF, 0x1188, 0x09A9, 0x11AA,
    0x09A9, 0x09A9, 0x09A9, 0x09A9, 0x09C9, 0x0988, 0x00C4, 0x0083,
    0x0862, 0x0861, 0x0861, 0x0841, 0x0861, 0x0861, 0x0861, 0x0861,
    0x0861, 0x0861, 0x0861, 0x0861, 0x0861, 0x0861, 0x0861, 0x0841,
    0x0861, 0x0861, 0x0882, 0x0861, 0x0861, 0x0841, 0x0841, 0x0841,
    0x0061, 0x08C3, 0x1105, 0x08E5, 0x00C5, 0x0905, 0x326B, 0x538F,
    0x53B0, 0x53B0, 0x5390, 0x5390, 0x5390, 0x53B0, 0x5BD1, 0x5C12,
    0x5C12, 0x5C12, 0x5C12, 0x5C12, 0x5C32, 0x6453, 0x6C73, 0x74F5,
    0x7CF6, 0x53F2, 0x226C, 0x11EA, 0x120B, 0x11EA, 0x09CA, 0x09CA,
    0x09CA, 0x09AA, 0x09A9, 0x09AA, 0x11CA, 0x0989, 0x0968, 0x19E9,
    0x3A8B, 0x3A6A, 0xA574, 0xDF1A, 0xCE78, 0xC636, 0xCE56, 0xDEB8,
    0xDEB8, 0xDEF9, 0xDEF9, 0xDEB8, 0xBDB4, 0xC635, 0xD6D8, 0xCE77,
    0xBDF5, 0xB5B4, 0xBDD5, 0xC636, 0xD6B8, 0xCE77, 0xC615, 0xD697,
    0xCE77, 0xCE56, 0xC636, 0xBDD4, 0xBDF5, 0xBDD4, 0xB593, 0xBDD4,
    0xB593, 0xA552, 0xBDD5, 0xC636, 0xCE77, 0xD6B8, 0xD6B8, 0xDED9,
    0xE719, 0xE719, 0xDED9, 0xD697, 0xC636, 0x630A, 0x39C5, 0x3185,
    0x52AA, 0x94D2, 0xB5D5, 0xC657, 0xB5D6, 0x4ACB, 0x08A3, 0x00C4,
    0x0906, 0x0106, 0x4B6E, 0x5BF0, 0x00A3, 0x0042, 0x0042, 0x0063,
    0x0063, 0x0063, 0x0063, 0x0083, 0x0063, 0x0083, 0x0084, 0x0084,
    0x0084, 0x0084, 0x0084, 0x00A4, 0x00A4, 0x00A4, 0x00C4, 0x00E5,
    0x0947, 0x00E6, 0x00E6, 0x0947, 0x0947, 0x0906, 0x0906, 0x1148,
    0x19C9, 0x21EA, 0x1168, 0x00E5, 0x0084, 0x0084, 0x1126, 0x1987,
    0x2A09, 0x328B, 0x326A, 0x326A, 0x326A, 0x324A, 0x324A, 0x326A,
    0x326B, 0x326B, 0x2A4B, 0x1189, 0x00E5, 0x0084, 0x0064, 0x0084,
    0x0084, 0x00A4, 0x00A4, 0x00A4, 0x00C5, 0x00E6, 0x0126, 0x0127,
    0x0127, 0x0127, 0x0127, 0x0126, 0x0126, 0x0127, 0x0127, 0x0127,
    0x0147, 0x0147, 0x0127, 0x0927, 0x0927, 0x0947, 0x0927, 0x0927,
    0x00E6, 0x00C5, 0x00C5, 0x00C5, 0x00C5, 0x00C5, 0x00C5, 0x00C5,
    0x00E5, 0x00C5, 0x2A6B, 0x6453, 0x32AC, 0x00E6, 0x0907, 0x1148,
    0x0927, 0x0907, 0x0927, 0x19A9, 0x11A9, 0x0127, 0x0947, 0x32AD,
    0x6432, 0x6432, 0x6C32, 0x6C52, 0x6C52, 0x6C31, 0x6C31, 0x6C32,
    0x6411, 0x63F0, 0x6411, 0x6C31, 0x6C32, 0x6411, 0x6C11, 0x7452,
    0x7452, 0x6C52, 0x6C52, 0x6C32, 0x6C32, 0x432E, 0x0106, 0x0927,
    0x11A8, 0x0947, 0x0907, 0x00A5, 0x00C6, 0x0907, 0x0906, 0x0106,
    0x0926, 0x4B4F, 0x6412, 0x1188, 0x00E5, 0x00E6, 0x00E6, 0x00E5,
    0x328B, 0x95B7, 0x4B6F, 0x00E5, 0x00E5, 0x0105, 0x00E5, 0x2A4A,
    0x8D56, 0x6411, 0x0126, 0x0106, 0x0127, 0x0127, 0x0147, 0x0948,
    0x0148, 0x0147, 0x0168, 0x0968, 0x0967, 0x0947, 0x0947, 0x0126,
    0x00A4, 0x21C8, 0x29C7, 0x08A2, 0x52EB, 0x73EF, 0x636C, 0x8470,
    0x94F2, 0x6B8D, 0x4289, 0x638D, 0xA574, 0xDF1B, 0xE73B, 0xDEDA,
    0xEF5C, 0xA534, 0x2945, 0x2104, 0x2124, 0x2104, 0x2124, 0x2124,
    0x2104, 0x2104, 0x2104, 0x2124, 0x2124, 0x2124, 0x2945, 0x2944,
    0x2944, 0x2945, 0x2945, 0x2965, 0x2965, 0x2965, 0x2965, 0x2945,
    0x2965, 0x2945, 0x2945, 0x2965, 0x2965, 0x2945, 0x2944, 0x2944,
    0x2944, 0x2945, 0x2144, 0x2124, 0x1904, 0x0861, 0x4A69, 0xCE78,
    0xE73B, 0xE73A, 0xDF1A, 0xBDF5, 0x4AA9, 0x29A5, 0x1945, 0x4A8A,
    0x7C50, 0x638D, 0x4AAA, 0x08A2, 0x2165, 0x3A28, 0x08C4, 0x0926,
    0x0988, 0x0988, 0x0988, 0x0988, 0x0968, 0x0968, 0x0948, 0x0106,
    0x00A5, 0x3ACD, 0x6452, 0x224A, 0x0966, 0x0946, 0x0925, 0x00C4,
    0x0083, 0x00A4, 0x00C4, 0x00C4, 0x0926, 0x0126, 0x224B, 0x5412,
    0x1A6C, 0x01A9, 0x0989, 0x0989, 0x0989, 0x09A9, 0x09AA, 0x0989,
    0x0127, 0x0107, 0x0947, 0x0968, 0x0989, 0x0128, 0x00E6, 0x0127,
    0x0969, 0x0989, 0x0969, 0x0969, 0x0969, 0x0968, 0x0948, 0x0947,
    0x0947, 0x0127, 0x0927, 0x0907, 0x0106, 0x0906, 0x0106, 0x0106,
    0x00E5, 0x00E5, 0x00E5, 0x08C5, 0x08C4, 0x0083, 0x0063, 0x0083,
    0x0083, 0x0083, 0x0083, 0x0083, 0x00A3, 0x00A3, 0x0083, 0x0083,
    0x0083, 0x0083, 0x0083, 0x0083, 0x0083, 0x00A3, 0x00A3, 0x0083,
    0x0083, 0x0083, 0x0083, 0x00A3, 0x0083, 0x0083, 0x0083, 0x00A3,
    0x00A3, 0x00A3, 0x00A3, 0x00A3, 0x0083, 0x08A3, 0x31E8, 0x3A29,
    0x2186, 0x08C3, 0x1925, 0x4289, 0x52EB, 0x4269, 0x29A7, 0x10E4,
    0x08A3, 0x08A4, 0x08A3, 0x08A3, 0x00A3, 0x00A3, 0x08A4, 0x2145,
    0x73EF, 0x1146, 0x0967, 0x0968, 0x0988, 0x0147, 0x0127, 0x1188,
    0x32AC, 0x8555, 0xBEDB, 0xBE7A, 0xB618, 0xAE18, 0xB638, 0xBE79,
    0x8514, 0x19E9, 0x09A9, 0x11CA, 0x0989, 0x0168, 0x0168, 0x0988,
    0x0968, 0x0967, 0x08E5, 0x08C4, 0x10C3, 0x10A3, 0x10A3, 0x18C3,
    0x18C3, 0x10C3, 0x18C3, 0x18C3, 0x18C3, 0x18C3, 0x18C3, 0x18C3,
    0x10A3, 0x10A2, 0x18C3, 0x18C3, 0x10A2, 0x10A2, 0x18E3, 0x18C3,
    0x10A2, 0x0882, 0x0861, 0x0841, 0x0842, 0x0882, 0x08A3, 0x08E4,
    0x0905, 0x08C5, 0x00A4, 0x00A4, 0x00A4, 0x00A4, 0x00C5, 0x00C5,
    0x00C5, 0x00C5, 0x00E6, 0x00E6, 0x00E6, 0x00E6, 0x00C6, 0x00C6,
    0x00C6, 0x00E6, 0x0126, 0x19C9, 0x430E, 0x6C94, 0x6473, 0x2AAD,
    0x11EA, 0x11EA, 0x11EA, 0x11EA, 0x11EA, 0x09CA, 0x11CA, 0x11CA,
    0x11EB, 0x0989, 0x0148, 0x430E, 0xADF8, 0x8CB1, 0xADB4, 0xE75B,
    0xD698, 0xC5F5, 0xCE56, 0xDED8, 0xDEF9, 0xDED9, 0xDED9, 0xCE36,
    0xC5F5, 0xCE77, 0xCE56, 0xCE77, 0xDEF9, 0xE71A, 0xC636, 0xA532,
    0xAD52, 0xAD73, 0x94B0, 0x7BED, 0x7BCC, 0x7BCC, 0x6B6B, 0x6B6B,
    0x73AC, 0x738B, 0x842D, 0xB5B3, 0xD697, 0xD6B7, 0xBDF5, 0xA552,
    0xBDF5, 0xBDF5, 0xB5B4, 0xC657, 0xE71A, 0xE73A, 0xE71A, 0xDEF9,
    0xCE56, 0x6B4B, 0x4206, 0x2964, 0x5ACA, 0xAD74, 0xC615, 0xD677,
    0xBE16, 0x73CE, 0x2186, 0x08C4, 0x0926, 0x0926, 0x538F, 0x6431,
    0x1186, 0x32AC, 0x3ACD, 0x0906, 0x19C9, 0x5B90, 0x2A0A, 0x00E6,
    0x0927, 0x0927, 0x0927, 0x0927, 0x0927, 0x0927, 0x0927, 0x0927,
    0x0927, 0x0907, 0x00E6, 0x0106, 0x326C, 0x326B, 0x1168, 0x2A0A,
    0x19C9, 0x00E6, 0x0106, 0x19A9, 0x11A9, 0x0927, 0x0106, 0x00E6,
    0x0926, 0x3A8C, 0x4B4E, 0x4B4E, 0x536F, 0x63F1, 0x6C32, 0x63F1,
    0x5BD0, 0x5BD0, 0x5BB0, 0x5BB0, 0x5390, 0x4B2E, 0x19A9, 0x00C5,
    0x0927, 0x21EA, 0x19C9, 0x0927, 0x0927, 0x0927, 0x0927, 0x0927,
    0x0948, 0x0988, 0x0988, 0x0988, 0x0988, 0x0988, 0x0988, 0x0988,
    0x09A9, 0x09A9, 0x09A9, 0x09A9, 0x09A9, 0x09A9, 0x0989, 0x0988,
    0x0989, 0x0989, 0x0989, 0x0969, 0x0968, 0x0948, 0x0948, 0x0948,
    0x0968, 0x0968, 0x0968, 0x0968, 0x0968, 0x0127, 0x00C5, 0x224B,
    0x6453, 0x32CD, 0x00E6, 0x0127, 0x0927, 0x0927, 0x11A9, 0x19A9,
    0x0127, 0x0968, 0x19EA, 0x19C9, 0x1188, 0x1187, 0x1187, 0x1187,
    0x11A7, 0x11A7, 0x1187, 0x1187, 0x1167, 0x0946, 0x0946, 0x1166,
    0x1167, 0x1166, 0x0946, 0x0946, 0x0946, 0x0946, 0x0946, 0x0946,
    0x0946, 0x0106, 0x0947, 0x19C9, 0x1188, 0x3AAC, 0x430E, 0x3ACD,
    0x432E, 0x4B4E, 0x4B2E, 0x328B, 0x432E, 0xA619, 0xAE39, 0x430D,
    0x2A4A, 0x3AAC, 0x326B, 0x21E9, 0x74B3, 0xBEFC, 0x6C52, 0x2A4A,
    0x4B2D, 0x4B4E, 0x2A6A, 0x6C52, 0xB69A, 0x74B3, 0x328B, 0x4B4E,
    0x53AF, 0x538F, 0x538F, 0x53B0, 0x434F, 0x222A, 0x0167, 0x0168,
    0x0968, 0x0948, 0x0127, 0x00E6, 0x08C5, 0x6BF0, 0x7C30, 0x7C2F,
    0x94D2, 0x6B8C, 0x73CD, 0x842F, 0x8CB1, 0x634C, 0x52CA, 0x636C,
    0x94B1, 0xD678, 0xDEB9, 0xCE57, 0xE73A, 0xA533, 0x2144, 0x2103,
    0x2124, 0x2124, 0x2124, 0x2104, 0x2103, 0x2103, 0x2103, 0x2104,
    0x2124, 0x2124, 0x2124, 0x2944, 0x2944, 0x2945, 0x2965, 0x2965,
    0x2965, 0x2965, 0x2965, 0x2945, 0x2965, 0x2965, 0x2965, 0x2965,
    0x2964, 0x2944, 0x2944, 0x2944, 0x2945, 0x2144, 0x2144, 0x2124,
    0x2124, 0x0841, 0x4A89, 0xCE58, 0xDED9, 0xDEFA, 0xDED9, 0xA532,
    0x3A06, 0x2985, 0x2145, 0x4249, 0x634D, 0x638D, 0x6BAD, 0x29C6,
    0x3A48, 0x3228, 0x08E4, 0x0906, 0x0968, 0x0989, 0x0989, 0x0988,
    0x0988, 0x0968, 0x0968, 0x0968, 0x00E6, 0x19E9, 0x6452, 0x5C31,
    0x3ACC, 0x1126, 0x0083, 0x0083, 0x08A4, 0x08A4, 0x08C4, 0x08C5,
    0x0906, 0x0967, 0x224B, 0x5412, 0x1A6C, 0x01A9, 0x09A9, 0x0989,
    0x09AA, 0x09AA, 0x09AA, 0x098A, 0x0969, 0x0107, 0x0107, 0x0989,
    0x09AA, 0x0969, 0x0107, 0x0927, 0x0989, 0x0989, 0x0989, 0x0989,
    0x0969, 0x0968, 0x0948, 0x0948, 0x0147, 0x0127, 0x0107, 0x0106,
    0x0106, 0x0106, 0x00E5, 0x00E5, 0x00C5, 0x00C4, 0x00C4, 0x00A4,
    0x08A4, 0x00A3, 0x0083, 0x0883, 0x0883, 0x0083, 0x0083, 0x0083,
    0x0083, 0x0083, 0x0083, 0x0083, 0x0083, 0x0083, 0x0083, 0x0083,
    0x0083, 0x0083, 0x0063, 0x0083, 0x0062, 0x0063, 0x0083, 0x0083,
    0x0083, 0x0083, 0x0083, 0x0083, 0x0083, 0x0083, 0x0083, 0x0083,
    0x0083, 0x0083, 0x1946, 0x3209, 0x2186, 0x08C3, 0x0062, 0x08C3,
    0x29C7, 0x3208, 0x1945, 0x08A3, 0x08A3, 0x00A3, 0x08A3, 0x08A3,
    0x08A3, 0x00A3, 0x08A3, 0x1945, 0x73EF, 0x1146, 0x0968, 0x0988,
    0x0988, 0x0968, 0x0127, 0x0127, 0x11A9, 0x3ACD, 0x8D35, 0xC6DB,
    0xB638, 0xA5B6, 0xA5D6, 0x6C30, 0x2209, 0x0988, 0x11CA, 0x226C,
    0x222A, 0x0106, 0x00A4, 0x0083, 0x00A3, 0x00C4, 0x1104, 0x1925,
    0x2124, 0x2144, 0x2965, 0x2965, 0x2965, 0x2965, 0x2965, 0x2965,
    0x3186, 0x3186, 0x2985, 0x2965, 0x2966, 0x3186, 0x3165, 0x2965,
    0x2965, 0x2965, 0x2965, 0x2945, 0x2145, 0x10C3, 0x0841, 0x0841,
    0x0882, 0x1904, 0x2145, 0x08C3, 0x08C3, 0x08C5, 0x00A4, 0x1127,
    0x21E9, 0x1167, 0x0927, 0x1147, 0x1147, 0x0927, 0x0947, 0x0947,
    0x0947, 0x0948, 0x0947, 0x0947, 0x0927, 0x0927, 0x0107, 0x00E6,
    0x00C5, 0x11A9, 0x4B70, 0x53B0, 0x226C, 0x09CA, 0x09CA, 0x09CA,
    0x09CA, 0x09AA, 0x09AA, 0x11CA, 0x11CA, 0x0127, 0x0106, 0x534E,
    0xD71C, 0xBE16, 0xB594, 0xE73A, 0xDEB8, 0xC5F5, 0xD677, 0xE73A,
    0xDED8, 0xD697, 0xCE36, 0xBDB4, 0xAD93, 0xAD93, 0xCE77, 0xE75A,
    0xAD73, 0x738B, 0x41E5, 0x2101, 0x3142, 0x3162, 0x3142, 0x2942,
    0x2942, 0x2942, 0x2942, 0x2942, 0x2902, 0x18C1, 0x1080, 0x18A1,
    0x2103, 0x5288, 0x9CD0, 0xCE97, 0xD6D9, 0xB5B4, 0xAD94, 0xBE15,
    0xCE97, 0xDF19, 0xE71A, 0xE71A, 0xCE77, 0x738C, 0x4247, 0x2944,
    0x5289, 0xAD33, 0xBDD4, 0xCE56, 0xC615, 0x8CB1, 0x3207, 0x1105,
    0x00E5, 0x1168, 0x7493, 0x8555, 0x2A6A, 0x74D4, 0x9597, 0x19C8,
    0x3ACC, 0xA619, 0x53B0, 0x0126, 0x0988, 0x0968, 0x0968, 0x0968,
    0x0968, 0x0968, 0x0968, 0x0968, 0x19C9, 0x19EA, 0x0947, 0x00C5,
    0x2A4B, 0x7CD4, 0x8515, 0x538F, 0x0947, 0x0107, 0x19A9, 0x1188,
    0x0106, 0x0106, 0x00E6, 0x0907, 0x21E9, 0x536F, 0x2A6B, 0x0966,
    0x0105, 0x00A4, 0x0084, 0x0063, 0x0063, 0x0063, 0x0063, 0x0084,
    0x00A4, 0x00A4, 0x00C5, 0x00E6, 0x1188, 0x42EE, 0x32AD, 0x0968,
    0x0948, 0x0968, 0x0968, 0x0968, 0x0948, 0x0968, 0x0988, 0x0988,
    0x0988, 0x0988, 0x0968, 0x0147, 0x0147, 0x0148, 0x0148, 0x0148,
    0x0127, 0x0148, 0x0148, 0x0148, 0x0148, 0x0168, 0x0969, 0x0989,
    0x0168, 0x0989, 0x0988, 0x0168, 0x0968, 0x0988, 0x0988, 0x0988,
    0x0989, 0x0968, 0x0107, 0x00E5, 0x224B, 0x6453, 0x32CD, 0x0106,
    0x0927, 0x1168, 0x1188, 0x0147, 0x0988, 0x19EA, 0x0988, 0x0106,
    0x220A, 0x536F, 0x538F, 0x536F, 0x536F, 0x538F, 0x5BAF, 0x5BB0,
    0x5BB0, 0x5BD0, 0x5BD0, 0x63D0, 0x63F1, 0x63F1, 0x63F1, 0x6411,
    0x6C31, 0x6C31, 0x6C11, 0x6411, 0x6C32, 0x6C32, 0x5390, 0x1188,
    0x432E, 0x9DF9, 0xAE39, 0xAE39, 0xB679, 0xB67A, 0xB679, 0xAE18,
    0x9575, 0xA5D7, 0xADD7, 0x9D75, 0xADF8, 0xB659, 0xB638, 0x9575,
    0x8D14, 0x9555, 0x84F3, 0xA5D7, 0xBE7A, 0xBE7A, 0xA5B7, 0x8D14,
    0x9534, 0x8D13, 0xA5D7, 0xBE79, 0xBE7A, 0xBE79, 0xB679, 0xB679,
    0xB659, 0x8D35, 0x224A, 0x0147, 0x0168, 0x0968, 0x0147, 0x00E5,
    0x00A4, 0x8CF4, 0xF7BE, 0xF7BE, 0xD699, 0x9CF2, 0xC657, 0xC657,
    0xB5D5, 0x6BAE, 0x52CA, 0x5B0B, 0x8450, 0xDED9, 0xD698, 0xCE57,
    0xE71A, 0x94B1, 0x1903, 0x2103, 0x2124, 0x2124, 0x2124, 0x2124,
    0x2104, 0x2104, 0x2104, 0x2104, 0x2104, 0x2124, 0x2124, 0x2944,
    0x2944, 0x2944, 0x2944, 0x2964, 0x2965, 0x2965, 0x2965, 0x2965,
    0x2964, 0x2944, 0x2965, 0x3185, 0x3165, 0x2944, 0x2945, 0x2945,
    0x2944, 0x2144, 0x2144, 0x2124, 0x2124, 0x0861, 0x4228, 0xC5F6,
    0xD6B8, 0xE6F9, 0xDED9, 0xA553, 0x3A06, 0x2964, 0x2164, 0x52CA,
    0x8C91, 0x94F2, 0x846F, 0x5B4B, 0x84B1, 0x3A69, 0x00C4, 0x0906,
    0x0968, 0x0989, 0x0989, 0x0989, 0x0989, 0x0188, 0x0968, 0x0968,
    0x0127, 0x19C9, 0x4BB0, 0x2A8B, 0x2209, 0x324A, 0x42EC, 0x5B6E,
    0x4B0D, 0x532D, 0x7451, 0x6C11, 0x2209, 0x1167, 0x222A, 0x4BF1,
    0x1A4B, 0x01A9, 0x09A9, 0x0989, 0x09AA, 0x09AA, 0x09AA, 0x09AA,
    0x09AA, 0x09A9, 0x09A9, 0x09AA, 0x09CB, 0x09CA, 0x09AA, 0x09A9,
    0x09AA, 0x09AA, 0x09AA, 0x0989, 0x0969, 0x0968, 0x0948, 0x0947,
    0x0127, 0x0127, 0x0907, 0x0106, 0x00E6, 0x00E5, 0x00E5, 0x00C5,
    0x00C4, 0x00A4, 0x00A4, 0x00A4, 0x0083, 0x0083, 0x0083, 0x0883,
    0x0883, 0x0083, 0x0063, 0x0062, 0x0062, 0x0062, 0x0062, 0x0082,
    0x0062, 0x0062, 0x0062, 0x0062, 0x0062, 0x0062, 0x0062, 0x0062,
    0x0062, 0x0062, 0x0062, 0x0063, 0x0062, 0x0062, 0x0062, 0x0883,
    0x08A3, 0x0083, 0x0083, 0x0083, 0x0083, 0x0082, 0x0062, 0x08A3,
    0x08A3, 0x0082, 0x0882, 0x0062, 0x0062, 0x08C3, 0x08A3, 0x00A3,
    0x0083, 0x0083, 0x0883, 0x08A3, 0x0083, 0x00A3, 0x00A3, 0x1945,
    0x7C30, 0x1146, 0x0967, 0x11C9, 0x11C9, 0x0988, 0x0988, 0x0147,
    0x0106, 0x1168, 0x2A4B, 0x63D0, 0x9555, 0xAE18, 0xB638, 0x430C,
    0x0126, 0x11C9, 0x11C9, 0x2A4B, 0x430D, 0x6C10, 0x8CB2, 0x73EF,
    0x638D, 0x3A28, 0x10C3, 0x2945, 0x2965, 0x3186, 0x2965, 0x2965,
    0x3186, 0x31A6, 0x31A6, 0x31A6, 0x31A6, 0x3186, 0x31A6, 0x31A6,
    0x31A6, 0x31A6, 0x31A6, 0x31A6, 0x31A6, 0x3186, 0x2965, 0x3186,
    0x31A6, 0x18E3, 0x0861, 0x1061, 0x18E3, 0x2965, 0x2965, 0x18E4,
    0x2165, 0x21A7, 0x00A4, 0x08E5, 0x21E9, 0x1188, 0x220A, 0x220A,
    0x0968, 0x1188, 0x1188, 0x11A9, 0x11A9, 0x0989, 0x0989, 0x09A9,
    0x1189, 0x0989, 0x0989, 0x0988, 0x0948, 0x0106, 0x0147, 0x2A6C,
    0x432F, 0x2AAD, 0x226C, 0x224B, 0x224B, 0x224C, 0x1A4B, 0x224C,
    0x2AAD, 0x226B, 0x224A, 0x430C, 0xB638, 0xCE78, 0xBDF5, 0xEF5A,
    0xEF3A, 0xCE36, 0xDEB8, 0xEF5A, 0xDEB8, 0xCE57, 0xC615, 0xB5D4,
    0xC656, 0xD6D9, 0xB5B4, 0x738B, 0x4A25, 0x5AA7, 0x7B8A, 0x8C0C,
    0x8C2C, 0x942C, 0x944D, 0x946D, 0x946D, 0x944D, 0x9C6D, 0x944D,
    0x942C, 0x8BCB, 0x7B6A, 0x6287, 0x3963, 0x1040, 0x0800, 0x4206,
    0xAD53, 0xD6B8, 0xC657, 0xC656, 0xC636, 0xCE77, 0xDF19, 0xE73A,
    0xD698, 0x6B6B, 0x5288, 0x31A5, 0x634B, 0xC636, 0xD677, 0xDEB8,
    0xCE57, 0x6B8C, 0x1124, 0x0905, 0x0906, 0x0947, 0x7493, 0x8D76,
    0x2A69, 0x6C92, 0x9597, 0x11A7, 0x328B, 0x9DF8, 0x538F, 0x0126,
    0x0988, 0x0988, 0x0989, 0x0969, 0x0989, 0x0989, 0x0988, 0x11A9,
    0x32CE, 0x4B70, 0x2A6C, 0x0106, 0x00C5, 0x2A2A, 0x3AED, 0x1167,
    0x0106, 0x21EA, 0x19A9, 0x00E6, 0x00E6, 0x00E6, 0x0927, 0x19C9,
    0x19A9, 0x1188, 0x1167, 0x0926, 0x0926, 0x0947, 0x21E9, 0x324B,
    0x2A2A, 0x2A0A, 0x21C8, 0x0926, 0x00C5, 0x00E5, 0x0906, 0x1147,
    0x00C5, 0x0906, 0x0947, 0x0968, 0x0968, 0x0968, 0x0968, 0x0968,
    0x0968, 0x0968, 0x0988, 0x0988, 0x0989, 0x09A9, 0x11C9, 0x3B0E,
    0x4BB0, 0x4B90, 0x434F, 0x3B2F, 0x3B0F, 0x3B0E, 0x432F, 0x4BB1,
    0x53D1, 0x434F, 0x11CA, 0x0188, 0x09C9, 0x32CE, 0x432F, 0x1A0A,
    0x0968, 0x0989, 0x0988, 0x0988, 0x0989, 0x0989, 0x0968, 0x0127,
    0x00E6, 0x19EA, 0x2A8C, 0x0988, 0x0147, 0x1189, 0x0947, 0x0968,
    0x11A9, 0x0168, 0x0148, 0x11A9, 0x222B, 0x328C, 0x2A4B, 0x2A2A,
    0x2A2A, 0x324A, 0x328B, 0x328C, 0x328C, 0x3AAC, 0x3ACC, 0x3AAC,
    0x3AAC, 0x3A8C, 0x3A8C, 0x3AAC, 0x3AAC, 0x3AAC, 0x326B, 0x324B,
    0x328C, 0x3AAC, 0x220A, 0x0927, 0x7473, 0xB65A, 0xBE59, 0xCEFB,
    0xD71C, 0xD71B, 0xD71C, 0xD6FB, 0xBE38, 0x9D75, 0xA5B6, 0xC6BA,
    0xD71C, 0xD73C, 0xD71B, 0xCEDA, 0xADD7, 0x9534, 0xB659, 0xD71C,
    0xD71C, 0xD73C, 0xD71C, 0xB638, 0xA5B6, 0xBE9A, 0xD71C, 0xD71C,
    0xD71B, 0xD71B, 0xD71B, 0xCEDA, 0xBE79, 0xB618, 0x430D, 0x0147,
    0x0968, 0x0968, 0x0947, 0x0106, 0x0043, 0x73F0, 0xFFFF, 0xFFFF,
    0xFFFF, 0xEF7D, 0xAD74, 0x7C2F, 0x52CA, 0x3A08, 0x29C7, 0x2165,
    0x31E7, 0x8450, 0xC5F6, 0xD657, 0xBDB5, 0x39E6, 0x1081, 0x2103,
    0x2104, 0x2124, 0x2124, 0x2124, 0x2124, 0x2104, 0x2104, 0x2104,
    0x2103, 0x2104, 0x2124, 0x2124, 0x2124, 0x2124, 0x2944, 0x2965,
    0x2964, 0x2944, 0x2965, 0x2965, 0x2944, 0x2944, 0x3185, 0x3185,
    0x2964, 0x2964, 0x2944, 0x2944, 0x2144, 0x2944, 0x2144, 0x2124,
    0x2124, 0x1082, 0x1081, 0x736C, 0xE6F9, 0xF7BC, 0xDEF9, 0x8C90,
    0x52A8, 0x31C5, 0x31E6, 0x4A89, 0x4AA9, 0x52E9, 0x73ED, 0x9513,
    0x7410, 0x1145, 0x08E5, 0x0927, 0x0968, 0x0989, 0x0989, 0x09A9,
    0x09A9, 0x0989, 0x0189, 0x0989, 0x0148, 0x19EA, 0x53D1, 0x19E8,
    0x326A, 0x42EC, 0x6C31, 0x9D96, 0x6C30, 0x6C30, 0x84F3, 0x8514,
    0x42EC, 0x19C8, 0x2A8B, 0x5412, 0x1A6C, 0x01A9, 0x0189, 0x09AA,
    0x09AA, 0x09AA, 0x09AA, 0x09CA, 0x09CA, 0x09CA, 0x09CA, 0x09CA,
    0x09CB, 0x09CA, 0x09CA, 0x09AA, 0x09AA, 0x09AA, 0x0989, 0x0989,
    0x0169, 0x0968, 0x0948, 0x0127, 0x0927, 0x0106, 0x0106, 0x00E6,
    0x00E5, 0x00C5, 0x00C4, 0x00A4, 0x00A4, 0x00A4, 0x00A3, 0x0083,
    0x0083, 0x0063, 0x0063, 0x0063, 0x0062, 0x0062, 0x0062, 0x0062,
    0x0062, 0x0062, 0x0062, 0x0042, 0x0062, 0x0041, 0x0041, 0x0062,
    0x0062, 0x0062, 0x0042, 0x0041, 0x0042, 0x0042, 0x0042, 0x0062,
    0x0042, 0x0041, 0x0041, 0x0042, 0x0862, 0x0882, 0x0062, 0x0062,
    0x0062, 0x0062, 0x0062, 0x0062, 0x0062, 0x0062, 0x0062, 0x0062,
    0x0062, 0x0082, 0x0082, 0x0082, 0x0083, 0x0083, 0x0083, 0x0883,
    0x0083, 0x0083, 0x0083, 0x1925, 0x7C51, 0x1146, 0x0967, 0x11A9,
    0x11C9, 0x09A9, 0x09A9, 0x0968, 0x0127, 0x00E6, 0x0968, 0x1A0A,
    0x432E, 0x7CD4, 0x9556, 0x42EC, 0x0967, 0x11CA, 0x09A9, 0x220A,
    0x63AF, 0xBE58, 0xEF5C, 0xF7FE, 0xFFFF, 0xAD95, 0x18C3, 0x2945,
    0x3186, 0x31A6, 0x3185, 0x3185, 0x31A6, 0x31A6, 0x39C6, 0x39C6,
    0x31C6, 0x31A6, 0x31A6, 0x39C6, 0x31A6, 0x31A6, 0x31A6, 0x39C6,
    0x39C6, 0x31A6, 0x2965, 0x3185, 0x3186, 0x18E3, 0x10A2, 0x18C3,
    0x2103, 0x2965, 0x528A, 0x73CF, 0x636D, 0x29C7, 0x1125, 0x1126,
    0x19A8, 0x1188, 0x6432, 0x6432, 0x0988, 0x0968, 0x09A9, 0x09A9,
    0x09A9, 0x09A9, 0x0989, 0x0989, 0x0989, 0x0989, 0x0989, 0x0989,
    0x0989, 0x0968, 0x0107, 0x0107, 0x224B, 0x5C33, 0x7516, 0x7D16,
    0x7D16, 0x7515, 0x74F5, 0x7D16, 0x8577, 0x7D15, 0x6472, 0x3AEC,
    0x42AA, 0xAD75, 0xD699, 0xDED9, 0xCE77, 0xCE36, 0xDED8, 0xEF5B,
    0xDED8, 0xC615, 0xBE15, 0xBDF5, 0xC656, 0x94B0, 0x6309, 0x7B6A,
    0x9C8E, 0xACEF, 0xAD2F, 0xB530, 0xB52F, 0xB530, 0xB530, 0xB550,
    0xB550, 0xAD0F, 0xB52F, 0xBD50, 0xB52F, 0xACEE, 0xA4AE, 0x9C6D,
    0x8C0B, 0x7328, 0x3983, 0x0800, 0x0840, 0x7BAC, 0xD6B9, 0xCE78,
    0xCE77, 0xC657, 0xBE15, 0xD6D8, 0xDED9, 0xAD53, 0x5288, 0x2124,
    0x52A9, 0xA513, 0xB594, 0xC636, 0xA533, 0x3A48, 0x1104, 0x0905,
    0x00C5, 0x19A9, 0x84F5, 0x9596, 0x4B4D, 0x7CD3, 0x9596, 0x326A,
    0x4B4D, 0x9DD8, 0x4B4E, 0x0126, 0x0988, 0x0989, 0x0989, 0x0989,
    0x0989, 0x09A9, 0x11A9, 0x0948, 0x0927, 0x220B, 0x11A9, 0x0948,
    0x0106, 0x00C5, 0x00A5, 0x0106, 0x19C9, 0x19C9, 0x0106, 0x19A9,
    0x3AAC, 0x220A, 0x1168, 0x1168, 0x0906, 0x00E5, 0x0906, 0x1147,
    0x0947, 0x430E, 0x95B8, 0x9DF9, 0x9DD8, 0x9DD8, 0x8536, 0x32AC,
    0x19C9, 0x326B, 0x21E9, 0x1167, 0x08E6, 0x0084, 0x00E6, 0x1189,
    0x2A8D, 0x32EE, 0x19EA, 0x0969, 0x0968, 0x0948, 0x0968, 0x0968,
    0x0989, 0x11A9, 0x226C, 0x53D1, 0x6412, 0x5BF1, 0x4B8F, 0x4B6F,
    0x3B0E, 0x3B0E, 0x430E, 0x432E, 0x53B0, 0x74D4, 0x5C11, 0x1A09,
    0x0147, 0x1189, 0x1A0B, 0x11A9, 0x0147, 0x0148, 0x0968, 0x0989,
    0x0989, 0x0989, 0x0989, 0x0168, 0x0127, 0x0927, 0x0968, 0x0988,
    0x0147, 0x1189, 0x0968, 0x0968, 0x0988, 0x0127, 0x1188, 0x1168,
    0x0107, 0x00A5, 0x0947, 0x3ACD, 0x21E9, 0x0084, 0x0084, 0x00A5,
    0x00A5, 0x00A5, 0x00A5, 0x00A5, 0x00A5, 0x00A5, 0x00A5, 0x00A5,
    0x00A5, 0x00A4, 0x00A5, 0x00A5, 0x00A5, 0x00A5, 0x0085, 0x00E6,
    0x7473, 0xB67A, 0xA5D7, 0x7430, 0x6BF0, 0x7431, 0x7431, 0x7430,
    0x5B6E, 0x42EB, 0x42EB, 0x5B6D, 0x6BF0, 0x7C51, 0x84B2, 0x8CB2,
    0x8CD3, 0x84B2, 0x8CD3, 0x84B3, 0x7C51, 0x7410, 0x6BCE, 0x5B8E,
    0x538E, 0x63CF, 0x6BF0, 0x63CF, 0x5B8E, 0x5B6D, 0x6BEF, 0xB5F7,
    0xC679, 0xB638, 0x4B2D, 0x0147, 0x0968, 0x0948, 0x0968, 0x0127,
    0x00A5, 0x1105, 0x94F4, 0xF79E, 0xFFFF, 0xDEDB, 0x6BAD, 0x4289,
    0x29A6, 0x29C7, 0x3208, 0x29C7, 0x2145, 0x39E7, 0xBDD6, 0xD698,
    0x83EE, 0x1081, 0x1082, 0x18E4, 0x2104, 0x2104, 0x2104, 0x2104,
    0x2104, 0x2104, 0x2104, 0x2104, 0x2104, 0x2104, 0x2104, 0x2124,
    0x2124, 0x2124, 0x2944, 0x2965, 0x2964, 0x2965, 0x3185, 0x2965,
    0x2964, 0x2944, 0x2964, 0x3185, 0x3185, 0x2964, 0x2964, 0x2964,
    0x2944, 0x2944, 0x2944, 0x2124, 0x2104, 0x10A2, 0x0000, 0x39E6,
    0xCE57, 0xE71A, 0xB594, 0x632B, 0x52C9, 0x4248, 0x3A07, 0x3A07,
    0x3207, 0x4268, 0x4AEA, 0x42AA, 0x1125, 0x08E5, 0x0906, 0x0947,
    0x0989, 0x0989, 0x0989, 0x09A9, 0x09A9, 0x09A9, 0x09A9, 0x0989,
    0x0148, 0x11EA, 0x4B90, 0x11A8, 0x2A09, 0x4AEC, 0x5B6E, 0x532D,
    0x536D, 0x7451, 0x7CD3, 0x7CB2, 0x4B4D, 0x32AB, 0x32AC, 0x5C32,
    0x1A6C, 0x0189, 0x01A9, 0x09AA, 0x0189, 0x09A9, 0x09AA, 0x09AA,
    0x09AA, 0x09AA, 0x09AA, 0x09AA, 0x09AA, 0x09AA, 0x09AA, 0x09AA,
    0x09AA, 0x098A, 0x0989, 0x0989, 0x0969, 0x0148, 0x0148, 0x0127,
    0x0107, 0x0106, 0x00E6, 0x00E5, 0x00C4, 0x00A4, 0x00A4, 0x00A4,
    0x0083, 0x0083, 0x0083, 0x0062, 0x0062, 0x0062, 0x0042, 0x0042,
    0x0042, 0x0042, 0x0041, 0x0041, 0x0041, 0x0041, 0x0041, 0x0041,
    0x0041, 0x0041, 0x0041, 0x0041, 0x0041, 0x0041, 0x0041, 0x0041,
    0x0041, 0x0041, 0x0041, 0x0041, 0x0041, 0x0041, 0x0041, 0x0041,
    0x0041, 0x0041, 0x0041, 0x0041, 0x0042, 0x0042, 0x0061, 0x0062,
    0x0062, 0x0061, 0x0061, 0x0042, 0x0062, 0x0062, 0x0062, 0x0062,
    0x0062, 0x0062, 0x0062, 0x0082, 0x0883, 0x0883, 0x0883, 0x1925,
    0x8491, 0x1146, 0x0967, 0x0968, 0x11A9, 0x09A9, 0x09A9, 0x11A9,
    0x1188, 0x0928, 0x0106, 0x0988, 0x224B, 0x222B, 0x19C8, 0x0967,
    0x11A8, 0x11A9, 0x0988, 0x21E9, 0x6BF0, 0xBE37, 0xD6B9, 0xD6D9,
    0xEF5C, 0xBDF7, 0x18E2, 0x2945, 0x31C6, 0x3185, 0x3185, 0x3185,
    0x3185, 0x31A5, 0x31A6, 0x39C6, 0x39C6, 0x31C6, 0x31A6, 0x31A6,
    0x31A5, 0x31C6, 0x31A5, 0x3185, 0x31A5, 0x39C6, 0x3185, 0x31A6,
    0x31A6, 0x18E3, 0x18E3, 0x2124, 0x10A2, 0x31A6, 0xA513, 0xC618,
    0xADB6, 0x636D, 0x2166, 0x21A7, 0x29E9, 0x19A8, 0x7CD4, 0x7CD4,
    0x11A8, 0x0988, 0x09A9, 0x09A9, 0x09A9, 0x09A9, 0x09A9, 0x09A9,
    0x09A9, 0x09A9, 0x09A9, 0x09A9, 0x0989, 0x0989, 0x0968, 0x0107,
    0x0947, 0x11C9, 0x222A, 0x224B, 0x224B, 0x224A, 0x222A, 0x222A,
    0x328C, 0x328C, 0x19E9, 0x0926, 0x00C4, 0x3208, 0x52EB, 0x52CA,
    0x73AD, 0xBDD5, 0xB5B4, 0xB593, 0xBDD5, 0xAD93, 0xAD94, 0xB5D4,
    0x840D, 0x738A, 0x9C6D, 0xAD0F, 0xB530, 0xB550, 0xBD91, 0xBD92,
    0xBD71, 0xBD71, 0xBD91, 0xBD91, 0xBD71, 0xBD91, 0xBD71, 0xBD91,
    0xC5B2, 0xBD91, 0xBD71, 0xB550, 0xA4AE, 0x944C, 0x8BCB, 0x5A46,
    0x1860, 0x0820, 0x6B2A, 0xD678, 0xC636, 0xB5B4, 0xA573, 0xB5B4,
    0xBDF5, 0xC616, 0x39C5, 0x0861, 0x0881, 0x0861, 0x1903, 0x31C6,
    0x636D, 0x7431, 0x2A09, 0x0926, 0x0947, 0x32AD, 0x9577, 0xA618,
    0xA5F7, 0xAE38, 0xB638, 0xA5B6, 0xA5F7, 0xAE39, 0x4B4D, 0x0126,
    0x0989, 0x0989, 0x11A9, 0x09A9, 0x09A9, 0x09A9, 0x11CA, 0x0989,
    0x00A5, 0x00A5, 0x0106, 0x1188, 0x0947, 0x0907, 0x1127, 0x1168,
    0x1188, 0x0927, 0x0927, 0x1167, 0x21E9, 0x21E9, 0x0927, 0x0106,
    0x0906, 0x0927, 0x1188, 0x19EA, 0x0988, 0x19C9, 0x32AC, 0x326B,
    0x2A09, 0x326A, 0x328B, 0x2A29, 0x6411, 0x8D57, 0x5390, 0x19C9,
    0x21EA, 0x21EA, 0x2A0A, 0x222B, 0x32CD, 0x4B70, 0x3ACE, 0x1A0B,
    0x1A0B, 0x1A0B, 0x226C, 0x1A0A, 0x11A9, 0x32CD, 0x32CD, 0x224A,
    0x1187, 0x0926, 0x1187, 0x0967, 0x1167, 0x1167, 0x0947, 0x0926,
    0x1187, 0x328B, 0x6C73, 0x6C93, 0x224A, 0x00A4, 0x0106, 0x1A0A,
    0x2A6B, 0x2A6C, 0x222B, 0x0988, 0x0968, 0x0989, 0x0989, 0x0168,
    0x0127, 0x0927, 0x1189, 0x0989, 0x0147, 0x1188, 0x0947, 0x0968,
    0x0988, 0x0147, 0x1188, 0x0927, 0x0927, 0x1168, 0x328C, 0x74D5,
    0x436F, 0x1A0A, 0x1189, 0x0927, 0x1148, 0x0948, 0x0968, 0x0968,
    0x0948, 0x0948, 0x0948, 0x0947, 0x0947, 0x0947, 0x0947, 0x0927,
    0x0927, 0x0927, 0x0927, 0x0948, 0x7CF4, 0xBE7A, 0x8CD3, 0x0945,
    0x0126, 0x0967, 0x0967, 0x0947, 0x0947, 0x0946, 0x0946, 0x1987,
    0x324A, 0x534E, 0x7451, 0x7C72, 0x7C92, 0x84B2, 0x7C92, 0x7C72,
    0x7451, 0x63AF, 0x3A6A, 0x1146, 0x0105, 0x0925, 0x0905, 0x0905,
    0x0905, 0x00E5, 0x00C4, 0x63F0, 0xBE79, 0xAE18, 0x432D, 0x0167,
    0x0988, 0x0968, 0x0968, 0x0948, 0x0106, 0x00A4, 0x0083, 0x3A08,
    0x52AA, 0x31E7, 0x2986, 0x29A6, 0x3208, 0x3209, 0x3229, 0x29E8,
    0x29A7, 0x29A7, 0x4A8A, 0x4A48, 0x2944, 0x18E3, 0x1082, 0x2104,
    0x2104, 0x2124, 0x2104, 0x2104, 0x2104, 0x2104, 0x2104, 0x2104,
    0x2104, 0x2124, 0x2104, 0x2104, 0x2124, 0x2124, 0x2944, 0x2965,
    0x2965, 0x3185, 0x3185, 0x2965, 0x2944, 0x2924, 0x2944, 0x3185,
    0x3185, 0x2964, 0x3184, 0x2964, 0x2964, 0x2945, 0x2945, 0x2944,
    0x2124, 0x10A2, 0x0861, 0x2124, 0x2944, 0x2964, 0x4227, 0x73AD,
    0x73AD, 0x4A89, 0x3A07, 0x3208, 0x3228, 0x3228, 0x1145, 0x00A4,
    0x08E5, 0x0926, 0x0947, 0x0988, 0x0969, 0x0169, 0x0168, 0x0989,
    0x09A9, 0x09A9, 0x09A9, 0x09A9, 0x11A9, 0x11C9, 0x11C9, 0x0107,
    0x00C5, 0x21C9, 0x21E9, 0x00E5, 0x19A7, 0x2A29, 0x32AB, 0x3AEC,
    0x224A, 0x11A8, 0x1A0A, 0x3B0E, 0x09CA, 0x0189, 0x0989, 0x0189,
    0x0189, 0x09A9, 0x09A9, 0x09A9, 0x098A, 0x09A9, 0x09AA, 0x09AA,
    0x09A9, 0x09AA, 0x09AA, 0x09AA, 0x09A9, 0x0989, 0x0989, 0x0169,
    0x0968, 0x0148, 0x0127, 0x0127, 0x0106, 0x00E6, 0x00E5, 0x00C4,
    0x00A4, 0x00A3, 0x0083, 0x0083, 0x0083, 0x0062, 0x0062, 0x0062,
    0x0041, 0x0041, 0x0041, 0x0041, 0x0041, 0x0041, 0x0041, 0x0041,
    0x0041, 0x0041, 0x0041, 0x0041, 0x0041, 0x0041, 0x0041, 0x0041,
    0x0041, 0x0041, 0x0041, 0x0041, 0x0041, 0x0041, 0x0041, 0x0041,
    0x0041, 0x0041, 0x0041, 0x0041, 0x0041, 0x0041, 0x0041, 0x0041,
    0x0041, 0x0041, 0x0041, 0x0041, 0x0041, 0x0041, 0x0041, 0x0041,
    0x0041, 0x0041, 0x0042, 0x0042, 0x0042, 0x0042, 0x0062, 0x0062,
    0x0062, 0x0083, 0x0883, 0x1925, 0x8CB2, 0x1146, 0x0947, 0x0988,
    0x11A9, 0x09A9, 0x09A9, 0x11A9, 0x1189, 0x0968, 0x0127, 0x00E6,
    0x0947, 0x220A, 0x224B, 0x19C9, 0x1189, 0x11A9, 0x0968, 0x1187,
    0x6BCF, 0xCEB9, 0xE75B, 0xCE57, 0xDED9, 0xB575, 0x18C2, 0x2965,
    0x39C6, 0x31A6, 0x31A6, 0x31A6, 0x31A6, 0x31A5, 0x31A5, 0x39C6,
    0x31A5, 0x31A6, 0x31A6, 0x31A6, 0x31A5, 0x31C6, 0x39E6, 0x39E6,
    0x39C6, 0x39C6, 0x3185, 0x31C6, 0x39C6, 0x18E3, 0x18E3, 0x2145,
    0x0861, 0x31A6, 0xB5B6, 0xD6B9, 0xC658, 0x7C10, 0x3A49, 0x42AB,
    0x2A09, 0x1167, 0x7CB3, 0x7CD4, 0x11A8, 0x0968, 0x09A9, 0x0989,
    0x09A9, 0x09A9, 0x09A9, 0x09A9, 0x09A9, 0x09C9, 0x09A9, 0x09A9,
    0x09A9, 0x09A9, 0x0989, 0x0968, 0x0948, 0x0107, 0x00C6, 0x00C6,
    0x00C5, 0x00C5, 0x00C5, 0x00C5, 0x00A5, 0x0106, 0x0147, 0x0106,
    0x00E6, 0x00A4, 0x0083, 0x0062, 0x4AAA, 0xBE36, 0x9CF0, 0x9CF1,
    0xAD73, 0xB5B4, 0xB5B4, 0x8C4E, 0x83EB, 0xA4CE, 0xBD70, 0xBD71,
    0xBD71, 0xBD71, 0xBD71, 0xBD71, 0xBD71, 0xBD71, 0xBD71, 0xBD71,
    0xBD71, 0xBD71, 0xB571, 0xB551, 0xBD91, 0xBD71, 0xBD71, 0xBD71,
    0xB550, 0xACEF, 0x9C4C, 0x8BEB, 0x5225, 0x1860, 0x0820, 0x7BAC,
    0xCE56, 0xC636, 0xCE97, 0xC656, 0xC636, 0xB5D5, 0x31C5, 0x18C2,
    0x39E7, 0x2986, 0x10E3, 0x1945, 0x21C7, 0x2A09, 0x2A0A, 0x19C9,
    0x1188, 0x11C9, 0x9577, 0xD75D, 0xD73C, 0xD73C, 0xD73C, 0xD73C,
    0xD73C, 0xC6DB, 0x42EC, 0x0126, 0x09A9, 0x09A9, 0x09A9, 0x09A9,
    0x09AA, 0x09CA, 0x11CA, 0x11CA, 0x0948, 0x0927, 0x0947, 0x0968,
    0x0106, 0x00C5, 0x00E6, 0x0927, 0x0947, 0x0947, 0x220A, 0x0906,
    0x0022, 0x0126, 0x0947, 0x0926, 0x0926, 0x1147, 0x19EA, 0x4BB1,
    0x1A2A, 0x0147, 0x0083, 0x0021, 0x0021, 0x0001, 0x0001, 0x0083,
    0x5BCF, 0x9DB8, 0x430D, 0x63F1, 0x95B8, 0x9DB7, 0x9DD8, 0x4B4E,
    0x00C4, 0x0105, 0x222A, 0x74D4, 0x8577, 0x8576, 0x8D97, 0x5C12,
    0x1A0A, 0x53D1, 0x6453, 0x5BF1, 0x4B6F, 0x5C11, 0x6C73, 0x4B8F,
    0x4B6F, 0x6432, 0x6C53, 0x5BF1, 0x434E, 0x5390, 0x8D56, 0xAE9A,
    0x8D76, 0x3B0D, 0x6452, 0x95B7, 0x9597, 0x95B8, 0x6453, 0x1A2A,
    0x1A0A, 0x0989, 0x09A9, 0x0168, 0x0107, 0x0927, 0x1188, 0x1188,
    0x0147, 0x0988, 0x0947, 0x0968, 0x0988, 0x0127, 0x11A9, 0x11C9,
    0x2A4C, 0x3AEE, 0x1A0A, 0x3B0E, 0x226B, 0x5C12, 0x32ED, 0x1A0A,
    0x0988, 0x0989, 0x0989, 0x0988, 0x0968, 0x0988, 0x0968, 0x0968,
    0x0948, 0x0948, 0x0948, 0x0948, 0x0948, 0x0968, 0x0948, 0x11A9,
    0x8556, 0xBE9A, 0x8CD3, 0x11A7, 0x11A8, 0x19C9, 0x19EA, 0x19C9,
    0x19EA, 0x21EA, 0x2A6C, 0x4B50, 0x430E, 0x324A, 0x2187, 0x1925,
    0x1104, 0x10E4, 0x1925, 0x2166, 0x3A29, 0x5B8E, 0x7452, 0x6C31,
    0x328B, 0x1167, 0x1187, 0x1187, 0x1167, 0x1187, 0x0926, 0x63F0,
    0xB679, 0xAE18, 0x430D, 0x0167, 0x0968, 0x0968, 0x0968, 0x0968,
    0x0948, 0x0926, 0x08E5, 0x0062, 0x0021, 0x0062, 0x0082, 0x0083,
    0x00A3, 0x00A4, 0x00A4, 0x00A4, 0x00A4, 0x0084, 0x0022, 0x0001,
    0x2104, 0x18C3, 0x0881, 0x2104, 0x2124, 0x2123, 0x2104, 0x2103,
    0x2103, 0x2104, 0x2104, 0x2104, 0x2104, 0x2124, 0x2104, 0x2104,
    0x2104, 0x2124, 0x2965, 0x2965, 0x2944, 0x2964, 0x3185, 0x3165,
    0x2964, 0x2944, 0x2965, 0x3185, 0x3185, 0x2964, 0x2964, 0x2964,
    0x2964, 0x2944, 0x2944, 0x2944, 0x2124, 0x1082, 0x0861, 0x2945,
    0x10A2, 0x0000, 0x0881, 0x31C7, 0x3A48, 0x29E7, 0x29E8, 0x3229,
    0x2A09, 0x19A8, 0x0946, 0x0926, 0x0926, 0x0927, 0x0968, 0x0988,
    0x09A9, 0x224C, 0x4B70, 0x5C12, 0x5C12, 0x5412, 0x5C12, 0x5C33,
    0x6433, 0x3B2E, 0x0988, 0x0927, 0x0907, 0x00E6, 0x0927, 0x0926,
    0x00E5, 0x00E5, 0x0127, 0x0147, 0x0147, 0x0168, 0x11C9, 0x1A4C,
    0x09A9, 0x01A9, 0x0989, 0x0189, 0x0989, 0x0989, 0x0989, 0x0989,
    0x0989, 0x0989, 0x09AA, 0x09AA, 0x09A9, 0x09A9, 0x09A9, 0x09AA,
    0x09A9, 0x0989, 0x0989, 0x0989, 0x0168, 0x0148, 0x0127, 0x0106,
    0x00E6, 0x00E5, 0x00C5, 0x00A4, 0x00A3, 0x0083, 0x0083, 0x0062,
    0x0062, 0x0062, 0x0041, 0x0041, 0x0041, 0x0041, 0x0041, 0x0041,
    0x0041, 0x0041, 0x0041, 0x0041, 0x0041, 0x0041, 0x0041, 0x0041,
    0x0041, 0x0041, 0x0041, 0x0041, 0x0041, 0x0041, 0x0041, 0x0041,
    0x0041, 0x0041, 0x0041, 0x0041, 0x0041, 0x0041, 0x0041, 0x0041,
    0x0041, 0x0041, 0x0041, 0x0041, 0x0041, 0x0041, 0x0041, 0x0041,
    0x0041, 0x0041, 0x0041, 0x0041, 0x0041, 0x0041, 0x0041, 0x0041,
    0x0041, 0x0041, 0x0062, 0x0041, 0x0062, 0x0082, 0x0882, 0x1904,
    0x8C92, 0x1966, 0x0967, 0x0968, 0x0989, 0x0989, 0x0988, 0x0989,
    0x09A9, 0x0988, 0x0968, 0x0947, 0x0106, 0x0967, 0x222A, 0x328C,
    0x220A, 0x1189, 0x0988, 0x1167, 0x5B4D, 0xA574, 0xAD74, 0xBDD5,
    0xE73A, 0xC617, 0x2103, 0x3185, 0x39C6, 0x39C6, 0x39C6, 0x39C6,
    0x39C6, 0x31A6, 0x31A5, 0x31A6, 0x31A5, 0x39A6, 0x39C6, 0x39E6,
    0x39E7, 0x39E6, 0x39E7, 0x39E6, 0x39C6, 0x31C6, 0x31A5, 0x31A6,
    0x39C6, 0x2103, 0x2104, 0x2965, 0x1082, 0x3185, 0xB5B6, 0xDEFA,
    0xCE99, 0x8C91, 0x4A89, 0x4AAA, 0x29E8, 0x1146, 0x7492, 0x74B3,
    0x11A8, 0x0988, 0x0989, 0x09A9, 0x09A9, 0x09A9, 0x09A9, 0x09A9,
    0x09A9, 0x09AA, 0x09AA, 0x09AA, 0x09AA, 0x09A9, 0x09A9, 0x0989,
    0x0989, 0x0989, 0x0989, 0x0989, 0x0988, 0x0968, 0x0968, 0x0968,
    0x0968, 0x0968, 0x0968, 0x0968, 0x0968, 0x0968, 0x1188, 0x0926,
    0x532D, 0xC678, 0xAD73, 0xA532, 0xAD73, 0xAD94, 0xA532, 0x8C2D,
    0xACEE, 0xBD50, 0xBD71, 0xBD91, 0xBD91, 0xBD71, 0xBD71, 0xBD71,
    0xBD70, 0xBD91, 0xBD91, 0xBD91, 0xBD91, 0xBD71, 0xBD71, 0xBD71,
    0xC591, 0xBD71, 0xBD71, 0xBD50, 0xBD71, 0xBD50, 0xAD0F, 0x9C6C,
    0x838A, 0x3983, 0x1860, 0x2922, 0xAD32, 0xBDF5, 0xAD73, 0xADB3,
    0xBE36, 0xC636, 0x39E6, 0x1903, 0x4AAA, 0x3A49, 0x08E4, 0x08E4,
    0x0062, 0x0043, 0x00C5, 0x1168, 0x0968, 0x0947, 0x3ACC, 0x6C10,
    0x7431, 0x7430, 0x7430, 0x7C71, 0x8491, 0x5B8E, 0x1987, 0x0967,
    0x11A9, 0x09A9, 0x0989, 0x09A9, 0x09A9, 0x09AA, 0x11CA, 0x19EA,
    0x11A9, 0x21EA, 0x32AD, 0x3AED, 0x432E, 0x4B6F, 0x432E, 0x32AC,
    0x0967, 0x2A6B, 0x7CD5, 0x6C52, 0x536F, 0x5BB0, 0x326B, 0x00E5,
    0x0927, 0x1168, 0x222B, 0x5C33, 0x224B, 0x0967, 0x08C4, 0x0062,
    0x0042, 0x0021, 0x0042, 0x0021, 0x3249, 0x63CF, 0x11A7, 0x3AAB,
    0x5BD0, 0x5BAF, 0x5BD0, 0x2A4A, 0x00C4, 0x00C4, 0x1987, 0x3ACC,
    0x3AEC, 0x3AAB, 0x3AAB, 0x2209, 0x0126, 0x1188, 0x220A, 0x19E9,
    0x11C8, 0x32AC, 0x3B0D, 0x11C9, 0x0947, 0x11A8, 0x2A8B, 0x32AB,
    0x0987, 0x0987, 0x2A6B, 0x42EC, 0x5BB0, 0x4B4F, 0x432E, 0x4B8F,
    0x3AED, 0x3AED, 0x2A6B, 0x3AED, 0x4BB0, 0x09A9, 0x09A9, 0x0989,
    0x0107, 0x0927, 0x1188, 0x1188, 0x0147, 0x0988, 0x0947, 0x0968,
    0x0988, 0x0127, 0x11A9, 0x4370, 0x3B0E, 0x3B0E, 0x19EA, 0x0106,
    0x0988, 0x226B, 0x330E, 0x4BB1, 0x09C9, 0x0988, 0x0989, 0x0989,
    0x0989, 0x0989, 0x0169, 0x0168, 0x09A9, 0x11A9, 0x0968, 0x0148,
    0x0148, 0x0968, 0x0948, 0x11A9, 0x8556, 0xBE9A, 0x8CF3, 0x11A7,
    0x0988, 0x11A9, 0x11C9, 0x11A9, 0x11C9, 0x224C, 0x32AD, 0x11A9,
    0x0083, 0x1104, 0x4A69, 0x6B4D, 0x7BAE, 0x7BAE, 0x73AD, 0x632B,
    0x4207, 0x10C2, 0x10C3, 0x42CB, 0x7493, 0x430D, 0x0967, 0x1167,
    0x1167, 0x1167, 0x0926, 0x6C31, 0xBE79, 0xADF7, 0x42EC, 0x0167,
    0x0968, 0x0968, 0x0968, 0x0968, 0x0988, 0x0968, 0x1188, 0x326B,
    0x4AEC, 0x532D, 0x532E, 0x534E, 0x534E, 0x532E, 0x534E, 0x534E,
    0x4B0D, 0x42AB, 0x3A4A, 0x3A29, 0x39E8, 0x18E3, 0x1082, 0x2124,
    0x2124, 0x2104, 0x2104, 0x2103, 0x2104, 0x2104, 0x2104, 0x2104,
    0x2104, 0x2104, 0x2124, 0x2104, 0x2104, 0x2124, 0x2944, 0x2965,
    0x2944, 0x2944, 0x2965, 0x3165, 0x2944, 0x2944, 0x2944, 0x3185,
    0x3185, 0x2944, 0x2964, 0x2964, 0x2964, 0x2944, 0x2944, 0x2944,
    0x2124, 0x1082, 0x0861, 0x2965, 0x3A08, 0x52AA, 0x5B0B, 0x31E7,
    0x08A2, 0x1104, 0x1966, 0x19A7, 0x1187, 0x1146, 0x1147, 0x3ACC,
    0x4B6F, 0x224B, 0x11C9, 0x11C9, 0x11A9, 0x1A0A, 0x2A6C, 0x2A8C,
    0x2A6B, 0x2A6B, 0x2A6B, 0x2A6B, 0x220A, 0x224B, 0x434F, 0x19C9,
    0x1168, 0x1188, 0x08E5, 0x00C5, 0x00C4, 0x00C5, 0x08E6, 0x0906,
    0x0126, 0x0947, 0x224B, 0x4BB1, 0x1A2B, 0x01A9, 0x0989, 0x0989,
    0x0989, 0x0989, 0x0989, 0x0989, 0x0989, 0x0989, 0x09A9, 0x09A9,
    0x09AA, 0x0989, 0x09A9, 0x09A9, 0x09A9, 0x09A9, 0x0189, 0x0169,
    0x0148, 0x0147, 0x0127, 0x0106, 0x00E5, 0x00C5, 0x00A4, 0x00A4,
    0x0083, 0x0083, 0x0062, 0x0062, 0x0041, 0x0041, 0x0041, 0x0041,
    0x0021, 0x0021, 0x0021, 0x0041, 0x0021, 0x0021, 0x0041, 0x0041,
    0x0041, 0x0041, 0x0041, 0x0041, 0x0041, 0x0041, 0x0041, 0x0041,
    0x0041, 0x0041, 0x0041, 0x0041, 0x0041, 0x0041, 0x0041, 0x0041,
    0x0041, 0x0041, 0x0041, 0x0041, 0x0041, 0x0041, 0x0041, 0x0041,
    0x0041, 0x0041, 0x0041, 0x0041, 0x0041, 0x0041, 0x0041, 0x0841,
    0x0841, 0x0041, 0x0041, 0x0041, 0x0041, 0x0041, 0x0041, 0x0041,
    0x0041, 0x0062, 0x0062, 0x1904, 0x8451, 0x1966, 0x0967, 0x0968,
    0x0989, 0x0988, 0x0988, 0x0989, 0x09A9, 0x09A9, 0x0988, 0x0968,
    0x0947, 0x0106, 0x0968, 0x2A4B, 0x326B, 0x19EA, 0x0968, 0x1167,
    0x532C, 0x94F2, 0xB5D5, 0xB5B4, 0xB594, 0x9CF2, 0x18C2, 0x2944,
    0x31C6, 0x39E7, 0x39E6, 0x31C6, 0x31A6, 0x31A5, 0x39C6, 0x39C6,
    0x31A5, 0x39E6, 0x39E6, 0x39C6, 0x39E6, 0x39C6, 0x39C6, 0x39C6,
    0x31A6, 0x31A5, 0x3185, 0x31A6, 0x3185, 0x18E3, 0x2124, 0x31A6,
    0x10A2, 0x2944, 0xB5B6, 0xEF7D, 0xE73C, 0x9D13, 0x4A69, 0x4ACB,
    0x2A08, 0x1986, 0x7C92, 0x7493, 0x1188, 0x0988, 0x09A9, 0x09A9,
    0x09A9, 0x09A9, 0x09A9, 0x09A9, 0x09A9, 0x09AA, 0x09AA, 0x09AA,
    0x09AA, 0x09A9, 0x09A9, 0x09A9, 0x09A9, 0x09A9, 0x09A9, 0x09A9,
    0x09A9, 0x0989, 0x0989, 0x0989, 0x0989, 0x09A9, 0x0989, 0x0989,
    0x0989, 0x0988, 0x0989, 0x0947, 0x5B8F, 0xC678, 0xB5B4, 0xAD72,
    0xA552, 0x9CF1, 0x8C4E, 0x9CAE, 0xBD71, 0xC591, 0xBD71, 0xBD92,
    0xBD91, 0xBD71, 0xBD71, 0xBD71, 0xBD71, 0xBD70, 0xBD70, 0xBD71,
    0xBD71, 0xBD91, 0xBD91, 0xBD91, 0xC591, 0xC591, 0xBD71, 0xBD71,
    0xBD71, 0xBD51, 0xBD50, 0xACEE, 0x940B, 0x62A6, 0x28E1, 0x20A0,
    0x62E9, 0xBDF5, 0xBDF5, 0xBE15, 0xB5D4, 0xB5B5, 0x31A5, 0x1924,
    0x4AAA, 0x3229, 0x00A3, 0x08E4, 0x00A4, 0x0084, 0x1127, 0x1188,
    0x1168, 0x0947, 0x1187, 0x430D, 0x3A8B, 0x0945, 0x42EC, 0x7451,
    0x7430, 0x3A8A, 0x0926, 0x0988, 0x0988, 0x09A9, 0x1A0A, 0x224B,
    0x224B, 0x2A8C, 0x32AC, 0x32AC, 0x3ACD, 0x7CD4, 0xB67B, 0xBE9B,
    0xBEBB, 0xBEBB, 0xAE3A, 0x8D76, 0x5BD0, 0x538F, 0x9DF9, 0xBEDC,
    0xC6FC, 0xC6FC, 0x6411, 0x00C5, 0x1167, 0x1188, 0x1A2B, 0x5432,
    0x1A09, 0x1987, 0x3A29, 0x4249, 0x4A49, 0x2965, 0x0041, 0x0041,
    0x4B0C, 0x6C31, 0x19C8, 0x2A2A, 0x2A0A, 0x0926, 0x1987, 0x21C8,
    0x1188, 0x19A8, 0x21C9, 0x1167, 0x0083, 0x0022, 0x0022, 0x00A4,
    0x08E5, 0x08C5, 0x324A, 0x42ED, 0x00E5, 0x0083, 0x0105, 0x0947,
    0x08E5, 0x0926, 0x2209, 0x19C8, 0x00A4, 0x00E4, 0x00C4, 0x00E5,
    0x0926, 0x19C9, 0x2A8B, 0x11A8, 0x00E5, 0x0105, 0x0106, 0x3B2E,
    0x5411, 0x09C9, 0x09AA, 0x0989, 0x0127, 0x0927, 0x1188, 0x0988,
    0x0147, 0x11A9, 0x0947, 0x0968, 0x0988, 0x0107, 0x11A9, 0x5C33,
    0x32CD, 0x2A6C, 0x32AD, 0x0926, 0x0906, 0x0947, 0x3AEE, 0x5C32,
    0x09C9, 0x0968, 0x0989, 0x0989, 0x0989, 0x0989, 0x0989, 0x0989,
    0x2A8D, 0x3B0F, 0x222C, 0x0148, 0x0968, 0x0968, 0x0148, 0x11A9,
    0x8D56, 0xBE9A, 0x8CF3, 0x1187, 0x0988, 0x11A9, 0x11C9, 0x11C9,
    0x11A9, 0x19EA, 0x0927, 0x1126, 0x7C30, 0xCE36, 0xEF19, 0xF79B,
    0xFFDC, 0xFFDC, 0xFFBC, 0xF77A, 0xE6D8, 0xB593, 0x630A, 0x08A2,
    0x2A08, 0x7493, 0x430D, 0x0967, 0x1187, 0x1167, 0x0946, 0x6C51,
    0xBE99, 0xADF7, 0x3ACC, 0x0147, 0x0989, 0x0968, 0x0968, 0x0968,
    0x0989, 0x11A9, 0x32AD, 0x536F, 0x534E, 0x4B0D, 0x4B0D, 0x4B0E,
    0x4B0D, 0x4B0D, 0x4AED, 0x428B, 0x3A4A, 0x3A29, 0x31E8, 0x3208,
    0x3A08, 0x1904, 0x1082, 0x2104, 0x2124, 0x2124, 0x2104, 0x2104,
    0x2104, 0x2104, 0x2104, 0x2104, 0x2104, 0x2104, 0x2104, 0x2104,
    0x2103, 0x2124, 0x2944, 0x2965, 0x2964, 0x2944, 0x2944, 0x2944,
    0x2944, 0x2144, 0x2944, 0x3185, 0x2964, 0x2123, 0x2944, 0x3185,
    0x2964, 0x2944, 0x2944, 0x2945, 0x2124, 0x1082, 0x1082, 0x2986,
    0x2986, 0x2124, 0x2124, 0x10C3, 0x08A2, 0x08C3, 0x08C4, 0x08E4,
    0x0905, 0x0905, 0x00E5, 0x1987, 0x4B4E, 0x5BF2, 0x2A8C, 0x0948,
    0x0928, 0x00E6, 0x00C6, 0x00C6, 0x00C6, 0x00E6, 0x00C6, 0x00C6,
    0x0084, 0x19C9, 0x53F1, 0x19EA, 0x1188, 0x1126, 0x0042, 0x0042,
    0x0062, 0x0062, 0x0063, 0x0083, 0x0905, 0x1167, 0x2A6C, 0x5412,
    0x1A6C, 0x01A9, 0x09A9, 0x09A9, 0x09A9, 0x0989, 0x0989, 0x09AA,
    0x09AA, 0x09AA, 0x09AA, 0x09AA, 0x09AA, 0x09AA, 0x09AA, 0x09AA,
    0x09AA, 0x09AA, 0x0989, 0x0169, 0x0148, 0x0128, 0x0107, 0x00E6,
    0x00C5, 0x00A4, 0x0084, 0x0083, 0x0062, 0x0062, 0x0042, 0x0042,
    0x0041, 0x0041, 0x0041, 0x0021, 0x0021, 0x0021, 0x0020, 0x0021,
    0x0041, 0x0041, 0x0041, 0x0041, 0x0041, 0x0041, 0x0021, 0x0021,
    0x0021, 0x0041, 0x0041, 0x0041, 0x0041, 0x0041, 0x0041, 0x0041,
    0x0041, 0x0041, 0x0041, 0x0041, 0x0041, 0x0041, 0x0041, 0x0041,
    0x0041, 0x0041, 0x0041, 0x0041, 0x0041, 0x0041, 0x0041, 0x0041,
    0x0041, 0x0041, 0x0041, 0x0041, 0x0041, 0x0041, 0x0041, 0x0041,
    0x0041, 0x0041, 0x0041, 0x0041, 0x0042, 0x0062, 0x0062, 0x1904,
    0x7C30, 0x1166, 0x0947, 0x0968, 0x0988, 0x0988, 0x0988, 0x0988,
    0x0988, 0x0988, 0x0988, 0x0968, 0x0968, 0x0927, 0x0106, 0x0947,
    0x19C9, 0x220A, 0x19C9, 0x1987, 0x530C, 0xADB5, 0xDF3A, 0xDEF9,
    0xD6B8, 0xA533, 0x18E3, 0x2965, 0x39C6, 0x39E6, 0x39C6, 0x31A6,
    0x39A6, 0x39C6, 0x39E6, 0x39E6, 0x3185, 0x39C6, 0x39A6, 0x39C6,
    0x39C6, 0x39C6, 0x39C6, 0x39C6, 0x39A6, 0x39C6, 0x31A5, 0x39A6,
    0x31A6, 0x2103, 0x3185, 0x4A49, 0x18C2, 0x20E3, 0xBDF7, 0xFFDE,
    0xEF5C, 0x8C70, 0x2985, 0x530B, 0x3229, 0x21E8, 0x9555, 0x8514,
    0x11A8, 0x0988, 0x11A9, 0x09A9, 0x09A9, 0x09A9, 0x09A9, 0x09A9,
    0x09A9, 0x09A9, 0x09A9, 0x09A9, 0x09A9, 0x09AA, 0x09A9, 0x09A9,
    0x09A9, 0x09A9, 0x0989, 0x0989, 0x0989, 0x0989, 0x0989, 0x0989,
    0x0989, 0x0988, 0x0989, 0x0989, 0x0989, 0x0988, 0x0989, 0x0147,
    0x5B8F, 0xC678, 0xBDD4, 0xBDF4, 0xBDD4, 0xA511, 0x944D, 0xB530,
    0xC5B2, 0xC5B2, 0xBDB2, 0xC592, 0xC591, 0xBD91, 0xBD91, 0xC591,
    0xC591, 0xBD71, 0xBD91, 0xC591, 0xBD91, 0xC591, 0xBD91, 0xBD91,
    0xC591, 0xC591, 0xBD91, 0xC592, 0xC5B2, 0xBD91, 0xBD71, 0xB550,
    0xA48D, 0x7B69, 0x4183, 0x28E2, 0x41E5, 0xAD32, 0xCE56, 0xC657,
    0xBDF5, 0xB5B4, 0x31A5, 0x1903, 0x428A, 0x3208, 0x00C4, 0x0905,
    0x2188, 0x21A8, 0x1968, 0x1188, 0x1168, 0x0967, 0x6C32, 0xAE5A,
    0x6C72, 0x4B6E, 0xAE39, 0xC6FB, 0xC6FB, 0xA5F8, 0x3ACC, 0x0147,
    0x2ACD, 0x74B4, 0x8D77, 0x8D77, 0x8D56, 0x9577, 0x9597, 0x9576,
    0xA5F8, 0xB67A, 0x7CB3, 0x63CF, 0x63AF, 0x42CC, 0x2A09, 0x19C8,
    0x4B4E, 0x328B, 0x0926, 0x2A09, 0x4B2D, 0x84F4, 0x6C31, 0x0947,
    0x1188, 0x0968, 0x226B, 0x5C53, 0x1A09, 0x8CB3, 0xEF5D, 0xE71C,
    0xE73C, 0xCE59, 0x3186, 0x0041, 0x8CD3, 0xAE18, 0x3A8B, 0x0905,
    0x08E5, 0x0083, 0x08C4, 0x1126, 0x1987, 0x19C9, 0x11A8, 0x0906,
    0x0905, 0x1105, 0x0083, 0x0083, 0x08E5, 0x08E5, 0x326A, 0x536F,
    0x1126, 0x08C4, 0x00A4, 0x1966, 0x21C8, 0x21C8, 0x21C8, 0x1146,
    0x08E4, 0x00C4, 0x08E4, 0x1126, 0x1167, 0x1988, 0x19A8, 0x00E5,
    0x00A3, 0x00C4, 0x00E5, 0x432E, 0x5412, 0x09C9, 0x09CA, 0x0989,
    0x0127, 0x0927, 0x1189, 0x0989, 0x0168, 0x11A9, 0x0968, 0x0988,
    0x11A9, 0x0127, 0x11C9, 0x5C33, 0x32CD, 0x0126, 0x00E5, 0x0063,
    0x0043, 0x0084, 0x32AC, 0x6453, 0x11C9, 0x0968, 0x0989, 0x0989,
    0x0989, 0x0989, 0x0989, 0x0148, 0x0948, 0x21EB, 0x19CA, 0x0969,
    0x0968, 0x0968, 0x0948, 0x1189, 0x8536, 0xC69A, 0x8CF3, 0x1187,
    0x0988, 0x0989, 0x09A9, 0x0988, 0x0968, 0x00E5, 0x3209, 0xBDD7,
    0xF71A, 0xFF39, 0xFFDB, 0xFFFC, 0xFFFC, 0xFFFD, 0xFFFD, 0xFFFC,
    0xFF7A, 0xF739, 0xEF39, 0x9CD0, 0x10E2, 0x29C7, 0x6C31, 0x220A,
    0x0947, 0x1187, 0x0946, 0x6C31, 0xBE79, 0xADF7, 0x42CC, 0x0147,
    0x0968, 0x0968, 0x0968, 0x0968, 0x0988, 0x0988, 0x0947, 0x0906,
    0x1987, 0x29E9, 0x2187, 0x1946, 0x1105, 0x0083, 0x0041, 0x0001,
    0x0000, 0x0000, 0x0000, 0x0000, 0x10E3, 0x18E3, 0x0881, 0x2104,
    0x2124, 0x2124, 0x2104, 0x2104, 0x2104, 0x2104, 0x2104, 0x2104,
    0x2104, 0x2104, 0x2124, 0x2104, 0x2104, 0x2104, 0x2944, 0x2965,
    0x2944, 0x2964, 0x2944, 0x2965, 0x2964, 0x2124, 0x2944, 0x2965,
    0x2964, 0x2944, 0x2964, 0x3185, 0x2965, 0x2965, 0x2944, 0x2944,
    0x2124, 0x1082, 0x0861, 0x2945, 0x0020, 0x0000, 0x0000, 0x0000,
    0x0041, 0x0061, 0x0082, 0x0883, 0x08A3, 0x0883, 0x0883, 0x08A3,
    0x0083, 0x1967, 0x1168, 0x0107, 0x0107, 0x0928, 0x0968, 0x0968,
    0x0968, 0x0968, 0x0968, 0x0968, 0x0127, 0x19EA, 0x4B90, 0x19E9,
    0x19A8, 0x1167, 0x29E9, 0x42AB, 0x3A6A, 0x428A, 0x532D, 0x428B,
    0x1967, 0x1988, 0x224A, 0x5411, 0x1A6B, 0x01A9, 0x09A9, 0x09A9,
    0x0189, 0x0189, 0x09A9, 0x09AA, 0x09A9, 0x09A9, 0x09AA, 0x09AA,
    0x09AA, 0x09AA, 0x09AA, 0x09AA, 0x09AA, 0x09A9, 0x0989, 0x0968,
    0x0148, 0x0127, 0x00E6, 0x00C5, 0x00A4, 0x0084, 0x0083, 0x0063,
    0x0042, 0x0042, 0x0041, 0x0021, 0x0021, 0x0021, 0x0021, 0x0021,
    0x0021, 0x0021, 0x0021, 0x0021, 0x0021, 0x0021, 0x0021, 0x0021,
    0x0021, 0x0021, 0x0021, 0x0021, 0x0041, 0x0041, 0x0021, 0x0021,
    0x0041, 0x0021, 0x0041, 0x0021, 0x0041, 0x0041, 0x0021, 0x0041,
    0x0021, 0x0041, 0x0041, 0x0021, 0x0041, 0x0041, 0x0041, 0x0041,
    0x0041, 0x0041, 0x0041, 0x0041, 0x0041, 0x0041, 0x0041, 0x0041,
    0x0041, 0x0041, 0x0041, 0x0041, 0x0041, 0x0041, 0x0041, 0x0041,
    0x0041, 0x0062, 0x0062, 0x1904, 0x73CF, 0x1146, 0x0946, 0x0967,
    0x0988, 0x0968, 0x0968, 0x0968, 0x0968, 0x0988, 0x0988, 0x0968,
    0x0968, 0x0968, 0x0927, 0x00E6, 0x0926, 0x19A9, 0x220A, 0x2A29,
    0x4ACB, 0xB616, 0xEF7C, 0xE73B, 0xE75B, 0xCE58, 0x2144, 0x2965,
    0x39C6, 0x39C6, 0x39C6, 0x39C6, 0x39A6, 0x39C6, 0x39E6, 0x4207,
    0x39E6, 0x39C6, 0x31A6, 0x31A6, 0x39C6, 0x39C6, 0x39E6, 0x39C6,
    0x39C6, 0x39C6, 0x31A6, 0x31A6, 0x3185, 0x2103, 0x3185, 0x5269,
    0x2965, 0x2124, 0xA534, 0xF79D, 0xC658, 0x4228, 0x08A2, 0x21A6,
    0x3A6A, 0x2A08, 0x534D, 0x534E, 0x1187, 0x1188, 0x0989, 0x0989,
    0x09A9, 0x09A9, 0x09C9, 0x09C9, 0x09A9, 0x09A9, 0x09A9, 0x09A9,
    0x09A9, 0x09A9, 0x09A9, 0x09A9, 0x0168, 0x0989, 0x0989, 0x0989,
    0x0989, 0x0989, 0x0989, 0x0989, 0x0989, 0x0989, 0x0989, 0x0989,
    0x0989, 0x0988, 0x0989, 0x0147, 0x534E, 0xC678, 0xC636, 0xCE56,
    0xCE56, 0xB572, 0xA4AF, 0xBD91, 0xC5B2, 0xC5B2, 0xC5B2, 0xC5B2,
    0xC591, 0xC5B2, 0xC5B1, 0xC5B2, 0xC5B2, 0xC591, 0xC5B2, 0xC5D2,
    0xC5B1, 0xC5B2, 0xC5B2, 0xC5B1, 0xC591, 0xC591, 0xC5B1, 0xC5B1,
    0xC5B1, 0xC5B2, 0xBD71, 0xBD71, 0xA4CE, 0x8BCA, 0x5204, 0x3942,
    0x4183, 0x948F, 0xCE97, 0xC636, 0xC636, 0xBE15, 0x31C6, 0x18E3,
    0x428A, 0x29E8, 0x00C3, 0x1967, 0x42AC, 0x4B0E, 0x2A2A, 0x0968,
    0x0947, 0x19C9, 0x8D56, 0x9DD7, 0x430C, 0x7472, 0xB679, 0x9D75,
    0x9D75, 0xB659, 0x6C11, 0x328B, 0x5C12, 0x53B0, 0x430D, 0x3AAB,
    0x3A8B, 0x3A8A, 0x326A, 0x324A, 0x63AF, 0x9D97, 0x2A29, 0x00C4,
    0x19A8, 0x1987, 0x00C4, 0x0042, 0x0083, 0x1987, 0x1966, 0x0021,
    0x0063, 0x324A, 0x5BF1, 0x09A8, 0x0988, 0x0168, 0x228C, 0x6C94,
    0x21E8, 0x73EF, 0xCE38, 0xD679, 0xD679, 0xC5D6, 0x2965, 0x2145,
    0xBE38, 0xB638, 0x3A69, 0x1965, 0x638E, 0x638E, 0x2186, 0x0083,
    0x0926, 0x1187, 0x0946, 0x4B4E, 0x9555, 0xA575, 0x5B2D, 0x0062,
    0x08E5, 0x08E5, 0x1987, 0x7CB3, 0x9D76, 0x84D3, 0x29E8, 0x00E4,
    0x1987, 0x1187, 0x21E9, 0x63F0, 0x84B3, 0x7430, 0x4ACC, 0x1146,
    0x1126, 0x1167, 0x21C9, 0x536E, 0x536E, 0x21C8, 0x1126, 0x53D0,
    0x6493, 0x09C9, 0x09CA, 0x0989, 0x0127, 0x0927, 0x1189, 0x0989,
    0x0168, 0x11A9, 0x0968, 0x0968, 0x0989, 0x0127, 0x11A9, 0x5C12,
    0x32CD, 0x0926, 0x63D1, 0x8CF5, 0x6BB0, 0x08E5, 0x4B4E, 0x74F5,
    0x11E9, 0x0988, 0x0989, 0x0989, 0x0989, 0x0989, 0x0989, 0x0148,
    0x00A5, 0x00A5, 0x0927, 0x0989, 0x0969, 0x0968, 0x0968, 0x0988,
    0x8515, 0xBE9A, 0x8D14, 0x11A7, 0x0988, 0x0989, 0x0989, 0x0968,
    0x00E6, 0x31C8, 0xC637, 0xEF19, 0xF6D7, 0xFF17, 0xCDD2, 0x9C6D,
    0x7B69, 0x83CB, 0xB572, 0xE739, 0xFFFC, 0xF779, 0xE6D7, 0xF739,
    0x8C0E, 0x0040, 0x324A, 0x32AC, 0x0967, 0x1167, 0x0926, 0x6410,
    0xBE79, 0xADF7, 0x3ACB, 0x0126, 0x0968, 0x0968, 0x0968, 0x0968,
    0x0927, 0x00C5, 0x0905, 0x1126, 0x08C4, 0x0883, 0x1925, 0x1945,
    0x1945, 0x2186, 0x10C3, 0x0882, 0x10A2, 0x2965, 0x52AA, 0x52CA,
    0x39E7, 0x2103, 0x10A2, 0x2104, 0x2124, 0x2124, 0x2124, 0x2124,
    0x2104, 0x2104, 0x2104, 0x2124, 0x2124, 0x2104, 0x2124, 0x2124,
    0x2124, 0x2104, 0x2944, 0x2964, 0x2944, 0x2944, 0x2965, 0x3185,
    0x2944, 0x2944, 0x2924, 0x2964, 0x2964, 0x3185, 0x3185, 0x2964,
    0x2944, 0x2964, 0x2944, 0x2124, 0x2124, 0x1082, 0x0861, 0x3165,
    0x4A48, 0x5ACA, 0x4228, 0x2944, 0x10A2, 0x0882, 0x0882, 0x0882,
    0x10E3, 0x1925, 0x1925, 0x4249, 0x3A28, 0x08C4, 0x00E5, 0x0907,
    0x0948, 0x1189, 0x0989, 0x0988, 0x0989, 0x0168, 0x0968, 0x0968,
    0x0127, 0x2A6B, 0x6C93, 0x2A4A, 0x2A2A, 0x324A, 0x6C10, 0x8D14,
    0x7410, 0x6C10, 0xADF7, 0x9534, 0x2A29, 0x19C8, 0x2A8B, 0x5432,
    0x1A6C, 0x01A9, 0x09A9, 0x09A9, 0x09AA, 0x09AA, 0x09A9, 0x09AA,
    0x09AA, 0x09A9, 0x09AA, 0x09AA, 0x09AA, 0x09A9, 0x09A9, 0x09AA,
    0x09AA, 0x09A9, 0x0989, 0x0168, 0x0148, 0x0127, 0x00E6, 0x00C4,
    0x0083, 0x0083, 0x0062, 0x0042, 0x0041, 0x0021, 0x0021, 0x0021,
    0x0021, 0x0021, 0x0020, 0x0020, 0x0020, 0x0020, 0x0021, 0x0021,
    0x0021, 0x0020, 0x0020, 0x0021, 0x0021, 0x0021, 0x0021, 0x0021,
    0x0021, 0x0021, 0x0021, 0x0021, 0x0021, 0x0021, 0x0021, 0x0021,
    0x0021, 0x0021, 0x0021, 0x0021, 0x0021, 0x0041, 0x0021, 0x0021,
    0x0041, 0x0041, 0x0021, 0x0021, 0x0041, 0x0021, 0x0021, 0x0841,
    0x0041, 0x0021, 0x0021, 0x0021, 0x0041, 0x0041, 0x0041, 0x0041,
    0x0041, 0x0041, 0x0041, 0x0041, 0x0041, 0x0041, 0x0061, 0x1904,
    0x6BAE, 0x1146, 0x0926, 0x0947, 0x0988, 0x0967, 0x0968, 0x0968,
    0x0968, 0x0968, 0x0968, 0x0967, 0x0967, 0x0947, 0x0947, 0x0927,
    0x0106, 0x0906, 0x19A8, 0x3A6B, 0x42CB, 0xB617, 0xCED9, 0xBE17,
    0xCE99, 0xA513, 0x18E3, 0x2965, 0x39C6, 0x39E7, 0x3A07, 0x39E7,
    0x41E7, 0x4207, 0x4207, 0x4207, 0x4207, 0x4207, 0x4228, 0x4227,
    0x4207, 0x4227, 0x4207, 0x39E7, 0x39E7, 0x39E6, 0x31A6, 0x31A6,
    0x3185, 0x18E3, 0x18A2, 0x2124, 0x2965, 0x39E7, 0x39E7, 0x52CA,
    0x636D, 0x3A28, 0x2166, 0x3229, 0x4B2D, 0x2A29, 0x0905, 0x0905,
    0x1166, 0x1167, 0x0968, 0x1188, 0x1189, 0x0989, 0x0989, 0x0989,
    0x09A9, 0x09A9, 0x09A9, 0x09A9, 0x09A9, 0x09A9, 0x2AAD, 0x434F,
    0x2A8D, 0x0989, 0x0989, 0x09A9, 0x09A9, 0x0989, 0x0989, 0x0989,
    0x0989, 0x0989, 0x0989, 0x0989, 0x0989, 0x0989, 0x0989, 0x0147,
    0x536E, 0xCEB9, 0xCE77, 0xC615, 0xB5B4, 0x9CD0, 0xACF0, 0xC592,
    0xC5B2, 0xC5B2, 0xC5B2, 0xC5B1, 0xC591, 0xC5B1, 0xC5B1, 0xC5B2,
    0xC5B2, 0xC5B2, 0xC5B2, 0xC5B2, 0xC5B1, 0xC5B1, 0xC5B2, 0xC5D2,
    0xC5B2, 0xC591, 0xC5B1, 0xC5B2, 0xC5B1, 0xC5B1, 0xBD91, 0xBD91,
    0xAD0F, 0x8C0B, 0x5A66, 0x4183, 0x4A05, 0x8C2D, 0xC656, 0xBDF5,
    0xBE36, 0xBDF5, 0x31C6, 0x18E3, 0x4AAA, 0x29E7, 0x08C4, 0x1105,
    0x0906, 0x1106, 0x1167, 0x1188, 0x0947, 0x220A, 0x9597, 0x9596,
    0x63CF, 0x9DB6, 0x9D96, 0x3289, 0x63CE, 0xAE38, 0x6C31, 0x3AED,
    0x19EA, 0x00C5, 0x0064, 0x0063, 0x0063, 0x0083, 0x0063, 0x0022,
    0x21C8, 0x7CD3, 0x2209, 0x0083, 0x3229, 0x8493, 0x21A7, 0x0082,
    0x0082, 0x4AEC, 0x84B3, 0x1966, 0x0042, 0x326B, 0x6452, 0x09A8,
    0x0988, 0x0988, 0x1A4B, 0x5C11, 0x2A08, 0x31C6, 0x5248, 0x62C9,
    0x62A8, 0x4A27, 0x1082, 0x10E3, 0x8CD3, 0xB658, 0x7430, 0x7C50,
    0xD73B, 0xD6FB, 0x5B2C, 0x1986, 0x63D0, 0x7472, 0x4B2D, 0x4B2D,
    0x8CF3, 0x9513, 0x530C, 0x0062, 0x1105, 0x08E5, 0x21C8, 0x7C51,
    0x5B2C, 0x4269, 0x2186, 0x534E, 0x7472, 0x6C52, 0x6410, 0x5B8E,
    0x42AB, 0x42AA, 0x4B0C, 0x21C8, 0x0906, 0x3A8B, 0x534E, 0xA5F8,
    0xC6DB, 0x4B4D, 0x1146, 0x74D4, 0x6CB4, 0x09C9, 0x09CA, 0x09A9,
    0x0127, 0x0947, 0x1189, 0x0988, 0x0148, 0x11A9, 0x0948, 0x0968,
    0x0988, 0x0127, 0x1188, 0x2AAC, 0x11A9, 0x1988, 0x9D76, 0xD6FC,
    0xADD7, 0x21C7, 0x7CD4, 0x74D4, 0x11C9, 0x09A9, 0x09A9, 0x0989,
    0x0989, 0x0989, 0x11A9, 0x11AA, 0x0948, 0x0927, 0x1188, 0x1189,
    0x0989, 0x0989, 0x0968, 0x0989, 0x8535, 0xBE99, 0x8D14, 0x11A8,
    0x0968, 0x0989, 0x0948, 0x0106, 0x08E5, 0xA4F3, 0xEF19, 0xE6B5,
    0xE693, 0x7B07, 0x28A0, 0x28E0, 0x3121, 0x3962, 0x3983, 0x4A04,
    0xBD91, 0xFFFB, 0xF717, 0xEED6, 0xE6B7, 0x4226, 0x08A3, 0x328B,
    0x19C9, 0x1167, 0x0946, 0x6411, 0xBE9A, 0xB617, 0x42EB, 0x0126,
    0x0968, 0x0968, 0x0968, 0x0127, 0x00C5, 0x2187, 0x3A4A, 0x0882,
    0x10A3, 0x4269, 0x638D, 0x94F3, 0x94D3, 0x5B2C, 0x4269, 0x52CB,
    0x94B2, 0xCE79, 0xE71B, 0xE71B, 0xCE78, 0x840F, 0x2124, 0x18E3,
    0x2124, 0x2124, 0x2124, 0x2104, 0x2124, 0x2104, 0x2104, 0x2104,
    0x2104, 0x2124, 0x2124, 0x2124, 0x2124, 0x2124, 0x2924, 0x2965,
    0x2965, 0x2964, 0x2944, 0x2944, 0x2944, 0x2944, 0x2924, 0x2964,
    0x3185, 0x3185, 0x3185, 0x2964, 0x2944, 0x2944, 0x2944, 0x2944,
    0x2104, 0x0861, 0x39E7, 0xB595, 0xDED9, 0xDEFA, 0xCE78, 0xA513,
    0x52AA, 0x2165, 0x10E3, 0x3207, 0x7410, 0x740F, 0x3A69, 0x1924,
    0x29A7, 0x21C7, 0x0926, 0x1148, 0x1188, 0x0989, 0x09A9, 0x32EE,
    0x4BB1, 0x4BD1, 0x4BD1, 0x4B90, 0x4B90, 0x7CF5, 0x8D76, 0x6C31,
    0x7451, 0x5B8E, 0x638E, 0x63AE, 0x6BCE, 0x8CF2, 0x9D75, 0x84B2,
    0x3AAB, 0x2A4A, 0x32AB, 0x5C32, 0x1A6B, 0x01A9, 0x09AA, 0x09A9,
    0x09AA, 0x09AA, 0x09AA, 0x01A9, 0x01A9, 0x01A9, 0x0189, 0x0189,
    0x0169, 0x0189, 0x0189, 0x0189, 0x0189, 0x0189, 0x0169, 0x0148,
    0x0127, 0x00E6, 0x00C5, 0x0083, 0x0062, 0x0062, 0x0042, 0x0021,
    0x0021, 0x0021, 0x0021, 0x0020, 0x0021, 0x0021, 0x0021, 0x0020,
    0x0021, 0x0021, 0x0021, 0x0021, 0x0021, 0x0021, 0x0021, 0x0021,
    0x0021, 0x0021, 0x0021, 0x0021, 0x0021, 0x0021, 0x0021, 0x0021,
    0x0021, 0x0021, 0x0021, 0x0021, 0x0021, 0x0021, 0x0041, 0x0021,
    0x0021, 0x0041, 0x0041, 0x0041, 0x0841, 0x0841, 0x0841, 0x0841,
    0x0841, 0x0841, 0x0841, 0x0041, 0x0041, 0x0841, 0x0041, 0x0041,
    0x0841, 0x0841, 0x0841, 0x0041, 0x0841, 0x0041, 0x0041, 0x0841,
    0x0842, 0x0862, 0x0882, 0x1904, 0x636D, 0x1125, 0x0926, 0x0947,
    0x0967, 0x0967, 0x0967, 0x0967, 0x0967, 0x0947, 0x0947, 0x0947,
    0x0947, 0x0947, 0x0947, 0x0947, 0x0927, 0x0906, 0x1126, 0x1967,
    0x3A6A, 0x638E, 0x4AEB, 0x4268, 0x4248, 0x2145, 0x18E3, 0x31A6,
    0x39E7, 0x3A07, 0x3A07, 0x4227, 0x4228, 0x4248, 0x4207, 0x4207,
    0x3A07, 0x4207, 0x4228, 0x4A48, 0x4A68, 0x4A68, 0x4A48, 0x4207,
    0x4207, 0x39C6, 0x31A5, 0x31A6, 0x3185, 0x18E3, 0x0861, 0x0861,
    0x0861, 0x2986, 0x73EF, 0x7C30, 0x7C31, 0x8CF3, 0x9D55, 0x9534,
    0x84B3, 0x7C72, 0x7451, 0x6C10, 0x63F0, 0x63D0, 0x63F0, 0x6411,
    0x6432, 0x6432, 0x53B0, 0x222B, 0x0988, 0x11A9, 0x11A9, 0x09A9,
    0x09A9, 0x09A9, 0x1A2B, 0x32AD, 0x224C, 0x11A9, 0x09A9, 0x0989,
    0x09A9, 0x09A9, 0x0989, 0x09A9, 0x0989, 0x09A9, 0x0989, 0x0969,
    0x0989, 0x0989, 0x0989, 0x0127, 0x536E, 0xCE98, 0xCE56, 0xBE15,
    0xBDD4, 0xA510, 0xAD30, 0xC5B2, 0xC5B2, 0xC5B2, 0xC5B1, 0xC5B1,
    0xC5B1, 0xC5B1, 0xC5B1, 0xC5B2, 0xC5D2, 0xC5B2, 0xC5B2, 0xC5D2,
    0xC5D2, 0xC5D2, 0xC5D2, 0xC5B2, 0xC5D2, 0xC5D2, 0xC5B1, 0xC5B2,
    0xC5B1, 0xC5B1, 0xBD92, 0xC5B2, 0xB530, 0x942C, 0x5A86, 0x41A3,
    0x6287, 0x7B8B, 0xBDF5, 0xB5D5, 0xBE16, 0xBDF5, 0x31A5, 0x18E3,
    0x4AAA, 0x31E8, 0x08E4, 0x08C4, 0x0043, 0x0043, 0x00E5, 0x1188,
    0x0948, 0x19C9, 0x9DB8, 0xC6DB, 0xBE79, 0xC6BA, 0x7471, 0x4B2C,
    0xA5F7, 0xAE59, 0x538E, 0x1147, 0x00E6, 0x0947, 0x430E, 0x6C32,
    0x6C32, 0x6C31, 0x6411, 0x63F0, 0x7493, 0x9576, 0x6C31, 0x324A,
    0x4B0C, 0x94F4, 0x3208, 0x10E4, 0x08C3, 0x532D, 0x9535, 0x3209,
    0x08E5, 0x3AAC, 0x6452, 0x09A8, 0x0988, 0x11A9, 0x0988, 0x432E,
    0x638E, 0x5268, 0x6AE9, 0x72E8, 0x6AC8, 0x5A67, 0x18A1, 0x0881,
    0x4ACB, 0x7C71, 0x8D13, 0x4B0B, 0x5B4C, 0x6B8D, 0x2165, 0x1925,
    0x6C11, 0x84F4, 0x536D, 0x3249, 0x740F, 0x7C2F, 0x4249, 0x0041,
    0x0905, 0x1126, 0x1146, 0x2186, 0x1924, 0x18E3, 0x10A3, 0x6BAF,
    0x84D3, 0x7C92, 0x63CF, 0x1125, 0x0083, 0x00A3, 0x00A3, 0x1126,
    0x1146, 0x1988, 0x3A4B, 0x638F, 0x7410, 0x31C8, 0x0083, 0x3AAC,
    0x2ACD, 0x09A9, 0x09CA, 0x0989, 0x0127, 0x0927, 0x11A9, 0x0989,
    0x0147, 0x11A9, 0x0147, 0x0968, 0x0988, 0x0127, 0x1189, 0x0148,
    0x0147, 0x0947, 0x3A8B, 0x6BF0, 0x530C, 0x08E4, 0x2A4A, 0x226B,
    0x11C9, 0x11CA, 0x11CA, 0x11A9, 0x11A9, 0x09AA, 0x11CA, 0x11CA,
    0x11CA, 0x11CA, 0x11CA, 0x11CA, 0x11AA, 0x0989, 0x0969, 0x0988,
    0x8515, 0xBE99, 0x8D13, 0x1187, 0x0988, 0x0988, 0x0127, 0x0084,
    0x3A29, 0xE6D9, 0xEEB6, 0xF6F5, 0x93C9, 0x1000, 0x20A0, 0x2902,
    0x2903, 0x3123, 0x3123, 0x28E2, 0x20E1, 0xBD71, 0xFF78, 0xEEB5,
    0xFF38, 0xA4B0, 0x0882, 0x1988, 0x19A9, 0x1188, 0x0947, 0x5BF1,
    0xBE99, 0xB617, 0x42EC, 0x0147, 0x0968, 0x0968, 0x0127, 0x00E6,
    0x00C5, 0x5B6E, 0x5B4D, 0x29A6, 0x6BAD, 0x7C0F, 0x4AA9, 0x73EE,
    0x9D13, 0x5B0B, 0x52CA, 0x6B8D, 0xA534, 0xDEDA, 0xD6D9, 0xD6B9,
    0xE73B, 0xA533, 0x2944, 0x18E3, 0x2124, 0x2104, 0x2124, 0x2124,
    0x2124, 0x2124, 0x2124, 0x2124, 0x2104, 0x2124, 0x2124, 0x2124,
    0x2124, 0x2124, 0x2965, 0x2965, 0x2944, 0x2964, 0x2944, 0x2965,
    0x2944, 0x2124, 0x2944, 0x3185, 0x3185, 0x3165, 0x2965, 0x2964,
    0x2944, 0x2944, 0x2944, 0x2944, 0x2124, 0x0841, 0x52AA, 0xCE79,
    0xDEFA, 0xDEFA, 0xD6D9, 0x9D12, 0x4AA9, 0x29C6, 0x2165, 0x428A,
    0x7C51, 0x636D, 0x4289, 0x1944, 0x2166, 0x21A7, 0x1167, 0x0968,
    0x09A9, 0x09A9, 0x09A9, 0x2AAD, 0x3B2F, 0x432E, 0x3B2E, 0x3B0E,
    0x3AED, 0x63F1, 0x84F4, 0x7472, 0x84F3, 0x7C72, 0x63CF, 0x530C,
    0x5B8D, 0x7C91, 0x7C92, 0x84D3, 0x7C92, 0x6C10, 0x7472, 0x5C31,
    0x11E9, 0x09A9, 0x09A9, 0x09A9, 0x09A9, 0x09A9, 0x09A9, 0x0989,
    0x09A9, 0x0189, 0x1A2B, 0x3B2E, 0x436F, 0x4B90, 0x4B90, 0x4B90,
    0x4BB0, 0x4BB0, 0x4B6F, 0x432F, 0x2AAC, 0x1A0A, 0x1167, 0x08E5,
    0x08C3, 0x0082, 0x0061, 0x0041, 0x0041, 0x0041, 0x0041, 0x0041,
    0x0041, 0x0041, 0x0841, 0x0841, 0x0841, 0x0861, 0x0861, 0x0861,
    0x0861, 0x0861, 0x0862, 0x0861, 0x0862, 0x0861, 0x0861, 0x0862,
    0x0862, 0x0862, 0x0861, 0x0862, 0x0881, 0x0861, 0x0862, 0x1062,
    0x0882, 0x0882, 0x0882, 0x0882, 0x0882, 0x1082, 0x1082, 0x1082,
    0x1082, 0x1082, 0x0882, 0x1082, 0x1082, 0x1082, 0x1082, 0x1082,
    0x1082, 0x1082, 0x1082, 0x1082, 0x10A2, 0x1082, 0x10A2, 0x1082,
    0x1082, 0x10A2, 0x10A2, 0x1082, 0x10A2, 0x10A3, 0x08A2, 0x18E3,
    0x5B2C, 0x1125, 0x0926, 0x0926, 0x0967, 0x0967, 0x0947, 0x0947,
    0x0947, 0x0947, 0x0947, 0x0947, 0x0947, 0x0947, 0x0947, 0x0947,
    0x0927, 0x0906, 0x0906, 0x1126, 0x21C8, 0x21E8, 0x21C7, 0x29C7,
    0x29C7, 0x1924, 0x2145, 0x4228, 0x4A48, 0x4248, 0x4A69, 0x52AA,
    0x52AA, 0x5289, 0x4A69, 0x5289, 0x52A9, 0x52AA, 0x52AA, 0x52AA,
    0x52AA, 0x52A9, 0x52A9, 0x5289, 0x4A89, 0x4A48, 0x39C6, 0x4207,
    0x4207, 0x2103, 0x0861, 0x0861, 0x0041, 0x2986, 0x8492, 0x8472,
    0x638E, 0x5B8E, 0x63AF, 0x63CF, 0x63AF, 0x63AE, 0x5BAE, 0x536E,
    0x534E, 0x536E, 0x536E, 0x4B4D, 0x4B4D, 0x536E, 0x6411, 0x5BD1,
    0x2A4B, 0x0988, 0x11A9, 0x11CA, 0x09A9, 0x09A9, 0x00E6, 0x00C6,
    0x0107, 0x11A9, 0x11AA, 0x09A9, 0x09A9, 0x09A9, 0x09A9, 0x09A9,
    0x09A9, 0x09A9, 0x09A9, 0x0989, 0x0989, 0x0989, 0x0989, 0x0127,
    0x5B6E, 0xCEB9, 0xBDD4, 0xAD93, 0xAD52, 0x9CCF, 0xB551, 0xC5B2,
    0xC5D2, 0xC5B2, 0xC5B1, 0xC5B1, 0xC5B2, 0xC5B1, 0xC5B2, 0xC5D2,
    0xC5D2, 0xC5D2, 0xC5D2, 0xC5D2, 0xC5D2, 0xC5D2, 0xC5D2, 0xC5B2,
    0xC5D1, 0xC5B1, 0xC5B1, 0xC5D2, 0xC5D2, 0xC5B1, 0xBD91, 0xBD91,
    0xAD30, 0x940C, 0x5A86, 0x5225, 0x7329, 0x7BAB, 0xBE15, 0xBDF5,
    0xC657, 0xCE77, 0x39E6, 0x10C2, 0x4AAA, 0x3208, 0x08E4, 0x1126,
    0x0905, 0x0905, 0x1167, 0x1188, 0x1188, 0x0947, 0x536E, 0xAE39,
    0xCEFB, 0xAE18, 0x326A, 0x6C51, 0xC6FC, 0x8514, 0x19A7, 0x00C4,
    0x1968, 0x3AAC, 0x5BF0, 0x6C52, 0x6C31, 0x6C52, 0x6C72, 0x6C52,
    0x8515, 0xA5F8, 0x7472, 0x3249, 0x4AEC, 0x7C31, 0x426A, 0x3A49,
    0x428A, 0x6BF0, 0x8CF4, 0x29E8, 0x19A7, 0x32CC, 0x5C12, 0x09C8,
    0x0988, 0x0989, 0x11A9, 0x536F, 0x5B2C, 0x5A88, 0x6AE8, 0x72E7,
    0x7307, 0x5A66, 0x18C1, 0x10A2, 0x532D, 0x534D, 0x1985, 0x1964,
    0x4289, 0x4AA9, 0x1904, 0x0062, 0x08E4, 0x0905, 0x08E4, 0x3249,
    0x6BEF, 0x73EE, 0x3A48, 0x0041, 0x08C4, 0x0905, 0x1125, 0x2186,
    0x3A07, 0x29A6, 0x08A3, 0x08C3, 0x0904, 0x08E4, 0x1967, 0x21A7,
    0x2166, 0x1925, 0x0083, 0x08C4, 0x1106, 0x08C5, 0x2188, 0x5B2D,
    0x6B8E, 0x39A7, 0x0063, 0x2A2A, 0x3B2E, 0x09C9, 0x09CA, 0x09A9,
    0x0127, 0x0928, 0x1189, 0x0988, 0x0167, 0x11A9, 0x0147, 0x0968,
    0x0968, 0x0126, 0x19A9, 0x434F, 0x222B, 0x0947, 0x3ACC, 0x63B0,
    0x52EC, 0x0083, 0x1167, 0x434E, 0x11C9, 0x0988, 0x0989, 0x0989,
    0x11A9, 0x11CA, 0x11EA, 0x11EB, 0x11EB, 0x19EB, 0x19EB, 0x11EB,
    0x11CA, 0x11AA, 0x0989, 0x0989, 0x84F5, 0xBE9A, 0x8D14, 0x11A7,
    0x0988, 0x0968, 0x0127, 0x0084, 0x6BAF, 0xEF1A, 0xEEB6, 0xEEB4,
    0x51E4, 0x1020, 0x20A1, 0x18A2, 0x18A2, 0x20C2, 0x18A1, 0x20E2,
    0x1040, 0x5226, 0xEEF7, 0xF6F6, 0xF6F6, 0xD635, 0x2944, 0x08E5,
    0x1188, 0x1188, 0x0147, 0x5BF1, 0xBE9A, 0xB617, 0x3ACB, 0x0147,
    0x0989, 0x0968, 0x0127, 0x00E6, 0x00C4, 0x9D76, 0xDF3C, 0xC658,
    0xAD95, 0x8C90, 0x8CB1, 0xB5F6, 0xB617, 0x638D, 0x52CA, 0x636D,
    0x8C71, 0xD699, 0xD6B9, 0xDED9, 0xEF5B, 0xAD74, 0x2985, 0x18E3,
    0x2124, 0x2124, 0x2124, 0x2124, 0x2124, 0x2124, 0x2124, 0x2124,
    0x2104, 0x2124, 0x2124, 0x2104, 0x2104, 0x2124, 0x2965, 0x2965,
    0x2965, 0x2964, 0x2964, 0x2944, 0x2944, 0x2124, 0x2944, 0x2944,
    0x2965, 0x2965, 0x2964, 0x2944, 0x2944, 0x2944, 0x2944, 0x2144,
    0x2124, 0x0861, 0x5289, 0xCE78, 0xE6FA, 0xDEFA, 0xD6B9, 0x94D1,
    0x3A27, 0x29C6, 0x2185, 0x52EB, 0xA575, 0x9513, 0x5B2B, 0x4269,
    0x7C50, 0x638E, 0x326A, 0x224A, 0x120A, 0x0989, 0x0948, 0x00E6,
    0x00C5, 0x00C5, 0x00A5, 0x00C5, 0x00A5, 0x00C5, 0x21C8, 0x7CB3,
    0xA5B7, 0xA5D7, 0xAE18, 0x9555, 0x2A29, 0x1146, 0x7472, 0xAE18,
    0xADF7, 0xAE18, 0x8D35, 0x32CC, 0x0988, 0x09A9, 0x09A9, 0x09AA,
    0x09A9, 0x09A9, 0x09A9, 0x09AA, 0x0189, 0x226C, 0x8536, 0xAE5A,
    0xAE5A, 0xB67A, 0xBE9A, 0xBE9A, 0xBE9A, 0xBE9A, 0xB679, 0xA618,
    0x8535, 0x53AF, 0x2A29, 0x1965, 0x1104, 0x10E3, 0x10E3, 0x08C2,
    0x08A2, 0x08A2, 0x10A2, 0x10A2, 0x0882, 0x0882, 0x0882, 0x0862,
    0x0862, 0x0862, 0x0882, 0x1082, 0x1082, 0x1082, 0x1082, 0x1082,
    0x1082, 0x1082, 0x1082, 0x1082, 0x1082, 0x1082, 0x1082, 0x1082,
    0x1082, 0x1082, 0x10A2, 0x10A2, 0x10A2, 0x1082, 0x10A2, 0x10A2,
    0x10A2, 0x10A2, 0x10A2, 0x10A2, 0x10A2, 0x10A2, 0x10A2, 0x10A2,
    0x10A2, 0x10A2, 0x10A2, 0x10A2, 0x10A2, 0x10A2, 0x10A3, 0x10A2,
    0x10A2, 0x10A2, 0x10A2, 0x10C2, 0x10A2, 0x10A2, 0x10C2, 0x10A3,
    0x10A3, 0x10A3, 0x08A2, 0x10C3, 0x52CB, 0x1125, 0x0905, 0x0926,
    0x0947, 0x0947, 0x0947, 0x0947, 0x0947, 0x0947, 0x0947, 0x0947,
    0x0947, 0x0947, 0x0947, 0x0947, 0x0927, 0x0906, 0x08E6, 0x1147,
    0x21C8, 0x19A8, 0x1146, 0x1166, 0x1987, 0x1945, 0x2166, 0x4249,
    0x4248, 0x4A48, 0x4A48, 0x4A48, 0x4A68, 0x4A69, 0x4A48, 0x4A48,
    0x4A48, 0x4A89, 0x5289, 0x4A89, 0x4248, 0x4A48, 0x4A48, 0x4A68,
    0x4A68, 0x4A69, 0x39C6, 0x4228, 0x4248, 0x2965, 0x10A2, 0x0862,
    0x0862, 0x0883, 0x08C4, 0x0083, 0x0063, 0x0062, 0x0063, 0x0083,
    0x0083, 0x0083, 0x00A4, 0x0083, 0x0084, 0x0084, 0x0084, 0x0084,
    0x0084, 0x00A4, 0x0106, 0x2A4B, 0x5370, 0x32CD, 0x09A8, 0x09A9,
    0x11EA, 0x11CA, 0x0968, 0x0927, 0x0968, 0x11A9, 0x11AA, 0x09AA,
    0x09AA, 0x09CA, 0x11CA, 0x11CA, 0x09A9, 0x09A9, 0x09AA, 0x09A9,
    0x09A9, 0x11A9, 0x11A9, 0x0947, 0x5B8F, 0xC678, 0xB5D4, 0xB5B3,
    0xA531, 0x94AE, 0xB571, 0xC5D3, 0xC5D2, 0xC5B2, 0xC5B1, 0xC5D1,
    0xC5B1, 0xC5B1, 0xC5D2, 0xC5B1, 0xC5D2, 0xC5D2, 0xC5B2, 0xC5B2,
    0xC5D2, 0xC5D2, 0xC5B1, 0xC5B2, 0xC5B2, 0xC5B1, 0xC5B1, 0xC5B2,
    0xC5B2, 0xC5B1, 0xBD91, 0xB571, 0xACEF, 0x8BEB, 0x5A65, 0x62A7,
    0x7BAB, 0x8C2D, 0xC636, 0xBE16, 0xC636, 0xC657, 0x3A07, 0x18E3,
    0x52CB, 0x3A49, 0x08E4, 0x1146, 0x1967, 0x1966, 0x1967, 0x1187,
    0x1188, 0x1187, 0x19A7, 0x328A, 0x42EC, 0x2A29, 0x19C7, 0x5BCF,
    0x84F4, 0x4B4D, 0x0945, 0x1146, 0x324B, 0x2A2B, 0x1167, 0x0106,
    0x0106, 0x00E5, 0x0105, 0x00C5, 0x324A, 0x9556, 0x2A29, 0x00C4,
    0x324A, 0x3A4A, 0x2187, 0x3209, 0x29E9, 0x19A7, 0x322A, 0x21C8,
    0x00E5, 0x3ACC, 0x6453, 0x09C9, 0x0988, 0x0988, 0x1A2B, 0x63F1,
    0x3A28, 0x4A26, 0x62A7, 0x6AC7, 0x6AE7, 0x5A66, 0x2102, 0x10C2,
    0x7410, 0xA5B7, 0x21C7, 0x21A6, 0xB5F7, 0xC658, 0x52CB, 0x0000,
    0x08E5, 0x1968, 0x00C5, 0x2A08, 0x73EF, 0x73EE, 0x3A48, 0x0041,
    0x00A3, 0x00A4, 0x00A3, 0x5B4D, 0x8CD3, 0x8C91, 0x29C7, 0x0062,
    0x1126, 0x1126, 0x00A4, 0x42AB, 0x84B3, 0x7C51, 0x21A7, 0x0063,
    0x00C5, 0x0084, 0x2188, 0xA5B7, 0xC67A, 0x5B0C, 0x0001, 0x3AAC,
    0x6453, 0x09C9, 0x09C9, 0x09A9, 0x0127, 0x0948, 0x1189, 0x0988,
    0x0147, 0x1188, 0x0947, 0x0968, 0x0988, 0x0106, 0x11C9, 0x5C33,
    0x32CD, 0x0063, 0x8CF5, 0xC6BB, 0x9D76, 0x08C4, 0x2A09, 0x8556,
    0x53D0, 0x3B0D, 0x434E, 0x32AC, 0x11C9, 0x0988, 0x11C9, 0x11CA,
    0x09C9, 0x11CA, 0x09C9, 0x09CA, 0x09A9, 0x11A9, 0x09A9, 0x11A9,
    0x84F5, 0xBE9A, 0x8D34, 0x11A7, 0x0988, 0x0968, 0x0106, 0x00A4,
    0x8CB2, 0xF73A, 0xEEF7, 0xE674, 0x41A3, 0x1020, 0x1881, 0x18A1,
    0x18A1, 0x18A1, 0x18A1, 0x18A2, 0x1041, 0x3143, 0xDE55, 0xF6F6,
    0xF6D6, 0xE696, 0x39C5, 0x08C3, 0x1167, 0x1188, 0x0146, 0x6411,
    0xBEBA, 0xAE17, 0x4B4D, 0x11C9, 0x0968, 0x0988, 0x0947, 0x00E5,
    0x00A4, 0xADB7, 0xFFFF, 0xF7DF, 0xE75C, 0xCE58, 0xB5D5, 0xB5B5,
    0x94F2, 0x5B0B, 0x3A28, 0x4248, 0x73EF, 0xCE78, 0xD6B9, 0xCE98,
    0xD6B9, 0x8C50, 0x2103, 0x2104, 0x2104, 0x2124, 0x2124, 0x2124,
    0x2124, 0x2124, 0x2104, 0x2104, 0x2124, 0x2124, 0x2104, 0x2124,
    0x2104, 0x2124, 0x2945, 0x3165, 0x2965, 0x2964, 0x2944, 0x2944,
    0x2924, 0x2124, 0x2944, 0x2944, 0x2944, 0x2924, 0x2124, 0x2944,
    0x2944, 0x2944, 0x2944, 0x2944, 0x2124, 0x0861, 0x2964, 0xAD54,
    0xE6D9, 0xE71A, 0xDED9, 0x9D12, 0x4227, 0x31C6, 0x31C6, 0x4289,
    0x636C, 0x7C50, 0x73CE, 0x636C, 0x84B2, 0x7430, 0x63D0, 0x4B6F,
    0x11C9, 0x0148, 0x0907, 0x0927, 0x0947, 0x0948, 0x0928, 0x0927,
    0x0947, 0x0927, 0x00E6, 0x2209, 0x42CC, 0x4AEC, 0x42EC, 0x2A09,
    0x0905, 0x0926, 0x19A8, 0x2A09, 0x3229, 0x326A, 0x19C8, 0x0967,
    0x09A9, 0x09A9, 0x0989, 0x09A9, 0x09A9, 0x09A9, 0x09AA, 0x09AA,
    0x0168, 0x4BB0, 0xAE5A, 0xBE79, 0xC699, 0xCEFB, 0xD71B, 0xD71B,
    0xD71B, 0xD6FB, 0xCEDA, 0xAE17, 0x6430, 0x2228, 0x0924, 0x00C2,
    0x0082, 0x1103, 0x2185, 0x21A5, 0x29C6, 0x29E6, 0x29C5, 0x21A5,
    0x2185, 0x1923, 0x0881, 0x0841, 0x0841, 0x0841, 0x0841, 0x0841,
    0x0841, 0x0841, 0x0861, 0x0841, 0x0841, 0x0841, 0x0841, 0x0841,
    0x0841, 0x0841, 0x0841, 0x0861, 0x0861, 0x0861, 0x0861, 0x0841,
    0x0841, 0x0861, 0x0861, 0x0861, 0x0861, 0x0861, 0x0861, 0x0861,
    0x0861, 0x0861, 0x0861, 0x0861, 0x0861, 0x0861, 0x0861, 0x0861,
    0x0861, 0x0861, 0x0861, 0x0861, 0x0861, 0x0861, 0x0861, 0x0861,
    0x0861, 0x0861, 0x0861, 0x0861, 0x0882, 0x0882, 0x0881, 0x10C3,
    0x4A8A, 0x1105, 0x00E5, 0x0906, 0x0926, 0x0926, 0x0926, 0x0926,
    0x0926, 0x0926, 0x0926, 0x0926, 0x0926, 0x0926, 0x0926, 0x0927,
    0x0927, 0x0906, 0x00E5, 0x08E5, 0x1947, 0x29E9, 0x21C9, 0x1146,
    0x1126, 0x1146, 0x1945, 0x2166, 0x2165, 0x2145, 0x2145, 0x2144,
    0x2124, 0x2145, 0x2165, 0x1904, 0x10A2, 0x10C3, 0x2165, 0x2986,
    0x2145, 0x1924, 0x2124, 0x2124, 0x2144, 0x2145, 0x2145, 0x2145,
    0x2145, 0x2145, 0x1925, 0x10E4, 0x08C4, 0x08C4, 0x08C4, 0x08C5,
    0x08C5, 0x08E5, 0x08E5, 0x08E5, 0x08E5, 0x0906, 0x0906, 0x0906,
    0x0926, 0x0907, 0x0927, 0x0927, 0x0927, 0x0927, 0x00E6, 0x0906,
    0x3A8C, 0x6412, 0x4B6F, 0x1A0A, 0x11EA, 0x120B, 0x19EB, 0x11EA,
    0x19CA, 0x11A9, 0x0989, 0x0989, 0x09AA, 0x09CA, 0x09AA, 0x09A9,
    0x0989, 0x09A9, 0x0989, 0x0989, 0x0988, 0x0968, 0x0968, 0x0106,
    0x532D, 0xC657, 0xAD73, 0xB5B3, 0xBE14, 0xA510, 0xAD30, 0xCDD3,
    0xC5D2, 0xC5B2, 0xC5D1, 0xC5D1, 0xC5B1, 0xC5B1, 0xC5D2, 0xCDD2,
    0xC5D2, 0xC5B2, 0xC5B2, 0xC5B1, 0xCDD2, 0xCDD2, 0xC5B2, 0xC5B2,
    0xCDD2, 0xC5B1, 0xC5B1, 0xC5D2, 0xC5D2, 0xC591, 0xBD91, 0xBD71,
    0xA4CE, 0x7B8A, 0x5A45, 0x7B6A, 0x7B8A, 0xA4F0, 0xCE97, 0xC657,
    0xC657, 0xCE78, 0x3A07, 0x18E3, 0x6BCF, 0x4ACB, 0x00A3, 0x1126,
    0x1167, 0x1166, 0x1167, 0x1167, 0x0946, 0x1187, 0x7472, 0x7493,
    0x0946, 0x3ACC, 0x6431, 0x2229, 0x3ACC, 0x8D55, 0x3AEC, 0x19C8,
    0x19A9, 0x0907, 0x0907, 0x0907, 0x0907, 0x0927, 0x1126, 0x0906,
    0x21C9, 0x7472, 0x21E9, 0x00A4, 0x1105, 0x1126, 0x1126, 0x08E6,
    0x08E6, 0x0906, 0x08E5, 0x0906, 0x00C5, 0x328B, 0x6432, 0x09C9,
    0x09A8, 0x09A8, 0x120A, 0x5C11, 0x29E8, 0x31A5, 0x4A26, 0x4A05,
    0x4A26, 0x4206, 0x18E2, 0x1904, 0x8CD3, 0xB638, 0x3A6A, 0x3228,
    0xAE18, 0xADD7, 0x428B, 0x0062, 0x1126, 0x1147, 0x00C5, 0x4B0C,
    0x9D54, 0x9D54, 0x532B, 0x1124, 0x42CB, 0x4B0D, 0x4AEC, 0x7451,
    0x9D34, 0x9513, 0x29C7, 0x00A3, 0x1126, 0x1126, 0x00C5, 0x5B6E,
    0x9D76, 0x8492, 0x3228, 0x3A6A, 0x532E, 0x42ED, 0x3A8B, 0x84D3,
    0x9534, 0x3249, 0x0021, 0x326B, 0x5BF1, 0x09A9, 0x09CA, 0x09A9,
    0x0127, 0x0948, 0x1188, 0x0988, 0x0147, 0x1188, 0x0968, 0x0988,
    0x0988, 0x0127, 0x11A9, 0x53F2, 0x328C, 0x00C5, 0x7431, 0x8CD3,
    0x638E, 0x0883, 0x21A8, 0x74B3, 0x7493, 0x6C72, 0x6C72, 0x74B3,
    0x6412, 0x32CD, 0x2A8C, 0x32CD, 0x32EE, 0x32CD, 0x32CD, 0x32EE,
    0x32AD, 0x1A0B, 0x11A9, 0x11CA, 0x8515, 0xBE9A, 0x8D14, 0x19C8,
    0x0989, 0x0968, 0x0106, 0x00A4, 0x8C92, 0xF75A, 0xF718, 0xEEB5,
    0x49E4, 0x0820, 0x18A1, 0x10A1, 0x18A2, 0x18A2, 0x10A2, 0x18A2,
    0x0841, 0x3985, 0xDE75, 0xF6F6, 0xF6F6, 0xE696, 0x39A5, 0x08C3,
    0x1167, 0x1188, 0x2209, 0x84F4, 0xBEBA, 0xB638, 0x6C71, 0x5C12,
    0x2A8C, 0x0988, 0x0968, 0x0106, 0x0084, 0x4ACC, 0xEF9E, 0xFFFF,
    0xFFFF, 0xFFFF, 0xA534, 0x5AEB, 0x31A6, 0x29A6, 0x29A6, 0x31E7,
    0x3A48, 0x4A89, 0x94D1, 0xB5F6, 0x8C70, 0x18E3, 0x1061, 0x2104,
    0x2104, 0x2104, 0x2124, 0x2124, 0x2104, 0x2124, 0x2124, 0x2124,
    0x2124, 0x2124, 0x2124, 0x2124, 0x2124, 0x2124, 0x2944, 0x2944,
    0x2965, 0x3185, 0x2985, 0x2965, 0x2944, 0x2124, 0x2945, 0x3185,
    0x2944, 0x2124, 0x2944, 0x2965, 0x3185, 0x2944, 0x2944, 0x2945,
    0x2124, 0x1082, 0x0000, 0x5ACA, 0xEF1A, 0xEF3B, 0xA512, 0x6B4B,
    0x4A88, 0x3A48, 0x4268, 0x31E6, 0x3206, 0x4AEA, 0x6BAD, 0x6BEE,
    0x4289, 0x1145, 0x1146, 0x0947, 0x0107, 0x0107, 0x0907, 0x0948,
    0x0968, 0x0968, 0x0968, 0x0968, 0x0968, 0x0968, 0x0968, 0x0126,
    0x00E5, 0x00E6, 0x00E5, 0x0947, 0x1188, 0x0967, 0x0146, 0x0126,
    0x0927, 0x0947, 0x0988, 0x09A9, 0x09A9, 0x09A9, 0x09A9, 0x09A9,
    0x09A9, 0x09AA, 0x09AA, 0x09AA, 0x0168, 0x5412, 0xAE59, 0xBE38,
    0x9533, 0x7C92, 0x84B2, 0x84B2, 0x7CB2, 0x7C72, 0x6C10, 0x3A8A,
    0x08E4, 0x0062, 0x0041, 0x0041, 0x0020, 0x0061, 0x1103, 0x2A07,
    0x2A27, 0x21E6, 0x21C5, 0x1984, 0x19A4, 0x21A5, 0x08C2, 0x0020,
    0x0020, 0x0020, 0x0020, 0x0020, 0x0020, 0x0020, 0x0020, 0x0020,
    0x0020, 0x0020, 0x0020, 0x0020, 0x0020, 0x0020, 0x0020, 0x0020,
    0x0020, 0x0020, 0x0020, 0x0020, 0x0020, 0x0020, 0x0020, 0x0020,
    0x0020, 0x0020, 0x0020, 0x0020, 0x0020, 0x0020, 0x0021, 0x0021,
    0x0020, 0x0021, 0x0021, 0x0021, 0x0020, 0x0020, 0x0020, 0x0020,
    0x0020, 0x0021, 0x0021, 0x0021, 0x0021, 0x0021, 0x0841, 0x0041,
    0x0041, 0x0041, 0x0841, 0x18E3, 0x4AAA, 0x1105, 0x08E5, 0x0906,
    0x0926, 0x0906, 0x0906, 0x0906, 0x0926, 0x0906, 0x0906, 0x0906,
    0x0906, 0x0906, 0x0906, 0x0906, 0x0906, 0x0905, 0x08E5, 0x00C4,
    0x08E5, 0x1967, 0x2A2A, 0x21E9, 0x1146, 0x1126, 0x1145, 0x1125,
    0x1925, 0x1125, 0x1105, 0x1125, 0x1105, 0x1105, 0x1105, 0x1105,
    0x08E4, 0x10E4, 0x1946, 0x3A29, 0x3A29, 0x2187, 0x1966, 0x1925,
    0x1105, 0x1104, 0x10E4, 0x1105, 0x10E4, 0x08E4, 0x08E4, 0x08E4,
    0x08E5, 0x08E5, 0x08E5, 0x08E5, 0x08E5, 0x08E5, 0x08E5, 0x0905,
    0x0906, 0x0906, 0x0906, 0x0927, 0x0947, 0x0947, 0x0948, 0x0968,
    0x0968, 0x0968, 0x0947, 0x0106, 0x00E6, 0x2A4B, 0x74B4, 0x74D4,
    0x53B0, 0x32AD, 0x19EA, 0x11CA, 0x11C9, 0x1A0B, 0x2AAD, 0x2A8D,
    0x2A8C, 0x228C, 0x2A8C, 0x2AAC, 0x2AAC, 0x2AAC, 0x2A8C, 0x32AD,
    0x32AD, 0x32AD, 0x3AAD, 0x2A2A, 0x63AE, 0xCE77, 0xBDF5, 0xBE15,
    0xC636, 0x9CF1, 0xA4AE, 0xC5D2, 0xC5D2, 0xC5D2, 0xC5D2, 0xC5D2,
    0xC5D2, 0xC5B2, 0xCDD2, 0xCDD2, 0xC5B2, 0xCDD2, 0xCDD2, 0xC5B2,
    0xC5D2, 0xC5D2, 0xC5D2, 0xC5B1, 0xC5B2, 0xC5B1, 0xC5B1, 0xC5B1,
    0xC5B1, 0xC5B1, 0xBD91, 0xBD71, 0xA4AE, 0x7307, 0x62C6, 0x8BEB,
    0x6B28, 0xA4F0, 0xC636, 0xCE77, 0xCE77, 0xC657, 0x39E6, 0x10A2,
    0x73CF, 0x7410, 0x5B6E, 0x84B3, 0x8CF4, 0x84F4, 0x84F4, 0x84F4,
    0x7452, 0x538F, 0x9DD7, 0xAE18, 0x538E, 0x95D7, 0x9DF8, 0x19C8,
    0x328B, 0x9596, 0x4B4D, 0x1187, 0x0106, 0x0906, 0x0906, 0x0906,
    0x08E6, 0x0906, 0x0906, 0x08C5, 0x2209, 0x7493, 0x2A09, 0x1126,
    0x1967, 0x10E6, 0x08E6, 0x0906, 0x0906, 0x0906, 0x1126, 0x1947,
    0x1126, 0x328C, 0x6432, 0x11E9, 0x09A9, 0x09A9, 0x120A, 0x6452,
    0x2A08, 0x8430, 0xD678, 0xCE37, 0xCE57, 0xB575, 0x2965, 0x1924,
    0x9534, 0xAE18, 0x42AB, 0x1145, 0x3A8A, 0x29E8, 0x00A3, 0x1125,
    0x1946, 0x08E5, 0x1126, 0x42AB, 0x532C, 0x3A48, 0x1123, 0x42AA,
    0x7C92, 0x7C92, 0x7C92, 0x534D, 0x52CB, 0x31E7, 0x08C3, 0x1125,
    0x08E5, 0x08E5, 0x0905, 0x29E8, 0x42AB, 0x3208, 0x3228, 0x6C10,
    0x7C93, 0x7CB3, 0x5BAF, 0x2A28, 0x2A08, 0x21A6, 0x0062, 0x3A8B,
    0x6452, 0x09A9, 0x09A9, 0x09C9, 0x0968, 0x0948, 0x1189, 0x1189,
    0x0148, 0x11A9, 0x0968, 0x0988, 0x0988, 0x0127, 0x11C9, 0x53F1,
    0x2A8C, 0x1167, 0x4B0D, 0x4B0C, 0x2A09, 0x0063, 0x2A2A, 0x5C11,
    0x11A7, 0x00C4, 0x00C4, 0x1166, 0x432E, 0x7CD4, 0x8536, 0x8556,
    0x8D77, 0x8D77, 0x8556, 0x8556, 0x8536, 0x6C93, 0x32CD, 0x1A0A,
    0x8D35, 0xBE99, 0x8D34, 0x19C8, 0x0989, 0x0968, 0x0106, 0x0084,
    0x634D, 0xF75A, 0xEEF8, 0xF717, 0x838A, 0x0800, 0x1881, 0x1082,
    0x10A1, 0x10A2, 0x10A2, 0x18A2, 0x0000, 0x732A, 0xF6D6, 0xF6D5,
    0xF717, 0xC592, 0x20E2, 0x10E4, 0x1167, 0x1188, 0x2209, 0x84F4,
    0xBE9A, 0xB617, 0x3ACB, 0x2A6A, 0x6C73, 0x32ED, 0x0967, 0x0926,
    0x00C5, 0x00A4, 0x4ACB, 0x9CF4, 0xB5B6, 0xA534, 0x634D, 0x3A08,
    0x4269, 0x4ACA, 0x4ACB, 0x4ACB, 0x3A29, 0x3208, 0x6B8D, 0x73EF,
    0x4AAA, 0x1082, 0x1082, 0x18E3, 0x2104, 0x2104, 0x2124, 0x2124,
    0x2124, 0x2104, 0x2124, 0x2104, 0x2124, 0x2124, 0x2124, 0x2124,
    0x2124, 0x2124, 0x2944, 0x2944, 0x2964, 0x2964, 0x2964, 0x2944,
    0x2124, 0x2124, 0x2945, 0x3185, 0x2965, 0x2944, 0x2944, 0x2964,
    0x2965, 0x2944, 0x2944, 0x2945, 0x2125, 0x0861, 0x0841, 0x3185,
    0x840F, 0x9491, 0x6B6C, 0x4248, 0x3207, 0x31E7, 0x29E7, 0x3207,
    0x3228, 0x29E7, 0x21A6, 0x0904, 0x00A3, 0x00C4, 0x00E5, 0x0106,
    0x0927, 0x0948, 0x0968, 0x0968, 0x0968, 0x0988, 0x0168, 0x0168,
    0x0988, 0x0989, 0x0968, 0x0968, 0x11A9, 0x19EA, 0x1A0A, 0x1A0A,
    0x1A0A, 0x1A2A, 0x224B, 0x224B, 0x224B, 0x226C, 0x1A2B, 0x09CA,
    0x09AA, 0x0989, 0x09A9, 0x09A9, 0x09A9, 0x09A9, 0x09A9, 0x09A9,
    0x0168, 0x5C32, 0xAE59, 0xADD7, 0x4B0C, 0x0987, 0x0967, 0x0966,
    0x0967, 0x0967, 0x0966, 0x0126, 0x00C4, 0x0082, 0x0042, 0x0041,
    0x0041, 0x0041, 0x08A2, 0x1944, 0x1964, 0x1123, 0x0902, 0x0902,
    0x0902, 0x1123, 0x0081, 0x0020, 0x0020, 0x0020, 0x0020, 0x0020,
    0x0841, 0x0041, 0x0041, 0x0020, 0x0041, 0x0040, 0x0040, 0x0841,
    0x0041, 0x0040, 0x0040, 0x0841, 0x0841, 0x0041, 0x0041, 0x0041,
    0x0041, 0x0041, 0x0041, 0x0040, 0x0040, 0x0041, 0x0041, 0x0041,
    0x0041, 0x0041, 0x0041, 0x0041, 0x0040, 0x0040, 0x0041, 0x0841,
    0x0841, 0x0841, 0x0841, 0x0861, 0x0841, 0x0861, 0x0861, 0x0861,
    0x0861, 0x0882, 0x0882, 0x0882, 0x08A2, 0x08A2, 0x10C2, 0x2144,
    0x4AAA, 0x1104, 0x08E5, 0x0905, 0x0905, 0x08E5, 0x00E5, 0x00C5,
    0x00E5, 0x00C5, 0x00C5, 0x08E5, 0x00C5, 0x08E5, 0x00C5, 0x00E5,
    0x00E5, 0x08C5, 0x08C5, 0x00C4, 0x00A4, 0x08C5, 0x1987, 0x324A,
    0x29E9, 0x1167, 0x1146, 0x1126, 0x1126, 0x1126, 0x1126, 0x1126,
    0x0905, 0x1126, 0x1126, 0x0906, 0x0905, 0x08E5, 0x00C4, 0x1146,
    0x1987, 0x1146, 0x1105, 0x08E5, 0x00E4, 0x00C4, 0x00C4, 0x00C4,
    0x00C4, 0x00C4, 0x00C4, 0x00C4, 0x00C4, 0x00C4, 0x00C4, 0x08C4,
    0x08C4, 0x08C4, 0x00C4, 0x08C5, 0x08E5, 0x08E5, 0x08E6, 0x0106,
    0x0106, 0x0927, 0x0947, 0x0948, 0x0968, 0x0968, 0x0968, 0x0947,
    0x0106, 0x00C5, 0x21E9, 0x5BF0, 0x8535, 0x7473, 0x536F, 0x53B0,
    0x436F, 0x53F1, 0x7D36, 0x8D77, 0x95B8, 0x9597, 0x95B7, 0x9DB7,
    0x8535, 0x8D56, 0x9DB7, 0xA5F8, 0xAE3A, 0xB67A, 0xB65A, 0xAE18,
    0xADD6, 0xC657, 0xBDD4, 0xAD93, 0xC636, 0xA552, 0x83EC, 0xBD91,
    0xCDF3, 0xC5D2, 0xC5D2, 0xCDD2, 0xCDD2, 0xC5D2, 0xC5D2, 0xC5D2,
    0xC5D2, 0xCDD2, 0xCDF2, 0xCDD2, 0xC5B2, 0xC5B2, 0xC5D2, 0xC5D2,
    0xC5B2, 0xC5B1, 0xC5D2, 0xC5D2, 0xC5B1, 0xC591, 0xBD91, 0xB50F,
    0x940B, 0x6AC6, 0x8BCB, 0x83AA, 0x8C0C, 0xBDD4, 0xB5D4, 0xBE15,
    0xBE16, 0xBE16, 0x3A06, 0x0020, 0x2145, 0x29A7, 0x29C7, 0x3A49,
    0x3A6A, 0x42CB, 0x4B0C, 0x4B0C, 0x534E, 0x63F0, 0xAE39, 0xAE18,
    0x7451, 0xAE58, 0xA618, 0x19C8, 0x2209, 0x9DD7, 0x53AF, 0x00C4,
    0x00C5, 0x00A5, 0x00C5, 0x08E6, 0x08E6, 0x08E6, 0x0906, 0x00C5,
    0x324A, 0x8D15, 0x3AAB, 0x21C8, 0x3209, 0x10E5, 0x08E5, 0x08A4,
    0x0084, 0x08E5, 0x0905, 0x2188, 0x1967, 0x42ED, 0x6452, 0x11C9,
    0x0988, 0x09A9, 0x1A4B, 0x6473, 0x328A, 0x8CD3, 0xE75D, 0xEF3C,
    0xEF3C, 0xC618, 0x2145, 0x1945, 0x9555, 0x9555, 0x3209, 0x326A,
    0x63F0, 0x5BAF, 0x42EC, 0x3A8A, 0x29E9, 0x0906, 0x21C8, 0x5B6E,
    0x8CD3, 0x742F, 0x42A9, 0x3AAA, 0x2209, 0x19C7, 0x42CB, 0x4B0C,
    0x63AE, 0x530C, 0x426A, 0x42CB, 0x2A09, 0x21C8, 0x3AAC, 0x42AB,
    0x63AF, 0x63CF, 0x4B0C, 0x4B0D, 0x19C8, 0x19A7, 0x536E, 0x6C31,
    0x6C10, 0x5BCF, 0x3AAB, 0x4B8F, 0x74F4, 0x3B2E, 0x09A9, 0x09C9,
    0x0968, 0x0948, 0x1189, 0x1188, 0x0147, 0x0989, 0x0148, 0x0968,
    0x0968, 0x0927, 0x11A9, 0x226B, 0x2A8C, 0x536F, 0x7472, 0x6C72,
    0x6C31, 0x4B4E, 0x53B0, 0x434F, 0x0106, 0x1988, 0x21E9, 0x00E5,
    0x00A4, 0x1167, 0x19C9, 0x19C8, 0x19E9, 0x21E9, 0x19C8, 0x19C8,
    0x2229, 0x4B6E, 0x7494, 0x434E, 0x8515, 0xBE9A, 0x9554, 0x19E8,
    0x1189, 0x1189, 0x0127, 0x0084, 0x31C7, 0xDEB8, 0xEEF8, 0xF6D7,
    0xDE33, 0x49E4, 0x0800, 0x1041, 0x1081, 0x1081, 0x1061, 0x0000,
    0x39C5, 0xCDF3, 0xF6D5, 0xEEB4, 0xFF37, 0x7B6A, 0x0861, 0x1105,
    0x0947, 0x0967, 0x00E5, 0x3ACC, 0xAE18, 0xADD7, 0x2A29, 0x0062,
    0x2A4B, 0x53D0, 0x11C9, 0x0947, 0x0926, 0x00E5, 0x0083, 0x0082,
    0x08A3, 0x10A3, 0x10E4, 0x1945, 0x1965, 0x1945, 0x1125, 0x1125,
    0x1945, 0x1925, 0x08C3, 0x0041, 0x10E3, 0x18E3, 0x0881, 0x2104,
    0x2104, 0x2124, 0x2124, 0x2124, 0x2124, 0x2124, 0x2104, 0x2124,
    0x2124, 0x2124, 0x2124, 0x2124, 0x2124, 0x2124, 0x2944, 0x2964,
    0x2964, 0x2964, 0x2944, 0x2944, 0x2124, 0x2124, 0x2945, 0x2965,
    0x2965, 0x2964, 0x2964, 0x2964, 0x2944, 0x2944, 0x2944, 0x2944,
    0x2124, 0x0862, 0x0861, 0x2944, 0x1082, 0x31A6, 0x52CA, 0x3A48,
    0x29C7, 0x21C7, 0x21C7, 0x21C7, 0x21C8, 0x21C8, 0x1987, 0x08E5,
    0x0906, 0x0927, 0x0947, 0x0968, 0x0968, 0x0968, 0x0968, 0x0988,
    0x0188, 0x0189, 0x11EA, 0x2A8D, 0x1A4B, 0x0989, 0x0989, 0x0148,
    0x32CD, 0x6C74, 0x6C94, 0x7494, 0x6C94, 0x53D1, 0x434F, 0x4B90,
    0x53D1, 0x5C12, 0x3B0E, 0x09A9, 0x09A9, 0x09A9, 0x09A9, 0x0189,
    0x09A9, 0x09A9, 0x0989, 0x0989, 0x0147, 0x53F1, 0xAE59, 0xA5D7,
    0x432D, 0x09C9, 0x09CA, 0x11EA, 0x11EA, 0x11EA, 0x11E9, 0x19E9,
    0x21E9, 0x1146, 0x1104, 0x10E3, 0x08C2, 0x08A2, 0x08C2, 0x0903,
    0x0902, 0x08C1, 0x08C1, 0x08C1, 0x08C1, 0x08E2, 0x08C2, 0x10C2,
    0x18E3, 0x18E3, 0x10E3, 0x1903, 0x1903, 0x1904, 0x1924, 0x1924,
    0x1924, 0x1944, 0x2124, 0x1924, 0x1904, 0x1924, 0x1904, 0x1904,
    0x1904, 0x1903, 0x1903, 0x1903, 0x1903, 0x18E3, 0x1903, 0x1903,
    0x1903, 0x1903, 0x18E3, 0x18E3, 0x18E3, 0x18E3, 0x18E3, 0x10E3,
    0x10E3, 0x10E2, 0x10E2, 0x10E3, 0x1103, 0x10E3, 0x1103, 0x1103,
    0x1103, 0x1903, 0x1923, 0x1923, 0x1103, 0x1103, 0x1924, 0x1944,
    0x2144, 0x2164, 0x2164, 0x2185, 0x4269, 0x1104, 0x00C4, 0x00E5,
    0x00C4, 0x00A4, 0x00C4, 0x08E4, 0x08E4, 0x08E5, 0x08C5, 0x08C4,
    0x08C4, 0x08C4, 0x08E5, 0x08E5, 0x08E5, 0x08C5, 0x08E5, 0x08E5,
    0x08C5, 0x08C4, 0x08C4, 0x1105, 0x1946, 0x1967, 0x1146, 0x0926,
    0x0926, 0x0906, 0x0906, 0x0906, 0x0906, 0x0926, 0x0906, 0x0906,
    0x0906, 0x0905, 0x08E5, 0x00C4, 0x08E5, 0x08E5, 0x08C4, 0x00C4,
    0x00C4, 0x00C4, 0x00C4, 0x00C4, 0x00A4, 0x00A4, 0x00A4, 0x00A4,
    0x00A4, 0x00A4, 0x00C4, 0x00C4, 0x00A4, 0x00A4, 0x00A3, 0x00A4,
    0x00A4, 0x00C5, 0x00C5, 0x00E6, 0x00E6, 0x0106, 0x0107, 0x0127,
    0x0948, 0x0968, 0x0968, 0x0968, 0x0968, 0x0927, 0x00E5, 0x2A4A,
    0x8515, 0x9DB7, 0xA5F8, 0xAE5A, 0x9E19, 0x53B0, 0x2A4A, 0x63F1,
    0x9DD8, 0xA5F8, 0xA5D7, 0xAE18, 0x84F4, 0x328A, 0x3AAB, 0x63AF,
    0x5B6E, 0x4ACB, 0x4A8A, 0x3A48, 0x5B2B, 0xCE56, 0xCE77, 0xBDD4,
    0xC636, 0xC616, 0xA4F0, 0x9CAE, 0xCDF3, 0xCDD2, 0xC5B1, 0xCDD2,
    0xCDD2, 0xCDF2, 0xCDD2, 0xCDD2, 0xCDD2, 0xCDD2, 0xCDF2, 0xCDF2,
    0xCDF2, 0xC5D2, 0xC5D2, 0xC5D2, 0xC5D2, 0xC5D2, 0xC5D2, 0xC5D2,
    0xC5B1, 0xC5B1, 0xBD91, 0xA4AD, 0x7B48, 0x83AA, 0x942C, 0x7349,
    0xB593, 0xCE56, 0xC656, 0xC656, 0xCE77, 0xBE16, 0x31A5, 0x0840,
    0x0000, 0x0000, 0x0000, 0x0000, 0x0000, 0x0021, 0x0082, 0x00A3,
    0x00C4, 0x19C8, 0x9DB7, 0xB639, 0x7C71, 0xA5D6, 0x9D96, 0x3AAA,
    0x7451, 0xAE79, 0x536E, 0x0083, 0x0926, 0x19A9, 0x1148, 0x00C6,
    0x00C5, 0x00A5, 0x00C5, 0x0084, 0x21A8, 0x7C93, 0x3249, 0x0042,
    0x426A, 0x6BCF, 0x08C3, 0x0883, 0x0083, 0x42AB, 0x3A4A, 0x0083,
    0x0084, 0x322A, 0x6432, 0x11E9, 0x0988, 0x09A9, 0x11EA, 0x4BB0,
    0x2A8B, 0x4AEC, 0x6BAE, 0x6B8E, 0x7BCF, 0x6B6D, 0x2144, 0x1966,
    0x84B3, 0x42EC, 0x1166, 0x536E, 0x53B0, 0x430D, 0x6431, 0x84F5,
    0x5B8F, 0x1167, 0x2A2A, 0x6C11, 0x9555, 0x7C71, 0x63EF, 0x6C10,
    0x2A2A, 0x2A4A, 0x84B3, 0x9535, 0x9535, 0x9555, 0x9555, 0x8CF4,
    0x42CC, 0x42CC, 0x7CB4, 0x7CB3, 0x6C31, 0x4B4E, 0x5BD0, 0x6C32,
    0x2A0A, 0x19C8, 0x7493, 0x7CD4, 0x7492, 0x84F4, 0x6C72, 0x2A8B,
    0x226B, 0x5C12, 0x226B, 0x09C9, 0x0148, 0x1168, 0x11A9, 0x0988,
    0x0147, 0x11A9, 0x0968, 0x0988, 0x0968, 0x0947, 0x11A9, 0x0106,
    0x2A6C, 0x7493, 0x6C93, 0x5C10, 0x5C31, 0x7CF4, 0x4B6F, 0x0147,
    0x0127, 0x21C9, 0x324C, 0x19A9, 0x00E5, 0x0084, 0x0084, 0x0084,
    0x0083, 0x0083, 0x0064, 0x0084, 0x0084, 0x00C5, 0x3ACC, 0x6411,
    0x8534, 0xBE99, 0x9534, 0x19C8, 0x0988, 0x1189, 0x0947, 0x00E5,
    0x0083, 0x840E, 0xF73A, 0xEED6, 0xF6F6, 0xD633, 0x6AE8, 0x20E1,
    0x1060, 0x1061, 0x20E2, 0x62E9, 0xCE14, 0xF716, 0xEEB4, 0xFF37,
    0xCDB2, 0x28E2, 0x10C3, 0x0906, 0x0927, 0x0926, 0x00C5, 0x2209,
    0xAE38, 0xCEDB, 0x6C10, 0x00C4, 0x00E5, 0x19C9, 0x11C9, 0x0988,
    0x0968, 0x0946, 0x0905, 0x08E4, 0x10E4, 0x1104, 0x1105, 0x1105,
    0x1105, 0x1125, 0x1125, 0x1105, 0x08E5, 0x08E4, 0x08E4, 0x10E4,
    0x2165, 0x18E3, 0x0861, 0x2104, 0x2104, 0x2124, 0x2124, 0x2124,
    0x2124, 0x2124, 0x2124, 0x2124, 0x2124, 0x2124, 0x2124, 0x2124,
    0x2104, 0x2124, 0x2944, 0x2965, 0x2965, 0x2965, 0x2944, 0x2944,
    0x2144, 0x2144, 0x2944, 0x2964, 0x2964, 0x3164, 0x3185, 0x2964,
    0x2944, 0x2964, 0x2964, 0x2944, 0x2124, 0x1082, 0x0861, 0x2965,
    0x1082, 0x0020, 0x0061, 0x1945, 0x2187, 0x1986, 0x1987, 0x19A8,
    0x21C8, 0x21E9, 0x1187, 0x0946, 0x0967, 0x0968, 0x0968, 0x0968,
    0x0969, 0x0989, 0x0188, 0x0989, 0x0989, 0x0169, 0x0989, 0x2AAD,
    0x226C, 0x09A9, 0x0969, 0x0148, 0x0988, 0x326C, 0x3AAD, 0x2A2A,
    0x19A8, 0x1166, 0x0906, 0x19A8, 0x2A2A, 0x19C9, 0x11C9, 0x0988,
    0x0989, 0x09A9, 0x09A9, 0x0989, 0x0989, 0x0989, 0x0989, 0x0989,
    0x0147, 0x5C11, 0xAE59, 0xA5D7, 0x432D, 0x09C9, 0x09CA, 0x11CA,
    0x11CA, 0x11CA, 0x09CA, 0x11C9, 0x19C9, 0x326A, 0x4B2B, 0x42E9,
    0x3AA8, 0x3267, 0x2A27, 0x2A06, 0x19A4, 0x1143, 0x1102, 0x08E1,
    0x08E2, 0x0902, 0x0902, 0x1102, 0x1123, 0x1123, 0x1103, 0x1102,
    0x10E2, 0x1103, 0x1103, 0x1123, 0x1944, 0x1924, 0x1103, 0x08E2,
    0x10E2, 0x10E3, 0x08E2, 0x08E2, 0x08E2, 0x08C2, 0x08C2, 0x08C2,
    0x08C2, 0x10E2, 0x10E3, 0x1103, 0x1103, 0x1103, 0x1103, 0x1123,
    0x1923, 0x1923, 0x1123, 0x1923, 0x1924, 0x1924, 0x1944, 0x1964,
    0x1944, 0x1964, 0x2185, 0x2184, 0x2184, 0x2184, 0x2185, 0x2185,
    0x2185, 0x2185, 0x2185, 0x2185, 0x2185, 0x29A5, 0x29A5, 0x29C5,
    0x3A08, 0x10E4, 0x00C4, 0x00C4, 0x00A3, 0x08C4, 0x1105, 0x1125,
    0x1105, 0x1105, 0x08E4, 0x08C4, 0x08C4, 0x08C4, 0x08A3, 0x08A3,
    0x08A4, 0x08A4, 0x08A4, 0x08C4, 0x08C4, 0x08C4, 0x08A3, 0x08A4,
    0x08C4, 0x08E5, 0x1105, 0x0905, 0x0905, 0x0905, 0x0905, 0x0905,
    0x0905, 0x08E5, 0x08E5, 0x08E5, 0x08E5, 0x0905, 0x08E4, 0x00A4,
    0x08A4, 0x00A4, 0x08C4, 0x08E5, 0x1105, 0x1105, 0x08E4, 0x08C4,
    0x08A4, 0x00A4, 0x08A4, 0x08A4, 0x08A4, 0x00A4, 0x00A4, 0x00C4,
    0x08C4, 0x00A4, 0x00A3, 0x0083, 0x00A4, 0x00A4, 0x00C5, 0x00E5,
    0x00E6, 0x0907, 0x0107, 0x00E6, 0x0107, 0x0948, 0x0968, 0x0988,
    0x0989, 0x0988, 0x11A9, 0x5BD0, 0x538F, 0x2A29, 0x326A, 0x326A,
    0x2A09, 0x0926, 0x00C4, 0x1126, 0x21A8, 0x29E9, 0x2A09, 0x42CC,
    0x7492, 0x2209, 0x0063, 0x08C4, 0x0082, 0x10E3, 0x636D, 0x8450,
    0x94B1, 0xD6B8, 0xE719, 0xB572, 0xAD52, 0xD697, 0xD697, 0x946E,
    0xA4CF, 0xCE34, 0xCDF2, 0xC5D2, 0xC5D2, 0xC5D2, 0xCDD2, 0xCDD2,
    0xCDD2, 0xCDF2, 0xCDD2, 0xCDF2, 0xCDF2, 0xC5D2, 0xC5D2, 0xC5D2,
    0xC5D2, 0xC5D2, 0xC5B1, 0xC5D2, 0xC5D2, 0xBD91, 0xACEF, 0x83CA,
    0x8BEB, 0xA48E, 0x6AE8, 0x83EC, 0xBDF5, 0xC636, 0xCE97, 0xCE97,
    0xDEF9, 0xCE78, 0x4247, 0x18C3, 0x2985, 0x630C, 0x7BEE, 0x8C70,
    0x8430, 0x2124, 0x0882, 0x1105, 0x1146, 0x21C8, 0xA5B7, 0xCEFB,
    0xBE79, 0xBE79, 0xB638, 0xB618, 0xC6BB, 0xC6FB, 0x536E, 0x0063,
    0x21C9, 0x3ACD, 0x32AD, 0x1188, 0x1168, 0x21E9, 0x2209, 0x21E9,
    0x42EC, 0x84F4, 0x42EB, 0x1965, 0x8471, 0xA555, 0x2165, 0x1924,
    0x1904, 0x73EF, 0x9514, 0x2187, 0x08A4, 0x324A, 0x7CD4, 0x32CC,
    0x0967, 0x09A8, 0x09A9, 0x1A0A, 0x19E9, 0x430D, 0x84D3, 0xA575,
    0xB5F7, 0xBE17, 0x7C30, 0x3A69, 0x3AAB, 0x1166, 0x222A, 0x2A6B,
    0x19E9, 0x0988, 0x1188, 0x21E9, 0x1187, 0x0947, 0x19A9, 0x19C9,
    0x19C8, 0x1146, 0x2A29, 0x536F, 0x220A, 0x00E5, 0x1967, 0x1987,
    0x1987, 0x1967, 0x1967, 0x21C8, 0x1167, 0x00E5, 0x0947, 0x0926,
    0x1146, 0x2A29, 0x2209, 0x0947, 0x0926, 0x0926, 0x1167, 0x19A8,
    0x21E9, 0x430D, 0x430D, 0x0967, 0x00E6, 0x1A0A, 0x1A2B, 0x09C9,
    0x0147, 0x0948, 0x1189, 0x0988, 0x0147, 0x11A9, 0x0968, 0x0988,
    0x0968, 0x0927, 0x11A9, 0x0947, 0x0106, 0x0926, 0x0946, 0x1187,
    0x0926, 0x0946, 0x0926, 0x1188, 0x19C9, 0x0084, 0x0084, 0x0967,
    0x328C, 0x5BB1, 0x5BD1, 0x63F1, 0x63F1, 0x63F1, 0x63F1, 0x5BD0,
    0x2A2A, 0x00A4, 0x00E5, 0x328B, 0x8D56, 0xBE9A, 0x8CF4, 0x19C8,
    0x11A9, 0x11A9, 0x1188, 0x0906, 0x0905, 0x18E3, 0xAD53, 0xFF59,
    0xF6D6, 0xF6F6, 0xEED6, 0xC5B3, 0xA4CF, 0xACD0, 0xCDD3, 0xEED6,
    0xF6F6, 0xF6D5, 0xFF58, 0xE695, 0x4A05, 0x1082, 0x1105, 0x0926,
    0x0906, 0x0926, 0x00E6, 0x3A8C, 0xB639, 0xC6BA, 0x63EF, 0x00C4,
    0x08E6, 0x1147, 0x11C9, 0x11C9, 0x09A9, 0x11C9, 0x32AC, 0x5B8F,
    0x63D0, 0x6BF0, 0x6BF1, 0x7411, 0x6C11, 0x6C31, 0x7452, 0x7431,
    0x63AF, 0x532D, 0x4B0C, 0x4AEC, 0x3A29, 0x10E3, 0x0882, 0x2104,
    0x2124, 0x2124, 0x2124, 0x2124, 0x2124, 0x2124, 0x2124, 0x2124,
    0x2124, 0x2104, 0x2104, 0x2124, 0x2124, 0x2124, 0x2944, 0x2964,
    0x2944, 0x2944, 0x2944, 0x2944, 0x2944, 0x2124, 0x2944, 0x2965,
    0x3185, 0x3185, 0x2964, 0x2964, 0x2965, 0x2944, 0x2964, 0x2945,
    0x2124, 0x0862, 0x0861, 0x2965, 0x10A2, 0x0861, 0x0882, 0x08C3,
    0x1104, 0x0905, 0x1126, 0x1187, 0x19A8, 0x19C8, 0x0967, 0x0967,
    0x0988, 0x0989, 0x0969, 0x0969, 0x0969, 0x0989, 0x0989, 0x0989,
    0x0989, 0x0948, 0x0107, 0x0107, 0x0147, 0x0989, 0x0968, 0x0147,
    0x00C6, 0x0907, 0x1968, 0x0084, 0x0083, 0x0904, 0x1146, 0x1987,
    0x19A8, 0x0906, 0x0947, 0x1189, 0x0989, 0x0989, 0x0989, 0x0989,
    0x0989, 0x0989, 0x0989, 0x0988, 0x0147, 0x5C11, 0xAE59, 0xA5D7,
    0x430C, 0x09C8, 0x09C9, 0x09C9, 0x09CA, 0x09CA, 0x09C9, 0x11C9,
    0x19E9, 0x32AB, 0x4BAD, 0x434A, 0x4349, 0x4349, 0x436A, 0x436A,
    0x4349, 0x3B08, 0x3AE8, 0x3AA7, 0x3A87, 0x2A46, 0x2205, 0x21E5,
    0x19C4, 0x1983, 0x1163, 0x2A05, 0x3226, 0x21A4, 0x1943, 0x1123,
    0x1943, 0x1943, 0x1943, 0x1123, 0x1123, 0x2184, 0x2184, 0x1123,
    0x1122, 0x1923, 0x1944, 0x1123, 0x1103, 0x1103, 0x1123, 0x1122,
    0x1123, 0x1123, 0x1123, 0x1123, 0x1123, 0x1123, 0x1102, 0x1122,
    0x1102, 0x1122, 0x1142, 0x1963, 0x1984, 0x1984, 0x1964, 0x1964,
    0x1964, 0x1923, 0x1102, 0x1102, 0x10E2, 0x1102, 0x1143, 0x1964,
    0x2184, 0x29C5, 0x29E5, 0x3226, 0x31C7, 0x10E4, 0x00A3, 0x00A4,
    0x08A3, 0x08C4, 0x1105, 0x08E4, 0x08C4, 0x08A4, 0x08A3, 0x08A3,
    0x08A3, 0x0882, 0x0882, 0x0882, 0x0883, 0x0883, 0x0883, 0x0882,
    0x0883, 0x0083, 0x08A3, 0x08A3, 0x08A3, 0x08C4, 0x08C4, 0x08C4,
    0x08C4, 0x08C4, 0x08C4, 0x08C4, 0x08C4, 0x08C4, 0x08C4, 0x08C4,
    0x08C4, 0x08C4, 0x08A4, 0x08A3, 0x08A4, 0x08C4, 0x08E4, 0x1105,
    0x1105, 0x1105, 0x1104, 0x10E4, 0x08C4, 0x08A4, 0x00A3, 0x00A3,
    0x08A3, 0x08A3, 0x08A3, 0x08A3, 0x08A3, 0x08A3, 0x08A3, 0x08A3,
    0x00A3, 0x08C4, 0x08E5, 0x0906, 0x0906, 0x0106, 0x0107, 0x0107,
    0x0107, 0x0127, 0x0948, 0x0988, 0x0989, 0x0988, 0x11C9, 0x5BF1,
    0x2A4A, 0x0946, 0x1146, 0x00A4, 0x0083, 0x0042, 0x0083, 0x08E5,
    0x0084, 0x00A4, 0x1146, 0x1987, 0x5BB0, 0x2A2A, 0x0084, 0x1946,
    0x428A, 0x5B2C, 0xBDF6, 0xEF5B, 0xDF1A, 0xD6B8, 0xC615, 0x7BCB,
    0x6B29, 0x94AF, 0xD6B8, 0xBDF4, 0x7BEC, 0xA510, 0xCE34, 0xD654,
    0xCE33, 0xCDF3, 0xCDF2, 0xC5D2, 0xC5D2, 0xCDF2, 0xCDF2, 0xCDD2,
    0xCDD2, 0xCDD2, 0xCDD2, 0xCDD2, 0xCDD2, 0xC5D2, 0xC5B2, 0xC5B1,
    0xBD91, 0xACEF, 0x942C, 0x9C6D, 0x9C6D, 0x7329, 0x9CAF, 0xCE56,
    0xD697, 0xC636, 0xA532, 0x842E, 0x6B8B, 0x632A, 0x4A68, 0x2965,
    0x4A89, 0xA533, 0xCE77, 0xD698, 0xBE16, 0x4268, 0x1904, 0x08C4,
    0x0906, 0x1147, 0x6C11, 0xADF8, 0xADF7, 0xA5B6, 0xB638, 0xCEDB,
    0xC6BA, 0xADF8, 0x326A, 0x00C4, 0x08E5, 0x00C5, 0x0126, 0x0967,
    0x3AED, 0x7CD4, 0x8515, 0x8514, 0x9DB7, 0xAE38, 0x9534, 0x4ACA,
    0x636D, 0x9D14, 0x4A8A, 0x2985, 0x2165, 0x7410, 0x8CB3, 0x2A08,
    0x1987, 0x3249, 0x5BF0, 0x222A, 0x0988, 0x09A9, 0x0988, 0x00E6,
    0x1188, 0x6432, 0x9576, 0xA5D7, 0xBE79, 0xD6FB, 0xD71C, 0x7CB2,
    0x0946, 0x1167, 0x2A4B, 0x3ACD, 0x220B, 0x0947, 0x0127, 0x0106,
    0x0907, 0x1168, 0x11A9, 0x0927, 0x0106, 0x0926, 0x00E5, 0x0947,
    0x1188, 0x0947, 0x00E6, 0x0906, 0x0906, 0x08E6, 0x0906, 0x2A0A,
    0x3AAC, 0x1168, 0x00C5, 0x0906, 0x1167, 0x2A4A, 0x2A6B, 0x0967,
    0x0106, 0x0947, 0x0927, 0x1168, 0x0106, 0x00C5, 0x0947, 0x1188,
    0x0927, 0x0948, 0x11A9, 0x09A9, 0x0147, 0x0927, 0x1189, 0x1188,
    0x0147, 0x11A9, 0x0948, 0x0988, 0x1188, 0x0147, 0x0968, 0x0947,
    0x0927, 0x0926, 0x1988, 0x21E9, 0x0906, 0x00E6, 0x0927, 0x324B,
    0x6C32, 0x4B4E, 0x42CD, 0x328C, 0x328C, 0x4B2E, 0x430E, 0x432E,
    0x4B2E, 0x432E, 0x434E, 0x53AF, 0x6C72, 0x3AAC, 0x00A4, 0x1187,
    0x9576, 0xC69A, 0x8CF3, 0x19C8, 0x11C9, 0x19EA, 0x19EA, 0x1188,
    0x1147, 0x0083, 0x2145, 0xAD33, 0xF719, 0xF738, 0xF718, 0xFF38,
    0xFF58, 0xFF58, 0xFF37, 0xF716, 0xFF17, 0xF717, 0xC572, 0x49E5,
    0x1081, 0x10E4, 0x0906, 0x0947, 0x0106, 0x0906, 0x0906, 0x2A4A,
    0x9576, 0x9D75, 0x2A08, 0x00C4, 0x0906, 0x1168, 0x11C9, 0x11C9,
    0x1A0A, 0x224B, 0x2A6B, 0x2A29, 0x2A29, 0x324A, 0x324A, 0x324A,
    0x3209, 0x21C7, 0x1966, 0x1105, 0x10E4, 0x08C3, 0x08C3, 0x10C3,
    0x2986, 0x18E3, 0x0861, 0x2104, 0x2124, 0x2124, 0x2124, 0x2124,
    0x2124, 0x2124, 0x2124, 0x2124, 0x2124, 0x2124, 0x2124, 0x2124,
    0x2124, 0x2124, 0x2944, 0x2944, 0x2944, 0x2964, 0x3165, 0x2964,
    0x2944, 0x2124, 0x2144, 0x2965, 0x3185, 0x3164, 0x2964, 0x2944,
    0x2945, 0x2944, 0x2944, 0x2945, 0x2124, 0x0861, 0x1081, 0x2945,
    0x0861, 0x0021, 0x0061, 0x0882, 0x0082, 0x0083, 0x08C4, 0x08E5,
    0x0926, 0x1146, 0x1167, 0x0947, 0x0968, 0x0989, 0x0989, 0x0989,
    0x0989, 0x0989, 0x0989, 0x0989, 0x09A9, 0x0989, 0x0128, 0x0107,
    0x0948, 0x0969, 0x0968, 0x0147, 0x00E6, 0x00A5, 0x08E6, 0x08E5,
    0x08A3, 0x08A3, 0x00A3, 0x10E4, 0x08E5, 0x08E5, 0x1168, 0x11A9,
    0x09A9, 0x0989, 0x0989, 0x0989, 0x0989, 0x0989, 0x0169, 0x0988,
    0x0147, 0x5BF1, 0xB659, 0xA5B7, 0x430C, 0x09C9, 0x09C9, 0x09C9,
    0x09CA, 0x09CA, 0x09A9, 0x11CA, 0x1A09, 0x3AEB, 0x4B8C, 0x3328,
    0x3328, 0x3B48, 0x3B48, 0x3B69, 0x3B69, 0x4369, 0x3B69, 0x3B49,
    0x4349, 0x4369, 0x4348, 0x4369, 0x4369, 0x4349, 0x53EB, 0x74EF,
    0x7D10, 0x7D10, 0x74CF, 0x748E, 0x746E, 0x748E, 0x746E, 0x6C4E,
    0x6C4E, 0x74AF, 0x74AF, 0x6C8E, 0x6C6D, 0x6C8E, 0x748E, 0x6C6E,
    0x6C6D, 0x644D, 0x644D, 0x644D, 0x644C, 0x644C, 0x642C, 0x642C,
    0x644D, 0x644D, 0x644D, 0x644D, 0x644D, 0x644D, 0x642C, 0x640C,
    0x4B2A, 0x1142, 0x08E1, 0x1102, 0x1943, 0x21C5, 0x42A8, 0x4B09,
    0x4B29, 0x4309, 0x3A87, 0x3247, 0x3A47, 0x3A67, 0x3A67, 0x3A67,
    0x39E7, 0x10E4, 0x0082, 0x08A3, 0x08A3, 0x08A3, 0x10C4, 0x10E4,
    0x10E4, 0x10C3, 0x10C3, 0x10C3, 0x10A2, 0x0882, 0x0882, 0x0882,
    0x0882, 0x0882, 0x0882, 0x0882, 0x0862, 0x0061, 0x0062, 0x0862,
    0x0062, 0x0862, 0x0882, 0x0883, 0x0883, 0x0083, 0x0083, 0x0082,
    0x0883, 0x0883, 0x0083, 0x0083, 0x0083, 0x0082, 0x0062, 0x0062,
    0x0882, 0x0883, 0x08A3, 0x08A3, 0x08C3, 0x10E4, 0x18E4, 0x1104,
    0x1905, 0x1905, 0x10E4, 0x08A3, 0x0883, 0x0062, 0x0062, 0x0062,
    0x0062, 0x0862, 0x0882, 0x0883, 0x08A3, 0x08A3, 0x08E4, 0x1947,
    0x1967, 0x0926, 0x0107, 0x0127, 0x0127, 0x0127, 0x0127, 0x0968,
    0x09A9, 0x0988, 0x11A9, 0x53D1, 0x2A4A, 0x1187, 0x324A, 0x7431,
    0x5B6E, 0x0083, 0x08E4, 0x1105, 0x4ACC, 0x3209, 0x0083, 0x0905,
    0x5BD0, 0x21E9, 0x0043, 0x3A6A, 0x94F3, 0x8450, 0xA512, 0xE71A,
    0xDED9, 0xBDF5, 0xAD31, 0xBDD3, 0xBDB2, 0x83EB, 0x842D, 0xD6B7,
    0xC656, 0x94AF, 0x8C4D, 0xB551, 0xCDD3, 0xD654, 0xD655, 0xD654,
    0xD654, 0xD613, 0xD633, 0xD633, 0xD613, 0xD613, 0xCDF3, 0xD633,
    0xCE33, 0xCDF3, 0xC5D2, 0xB550, 0xA4AE, 0x940C, 0x942C, 0x942C,
    0x6AE8, 0x83EC, 0xCE77, 0xCE77, 0xBDF5, 0x9D11, 0x94B0, 0x9CF1,
    0x7BCC, 0x2123, 0x31A5, 0x2965, 0x4227, 0x9CF2, 0xC616, 0xCE36,
    0xC616, 0x844F, 0x2965, 0x08E4, 0x0926, 0x1147, 0x1126, 0x1986,
    0x3AAA, 0x42AA, 0x21C7, 0x2166, 0x29E7, 0x3A6A, 0x1987, 0x21E9,
    0x1188, 0x0043, 0x00C5, 0x11A8, 0x19A8, 0x19C9, 0x19A8, 0x1986,
    0x4B0C, 0x9D96, 0x6C10, 0x3248, 0x29C7, 0x4269, 0x31E7, 0x3A08,
    0x3A49, 0x3228, 0x3A49, 0x324A, 0x2A29, 0x4B2D, 0x4B4E, 0x0126,
    0x0988, 0x11A8, 0x1188, 0x0947, 0x0927, 0x1188, 0x19E9, 0x2209,
    0x3249, 0x4B0D, 0x638F, 0x6C11, 0x3ACC, 0x00E5, 0x00A5, 0x0907,
    0x1168, 0x0927, 0x0927, 0x1128, 0x1127, 0x1148, 0x19A9, 0x0968,
    0x0947, 0x326C, 0x21CA, 0x00E6, 0x1168, 0x0947, 0x0906, 0x1147,
    0x1148, 0x1148, 0x1148, 0x00E6, 0x1147, 0x1188, 0x0927, 0x19C9,
    0x1188, 0x0084, 0x0106, 0x11A8, 0x0948, 0x1148, 0x19CA, 0x2A2B,
    0x1188, 0x00E6, 0x0948, 0x11A9, 0x0968, 0x0948, 0x0989, 0x09A9,
    0x0148, 0x0948, 0x1189, 0x1188, 0x0967, 0x11C9, 0x0988, 0x1188,
    0x0947, 0x0968, 0x32CD, 0x0947, 0x00E6, 0x0906, 0x326C, 0x6C12,
    0x2A4B, 0x0106, 0x0926, 0x1988, 0x4B4F, 0x84F5, 0x7CB4, 0x42ED,
    0x0947, 0x0927, 0x0106, 0x0106, 0x0106, 0x00E6, 0x0106, 0x0106,
    0x2A6B, 0x7473, 0x3AED, 0x19C8, 0x9596, 0xBE9A, 0xA5B6, 0x53AF,
    0x224B, 0x1A2B, 0x19EA, 0x1168, 0x00E6, 0x1127, 0x21A8, 0x31C7,
    0x5AA9, 0x9C90, 0xCDF4, 0xDE56, 0xDE55, 0xDE55, 0xDE55, 0xD5F4,
    0xACEF, 0x62A8, 0x20C1, 0x08A2, 0x08E5, 0x0906, 0x0948, 0x0948,
    0x0106, 0x0906, 0x0906, 0x4B2D, 0xA5F7, 0x9D75, 0x3269, 0x00E5,
    0x0906, 0x1188, 0x11C9, 0x11C9, 0x09A9, 0x0947, 0x00E5, 0x1146,
    0x21A7, 0x21A7, 0x1966, 0x1966, 0x1945, 0x10E4, 0x0062, 0x0000,
    0x0000, 0x0000, 0x0000, 0x0020, 0x18C3, 0x18C2, 0x0861, 0x2104,
    0x2124, 0x2124, 0x2124, 0x2144, 0x2944, 0x2944, 0x2124, 0x2124,
    0x2124, 0x2124, 0x2104, 0x2104, 0x2124, 0x2124, 0x2944, 0x2144,
    0x2964, 0x2965, 0x2944, 0x2964, 0x2144, 0x2124, 0x2944, 0x3185,
    0x3185, 0x3164, 0x2944, 0x2965, 0x2965, 0x2945, 0x2944, 0x2945,
    0x2124, 0x0861, 0x0841, 0x18E3, 0x0861, 0x0861, 0x0861, 0x0020,
    0x0041, 0x0062, 0x0083, 0x0083, 0x0083, 0x00A3, 0x00E5, 0x0925,
    0x0947, 0x0968, 0x0989, 0x0989, 0x0989, 0x0989, 0x0989, 0x0989,
    0x0989, 0x09AA, 0x0989, 0x0969, 0x0969, 0x0969, 0x0968, 0x0127,
    0x00E6, 0x0084, 0x1947, 0x1966, 0x08A3, 0x10E3, 0x10C3, 0x10E4,
    0x08C4, 0x00C4, 0x1147, 0x11A8, 0x09A9, 0x09A9, 0x11A8, 0x0989,
    0x0989, 0x0989, 0x0989, 0x09A8, 0x0988, 0x74B3, 0xBE79, 0xA5D6,
    0x430C, 0x11E9, 0x11E9, 0x120A, 0x120A, 0x120A, 0x11EA, 0x11C9,
    0x19E9, 0x3AEB, 0x436B, 0x3328, 0x3B48, 0x3B48, 0x3B48, 0x3B69,
    0x3B69, 0x3B68, 0x3B48, 0x3B48, 0x3B48, 0x3327, 0x3327, 0x3327,
    0x3347, 0x3B68, 0x544B, 0x6CEE, 0x6CEE, 0x750F, 0x752F, 0x7D2F,
    0x7D30, 0x7D2F, 0x752F, 0x752F, 0x750F, 0x6CEF, 0x6CEE, 0x6D0E,
    0x6CEE, 0x6CCD, 0x6CCE, 0x6CCD, 0x64CD, 0x64CD, 0x64AD, 0x64CD,
    0x64AD, 0x64CD, 0x64CD, 0x64CD, 0x64CD, 0x64ED, 0x64EE, 0x6CEE,
    0x6D0E, 0x6D0F, 0x6D0E, 0x754F, 0x4B8A, 0x00C0, 0x00A1, 0x00A1,
    0x08E2, 0x1984, 0x5BCC, 0x74AF, 0x74CF, 0x644D, 0x3B08, 0x3266,
    0x3247, 0x3226, 0x3226, 0x3226, 0x39E7, 0x10E3, 0x0082, 0x08A3,
    0x08A3, 0x10C3, 0x1904, 0x1904, 0x18E4, 0x18E3, 0x18E3, 0x18C3,
    0x10A2, 0x10A2, 0x1082, 0x1082, 0x1082, 0x1082, 0x1082, 0x0882,
    0x0862, 0x0861, 0x0841, 0x0041, 0x0841, 0x0041, 0x0041, 0x0062,
    0x0062, 0x0062, 0x0062, 0x0862, 0x0862, 0x0862, 0x0862, 0x0882,
    0x0062, 0x0062, 0x0041, 0x0041, 0x0041, 0x0041, 0x0862, 0x10A3,
    0x18E3, 0x18C3, 0x18C3, 0x10C3, 0x18C3, 0x2104, 0x2145, 0x2145,
    0x2125, 0x10C3, 0x0882, 0x0882, 0x0882, 0x0862, 0x0882, 0x0882,
    0x0882, 0x0882, 0x08C4, 0x2166, 0x2987, 0x1947, 0x0926, 0x0127,
    0x0127, 0x0127, 0x0127, 0x0968, 0x09A9, 0x09A9, 0x11C9, 0x53F1,
    0x32AC, 0x19A7, 0x42AB, 0x8D35, 0x7451, 0x21A6, 0x21C7, 0x42AB,
    0x9535, 0x6BF0, 0x29E8, 0x1146, 0x6C32, 0x2A2A, 0x0063, 0x3209,
    0xA5B6, 0xB5B5, 0xA533, 0xE71A, 0xDEF9, 0xCE56, 0xC615, 0xDEB8,
    0xD676, 0xC614, 0x7BEC, 0x7BCB, 0xBE14, 0xBDF4, 0x9CCF, 0x8C2D,
    0x8C0C, 0x944D, 0x9CAE, 0xA4CE, 0xAD0F, 0xB530, 0xB530, 0xB530,
    0xB50F, 0xB530, 0xACEF, 0xACCE, 0x9C8D, 0x944C, 0x944C, 0x7BAA,
    0x7328, 0x7328, 0x7B8A, 0x7BAA, 0x9CAF, 0xBDD4, 0xBDD4, 0xAD73,
    0x9D11, 0xBDF5, 0xD697, 0xD697, 0xBDB5, 0x4A68, 0x39C6, 0x3186,
    0x5AEA, 0xAD73, 0xCE35, 0xCE35, 0xC636, 0xB5D5, 0x2985, 0x08E4,
    0x0906, 0x1127, 0x1987, 0x63F0, 0x9DB7, 0x9576, 0x3AAB, 0x1986,
    0x5BAF, 0x8D56, 0x4B6F, 0x32AC, 0x6C73, 0x5BB0, 0x5BD1, 0x3AEE,
    0x0127, 0x00C5, 0x00A4, 0x0083, 0x1146, 0x8CD4, 0x9D76, 0x8CD3,
    0x84B2, 0x7410, 0x42AA, 0x10E3, 0x1924, 0x4AEC, 0x84B3, 0x84D4,
    0x7431, 0x8D55, 0x84F4, 0x326A, 0x1187, 0x11A8, 0x11A9, 0x11A9,
    0x1188, 0x0988, 0x0968, 0x0967, 0x0946, 0x00C4, 0x0084, 0x2A2A,
    0x5BF1, 0x2A4B, 0x00C5, 0x0106, 0x1168, 0x0927, 0x0906, 0x0927,
    0x0927, 0x0947, 0x19C9, 0x0968, 0x0127, 0x430E, 0x7CD5, 0x7494,
    0x6432, 0x32AC, 0x00E6, 0x0907, 0x1148, 0x326C, 0x3ACD, 0x0926,
    0x0106, 0x11A9, 0x1189, 0x2A2B, 0x2A4B, 0x19E9, 0x32AC, 0x222B,
    0x1168, 0x1168, 0x19A9, 0x220B, 0x220B, 0x32AD, 0x4B70, 0x2A4C,
    0x0948, 0x0948, 0x1189, 0x09A9, 0x0948, 0x0948, 0x1189, 0x11A9,
    0x0167, 0x19C9, 0x0127, 0x224B, 0x2A6B, 0x0106, 0x53B0, 0x53B0,
    0x0926, 0x00E5, 0x1167, 0x5390, 0x7494, 0x328B, 0x0126, 0x00E5,
    0x00E5, 0x0926, 0x0926, 0x00E6, 0x0907, 0x0927, 0x1128, 0x1148,
    0x1168, 0x1148, 0x1148, 0x1168, 0x0927, 0x2A2B, 0x6C53, 0x538F,
    0x8D34, 0xBE99, 0x9D75, 0x7492, 0x5BF1, 0x220A, 0x0968, 0x00E6,
    0x0927, 0x2A2B, 0x220A, 0x1126, 0x0083, 0x0882, 0x2103, 0x3144,
    0x3144, 0x3144, 0x3184, 0x2103, 0x1081, 0x0862, 0x08C4, 0x08E5,
    0x0927, 0x0968, 0x0968, 0x0968, 0x0106, 0x0906, 0x0906, 0x5BD0,
    0xB679, 0xB658, 0x534D, 0x00E5, 0x0906, 0x0947, 0x11A9, 0x1188,
    0x0927, 0x00C5, 0x29C8, 0x1966, 0x0061, 0x10C3, 0x4AAA, 0x6B8E,
    0x5B2C, 0x29C7, 0x1924, 0x2145, 0x4A8A, 0x7BEE, 0x9CD2, 0xAD54,
    0x8C70, 0x4A69, 0x18E3, 0x2104, 0x2124, 0x2124, 0x2124, 0x2144,
    0x2144, 0x2944, 0x2944, 0x2944, 0x2124, 0x2104, 0x2104, 0x2124,
    0x2124, 0x2944, 0x2964, 0x2964, 0x2944, 0x2944, 0x2924, 0x2944,
    0x2144, 0x2944, 0x2124, 0x2944, 0x2964, 0x2944, 0x2944, 0x2944,
    0x2944, 0x2945, 0x2964, 0x2944, 0x2124, 0x1082, 0x18E3, 0x6B4C,
    0x9CD2, 0xAD54, 0x8C50, 0x52A9, 0x2165, 0x10E3, 0x08C3, 0x1966,
    0x42AB, 0x4B0C, 0x2A08, 0x00E4, 0x1167, 0x1188, 0x0968, 0x0989,
    0x0989, 0x0989, 0x0989, 0x0989, 0x0989, 0x0989, 0x11CA, 0x2A8D,
    0x224C, 0x0989, 0x0968, 0x0927, 0x00E6, 0x00A4, 0x08E5, 0x4AEC,
    0x7C30, 0x8491, 0x4AAA, 0x1104, 0x08E4, 0x00C4, 0x42CD, 0x5BF1,
    0x5BF1, 0x6411, 0x6411, 0x63F1, 0x5BD0, 0x5BD0, 0x5BD1, 0x5BD0,
    0x5BD0, 0x9DF8, 0xBE99, 0xA5D6, 0x6C31, 0x5C11, 0x6452, 0x6431,
    0x5BF1, 0x5BF1, 0x53B0, 0x4B6E, 0x53AF, 0x53CE, 0x434B, 0x3B28,
    0x3B68, 0x3B68, 0x3B69, 0x4369, 0x4369, 0x3B68, 0x3B68, 0x3B48,
    0x3B48, 0x3B48, 0x3B48, 0x3B47, 0x3B47, 0x3B47, 0x544B, 0x6D0E,
    0x64CD, 0x6CCD, 0x6CEE, 0x6CEE, 0x6CCE, 0x6CEE, 0x6CEE, 0x6CEE,
    0x6CCE, 0x64CE, 0x64AD, 0x64AD, 0x64AD, 0x64AD, 0x64AD, 0x64AC,
    0x64AC, 0x5CAC, 0x5CCD, 0x5CAC, 0x5CAC, 0x5CAC, 0x5C8C, 0x546B,
    0x546B, 0x5C8C, 0x5CAC, 0x5CAC, 0x64CD, 0x64CD, 0x64CD, 0x64AD,
    0x1A04, 0x0080, 0x0061, 0x0061, 0x08A1, 0x08C1, 0x3A87, 0x642C,
    0x646D, 0x4BEA, 0x2AC6, 0x2A46, 0x3226, 0x3206, 0x3226, 0x3226,
    0x39E7, 0x10A2, 0x0062, 0x0882, 0x10C3, 0x10E4, 0x18E3, 0x18E3,
    0x2104, 0x2104, 0x18C3, 0x10A2, 0x1082, 0x0882, 0x1082, 0x0861,
    0x0861, 0x1082, 0x1061, 0x0861, 0x0861, 0x0861, 0x0841, 0x0841,
    0x0861, 0x0862, 0x0882, 0x0882, 0x0882, 0x0882, 0x08A2, 0x08A2,
    0x0882, 0x10A3, 0x10A2, 0x0882, 0x08A2, 0x0882, 0x0882, 0x0882,
    0x0041, 0x0841, 0x10A2, 0x18E4, 0x18C3, 0x10A2, 0x10A2, 0x10A2,
    0x1082, 0x1082, 0x18C3, 0x18E3, 0x10C3, 0x10A2, 0x0882, 0x1082,
    0x10A2, 0x0882, 0x0862, 0x0882, 0x08A3, 0x10E3, 0x1104, 0x2166,
    0x2987, 0x21A7, 0x1146, 0x0906, 0x0927, 0x0127, 0x0127, 0x0948,
    0x09A9, 0x09A9, 0x09A9, 0x4390, 0x32AC, 0x0905, 0x3229, 0x84F3,
    0x9534, 0x5B8E, 0x4B0C, 0x63CF, 0x9555, 0x4B0C, 0x21E7, 0x21A8,
    0x63F1, 0x2229, 0x00A4, 0x3209, 0x9535, 0xC638, 0xC637, 0xF79C,
    0xEF5A, 0xD677, 0xCE56, 0xE6F9, 0xDEB8, 0xCE56, 0xC615, 0x840C,
    0x6B8A, 0xAD92, 0xBDF4, 0xBDB3, 0xB592, 0x9CAE, 0x7349, 0x6B28,
    0x6B28, 0x7328, 0x6B08, 0x6AE7, 0x6B07, 0x6AE7, 0x6B07, 0x7B69,
    0x6B08, 0x62E7, 0x738A, 0x738A, 0x7B8A, 0x9CCF, 0xBDB3, 0xC615,
    0xCE76, 0xC635, 0xA531, 0xB573, 0xCE56, 0xD698, 0xDED8, 0xDEB8,
    0xC616, 0x5AEA, 0x5269, 0x4A69, 0xA533, 0xEF5B, 0xF79C, 0xF7BC,
    0xEF7B, 0x9CF2, 0x1904, 0x1125, 0x08E5, 0x0084, 0x532D, 0xBE9A,
    0xCEDB, 0xC6BB, 0x9DB6, 0x9D96, 0xBE9A, 0x9DD7, 0x2A29, 0x00E5,
    0x3AAC, 0x5BD0, 0x4B4F, 0x19A9, 0x00E6, 0x0927, 0x1147, 0x1167,
    0x1987, 0x6C11, 0xA5D8, 0xA5B7, 0x9D55, 0x9514, 0x42AB, 0x0041,
    0x0041, 0x532C, 0x9535, 0x84D3, 0x84D3, 0x9D96, 0xA5D7, 0x8D35,
    0x4B2D, 0x11A7, 0x0987, 0x0988, 0x0968, 0x0968, 0x0968, 0x0968,
    0x0968, 0x0947, 0x00E6, 0x00E6, 0x3ACD, 0x7CD4, 0x7494, 0x6C53,
    0x4B2E, 0x0947, 0x00E6, 0x0927, 0x0927, 0x0948, 0x11A9, 0x0147,
    0x0947, 0x11A9, 0x3ACD, 0x5C11, 0x6C73, 0x8515, 0x432E, 0x00E6,
    0x0106, 0x328C, 0x7494, 0x6C53, 0x3ACD, 0x11A9, 0x11A9, 0x19C9,
    0x220A, 0x3AEE, 0x53D1, 0x2A4B, 0x0948, 0x1169, 0x1168, 0x1189,
    0x19EA, 0x32AC, 0x432F, 0x11C9, 0x0107, 0x0948, 0x11A9, 0x09A9,
    0x0148, 0x0948, 0x19CA, 0x11A9, 0x0147, 0x3AED, 0x1188, 0x19E9,
    0x6C73, 0x2A6B, 0x0106, 0x53B0, 0x5BD0, 0x1167, 0x00C5, 0x0926,
    0x538F, 0x74B4, 0x3ACC, 0x1188, 0x0967, 0x0947, 0x0968, 0x1188,
    0x1168, 0x0927, 0x0906, 0x0907, 0x1148, 0x1148, 0x1128, 0x1148,
    0x1168, 0x0927, 0x220A, 0x6411, 0x8535, 0xAE38, 0x84D3, 0x2A29,
    0x2A4A, 0x0947, 0x0106, 0x1168, 0x2A0B, 0x220A, 0x0947, 0x0106,
    0x0906, 0x08E5, 0x08A4, 0x0084, 0x0084, 0x0084, 0x08A3, 0x08A4,
    0x08C4, 0x0905, 0x0926, 0x0947, 0x1168, 0x0988, 0x0968, 0x0968,
    0x0106, 0x0905, 0x0905, 0x5BD0, 0xBE99, 0xB658, 0x536E, 0x00E5,
    0x08E6, 0x1168, 0x21EA, 0x0947, 0x00C5, 0x322A, 0x31E8, 0x10E3,
    0x632C, 0x7BEF, 0x94B1, 0xB5B5, 0xA554, 0x530B, 0x4269, 0x636D,
    0xAD75, 0xE71B, 0xE73B, 0xE71B, 0xEF5C, 0xAD54, 0x2965, 0x2104,
    0x2124, 0x2124, 0x2124, 0x2944, 0x2944, 0x2944, 0x2944, 0x2944,
    0x2965, 0x2124, 0x2124, 0x2124, 0x2124, 0x2124, 0x2944, 0x2944,
    0x2944, 0x2944, 0x2944, 0x2944, 0x2944, 0x2144, 0x2144, 0x2944,
    0x2944, 0x2944, 0x2944, 0x2944, 0x2945, 0x2944, 0x2965, 0x2944,
    0x2104, 0x0841, 0x4A69, 0xCE78, 0xEF5B, 0xEF7C, 0xDEFA, 0xA533,
    0x4A89, 0x2186, 0x1945, 0x4ACB, 0x8CF3, 0x7C92, 0x4B0C, 0x1986,
    0x19C8, 0x19A8, 0x0968, 0x0968, 0x0989, 0x0989, 0x0989, 0x0989,
    0x0989, 0x0989, 0x0989, 0x32AD, 0x32EE, 0x09A9, 0x0968, 0x0927,
    0x00E6, 0x00A5, 0x08E4, 0x8471, 0xCE99, 0xCE99, 0x8CB2, 0x2165,
    0x1104, 0x00A3, 0x21A8, 0x2A4A, 0x2A4A, 0x3249, 0x324A, 0x324A,
    0x324A, 0x326A, 0x324A, 0x2A4A, 0x2A4A, 0x84F4, 0xB659, 0xADF6,
    0x5BAE, 0x32AB, 0x32AB, 0x326A, 0x2A4A, 0x2A4A, 0x2A29, 0x2229,
    0x2A49, 0x32AA, 0x434A, 0x3B49, 0x3B68, 0x3B68, 0x3B68, 0x4368,
    0x4369, 0x4369, 0x4368, 0x3B68, 0x3B48, 0x3B48, 0x3B48, 0x3B47,
    0x3B68, 0x3B67, 0x544B, 0x6D0E, 0x64CD, 0x64AD, 0x6CED, 0x6CEE,
    0x6CCE, 0x6CCE, 0x6CCD, 0x6CCD, 0x64CD, 0x64AD, 0x64AD, 0x64AD,
    0x64AD, 0x64AD, 0x64AD, 0x5CAD, 0x5CAC, 0x546B, 0x4C0A, 0x4BEA,
    0x4C0A, 0x544B, 0x5C8C, 0x64EE, 0x6D0E, 0x64AD, 0x5C8C, 0x5C8C,
    0x5CAC, 0x64AD, 0x64CD, 0x4BCA, 0x0121, 0x0080, 0x0061, 0x0861,
    0x0881, 0x0060, 0x1143, 0x538A, 0x646D, 0x4BEA, 0x2AA6, 0x2A45,
    0x2A06, 0x3206, 0x2A06, 0x2A06, 0x2965, 0x0861, 0x0041, 0x0882,
    0x10C3, 0x18E3, 0x18E3, 0x18E3, 0x2104, 0x2104, 0x10A2, 0x1082,
    0x0882, 0x1082, 0x1082, 0x0862, 0x0861, 0x0861, 0x0861, 0x0862,
    0x0841, 0x0841, 0x0861, 0x0041, 0x0041, 0x0841, 0x0862, 0x0882,
    0x10A2, 0x0882, 0x0882, 0x0882, 0x0882, 0x0882, 0x0882, 0x0882,
    0x0882, 0x0882, 0x0882, 0x0882, 0x0861, 0x0882, 0x18E3, 0x18E3,
    0x18C3, 0x10A2, 0x10A2, 0x10A2, 0x10A2, 0x10A2, 0x10A2, 0x1082,
    0x1082, 0x0862, 0x0862, 0x1082, 0x1082, 0x1082, 0x1082, 0x10C3,
    0x18E3, 0x2145, 0x2145, 0x1945, 0x29A7, 0x31E8, 0x29A8, 0x0906,
    0x0927, 0x0127, 0x0127, 0x0147, 0x0988, 0x0989, 0x0988, 0x3B4F,
    0x32AC, 0x00C5, 0x29C9, 0x42EC, 0x42EC, 0x324A, 0x532D, 0x324A,
    0x42EC, 0x4B4D, 0x538E, 0x3AAB, 0x53AF, 0x2A6B, 0x00A4, 0x1926,
    0x4AEC, 0x8472, 0xB5B6, 0xB5B5, 0xBDD5, 0xCE56, 0xCE77, 0xE6F9,
    0xDEF9, 0xD6B8, 0xD677, 0xCE76, 0x7BEC, 0x6B49, 0xB592, 0xB572,
    0xAD52, 0xC5F4, 0xC614, 0xC614, 0xCE14, 0xC5F4, 0xB571, 0xA4AF,
    0x946D, 0x9C8E, 0xB551, 0xCE14, 0xCE55, 0xCE35, 0xC615, 0xC615,
    0xC636, 0xC636, 0xBDF5, 0xC615, 0xBDF5, 0xB5B4, 0xC635, 0xD697,
    0xD697, 0xDEF9, 0xE719, 0xDEF9, 0xCE77, 0x634B, 0x2964, 0x2945,
    0x632C, 0xB5D6, 0xCE78, 0xC617, 0x9D12, 0x4248, 0x2186, 0x1966,
    0x00E5, 0x42ED, 0x9DB7, 0xB659, 0x84B2, 0x7C92, 0xADF7, 0xBE58,
    0xA5B6, 0x42CB, 0x0104, 0x00E5, 0x00A4, 0x00A4, 0x00A5, 0x00C5,
    0x0927, 0x0947, 0x326B, 0x5BF1, 0x2209, 0x0946, 0x1987, 0x1925,
    0x10C3, 0x08A2, 0x0020, 0x0000, 0x0000, 0x0000, 0x0882, 0x0062,
    0x0041, 0x10E4, 0x2186, 0x4B0C, 0x7CB3, 0x538F, 0x4B4E, 0x4B4F,
    0x434F, 0x434F, 0x434F, 0x436F, 0x4B6F, 0x4B6F, 0x3AED, 0x1168,
    0x1147, 0x328C, 0x5BD1, 0x6C52, 0x7CD4, 0x538F, 0x1167, 0x00E6,
    0x0907, 0x21CA, 0x32AC, 0x0987, 0x0106, 0x0948, 0x0927, 0x0907,
    0x0947, 0x3AED, 0x7CF5, 0x434E, 0x0126, 0x0106, 0x2A2B, 0x536F,
    0x328C, 0x0947, 0x0968, 0x11A9, 0x19EA, 0x1188, 0x11A9, 0x1168,
    0x1148, 0x1168, 0x1148, 0x1168, 0x19C9, 0x0947, 0x0927, 0x0127,
    0x0927, 0x1189, 0x11A9, 0x11A9, 0x0127, 0x0947, 0x326C, 0x2A8C,
    0x0126, 0x432E, 0x5C11, 0x0987, 0x2A2A, 0x7473, 0x3AAC, 0x00E5,
    0x534F, 0x63F1, 0x1167, 0x00C5, 0x0926, 0x42ED, 0x7CB4, 0x7CF5,
    0x7CD5, 0x7CF5, 0x8516, 0x8516, 0x84F5, 0x5390, 0x1168, 0x00E6,
    0x0907, 0x1148, 0x1148, 0x1148, 0x0948, 0x1168, 0x0927, 0x222A,
    0x8D76, 0xB658, 0x7430, 0x0104, 0x0105, 0x0906, 0x1147, 0x21CA,
    0x19CA, 0x0948, 0x0106, 0x0927, 0x1168, 0x1147, 0x0947, 0x0927,
    0x0907, 0x0906, 0x0926, 0x0906, 0x0927, 0x1148, 0x1168, 0x0968,
    0x0988, 0x0988, 0x0988, 0x0968, 0x0106, 0x0906, 0x08E5, 0x5BAF,
    0xBE79, 0xBE58, 0x536E, 0x00E5, 0x08E6, 0x1988, 0x2A4C, 0x1167,
    0x0905, 0x7410, 0x8471, 0x9CF3, 0xAD74, 0x73CD, 0x8C70, 0xA553,
    0x8490, 0x4AC9, 0x4ACA, 0x634C, 0x94B1, 0xCE78, 0xDED9, 0xD6B8,
    0xE73B, 0xAD74, 0x3185, 0x1903, 0x2124, 0x2124, 0x2944, 0x2945,
    0x2124, 0x2924, 0x2924, 0x2144, 0x2964, 0x2944, 0x2124, 0x2124,
    0x2124, 0x2144, 0x2964, 0x2944, 0x2964, 0x3185, 0x2965, 0x2944,
    0x2144, 0x2124, 0x2944, 0x2965, 0x2944, 0x2944, 0x2924, 0x2124,
    0x2945, 0x2944, 0x2945, 0x2945, 0x2124, 0x0820, 0x5AAA, 0xCE58,
    0xDEFA, 0xE71A, 0xD6B8, 0x8C90, 0x31E6, 0x2185, 0x1965, 0x4AEC,
    0x7C71, 0x6BEF, 0x5B8D, 0x3228, 0x42EC, 0x32AB, 0x11A8, 0x0968,
    0x0989, 0x0989, 0x0989, 0x09A9, 0x09A9, 0x0969, 0x00E6, 0x0927,
    0x0948, 0x0968, 0x0968, 0x0127, 0x00E6, 0x00A4, 0x1125, 0x8CB2,
    0xDF1A, 0xE73A, 0x9D32, 0x2985, 0x10E3, 0x08C4, 0x0083, 0x0083,
    0x0083, 0x0083, 0x00A3, 0x0083, 0x00A3, 0x00A4, 0x00A4, 0x00A4,
    0x0083, 0x536E, 0xAE18, 0xA596, 0x328A, 0x00E5, 0x00E5, 0x00E4,
    0x00E5, 0x00E5, 0x00E5, 0x0906, 0x0926, 0x0965, 0x3B0A, 0x4369,
    0x3B68, 0x3B48, 0x3B48, 0x3B48, 0x3B48, 0x3B48, 0x3B47, 0x3327,
    0x3B48, 0x3B48, 0x3B48, 0x3B47, 0x3B48, 0x3B68, 0x544B, 0x6D0E,
    0x64CD, 0x64AC, 0x64AD, 0x64CD, 0x6CED, 0x6CCD, 0x6CCD, 0x64CD,
    0x64CD, 0x64CD, 0x64CD, 0x64CD, 0x64AD, 0x5C6C, 0x648D, 0x540B,
    0x4389, 0x4BEB, 0x5C4C, 0x646D, 0x6C6E, 0x5C2C, 0x4BAA, 0x4BCB,
    0x5C8D, 0x7D50, 0x8591, 0x6CEE, 0x5C8C, 0x64AD, 0x6CEE, 0x4BCA,
    0x1A04, 0x21E4, 0x21A4, 0x1984, 0x1964, 0x1963, 0x19A3, 0x4B8A,
    0x646D, 0x4BCA, 0x32C6, 0x2A25, 0x29E5, 0x29E5, 0x29C5, 0x21C4,
    0x6B6D, 0x4207, 0x1904, 0x10A2, 0x1082, 0x1082, 0x10A2, 0x10C2,
    0x10C2, 0x10C2, 0x10C3, 0x10C3, 0x18E3, 0x18E4, 0x18E4, 0x18E3,
    0x18C3, 0x18C3, 0x10C3, 0x10A3, 0x10A3, 0x18E3, 0x1904, 0x2124,
    0x2125, 0x1904, 0x10A3, 0x0882, 0x0882, 0x0882, 0x0882, 0x0882,
    0x0882, 0x0882, 0x0882, 0x0882, 0x0882, 0x0882, 0x0882, 0x0882,
    0x0882, 0x0882, 0x10A2, 0x1082, 0x1082, 0x10A2, 0x10A2, 0x10A2,
    0x10A2, 0x18C3, 0x18C3, 0x18E3, 0x10A2, 0x1082, 0x10A2, 0x18C3,
    0x18E3, 0x18E4, 0x2124, 0x2124, 0x2965, 0x31C7, 0x4A8A, 0x4A8A,
    0x4AAA, 0x29A7, 0x29C8, 0x1147, 0x0106, 0x0127, 0x0127, 0x0148,
    0x0968, 0x0989, 0x0989, 0x3B0E, 0x32AD, 0x00E6, 0x0906, 0x0926,
    0x00E5, 0x0926, 0x1126, 0x1126, 0x1147, 0x19A8, 0x42ED, 0x5BB0,
    0x434E, 0x1187, 0x0905, 0x10E5, 0x1126, 0x3A6A, 0x530C, 0x52CA,
    0x8450, 0xCE98, 0xD697, 0xE71A, 0xEF3A, 0xEF3A, 0xE6F9, 0xDEB8,
    0xC5F4, 0x8C4D, 0xBDB3, 0xC614, 0xAD72, 0xBDD4, 0xCE76, 0xD697,
    0xDED8, 0xDEB7, 0xCE56, 0xCE35, 0xC635, 0xBDD3, 0xB592, 0xC5F4,
    0xCE56, 0xCE36, 0xC636, 0xD6B8, 0xDED8, 0xCE97, 0xCE77, 0xCE77,
    0xC616, 0xC615, 0xD697, 0xD6B8, 0xE719, 0xEF3B, 0xE73B, 0xDEF9,
    0xCE98, 0x7BED, 0x2123, 0x08A2, 0x0882, 0x2185, 0x3208, 0x3207,
    0x3A49, 0x6BAE, 0x63AF, 0x326A, 0x1167, 0x6C52, 0xB67A, 0x9575,
    0x3268, 0x5B8D, 0xAE17, 0x8CF3, 0x29E7, 0x00C3, 0x1166, 0x1167,
    0x0947, 0x0927, 0x0947, 0x0968, 0x1168, 0x0947, 0x3AED, 0x9597,
    0x328B, 0x00A4, 0x0062, 0x0021, 0x0882, 0x18E3, 0x1904, 0x18E4,
    0x18C3, 0x10A3, 0x0841, 0x0000, 0x0021, 0x0000, 0x0883, 0x3229,
    0x8D15, 0x8514, 0x7CD4, 0x84F5, 0x84F5, 0x7CF5, 0x7CF4, 0x7CF4,
    0x74B3, 0x6C93, 0x5BF1, 0x19A8, 0x1147, 0x1147, 0x0947, 0x0926,
    0x2A4A, 0x7493, 0x5BD1, 0x1168, 0x00C5, 0x19C9, 0x6412, 0x434E,
    0x0947, 0x00E6, 0x1127, 0x1148, 0x1147, 0x0106, 0x326B, 0x6C32,
    0x2A4B, 0x0106, 0x0906, 0x0926, 0x1188, 0x0947, 0x0927, 0x1188,
    0x19A9, 0x0927, 0x0927, 0x1168, 0x1148, 0x1148, 0x1148, 0x1168,
    0x19A9, 0x0947, 0x0927, 0x1148, 0x1169, 0x0969, 0x0989, 0x0989,
    0x0127, 0x00E6, 0x21C9, 0x2A6B, 0x0967, 0x0126, 0x4B4F, 0x3AED,
    0x00C4, 0x2209, 0x7473, 0x324B, 0x00C4, 0x4B4F, 0x5BF1, 0x1188,
    0x00C6, 0x0106, 0x21EA, 0x3ACD, 0x42ED, 0x3ACC, 0x3ACC, 0x42EC,
    0x4B2E, 0x6C73, 0x5BD0, 0x1188, 0x00E6, 0x0906, 0x1127, 0x1148,
    0x1148, 0x1168, 0x0948, 0x1988, 0x9576, 0xC6BA, 0x7C71, 0x0925,
    0x0925, 0x1147, 0x1188, 0x1168, 0x0927, 0x08E6, 0x0927, 0x1168,
    0x0968, 0x1188, 0x1188, 0x1188, 0x1168, 0x1168, 0x1168, 0x1168,
    0x1148, 0x1148, 0x1168, 0x0968, 0x0968, 0x0988, 0x0988, 0x0968,
    0x0106, 0x0906, 0x0906, 0x5B8F, 0xB679, 0xB638, 0x534D, 0x00E5,
    0x0906, 0x1127, 0x1148, 0x0927, 0x0905, 0xA596, 0xEF7D, 0xE73B,
    0xD699, 0xA553, 0xCE77, 0xCE98, 0xBE37, 0x6BCD, 0x4ACA, 0x5B4C,
    0x94D2, 0xD6B9, 0xDEFA, 0xDEFA, 0xEF7C, 0xAD74, 0x2965, 0x1903,
    0x2124, 0x2124, 0x2944, 0x2945, 0x2944, 0x2924, 0x2124, 0x2124,
    0x2124, 0x2124, 0x2124, 0x2124, 0x2124, 0x2944, 0x2985, 0x2964,
    0x2944, 0x2965, 0x2964, 0x2944, 0x2124, 0x2124, 0x2124, 0x2924,
    0x2924, 0x2124, 0x2124, 0x2124, 0x2124, 0x2944, 0x2945, 0x2945,
    0x2104, 0x0841, 0x5289, 0xCE78, 0xE6FA, 0xE6FA, 0xDEB8, 0x8C90,
    0x29A5, 0x2185, 0x1965, 0x5B6D, 0x84D2, 0x9513, 0x742F, 0x42A9,
    0x5B6D, 0x42EC, 0x1188, 0x0988, 0x09A9, 0x09A9, 0x09A9, 0x09A9,
    0x09A9, 0x0989, 0x0107, 0x00C5, 0x0127, 0x0968, 0x0948, 0x0927,
    0x08E6, 0x08A4, 0x2166, 0x8C70, 0xC615, 0xC635, 0x9CF0, 0x31C5,
    0x08C2, 0x08E4, 0x08E5, 0x0905, 0x0905, 0x0905, 0x0926, 0x0926,
    0x0906, 0x0926, 0x0926, 0x0926, 0x00E5, 0x430C, 0xA5D7, 0x8D14,
    0x2A49, 0x0967, 0x0967, 0x0967, 0x0967, 0x0967, 0x0967, 0x1188,
    0x1187, 0x19E8, 0x3B2A, 0x3B49, 0x3B48, 0x3B47, 0x3B48, 0x3328,
    0x3327, 0x3327, 0x3327, 0x3307, 0x3307, 0x3307, 0x3327, 0x3327,
    0x3327, 0x3347, 0x544B, 0x750E, 0x64AD, 0x64AC, 0x64AC, 0x64CD,
    0x64CD, 0x6CCD, 0x64AD, 0x64CD, 0x64CD, 0x64CD, 0x64CD, 0x646C,
    0x5C0C, 0xA655, 0xD77B, 0x9DF4, 0x640D, 0x9DF5, 0xB6B8, 0xB698,
    0xCF1A, 0xCEF9, 0xB657, 0x8D52, 0x53AC, 0x2AA7, 0x540C, 0x8592,
    0x8571, 0x6CAE, 0x6CCE, 0x6CCE, 0x648D, 0x646D, 0x644C, 0x5C2C,
    0x642C, 0x644D, 0x644C, 0x646D, 0x646D, 0x4BCA, 0x2A86, 0x21C4,
    0x2184, 0x2184, 0x1964, 0x1963, 0xA533, 0x9CB2, 0x7BEF, 0x630B,
    0x5289, 0x4208, 0x31C7, 0x31A6, 0x2986, 0x2965, 0x2965, 0x2986,
    0x31C6, 0x39E7, 0x39E7, 0x4207, 0x4208, 0x39E7, 0x39C7, 0x31A6,
    0x31A6, 0x31A6, 0x31C7, 0x31C7, 0x31A6, 0x3186, 0x2145, 0x18E3,
    0x18E3, 0x18E3, 0x18E4, 0x10C3, 0x10A3, 0x10C3, 0x10C3, 0x10C3,
    0x18C3, 0x18E3, 0x18E3, 0x18E3, 0x18C3, 0x18E3, 0x18E3, 0x18E3,
    0x18C3, 0x18E3, 0x18E3, 0x18E3, 0x18C3, 0x0882, 0x1082, 0x2104,
    0x2124, 0x2124, 0x2945, 0x2124, 0x10C3, 0x18C3, 0x1904, 0x2965,
    0xAD75, 0xAD75, 0x8451, 0xAD75, 0x94D3, 0x6B8E, 0x3229, 0x1147,
    0x0106, 0x0127, 0x0127, 0x0968, 0x0968, 0x0968, 0x11A9, 0x3B0E,
    0x222B, 0x00E6, 0x0906, 0x0906, 0x0906, 0x08E6, 0x1127, 0x1968,
    0x1167, 0x1126, 0x1127, 0x42ED, 0x7493, 0x328B, 0x00E5, 0x1126,
    0x21A8, 0x29E9, 0x29E9, 0x21C7, 0x740F, 0xDF3B, 0xDEF9, 0xE71A,
    0xEF3A, 0xE73A, 0xE71A, 0xD6B8, 0xD697, 0xE6F9, 0xDEB7, 0xD697,
    0xD677, 0xCE77, 0xD6B8, 0xD6B8, 0xDEF9, 0xDF19, 0xDEF9, 0xDEF8,
    0xDEF9, 0xD6B7, 0xC636, 0xCE56, 0xD6B8, 0xDED8, 0xD698, 0xCE77,
    0xCE98, 0xD6D9, 0xDF19, 0xDEF9, 0xE71A, 0xEF5B, 0xE73A, 0xE6F9,
    0xEF5A, 0xEF3B, 0xE73B, 0xDEFA, 0xCE78, 0xBE17, 0x6B8D, 0x2165,
    0x1965, 0x21C7, 0x21C8, 0x1987, 0x1966, 0x29C7, 0x324A, 0x42CC,
    0x1146, 0x0926, 0x84D4, 0x9DB6, 0x7C91, 0x9D95, 0xAE38, 0x9555,
    0x7471, 0x5BAF, 0x19E9, 0x0968, 0x0969, 0x0968, 0x1168, 0x0968,
    0x1189, 0x0967, 0x4B6F, 0x9DB7, 0x2A29, 0x00C3, 0x428A, 0x7C10,
    0x6B6D, 0x8C4F, 0x9CD1, 0x9CB1, 0x9491, 0x8C4F, 0x7C0E, 0x5B0B,
    0x18E3, 0x0882, 0x0041, 0x21C7, 0x84F4, 0x328A, 0x08E4, 0x0925,
    0x0905, 0x0925, 0x0926, 0x0926, 0x0106, 0x00E6, 0x00E6, 0x0907,
    0x0927, 0x1147, 0x1168, 0x1168, 0x0926, 0x21E9, 0x6C53, 0x5BF1,
    0x1188, 0x00E5, 0x2A4A, 0x6411, 0x326B, 0x0926, 0x0906, 0x1106,
    0x1127, 0x1146, 0x0906, 0x1987, 0x19C9, 0x0927, 0x0927, 0x1147,
    0x1188, 0x0947, 0x0926, 0x0947, 0x1168, 0x0927, 0x0927, 0x1127,
    0x1127, 0x1127, 0x1127, 0x1168, 0x1188, 0x0927, 0x0927, 0x1148,
    0x19A9, 0x11A9, 0x11A9, 0x11A9, 0x0968, 0x00E6, 0x0906, 0x0947,
    0x1167, 0x00E5, 0x0926, 0x1187, 0x0946, 0x00C5, 0x21C8, 0x2A0A,
    0x00E5, 0x00E5, 0x430D, 0x324B, 0x00E6, 0x0906, 0x0905, 0x00C5,
    0x00C5, 0x00E5, 0x00E5, 0x00E5, 0x00C4, 0x1988, 0x6412, 0x5BB0,
    0x1188, 0x00E6, 0x0906, 0x0927, 0x0927, 0x1168, 0x0927, 0x19A8,
    0x9576, 0xC6BA, 0x9534, 0x1166, 0x0926, 0x1167, 0x0906, 0x0927,
    0x0906, 0x0927, 0x1168, 0x0968, 0x0968, 0x1168, 0x0968, 0x0968,
    0x0968, 0x0968, 0x0968, 0x0968, 0x0968, 0x0948, 0x0968, 0x0968,
    0x0968, 0x0968, 0x0988, 0x0968, 0x0106, 0x0926, 0x1126, 0x5BAF,
    0xB679, 0xB638, 0x4B2C, 0x0105, 0x0906, 0x0907, 0x0906, 0x1127,
    0x00A4, 0x7C52, 0xFFFF, 0xFFFF, 0xFFFF, 0xE71B, 0xBE17, 0xAD95,
    0x632B, 0x3A07, 0x29A5, 0x31C6, 0x73AE, 0xBDD6, 0xCE58, 0xC637,
    0xB5B5, 0x52CA, 0x10C2, 0x2103, 0x2104, 0x2124, 0x2124, 0x2944,
    0x2944, 0x2124, 0x2124, 0x2124, 0x2104, 0x2124, 0x2944, 0x2124,
    0x2124, 0x2144, 0x2964, 0x2944, 0x2124, 0x2944, 0x2964, 0x2944,
    0x2124, 0x2124, 0x2124, 0x2124, 0x2124, 0x2124, 0x2124, 0x2124,
    0x2124, 0x2944, 0x2945, 0x2945, 0x2124, 0x0861, 0x18C2, 0x738D,
    0xCE58, 0xE6FA, 0xD698, 0x8C90, 0x4247, 0x29A6, 0x1124, 0x21C6,
    0x3228, 0x42A9, 0x5B6C, 0x532B, 0x2A28, 0x19A7, 0x0988, 0x11A9,
    0x0989, 0x09A9, 0x09A9, 0x09A9, 0x09A9, 0x09A9, 0x0988, 0x0968,
    0x0968, 0x0968, 0x0948, 0x0906, 0x08E6, 0x08A4, 0x29A6, 0xA532,
    0xB572, 0xB571, 0xAD30, 0x39E5, 0x08A2, 0x08E4, 0x08E5, 0x0906,
    0x1147, 0x1167, 0x1187, 0x1167, 0x1988, 0x19A8, 0x1988, 0x1188,
    0x19A8, 0x6C31, 0xADF7, 0x9534, 0x3ACB, 0x222A, 0x222A, 0x222A,
    0x224B, 0x224A, 0x222A, 0x220A, 0x222A, 0x32AB, 0x3B2B, 0x3B48,
    0x3B48, 0x3347, 0x3B48, 0x3327, 0x3327, 0x3327, 0x3327, 0x3327,
    0x3307, 0x3307, 0x3307, 0x3307, 0x3327, 0x3327, 0x542B, 0x74EE,
    0x64AC, 0x64AC, 0x64AC, 0x64AD, 0x64CD, 0x64AD, 0x64CD, 0x64CD,
    0x64CD, 0x64CD, 0x646D, 0x646D, 0x8D72, 0xD79C, 0xFFFF, 0xE7BD,
    0xADD5, 0xAE16, 0xA5D5, 0xADF6, 0xCED9, 0xD71B, 0xC6B9, 0xC6B9,
    0xBE98, 0x7CD0, 0x2A66, 0x2246, 0x644D, 0x7D30, 0x750F, 0x750F,
    0x6CEF, 0x64CE, 0x5C8C, 0x5C8C, 0x64AD, 0x648D, 0x64AD, 0x648D,
    0x648D, 0x4BCA, 0x2225, 0x1183, 0x1963, 0x1943, 0x1943, 0x1963,
    0xA4F2, 0x9CF2, 0x9CF2, 0x9CD2, 0x94B2, 0x94B2, 0x8C71, 0x7BEF,
    0x7BEF, 0x8430, 0x7BEF, 0x7BEF, 0x7BEF, 0x7BCE, 0x7BCE, 0x840F,
    0x840F, 0x840F, 0x840F, 0x7BEF, 0x7BCF, 0x7BEF, 0x7BCF, 0x7BCE,
    0x738E, 0x6B6D, 0x6B4C, 0x6B4C, 0x6B6D, 0x6B6D, 0x6B6D, 0x6B2C,
    0x632C, 0x6B4C, 0x632C, 0x632C, 0x6B6D, 0x6B4C, 0x630B, 0x630B,
    0x630B, 0x6B4C, 0x6B6D, 0x6B6D, 0x738E, 0x73AE, 0x7BEF, 0x7BCF,
    0x6B4D, 0x31A6, 0x1082, 0x18E3, 0x2945, 0x2124, 0x2145, 0x39C7,
    0x2125, 0x10A2, 0x0861, 0x4A49, 0xEF5D, 0xFFFF, 0xD6BA, 0xC618,
    0xB5B6, 0x7C50, 0x42AB, 0x0906, 0x0106, 0x0127, 0x0968, 0x19C9,
    0x2AAD, 0x32AD, 0x2A6C, 0x4BD1, 0x2A8C, 0x19C9, 0x2A0A, 0x0106,
    0x0906, 0x00A5, 0x08C5, 0x1147, 0x1106, 0x29E9, 0x3A4A, 0x3AAB,
    0x8515, 0x84F4, 0x2A4A, 0x00E5, 0x00E6, 0x0906, 0x00C5, 0x00A4,
    0x2A08, 0xA575, 0xBE16, 0xB5D6, 0xB5D5, 0xB5D5, 0xB5D6, 0xAD95,
    0xB5B5, 0xBE16, 0xC657, 0xD699, 0xD6D9, 0xD6D9, 0xCE78, 0xBDF6,
    0xB5D5, 0xB5D5, 0xB5D5, 0xB5B4, 0xB5F5, 0xBDF6, 0xB5D5, 0xBE37,
    0xC657, 0xBE36, 0xBE16, 0xC678, 0xC678, 0xC678, 0xCEB9, 0xD6DA,
    0xD6BA, 0xB5D6, 0xA554, 0xAD94, 0xA573, 0x94F2, 0x94B1, 0x842F,
    0x8470, 0x8471, 0x634D, 0x6C10, 0x4B0D, 0x1187, 0x1167, 0x1167,
    0x08E5, 0x0042, 0x0063, 0x00A4, 0x00C5, 0x00A4, 0x6BF0, 0xBE7A,
    0xCEDB, 0xCF1B, 0xD71B, 0xD71B, 0xCF1B, 0xBEBA, 0x432D, 0x0147,
    0x0989, 0x0989, 0x0988, 0x0988, 0x09A9, 0x0968, 0x5BB0, 0xA5D7,
    0x3228, 0x08E4, 0x6BAE, 0xBDD6, 0x736B, 0x6B29, 0x8BCC, 0x8BEC,
    0x8BCB, 0x7B8B, 0x9C8F, 0xA532, 0x2124, 0x08A2, 0x0082, 0x21A7,
    0x6C51, 0x19C8, 0x0063, 0x00A4, 0x00A4, 0x00A4, 0x00A5, 0x00C5,
    0x00C5, 0x00C5, 0x00E6, 0x00E6, 0x00E6, 0x08E6, 0x0907, 0x1147,
    0x1148, 0x0906, 0x1188, 0x4B2E, 0x2A2A, 0x0926, 0x00E5, 0x1187,
    0x19A8, 0x1147, 0x08E6, 0x0906, 0x0906, 0x0906, 0x0906, 0x0906,
    0x0947, 0x0926, 0x0906, 0x0926, 0x1167, 0x0926, 0x0906, 0x0906,
    0x1127, 0x0906, 0x08E6, 0x0906, 0x1107, 0x1106, 0x0906, 0x1147,
    0x1168, 0x0927, 0x0106, 0x326C, 0x7CB5, 0x7CF5, 0x74D4, 0x7CD4,
    0x63F1, 0x1147, 0x08E5, 0x0926, 0x0926, 0x00E5, 0x0905, 0x0926,
    0x0926, 0x08E5, 0x08E5, 0x0905, 0x0906, 0x00C5, 0x08E5, 0x1146,
    0x0906, 0x08E5, 0x0906, 0x0906, 0x08E5, 0x0906, 0x0906, 0x0906,
    0x1106, 0x00E5, 0x1167, 0x3AAC, 0x19C9, 0x0927, 0x0906, 0x0927,
    0x0927, 0x0947, 0x0927, 0x1988, 0x9556, 0xC6BA, 0x8CF3, 0x0945,
    0x0926, 0x1167, 0x0906, 0x0906, 0x1127, 0x1168, 0x1168, 0x0968,
    0x0968, 0x0968, 0x0968, 0x0968, 0x0968, 0x0968, 0x0968, 0x0968,
    0x0968, 0x0968, 0x0968, 0x0948, 0x0968, 0x0988, 0x0988, 0x0988,
    0x0127, 0x0926, 0x0906, 0x5BAF, 0xB679, 0xB638, 0x4B2C, 0x0105,
    0x0927, 0x0927, 0x0927, 0x1127, 0x0906, 0x1966, 0xADB6, 0xF7DF,
    0xFFFF, 0xE73C, 0x8430, 0x5AEB, 0x2985, 0x39E6, 0x4A68, 0x4248,
    0x39E7, 0x7C0F, 0xCE78, 0xCE58, 0x738D, 0x1081, 0x1082, 0x2104,
    0x2104, 0x2124, 0x2124, 0x2944, 0x2124, 0x2124, 0x2124, 0x2124,
    0x2124, 0x2124, 0x2124, 0x2124, 0x2124, 0x2944, 0x2964, 0x2144,
    0x2144, 0x2944, 0x2944, 0x2944, 0x2924, 0x2124, 0x2124, 0x2124,
    0x2124, 0x2124, 0x2124, 0x2124, 0x2124, 0x2944, 0x2945, 0x2945,
    0x2124, 0x1082, 0x0020, 0x2944, 0xAD54, 0xD699, 0xB5B5, 0x73AD,
    0x4AA9, 0x3A69, 0x2A07, 0x2A08, 0x3249, 0x3228, 0x42CA, 0x42CA,
    0x1187, 0x0968, 0x09A9, 0x0989, 0x0989, 0x0989, 0x0989, 0x0989,
    0x0989, 0x0989, 0x0989, 0x11A9, 0x0989, 0x0968, 0x0948, 0x0906,
    0x0905, 0x08A4, 0x2986, 0xAD53, 0xBDB1, 0xBD91, 0xB530, 0x39C5,
    0x0882, 0x08C3, 0x1967, 0x3A8B, 0x3AAC, 0x3ACC, 0x4B2D, 0x532E,
    0x534E, 0x536E, 0x534E, 0x534E, 0x5BAF, 0x9576, 0xAE17, 0x9555,
    0x6410, 0x5BF1, 0x5BF0, 0x53D0, 0x53D0, 0x5BD0, 0x538F, 0x534E,
    0x5BAF, 0x53AE, 0x3B2A, 0x3B48, 0x3B48, 0x3B48, 0x3327, 0x3327,
    0x3327, 0x3327, 0x3307, 0x3307, 0x3307, 0x3307, 0x3307, 0x3307,
    0x3327, 0x2B06, 0x542B, 0x7D2F, 0x6CAD, 0x648C, 0x64AC, 0x64AC,
    0x64AC, 0x64AD, 0x64AC, 0x64AC, 0x64CD, 0x5C6C, 0x648D, 0x8D52,
    0x7490, 0x7CD1, 0xCF1B, 0xFFFF, 0xDF3B, 0xC699, 0xA595, 0x8CF2,
    0xA5B5, 0xB637, 0xCEDA, 0xC699, 0xB617, 0xC6F9, 0xA615, 0x3AE8,
    0x0121, 0x4329, 0x8591, 0x9614, 0x8DB2, 0x64AD, 0x5C8C, 0x5CAC,
    0x5CAC, 0x5CAC, 0x5CAC, 0x5C8C, 0x648C, 0x4BA9, 0x1A04, 0x1183,
    0x1943, 0x1943, 0x1963, 0x1963, 0x630B, 0x630B, 0x6B4C, 0x6B4C,
    0x632B, 0x632C, 0x6B2C, 0x6B2C, 0x6B2C, 0x6B4C, 0x6B4C, 0x6B4C,
    0x6B2C, 0x6B2C, 0x6B4C, 0x6B4C, 0x6B4C, 0x6B4C, 0x6B6D, 0x6B6D,
    0x6B6D, 0x6B4D, 0x6B4C, 0x6B4C, 0x6B4C, 0x6B4C, 0x6B4C, 0x6B2C,
    0x6B2C, 0x6B2C, 0x6B4C, 0x6B6D, 0x6B6D, 0x6B4C, 0x632C, 0x632C,
    0x6B4D, 0x736D, 0x6B4D, 0x6B2C, 0x6B4C, 0x6B4C, 0x6B4C, 0x6B4C,
    0x630C, 0x5AEB, 0x5AEB, 0x5ACB, 0x5ACA, 0x4A69, 0x3186, 0x2125,
    0x2945, 0x2965, 0x18E3, 0x18C3, 0x1904, 0x18C3, 0x1082, 0x5AEB,
    0xFFDF, 0xFFFF, 0xFFDF, 0xFFDF, 0xE71C, 0x94F3, 0x3A6A, 0x00E4,
    0x0947, 0x19CA, 0x19A9, 0x222B, 0x430E, 0x3B0E, 0x32AC, 0x4BB0,
    0x2AAC, 0x222A, 0x3ACC, 0x324A, 0x1146, 0x08C4, 0x00A3, 0x1946,
    0x31E9, 0x1125, 0x1125, 0x1987, 0x63F0, 0x538E, 0x3ACC, 0x220A,
    0x0927, 0x19A9, 0x2A0B, 0x0947, 0x00A4, 0x1925, 0x29A6, 0x21A6,
    0x21A6, 0x21A6, 0x2186, 0x2186, 0x2185, 0x1965, 0x2165, 0x29A6,
    0x29E7, 0x29C7, 0x29A6, 0x2186, 0x2185, 0x1986, 0x1966, 0x1965,
    0x1965, 0x1985, 0x1965, 0x1944, 0x1965, 0x1965, 0x2186, 0x29E7,
    0x21E7, 0x21C7, 0x29E8, 0x29E8, 0x21A7, 0x1966, 0x1146, 0x1986,
    0x1145, 0x08E4, 0x08C3, 0x08C3, 0x08C3, 0x08C3, 0x08E4, 0x42CB,
    0x7C72, 0x534E, 0x326B, 0x326B, 0x324A, 0x1966, 0x1126, 0x29E9,
    0x1967, 0x00C4, 0x1966, 0x532D, 0x7451, 0x84B2, 0x8CB2, 0x9513,
    0x9D75, 0x7C92, 0x2209, 0x0947, 0x0988, 0x0989, 0x0988, 0x0989,
    0x09A9, 0x0968, 0x538F, 0xADD7, 0x3A8A, 0x08C3, 0x636D, 0xB594,
    0x6AE9, 0x6AE7, 0x838A, 0x8B89, 0x8B89, 0x7B28, 0x9C4D, 0xAD32,
    0x2123, 0x10C3, 0x08C3, 0x4B0C, 0x8514, 0x4B8E, 0x4B4E, 0x5B8F,
    0x536F, 0x536F, 0x5B90, 0x5B90, 0x5BB0, 0x63D0, 0x63F1, 0x5BD0,
    0x3ACC, 0x0927, 0x00E6, 0x0906, 0x1107, 0x0906, 0x08E5, 0x00E5,
    0x1146, 0x0946, 0x00C4, 0x00C4, 0x1126, 0x1126, 0x08C5, 0x0906,
    0x1105, 0x1105, 0x1106, 0x0906, 0x1146, 0x0906, 0x08E5, 0x0906,
    0x1146, 0x0906, 0x08E5, 0x0906, 0x1127, 0x08E5, 0x08E5, 0x1126,
    0x1126, 0x1127, 0x1126, 0x1147, 0x1988, 0x0926, 0x0906, 0x19A8,
    0x3A8C, 0x3AAC, 0x328B, 0x328B, 0x2A2A, 0x1147, 0x0905, 0x1126,
    0x1146, 0x08E5, 0x08E5, 0x1147, 0x1126, 0x08E5, 0x0905, 0x1126,
    0x1105, 0x08E5, 0x08E5, 0x1126, 0x1105, 0x08C5, 0x08E5, 0x1106,
    0x1106, 0x08E5, 0x08C5, 0x08C5, 0x08C5, 0x08E5, 0x08E5, 0x08E5,
    0x1168, 0x0947, 0x0906, 0x0927, 0x0927, 0x0927, 0x0906, 0x1147,
    0x8D35, 0xC6BA, 0x8CD3, 0x0925, 0x0925, 0x1967, 0x0906, 0x0926,
    0x1147, 0x1188, 0x1188, 0x0988, 0x0988, 0x0988, 0x0968, 0x0948,
    0x0968, 0x0968, 0x0968, 0x1188, 0x1188, 0x1188, 0x0968, 0x0968,
    0x0988, 0x0988, 0x0988, 0x0988, 0x0927, 0x0906, 0x00E5, 0x5BD0,
    0xB679, 0xB618, 0x4B0C, 0x0105, 0x0927, 0x1127, 0x0927, 0x0927,
    0x1127, 0x1125, 0x1104, 0x428A, 0x634D, 0x52CB, 0x3A08, 0x31C7,
    0x4249, 0x4269, 0x4A8A, 0x4269, 0x31E7, 0x3A28, 0x5B2C, 0x52CB,
    0x31A6, 0x18E3, 0x1082, 0x2104, 0x2124, 0x2124, 0x2124, 0x2124,
    0x2124, 0x2124, 0x2944, 0x2944, 0x2944, 0x2124, 0x2944, 0x2944,
    0x2124, 0x2944, 0x2964, 0x2944, 0x2124, 0x2944, 0x2964, 0x2944,
    0x2124, 0x2124, 0x2124, 0x2124, 0x2124, 0x2124, 0x2124, 0x2124,
    0x2124, 0x2944, 0x2945, 0x2944, 0x2124, 0x1081, 0x1081, 0x2124,
    0x18E3, 0x7C0F, 0x8450, 0x29E6, 0x29C7, 0x42CB, 0x3AAA, 0x2A49,
    0x2A4A, 0x2A6A, 0x19C7, 0x0946, 0x11A8, 0x11A9, 0x0989, 0x0989,
    0x0989, 0x0989, 0x09A9, 0x0989, 0x0989, 0x0989, 0x0989, 0x0989,
    0x0988, 0x0968, 0x0947, 0x08E6, 0x08E5, 0x0083, 0x2966, 0xAD12,
    0xB550, 0xBD70, 0xAD30, 0x39A4, 0x0061, 0x0082, 0x1105, 0x1967,
    0x1126, 0x1126, 0x1146, 0x1946, 0x1966, 0x1946, 0x1946, 0x1126,
    0x1146, 0x6C11, 0xADF7, 0x9D95, 0x42CB, 0x1166, 0x1167, 0x1166,
    0x1167, 0x1167, 0x1146, 0x1167, 0x1987, 0x2207, 0x3B09, 0x3B48,
    0x3B48, 0x3B48, 0x3328, 0x3B48, 0x3327, 0x3327, 0x3307, 0x3307,
    0x3307, 0x2AE7, 0x3307, 0x2AE7, 0x3307, 0x3327, 0x542B, 0x752E,
    0x750E, 0x64CD, 0x5C8C, 0x64AD, 0x64AD, 0x64AD, 0x64AD, 0x64AD,
    0x648C, 0x4C0B, 0x8551, 0x7CB0, 0x536C, 0x538C, 0x9574, 0xEFDE,
    0xF7FF, 0xE77D, 0xCEFA, 0x8CF2, 0x5B8C, 0x534C, 0x8CD2, 0x9513,
    0xB637, 0xB637, 0xADF6, 0xA5D5, 0x3AC8, 0x00E0, 0x3B08, 0x8D92,
    0x9DF3, 0x74EF, 0x5C6C, 0x5C8C, 0x5C8C, 0x5C8C, 0x5C8C, 0x5C8C,
    0x5C8C, 0x4389, 0x19E4, 0x1183, 0x1943, 0x1943, 0x1143, 0x1163,
    0x1081, 0x1081, 0x1081, 0x1061, 0x1061, 0x1082, 0x1082, 0x10A2,
    0x10A2, 0x10A2, 0x1082, 0x1081, 0x1081, 0x1081, 0x10A2, 0x1081,
    0x1081, 0x1082, 0x10A2, 0x10A2, 0x10A2, 0x10A2, 0x1082, 0x1081,
    0x1081, 0x1081, 0x1081, 0x10A2, 0x10A2, 0x18A2, 0x18A2, 0x10A2,
    0x10A2, 0x18C2, 0x10A2, 0x18C3, 0x18A3, 0x18C3, 0x18E3, 0x18C3,
    0x18C2, 0x10A2, 0x10A2, 0x1082, 0x1081, 0x1081, 0x1081, 0x1081,
    0x0841, 0x0841, 0x0841, 0x0861, 0x0861, 0x10A2, 0x20E4, 0x10A2,
    0x10A2, 0x18E3, 0x2145, 0x3186, 0xAD54, 0xFFFF, 0xFFFF, 0xFFFF,
    0xE73C, 0x7C31, 0x1104, 0x21E8, 0x4B6F, 0x42EE, 0x11A9, 0x0967,
    0x00E6, 0x0927, 0x11A8, 0x4BB0, 0x2A8C, 0x0987, 0x2A4A, 0x84F4,
    0x4B0C, 0x29E8, 0x2A09, 0x5B4E, 0x9D56, 0x3209, 0x1945, 0x1166,
    0x53AF, 0x1A09, 0x1168, 0x220A, 0x19A9, 0x19C9, 0x222B, 0x19A9,
    0x0906, 0x0906, 0x1967, 0x1987, 0x11A8, 0x11A8, 0x1187, 0x1187,
    0x1167, 0x1188, 0x1167, 0x1147, 0x1146, 0x1146, 0x1146, 0x1147,
    0x1167, 0x1188, 0x1188, 0x19A8, 0x3ACC, 0x6C31, 0x6C52, 0x326A,
    0x00E4, 0x0905, 0x1187, 0x11A8, 0x1188, 0x11A8, 0x11A8, 0x1188,
    0x1188, 0x11A8, 0x1188, 0x1188, 0x1188, 0x0926, 0x08E5, 0x0905,
    0x08E5, 0x08E5, 0x00A4, 0x0062, 0x29E8, 0x7452, 0x8D15, 0x9556,
    0x9D76, 0x9515, 0x8D15, 0x7C72, 0x29E8, 0x0083, 0x0083, 0x0083,
    0x0082, 0x0082, 0x0082, 0x00A3, 0x08E4, 0x0905, 0x0946, 0x0968,
    0x0969, 0x0989, 0x0988, 0x0989, 0x09A9, 0x0968, 0x4B4E, 0xADF7,
    0x7451, 0x1945, 0x6B6D, 0xC616, 0x7B8B, 0x72E7, 0x8368, 0x8B89,
    0x8B89, 0x7B28, 0xA4AE, 0xBD93, 0x3185, 0x0061, 0x2146, 0x8CF4,
    0x9DD7, 0x6CB2, 0x5BF0, 0x63F1, 0x5BD0, 0x5BD0, 0x5BD0, 0x5BAF,
    0x5BAF, 0x5BAF, 0x5BAF, 0x6C52, 0x8515, 0x538F, 0x1147, 0x00C5,
    0x08C5, 0x08C5, 0x08C5, 0x10E5, 0x1967, 0x2187, 0x1105, 0x08C4,
    0x1946, 0x1946, 0x1105, 0x08C4, 0x1926, 0x1946, 0x10E4, 0x1105,
    0x1967, 0x1126, 0x08E5, 0x1125, 0x1966, 0x1146, 0x1105, 0x1126,
    0x2187, 0x1126, 0x08E5, 0x1105, 0x1946, 0x1926, 0x1105, 0x1947,
    0x21A8, 0x1126, 0x10E5, 0x1106, 0x1106, 0x00C4, 0x00C4, 0x00C5,
    0x08C5, 0x10E5, 0x10E4, 0x1946, 0x1946, 0x1925, 0x1105, 0x1946,
    0x1946, 0x1926, 0x1105, 0x1946, 0x1946, 0x1905, 0x10E5, 0x1926,
    0x10E5, 0x10C4, 0x08C4, 0x1105, 0x08C4, 0x08A4, 0x08A4, 0x08A4,
    0x08A4, 0x08A4, 0x08C4, 0x0905, 0x1167, 0x0947, 0x0906, 0x0927,
    0x0907, 0x0926, 0x0906, 0x1127, 0x8514, 0xC6BA, 0x8CF3, 0x0945,
    0x0926, 0x1167, 0x0906, 0x0926, 0x1147, 0x1168, 0x1188, 0x1188,
    0x0947, 0x0106, 0x0926, 0x19A8, 0x21E9, 0x2A0A, 0x2A0A, 0x21C8,
    0x1167, 0x0926, 0x0968, 0x0988, 0x0988, 0x0989, 0x0989, 0x0988,
    0x0106, 0x0906, 0x08E5, 0x5BD0, 0xB679, 0xB618, 0x532D, 0x0105,
    0x0906, 0x1127, 0x0927, 0x0927, 0x0927, 0x1126, 0x1126, 0x08E4,
    0x08C4, 0x08C4, 0x1105, 0x1105, 0x1125, 0x1105, 0x1126, 0x1106,
    0x1125, 0x10E4, 0x0883, 0x08A3, 0x2145, 0x18E4, 0x1082, 0x2103,
    0x2104, 0x2124, 0x2124, 0x2124, 0x2944, 0x2124, 0x2124, 0x2124,
    0x2124, 0x2124, 0x2944, 0x2945, 0x2124, 0x2144, 0x2964, 0x2944,
    0x2144, 0x2944, 0x2964, 0x2944, 0x2924, 0x2124, 0x2124, 0x2124,
    0x2124, 0x2124, 0x2124, 0x2124, 0x2944, 0x2944, 0x2944, 0x2944,
    0x2124, 0x1082, 0x0861, 0x2965, 0x10A2, 0x1904, 0x3A28, 0x21C7,
    0x19A7, 0x2A29, 0x2A29, 0x2208, 0x222A, 0x224A, 0x09A8, 0x0967,
    0x09A9, 0x09A9, 0x09A9, 0x09A9, 0x0989, 0x0989, 0x0989, 0x0988,
    0x0968, 0x0968, 0x0968, 0x0948, 0x0968, 0x0947, 0x0927, 0x00E5,
    0x08E5, 0x0063, 0x2145, 0xA4F1, 0xB571, 0xBD71, 0xAD10, 0x3184,
    0x0061, 0x08A2, 0x0083, 0x0083, 0x0083, 0x00A4, 0x0083, 0x0083,
    0x00A4, 0x0083, 0x0083, 0x0083, 0x0063, 0x42EC, 0x9DB6, 0x8D34,
    0x2208, 0x00C5, 0x00E6, 0x00E5, 0x08E6, 0x0906, 0x00E6, 0x0906,
    0x0926, 0x19A7, 0x3B0A, 0x3B28, 0x3B48, 0x3B48, 0x3B48, 0x3B48,
    0x3B47, 0x3327, 0x3307, 0x3307, 0x2B07, 0x2AE7, 0x2B07, 0x2AE7,
    0x2B07, 0x3327, 0x4C0A, 0x64AD, 0x6CCD, 0x6CED, 0x64AD, 0x64AC,
    0x64AD, 0x64AD, 0x64CD, 0x64CD, 0x3B47, 0x11A2, 0x5C0C, 0x748F,
    0x7470, 0x8D12, 0x9554, 0xBE58, 0xF7DF, 0xF7DE, 0xEFBE, 0xC699,
    0x638D, 0x3268, 0x42CA, 0x3A68, 0x7C50, 0x9D94, 0x63AD, 0x9DB4,
    0x9573, 0x2205, 0x00E0, 0x4349, 0x8510, 0x6CCE, 0x5C8C, 0x5C8C,
    0x5C8C, 0x5C8C, 0x5C8C, 0x5C8C, 0x5C6C, 0x4389, 0x11E3, 0x1163,
    0x1943, 0x1943, 0x1943, 0x1163, 0x0841, 0x0841, 0x0841, 0x0841,
    0x0861, 0x0861, 0x0861, 0x0861, 0x0861, 0x0861, 0x0861, 0x1081,
    0x0861, 0x0861, 0x0861, 0x0861, 0x1061, 0x0861, 0x0861, 0x0841,
    0x0841, 0x0841, 0x0861, 0x0861, 0x0861, 0x0861, 0x0861, 0x0861,
    0x0861, 0x0841, 0x0841, 0x0841, 0x0841, 0x0841, 0x0841, 0x0861,
    0x0861, 0x0841, 0x0861, 0x0841, 0x0840, 0x0841, 0x0841, 0x0840,
    0x0841, 0x0861, 0x0841, 0x0841, 0x0861, 0x0861, 0x0861, 0x0861,
    0x0861, 0x0841, 0x1082, 0x18C3, 0x1082, 0x18C3, 0x2144, 0x18E3,
    0x18E3, 0x73CF, 0xA554, 0x8CB2, 0x634D, 0x428A, 0x5B8E, 0x5BD0,
    0x430D, 0x11A8, 0x11A8, 0x1188, 0x0106, 0x00C5, 0x19C8, 0x5BF1,
    0x3AEE, 0x2A6C, 0x3AED, 0x9576, 0x7C71, 0x638E, 0x5B6E, 0x7431,
    0x9D55, 0x1986, 0x21C7, 0x3AAB, 0x5BF0, 0x2A6B, 0x0106, 0x1989,
    0x19A9, 0x00C6, 0x0084, 0x0926, 0x0927, 0x0906, 0x220A, 0x42ED,
    0x19C9, 0x1188, 0x11A9, 0x1188, 0x1189, 0x1188, 0x1188, 0x1188,
    0x1168, 0x1168, 0x0968, 0x1168, 0x1188, 0x1168, 0x11A9, 0x3ACD,
    0x6432, 0x6432, 0x538F, 0x2A2A, 0x0905, 0x0926, 0x1188, 0x11A9,
    0x11C9, 0x11C9, 0x11CA, 0x11CA, 0x11CA, 0x11A9, 0x11A9, 0x11A9,
    0x11A9, 0x0126, 0x0946, 0x42ED, 0x63F1, 0x5BAF, 0x534E, 0x42EC,
    0x3A8B, 0x42AB, 0x42AA, 0x3228, 0x3A49, 0x4AEC, 0x4AAB, 0x1966,
    0x08E4, 0x21A7, 0x29E8, 0x3229, 0x3229, 0x3229, 0x3A6A, 0x3A6A,
    0x21E8, 0x0946, 0x0967, 0x0969, 0x0969, 0x0989, 0x09A9, 0x09A9,
    0x09CA, 0x0968, 0x430D, 0xB659, 0x7451, 0x29C7, 0x634C, 0x94B0,
    0x6AC8, 0x6266, 0x6AA6, 0x6AC6, 0x7328, 0x6AE7, 0x83CC, 0x8C4F,
    0x2964, 0x0882, 0x1104, 0x4AEC, 0x5BCF, 0x0945, 0x0082, 0x00A3,
    0x00A3, 0x00A3, 0x00A3, 0x0083, 0x0083, 0x0083, 0x00A4, 0x00E5,
    0x326B, 0x6411, 0x2A4A, 0x0905, 0x1105, 0x08C4, 0x08C4, 0x08A4,
    0x1925, 0x10E4, 0x08A3, 0x0882, 0x10C3, 0x08C3, 0x08C3, 0x0883,
    0x2145, 0x10E4, 0x0062, 0x08A3, 0x1105, 0x08C3, 0x08A3, 0x10E4,
    0x1125, 0x08C4, 0x08A3, 0x10C4, 0x10E4, 0x08A3, 0x0883, 0x08A3,
    0x1925, 0x0082, 0x0883, 0x10E4, 0x10E5, 0x0883, 0x08A3, 0x1104,
    0x1104, 0x0062, 0x00A3, 0x10E4, 0x10C4, 0x0042, 0x0882, 0x1905,
    0x10C3, 0x0882, 0x08A3, 0x18E4, 0x10C4, 0x08A3, 0x08C3, 0x1905,
    0x10C3, 0x0883, 0x08A3, 0x18E4, 0x0883, 0x0862, 0x0882, 0x10E4,
    0x0062, 0x0042, 0x0062, 0x0083, 0x08C4, 0x08C4, 0x10E4, 0x1126,
    0x1126, 0x0926, 0x0906, 0x0927, 0x0927, 0x0906, 0x00C6, 0x08E6,
    0x84F4, 0xC69A, 0x84D3, 0x1146, 0x1126, 0x1967, 0x0926, 0x0926,
    0x1147, 0x1168, 0x1168, 0x00E5, 0x21C8, 0x6BAF, 0x9D13, 0xBE16,
    0xCE57, 0xC657, 0xC658, 0xBDF6, 0xA533, 0x6B8D, 0x29A6, 0x1125,
    0x1188, 0x0988, 0x0989, 0x0968, 0x0106, 0x0906, 0x0906, 0x5BD0,
    0xB679, 0xB617, 0x4B2D, 0x0105, 0x0906, 0x0907, 0x0907, 0x0927,
    0x0926, 0x1106, 0x1106, 0x1126, 0x1126, 0x1125, 0x1105, 0x0906,
    0x0906, 0x0906, 0x0906, 0x08E6, 0x08C5, 0x08C4, 0x08A4, 0x08A3,
    0x2145, 0x18E3, 0x1082, 0x2103, 0x2104, 0x2104, 0x2124, 0x2124,
    0x2944, 0x2124, 0x2124, 0x2124, 0x2124, 0x2124, 0x2944, 0x2965,
    0x2944, 0x2944, 0x2965, 0x2965, 0x2965, 0x2965, 0x3185, 0x2985,
    0x2944, 0x2124, 0x2124, 0x2124, 0x2124, 0x2124, 0x2944, 0x2965,
    0x2945, 0x2124, 0x2944, 0x2944, 0x2124, 0x0861, 0x0861, 0x2965,
    0x4249, 0x31E8, 0x1125, 0x1145, 0x1125, 0x1146, 0x1166, 0x19A7,
    0x19C8, 0x19E9, 0x0967, 0x224B, 0x434F, 0x226C, 0x11A9, 0x11A9,
    0x0989, 0x0989, 0x0989, 0x0988, 0x0968, 0x0968, 0x0947, 0x0947,
    0x0947, 0x0927, 0x0906, 0x08E5, 0x08E5, 0x0063, 0x2145, 0x94B0,
    0xAD30, 0xB571, 0xA4F0, 0x31A4, 0x0881, 0x08A3, 0x08A3, 0x08C4,
    0x08E4, 0x08C4, 0x08C4, 0x08C4, 0x08C4, 0x08C4, 0x08C4, 0x08E5,
    0x00A4, 0x3A8B, 0x8D55, 0x7CD2, 0x2208, 0x0947, 0x0968, 0x1168,
    0x1168, 0x1188, 0x0968, 0x1168, 0x1187, 0x2208, 0x3B2A, 0x3B28,
    0x3B48, 0x3B48, 0x3B48, 0x3B48, 0x3B47, 0x3327, 0x3307, 0x3307,
    0x3307, 0x2AE7, 0x2AE7, 0x3307, 0x2B07, 0x3307, 0x540A, 0x6CCD,
    0x64AC, 0x64AC, 0x64CC, 0x64AC, 0x64AC, 0x64AD, 0x64CD, 0x4C2A,
    0x2AA6, 0x53AB, 0x3AA7, 0x432A, 0x8D32, 0xBE98, 0xBE98, 0xB637,
    0xCEDA, 0xEFFF, 0xE79D, 0xDF5C, 0xC6B9, 0x9554, 0x8CD2, 0x63CD,
    0x4AEA, 0x744F, 0x536C, 0x63EE, 0xAE16, 0x5BCD, 0x0122, 0x0942,
    0x74AF, 0x74EE, 0x5C8C, 0x5C8C, 0x5C8C, 0x5C8C, 0x5C8C, 0x5C8C,
    0x5C8C, 0x3B88, 0x11E3, 0x1163, 0x1143, 0x1944, 0x1143, 0x1943,
    0x0861, 0x0861, 0x0861, 0x0861, 0x0861, 0x0861, 0x0861, 0x0841,
    0x0861, 0x0861, 0x0861, 0x0861, 0x0862, 0x0861, 0x0861, 0x0861,
    0x0861, 0x0861, 0x0861, 0x0861, 0x0861, 0x0861, 0x0861, 0x0861,
    0x0861, 0x0861, 0x0861, 0x0861, 0x0861, 0x0861, 0x0861, 0x0861,
    0x0861, 0x0861, 0x0861, 0x0861, 0x0861, 0x0861, 0x0861, 0x0861,
    0x0861, 0x0861, 0x0861, 0x0861, 0x0861, 0x0861, 0x0861, 0x0861,
    0x0861, 0x0861, 0x0861, 0x0861, 0x0861, 0x0861, 0x10A2, 0x2124,
    0x10A2, 0x10C3, 0x18E3, 0x10A2, 0x0882, 0x0041, 0x0882, 0x10E4,
    0x3208, 0x532D, 0x3AAB, 0x1187, 0x0126, 0x1188, 0x19EA, 0x19EA,
    0x19CA, 0x19A8, 0x2A2A, 0x6C53, 0x32CD, 0x32CC, 0x5BB0, 0x8CF4,
    0x9514, 0x7C51, 0x7C71, 0x63CF, 0x7451, 0x3AAB, 0x6C10, 0x7CB3,
    0x5BF0, 0x2209, 0x00E6, 0x19A9, 0x430E, 0x5390, 0x430E, 0x3AAC,
    0x0947, 0x00C5, 0x21E9, 0x63F1, 0x5390, 0x19A9, 0x1188, 0x1188,
    0x1188, 0x1188, 0x1168, 0x0968, 0x1168, 0x0968, 0x0968, 0x0968,
    0x0968, 0x11A9, 0x3ACD, 0x4B4F, 0x19A8, 0x0084, 0x0083, 0x00A4,
    0x00C5, 0x00E5, 0x0947, 0x1188, 0x09A9, 0x11C9, 0x11CA, 0x11CA,
    0x09A9, 0x09A9, 0x09A9, 0x11A9, 0x0968, 0x220A, 0x7493, 0xB67A,
    0xBEBB, 0xBEBA, 0xA618, 0x84D3, 0x63D0, 0x5B6D, 0x3229, 0x0082,
    0x0000, 0x0000, 0x0000, 0x0000, 0x2166, 0x8472, 0x9515, 0x8CD4,
    0x7C92, 0x7C72, 0x9D96, 0xAE18, 0x9D97, 0x4B4E, 0x0967, 0x0988,
    0x0988, 0x0989, 0x09A9, 0x09A9, 0x09A9, 0x1189, 0x19E9, 0x538F,
    0x4B0C, 0x7430, 0x9D34, 0x94B1, 0x83CD, 0x8BED, 0x7B6A, 0x4A05,
    0x3963, 0x5246, 0x7BAD, 0x840F, 0x7C2F, 0x7C30, 0x4ACB, 0x1966,
    0x0925, 0x00C4, 0x08E4, 0x08E5, 0x08E5, 0x0906, 0x0906, 0x1167,
    0x2A2A, 0x2A4A, 0x1167, 0x00E5, 0x1127, 0x63F1, 0x6C52, 0x326A,
    0x2186, 0x1104, 0x0882, 0x0062, 0x1904, 0x10A3, 0x0020, 0x0861,
    0x18E3, 0x10A2, 0x0041, 0x0861, 0x2124, 0x10A2, 0x0041, 0x0861,
    0x2124, 0x10A2, 0x0041, 0x10A2, 0x2124, 0x10A2, 0x0041, 0x10A2,
    0x1904, 0x0862, 0x0041, 0x10A3, 0x2145, 0x0882, 0x0041, 0x10A3,
    0x2125, 0x0862, 0x0861, 0x18E4, 0x18E3, 0x0041, 0x0061, 0x10E4,
    0x1904, 0x0841, 0x0021, 0x2124, 0x18E3, 0x0021, 0x0021, 0x1904,
    0x18E4, 0x0041, 0x0862, 0x2124, 0x10C3, 0x0041, 0x0861, 0x2104,
    0x1082, 0x0021, 0x0861, 0x2104, 0x10A3, 0x0021, 0x0041, 0x0862,
    0x08A3, 0x10C4, 0x2186, 0x3A6A, 0x1147, 0x0105, 0x00E6, 0x0906,
    0x0906, 0x08E5, 0x00E6, 0x0927, 0x84F4, 0xBE9A, 0x84D3, 0x0946,
    0x1147, 0x1988, 0x0927, 0x0927, 0x1168, 0x1189, 0x0906, 0x5B4D,
    0xC638, 0xEF5B, 0xF75A, 0xFF7A, 0xFFDB, 0xFFDC, 0xFFBB, 0xFF7A,
    0xF759, 0xEF39, 0xBDD5, 0x4AAA, 0x0904, 0x0967, 0x0968, 0x0968,
    0x0106, 0x0926, 0x1147, 0x63F0, 0xB679, 0xAE17, 0x4B2D, 0x0105,
    0x0906, 0x0907, 0x0906, 0x0906, 0x0906, 0x0906, 0x0906, 0x0905,
    0x08E5, 0x08E5, 0x08E5, 0x08E5, 0x08E5, 0x08E5, 0x08C5, 0x00A4,
    0x0083, 0x0083, 0x0883, 0x0062, 0x2125, 0x18C3, 0x1082, 0x2104,
    0x2103, 0x2104, 0x2124, 0x2124, 0x2944, 0x2124, 0x2124, 0x2124,
    0x2124, 0x2124, 0x2944, 0x2945, 0x2944, 0x2944, 0x2965, 0x2944,
    0x2964, 0x2965, 0x2944, 0x2944, 0x2944, 0x2124, 0x2124, 0x2124,
    0x2144, 0x2103, 0x18E3, 0x2104, 0x2944, 0x2944, 0x2944, 0x2124,
    0x2104, 0x0861, 0x0861, 0x2986, 0x31C7, 0x1904, 0x08A3, 0x08A3,
    0x00A3, 0x00A3, 0x00C4, 0x0904, 0x0925, 0x1146, 0x0905, 0x19A8,
    0x6411, 0x74D4, 0x4B2E, 0x11A8, 0x0988, 0x11A9, 0x09A9, 0x0968,
    0x0968, 0x0947, 0x0947, 0x0926, 0x0906, 0x0106, 0x0905, 0x08C4,
    0x08A4, 0x0063, 0x2165, 0x8C70, 0xA511, 0xAD52, 0x8C4F, 0x2143,
    0x0081, 0x08A3, 0x08C4, 0x08E4, 0x08E5, 0x08C4, 0x08C4, 0x08C4,
    0x08C4, 0x00C4, 0x08E4, 0x08E5, 0x00A3, 0x42CC, 0x9575, 0x8513,
    0x2A4A, 0x0967, 0x0988, 0x0988, 0x0988, 0x0989, 0x0988, 0x1188,
    0x1188, 0x2228, 0x3B2A, 0x3B28, 0x3B48, 0x3B68, 0x3B68, 0x3B68,
    0x3B48, 0x3327, 0x3307, 0x3307, 0x3307, 0x2AE6, 0x2AE7, 0x32E7,
    0x2B07, 0x3307, 0x542B, 0x64CD, 0x5C8C, 0x5C8C, 0x5C8C, 0x5C8C,
    0x5C8C, 0x64AC, 0x64CD, 0x3327, 0x3B28, 0xCF59, 0x9D93, 0x3AC9,
    0x84B1, 0xB637, 0xADF6, 0x84B1, 0x8CF2, 0xCEFA, 0xF7FF, 0xE79D,
    0xDF3B, 0xDF3C, 0xCEFA, 0x9D74, 0x6BEE, 0x42C9, 0x42EA, 0x532B,
    0x9D95, 0x9533, 0x21E6, 0x0080, 0x3AE8, 0x74EF, 0x5C6C, 0x5C8C,
    0x5C8C, 0x5CAC, 0x5CAC, 0x5C8C, 0x5C6C, 0x3B68, 0x11C3, 0x1163,
    0x1943, 0x1943, 0x1943, 0x1943, 0x0861, 0x0861, 0x0861, 0x0861,
    0x0861, 0x0861, 0x0861, 0x0861, 0x0861, 0x0861, 0x0861, 0x0861,
    0x0861, 0x0861, 0x0861, 0x0861, 0x0861, 0x0861, 0x0861, 0x0861,
    0x0861, 0x0861, 0x0861, 0x0861, 0x0861, 0x0861, 0x0861, 0x0861,
    0x0861, 0x0861, 0x0861, 0x0861, 0x0861, 0x0861, 0x0861, 0x0861,
    0x0861, 0x0861, 0x0861, 0x0861, 0x0861, 0x0861, 0x0861, 0x0861,
    0x0861, 0x0861, 0x0861, 0x0861, 0x0861, 0x0861, 0x0861, 0x0861,
    0x0861, 0x0861, 0x10A2, 0x2124, 0x10C3, 0x10A2, 0x10A3, 0x0882,
    0x0862, 0x10C3, 0x10E4, 0x1104, 0x08E4, 0x00C4, 0x1126, 0x21A8,
    0x19C9, 0x11A9, 0x19EA, 0x1A0B, 0x220A, 0x19E9, 0x2A4B, 0x8536,
    0x6C93, 0x4B4E, 0x5BAF, 0x6C10, 0x6C10, 0x42CB, 0x3A6A, 0x2A09,
    0x3A6A, 0x42EC, 0x42CC, 0x63AF, 0x7CF4, 0x328B, 0x00C5, 0x00E6,
    0x220A, 0x6412, 0x7CB4, 0x8515, 0x5BB0, 0x0946, 0x00C5, 0x19C9,
    0x5BB0, 0x536F, 0x19C9, 0x0968, 0x1188, 0x1168, 0x0947, 0x0947,
    0x0947, 0x0948, 0x1168, 0x0948, 0x1148, 0x2A2B, 0x42ED, 0x1147,
    0x0063, 0x00A4, 0x0905, 0x08E5, 0x08E5, 0x0906, 0x0947, 0x0988,
    0x0989, 0x09A9, 0x09AA, 0x09A9, 0x09CA, 0x09A9, 0x09A9, 0x09A9,
    0x32AD, 0x5BF1, 0x6C52, 0x8515, 0x8D35, 0x7CB2, 0x4B0C, 0x1945,
    0x08C3, 0x10E3, 0x08A2, 0x0041, 0x0041, 0x0841, 0x0841, 0x0041,
    0x0882, 0x31C7, 0x4249, 0x29A7, 0x1904, 0x10E3, 0x4269, 0x8CF4,
    0xA5B7, 0x9576, 0x53AF, 0x11A8, 0x0968, 0x0988, 0x0989, 0x0989,
    0x0989, 0x0989, 0x0967, 0x00E5, 0x3249, 0x84D3, 0x9D75, 0x9D34,
    0x9CF3, 0x9CF2, 0x7BCD, 0x2985, 0x10A1, 0x2944, 0x634C, 0x73EF,
    0x6BCF, 0x6BCF, 0x530C, 0x1105, 0x00A3, 0x0905, 0x1126, 0x1126,
    0x1147, 0x1168, 0x1188, 0x1168, 0x222A, 0x328B, 0x21E9, 0x0106,
    0x42ED, 0xAE39, 0x9556, 0x1966, 0x0041, 0x0041, 0x0020, 0x0000,
    0x18E3, 0x10A2, 0x0000, 0x0000, 0x18C3, 0x1082, 0x0000, 0x0040,
    0x18E3, 0x1081, 0x0000, 0x0020, 0x18E4, 0x0862, 0x0000, 0x0020,
    0x18E3, 0x0861, 0x0000, 0x0861, 0x18E3, 0x0841, 0x0000, 0x0841,
    0x18E3, 0x0841, 0x0000, 0x0862, 0x18E4, 0x0021, 0x0000, 0x10A2,
    0x10C3, 0x0020, 0x0000, 0x0862, 0x1082, 0x0000, 0x0000, 0x10A2,
    0x10A2, 0x0000, 0x0000, 0x10A3, 0x10A2, 0x0000, 0x0020, 0x10A2,
    0x1082, 0x0000, 0x0020, 0x10C2, 0x0841, 0x0000, 0x0020, 0x18C3,
    0x0861, 0x0000, 0x0000, 0x0000, 0x0000, 0x0000, 0x1924, 0x530C,
    0x21A8, 0x00E5, 0x08E6, 0x08E6, 0x08E6, 0x0926, 0x326B, 0x328C,
    0x7CB3, 0xBE9A, 0x84D3, 0x0945, 0x1167, 0x1988, 0x0906, 0x0947,
    0x1168, 0x1147, 0x7410, 0xE71A, 0xF73A, 0xEF18, 0xFFDA, 0xFFFC,
    0xFFFC, 0xFFFC, 0xFFFD, 0xFFFD, 0xF79A, 0xEF17, 0xF739, 0xE6D8,
    0x630A, 0x0904, 0x1168, 0x0968, 0x0106, 0x0906, 0x1147, 0x6411,
    0xB679, 0xAE17, 0x4B2C, 0x0105, 0x0906, 0x0907, 0x0906, 0x0906,
    0x0906, 0x0906, 0x08E6, 0x1106, 0x21A8, 0x322A, 0x322A, 0x322A,
    0x31E9, 0x1105, 0x08A3, 0x0062, 0x0041, 0x0021, 0x0000, 0x0000,
    0x2104, 0x18C3, 0x1082, 0x2104, 0x2104, 0x2104, 0x2124, 0x2124,
    0x2124, 0x2944, 0x2124, 0x2944, 0x2945, 0x2144, 0x2945, 0x2945,
    0x2144, 0x2944, 0x2965, 0x2965, 0x2985, 0x2965, 0x2144, 0x2144,
    0x2124, 0x2124, 0x2124, 0x2145, 0x1903, 0x0861, 0x18C2, 0x2124,
    0x18E3, 0x2124, 0x2124, 0x2124, 0x2104, 0x0861, 0x0861, 0x2945,
    0x0020, 0x0000, 0x0000, 0x0021, 0x0042, 0x0062, 0x0082, 0x0083,
    0x08A3, 0x0083, 0x08A4, 0x0083, 0x00A4, 0x3ACB, 0x84F4, 0x5BD0,
    0x224A, 0x11C9, 0x0988, 0x0968, 0x0947, 0x0127, 0x0106, 0x0106,
    0x00E5, 0x00E5, 0x08C5, 0x08A4, 0x00A3, 0x0063, 0x1925, 0x52CA,
    0x5289, 0x52C9, 0x4227, 0x10A2, 0x0061, 0x08A3, 0x08C4, 0x08E4,
    0x08C4, 0x08C4, 0x00C4, 0x00C4, 0x00C4, 0x00C4, 0x00C4, 0x08C4,
    0x00A3, 0x42EC, 0x9576, 0x8514, 0x2A4A, 0x0967, 0x0988, 0x0988,
    0x0989, 0x0989, 0x0988, 0x11A8, 0x11A8, 0x2228, 0x3B2A, 0x3B28,
    0x3B48, 0x3B68, 0x3B68, 0x3B68, 0x3B68, 0x3327, 0x3327, 0x3307,
    0x3307, 0x3307, 0x3307, 0x32E7, 0x3307, 0x3307, 0x540A, 0x64AC,
    0x5C8C, 0x5C8C, 0x5C8C, 0x5C8B, 0x5C8C, 0x64AC, 0x546B, 0x2285,
    0x2A86, 0x84F0, 0xD75A, 0x9573, 0x5B6C, 0x9553, 0x9553, 0x9D74,
    0x9533, 0xB638, 0xCEFB, 0xEFDE, 0xDF5C, 0xE77D, 0xD6FB, 0xCEDA,
    0x9D54, 0x5B6C, 0x5B4C, 0x5B6C, 0x7450, 0x9533, 0x3A88, 0x00A1,
    0x08E1, 0x5BEC, 0x5C6C, 0x5C8C, 0x5C8C, 0x5C8C, 0x5C8C, 0x5C6B,
    0x5C6B, 0x3B68, 0x11C3, 0x1163, 0x1143, 0x1143, 0x1943, 0x1944,
    0x0861, 0x0861, 0x0861, 0x0861, 0x0861, 0x1082, 0x1082, 0x0861,
    0x0861, 0x1082, 0x1082, 0x0861, 0x0861, 0x0861, 0x0861, 0x0861,
    0x0861, 0x0861, 0x0861, 0x0861, 0x0861, 0x0861, 0x0861, 0x0861,
    0x0861, 0x0861, 0x0861, 0x0861, 0x0861, 0x0861, 0x1082, 0x0861,
    0x0861, 0x0861, 0x1081, 0x0861, 0x0861, 0x1082, 0x1082, 0x1082,
    0x0861, 0x1082, 0x1082, 0x0861, 0x0861, 0x0861, 0x0861, 0x0861,
    0x0861, 0x1082, 0x1082, 0x1082, 0x1082, 0x0861, 0x10C2, 0x1904,
    0x10A2, 0x10C3, 0x10C3, 0x0882, 0x0862, 0x0882, 0x0882, 0x0062,
    0x0082, 0x08A3, 0x1926, 0x322A, 0x2A0A, 0x1188, 0x1189, 0x11CA,
    0x19EA, 0x19EA, 0x1A0A, 0x4B8F, 0x8535, 0x8D55, 0x9535, 0x9535,
    0x7CB3, 0x2A29, 0x08E5, 0x1146, 0x1126, 0x0905, 0x08C4, 0x19A7,
    0x6431, 0x432E, 0x1147, 0x1988, 0x19C9, 0x0926, 0x1147, 0x328B,
    0x6432, 0x6431, 0x63D0, 0x42ED, 0x21E9, 0x5390, 0x63F1, 0x21E9,
    0x0106, 0x0926, 0x0906, 0x0906, 0x0906, 0x0926, 0x0927, 0x0906,
    0x0926, 0x1988, 0x1126, 0x0063, 0x0084, 0x08A4, 0x08C4, 0x08C4,
    0x08E5, 0x0906, 0x0947, 0x0968, 0x0989, 0x0989, 0x09A9, 0x09A9,
    0x09A9, 0x09AA, 0x09A9, 0x1A0A, 0x8536, 0x9597, 0x2209, 0x1146,
    0x1146, 0x00C3, 0x0062, 0x0062, 0x0020, 0x0000, 0x0000, 0x0000,
    0x0020, 0x0000, 0x0000, 0x0000, 0x0000, 0x0000, 0x0000, 0x0000,
    0x0000, 0x0000, 0x0000, 0x08A3, 0x1945, 0x63D0, 0x9DD8, 0x3AED,
    0x0147, 0x0989, 0x0988, 0x0989, 0x0988, 0x224B, 0x5BF1, 0x6C52,
    0x6411, 0x4B0C, 0x3A69, 0x3A08, 0x2124, 0x10A2, 0x0861, 0x0061,
    0x0861, 0x0041, 0x0020, 0x0020, 0x0021, 0x0041, 0x0062, 0x0082,
    0x08A3, 0x08C4, 0x0905, 0x0926, 0x1167, 0x1188, 0x11C9, 0x0126,
    0x0084, 0x00C5, 0x1168, 0x0946, 0x5BD1, 0xAE39, 0x5B6E, 0x00A2,
    0x10C3, 0x10C3, 0x18C2, 0x18C2, 0x18E3, 0x10C3, 0x10A2, 0x18E3,
    0x2104, 0x18E3, 0x10A2, 0x18C2, 0x18E3, 0x18E3, 0x18C3, 0x18C3,
    0x18E3, 0x18E3, 0x2104, 0x2124, 0x18E3, 0x18E3, 0x18E3, 0x18E3,
    0x2124, 0x18C3, 0x10A2, 0x2103, 0x18E3, 0x10A2, 0x10A2, 0x18C3,
    0x1904, 0x18E3, 0x18C2, 0x20E3, 0x2104, 0x18C3, 0x18C3, 0x18C2,
    0x18E3, 0x2104, 0x18E3, 0x18E3, 0x1903, 0x18E3, 0x2104, 0x2124,
    0x2124, 0x18E3, 0x18E3, 0x2124, 0x2124, 0x18E3, 0x18E3, 0x2124,
    0x2945, 0x2124, 0x2104, 0x2124, 0x1903, 0x18E3, 0x18E3, 0x18E3,
    0x2104, 0x18E3, 0x2165, 0x5B2C, 0x21C8, 0x00E5, 0x0905, 0x1106,
    0x1127, 0x08E5, 0x08E5, 0x0906, 0x6C51, 0xC6BA, 0x84D3, 0x0925,
    0x0946, 0x1168, 0x0906, 0x0926, 0x0905, 0x7410, 0xE73B, 0xEF18,
    0xF718, 0xFF78, 0xC5B1, 0x7329, 0x6AE7, 0x6B28, 0x83EC, 0xD676,
    0xFFFC, 0xFFD9, 0xF6F6, 0xF717, 0xDEB7, 0x4228, 0x0905, 0x0968,
    0x0106, 0x0926, 0x1167, 0x6411, 0xB679, 0xB617, 0x4B0C, 0x0105,
    0x0906, 0x0906, 0x0906, 0x08E6, 0x08E6, 0x00C5, 0x0906, 0x1105,
    0x0883, 0x0883, 0x0883, 0x10C3, 0x1104, 0x1905, 0x0062, 0x0861,
    0x0862, 0x1082, 0x31A6, 0x31C6, 0x3165, 0x18C3, 0x10A2, 0x2124,
    0x2104, 0x2104, 0x2124, 0x2944, 0x2124, 0x2944, 0x2124, 0x2944,
    0x2944, 0x2944, 0x2945, 0x2945, 0x2924, 0x2944, 0x2944, 0x2965,
    0x2965, 0x2944, 0x2944, 0x2944, 0x2124, 0x2124, 0x2124, 0x2124,
    0x10A2, 0x0841, 0x2104, 0x2945, 0x1082, 0x10A2, 0x2124, 0x2124,
    0x2104, 0x0862, 0x0861, 0x2104, 0x31A6, 0x4208, 0x2124, 0x0862,
    0x0061, 0x0062, 0x0062, 0x0062, 0x0082, 0x08C3, 0x1104, 0x29E8,
    0x3A4A, 0x1125, 0x2A29, 0x7472, 0x7CB3, 0x5BD0, 0x19E9, 0x0967,
    0x0147, 0x0127, 0x0906, 0x08E5, 0x00C5, 0x00C4, 0x00A4, 0x08A4,
    0x08C4, 0x08A3, 0x0082, 0x10A3, 0x10A2, 0x10A2, 0x10C2, 0x0861,
    0x0862, 0x08C3, 0x08C4, 0x08C4, 0x08C4, 0x08C4, 0x00C4, 0x00C4,
    0x00C4, 0x08E5, 0x1146, 0x1105, 0x00A3, 0x3AAB, 0x9575, 0x8514,
    0x2A4A, 0x0967, 0x0988, 0x0988, 0x0989, 0x0989, 0x0988, 0x0988,
    0x11A7, 0x2208, 0x3B0A, 0x3B49, 0x4369, 0x3B88, 0x3B88, 0x3B88,
    0x3B68, 0x3B48, 0x3327, 0x3307, 0x3307, 0x3307, 0x3307, 0x3307,
    0x3327, 0x3327, 0x540A, 0x64CC, 0x5C8C, 0x5C8C, 0x5C8B, 0x5C8C,
    0x5C8C, 0x64AD, 0x3B68, 0x1203, 0x4B49, 0x4B6B, 0x8D32, 0xD75B,
    0x7C90, 0x4B0A, 0x8D13, 0xA5D6, 0xA596, 0x8CF3, 0x9534, 0xCEFA,
    0xF7FE, 0xFFFF, 0xEFBE, 0xCEDA, 0xCEFB, 0xADF6, 0x740F, 0x5B8D,
    0x5B6C, 0x8CF2, 0x4B2B, 0x00C1, 0x0060, 0x2A05, 0x53EB, 0x5C6C,
    0x5C8C, 0x5C8C, 0x5C8C, 0x5C6B, 0x5C6B, 0x3347, 0x11C3, 0x1163,
    0x1143, 0x1943, 0x1943, 0x1943, 0x0861, 0x0861, 0x0861, 0x0861,
    0x0861, 0x1082, 0x1061, 0x1082, 0x1061, 0x0861, 0x1082, 0x0861,
    0x0861, 0x0862, 0x0861, 0x0862, 0x0862, 0x1062, 0x0862, 0x0861,
    0x0861, 0x0861, 0x0861, 0x0861, 0x0861, 0x0861, 0x0861, 0x1082,
    0x0861, 0x1082, 0x10A2, 0x1082, 0x0861, 0x0861, 0x0861, 0x0861,
    0x1082, 0x1082, 0x1082, 0x1082, 0x1082, 0x1082, 0x0861, 0x0861,
    0x0861, 0x0861, 0x0861, 0x0861, 0x1081, 0x1082, 0x1082, 0x1082,
    0x1082, 0x1082, 0x10C3, 0x18E3, 0x18C3, 0x2104, 0x2104, 0x18E3,
    0x2124, 0x2985, 0x3186, 0x2986, 0x2986, 0x2145, 0x18C4, 0x2146,
    0x1946, 0x0926, 0x0147, 0x0968, 0x11C9, 0x11C9, 0x19C9, 0x3AED,
    0x328B, 0x2A49, 0x324A, 0x1966, 0x1146, 0x1126, 0x0905, 0x08E5,
    0x00C4, 0x1146, 0x29C8, 0x2A2A, 0x53AF, 0x222A, 0x1188, 0x3AAD,
    0x432E, 0x2A2A, 0x0906, 0x1147, 0x6C31, 0xBE9A, 0xC6BB, 0xA5B7,
    0x29E8, 0x1167, 0x5B8F, 0x534E, 0x1967, 0x08E5, 0x0905, 0x08E5,
    0x08E5, 0x08E5, 0x08E5, 0x08E5, 0x08E4, 0x00A3, 0x0883, 0x0883,
    0x08A3, 0x08A4, 0x08C4, 0x08C4, 0x08E5, 0x0906, 0x0927, 0x0947,
    0x0968, 0x0989, 0x09A9, 0x09AA, 0x09CA, 0x11CA, 0x09A9, 0x32ED,
    0xA65A, 0xA5F8, 0x2A49, 0x2A09, 0x29E8, 0x1925, 0x2125, 0x1905,
    0x18E4, 0x18C3, 0x18C3, 0x10A2, 0x1082, 0x1082, 0x0882, 0x0862,
    0x1082, 0x1082, 0x0862, 0x0041, 0x0041, 0x0041, 0x0061, 0x10C3,
    0x0082, 0x534D, 0xAE59, 0x5BF0, 0x0126, 0x0968, 0x0147, 0x0988,
    0x0988, 0x2A6B, 0x6432, 0x6C73, 0x63F0, 0x29E7, 0x0041, 0x0041,
    0x0862, 0x0020, 0x0020, 0x0040, 0x0020, 0x0041, 0x0041, 0x0041,
    0x0041, 0x0041, 0x0021, 0x0041, 0x0041, 0x08E4, 0x532E, 0x7473,
    0x7473, 0x4B6F, 0x220A, 0x19C9, 0x0906, 0x0906, 0x1988, 0x0926,
    0x6411, 0xA5F8, 0x3A49, 0x29C7, 0x39E7, 0x39C7, 0x39E7, 0x39E7,
    0x39C6, 0x3186, 0x31A6, 0x4207, 0x39E7, 0x39C7, 0x39C6, 0x39E7,
    0x39C6, 0x39A6, 0x39C6, 0x31A6, 0x3186, 0x39E7, 0x4208, 0x39E7,
    0x31A6, 0x39E6, 0x39E6, 0x39E7, 0x4207, 0x39C6, 0x39C6, 0x39E7,
    0x39E7, 0x39E7, 0x39C6, 0x39C6, 0x39E7, 0x4208, 0x39E7, 0x39C6,
    0x39C6, 0x31C6, 0x39E7, 0x39E7, 0x3A07, 0x4228, 0x3A07, 0x39E6,
    0x39E6, 0x39E7, 0x3A07, 0x39E7, 0x3A07, 0x3A07, 0x39E7, 0x39C7,
    0x39C7, 0x39E7, 0x4207, 0x39E7, 0x4207, 0x4208, 0x39E7, 0x41E7,
    0x39E7, 0x39E7, 0x39E7, 0x41E7, 0x39E7, 0x39C6, 0x31C6, 0x5B2C,
    0x29E8, 0x08E4, 0x0905, 0x1147, 0x4AEE, 0x326B, 0x00C4, 0x1146,
    0x8D35, 0xC6BA, 0x8CF4, 0x0925, 0x0926, 0x1168, 0x0926, 0x00C5,
    0x426A, 0xDED9, 0xEF19, 0xF717, 0xF6F7, 0x8BCB, 0x20A0, 0x20C0,
    0x3101, 0x3142, 0x3142, 0x3162, 0x9CAE, 0xFFFA, 0xFF77, 0xF6D5,
    0xFF38, 0xA4F1, 0x1124, 0x1146, 0x0106, 0x0906, 0x0906, 0x6410,
    0xBE79, 0xB617, 0x4B2C, 0x0105, 0x0906, 0x0906, 0x0906, 0x0906,
    0x00C5, 0x08C5, 0x2A09, 0x1965, 0x1924, 0x2124, 0x52AA, 0x8430,
    0x7C10, 0x4A8A, 0x31C6, 0x4248, 0x8450, 0xBDF7, 0xD6D9, 0xD698,
    0xBDF6, 0x6B6D, 0x18E3, 0x2104, 0x2104, 0x2124, 0x2124, 0x2124,
    0x2124, 0x2124, 0x2124, 0x2944, 0x2944, 0x2945, 0x2945, 0x2944,
    0x2944, 0x2944, 0x2944, 0x2964, 0x2964, 0x2964, 0x2945, 0x2945,
    0x2945, 0x2144, 0x2124, 0x2124, 0x1082, 0x0020, 0x0841, 0x0841,
    0x0020, 0x10A2, 0x2124, 0x2124, 0x2104, 0x0861, 0x39C7, 0x9CD3,
    0xD699, 0xDEFB, 0xB5D6, 0x8470, 0x3208, 0x1104, 0x08C3, 0x31E8,
    0x63AF, 0x6BEF, 0x3228, 0x3208, 0x638E, 0x3A6A, 0x0082, 0x0904,
    0x3229, 0x7451, 0x6C31, 0x19E9, 0x0947, 0x0926, 0x08E5, 0x08E5,
    0x08C4, 0x08A4, 0x00A3, 0x0083, 0x08A3, 0x08A3, 0x0062, 0x0861,
    0x0861, 0x0861, 0x0862, 0x0841, 0x0862, 0x0882, 0x08A3, 0x08A3,
    0x08C4, 0x08C4, 0x00A4, 0x08A4, 0x08A4, 0x08E4, 0x1946, 0x1966,
    0x00C3, 0x326A, 0x8D35, 0x84F3, 0x224A, 0x0967, 0x0988, 0x0988,
    0x0989, 0x0989, 0x0988, 0x0988, 0x1187, 0x1A08, 0x3B09, 0x3B49,
    0x4388, 0x4388, 0x4388, 0x3B88, 0x3B88, 0x3B68, 0x3B48, 0x3327,
    0x3327, 0x3327, 0x3B27, 0x3B27, 0x3B47, 0x3B47, 0x542A, 0x64CC,
    0x5CAC, 0x5C8C, 0x5C8B, 0x5C8C, 0x5C8C, 0x64AC, 0x2AC5, 0x1A24,
    0x748F, 0x5BED, 0x42C9, 0xA5B5, 0xC6B9, 0x5B6C, 0x42A9, 0x7CB1,
    0xA5B6, 0x8CF3, 0x7C71, 0x8CD2, 0xCEFA, 0xEFDE, 0xF7FF, 0xE79D,
    0xADD6, 0xB658, 0xB658, 0x7C70, 0x532B, 0x6C0E, 0x4B0A, 0x00A1,
    0x0060, 0x0902, 0x4329, 0x544B, 0x5C6C, 0x5C6C, 0x5C8B, 0x5C6B,
    0x546B, 0x3347, 0x11C3, 0x1162, 0x1143, 0x1944, 0x1943, 0x1143,
    0x1061, 0x1081, 0x1082, 0x0861, 0x1082, 0x1082, 0x1081, 0x1082,
    0x10A2, 0x10A2, 0x1082, 0x0861, 0x0861, 0x1081, 0x1082, 0x1082,
    0x1082, 0x10A2, 0x1082, 0x1082, 0x10A2, 0x1082, 0x1082, 0x1082,
    0x1082, 0x1082, 0x1082, 0x1082, 0x1082, 0x1082, 0x10A2, 0x1082,
    0x1082, 0x0861, 0x1082, 0x1082, 0x1082, 0x1082, 0x1082, 0x1082,
    0x1082, 0x1082, 0x1081, 0x1082, 0x10A2, 0x10A2, 0x1082, 0x1082,
    0x10A2, 0x10A2, 0x1082, 0x10A2, 0x10A2, 0x10A2, 0x18C3, 0x10C3,
    0x2124, 0x3185, 0x2965, 0x2944, 0x3185, 0x5ACA, 0x6B6D, 0x6B6D,
    0x5B0B, 0x4207, 0x3185, 0x31E7, 0x21A7, 0x0926, 0x0947, 0x0167,
    0x11A9, 0x11A9, 0x11C9, 0x4BB0, 0x3ACD, 0x00A4, 0x1126, 0x29E8,
    0x08C4, 0x0083, 0x00A3, 0x29E9, 0x29E9, 0x1105, 0x1987, 0x21C8,
    0x6411, 0x2A6B, 0x0947, 0x00E6, 0x00C5, 0x1167, 0x1148, 0x1167,
    0x7CB3, 0xD73D, 0xDF5D, 0xCEDB, 0x534D, 0x21E8, 0x2A09, 0x29C8,
    0x2187, 0x1105, 0x1105, 0x10E4, 0x1104, 0x1125, 0x1945, 0x1945,
    0x1925, 0x1945, 0x1945, 0x18E4, 0x1104, 0x1925, 0x1945, 0x1946,
    0x2188, 0x1147, 0x0926, 0x0947, 0x0988, 0x11A9, 0x09A9, 0x09CA,
    0x09CA, 0x09CA, 0x09A9, 0x434F, 0xB69A, 0xAE18, 0x3249, 0x1966,
    0x29A7, 0x4AAA, 0x52AA, 0x4228, 0x632B, 0x632B, 0x630A, 0x630A,
    0x5AC9, 0x5AC9, 0x5AC9, 0x5ACA, 0x5ACA, 0x52A9, 0x4A68, 0x39E7,
    0x18C3, 0x10A2, 0x10A3, 0x1924, 0x08A3, 0x4B0C, 0xB659, 0x6C31,
    0x11C9, 0x32CE, 0x2A8C, 0x11A9, 0x11A9, 0x0968, 0x00E6, 0x00C5,
    0x0063, 0x0021, 0x0020, 0x0000, 0x0000, 0x0000, 0x0000, 0x0000,
    0x0000, 0x0000, 0x0020, 0x0020, 0x0000, 0x0000, 0x0000, 0x0020,
    0x0000, 0x0062, 0x31E9, 0x4B0D, 0x5BD0, 0x7CD4, 0x5BB0, 0x220A,
    0x222A, 0x326B, 0x324B, 0x1967, 0x63B0, 0xAE18, 0x428A, 0x29C7,
    0x3A08, 0x39E7, 0x39E7, 0x39C6, 0x39C6, 0x39E7, 0x39C6, 0x31A6,
    0x31C6, 0x39C6, 0x31A6, 0x2965, 0x31A6, 0x39E7, 0x39C7, 0x39C7,
    0x39E7, 0x39C6, 0x31A6, 0x39C6, 0x39E6, 0x39C6, 0x31C6, 0x39E7,
    0x39C6, 0x39C6, 0x3A07, 0x39E6, 0x39E7, 0x39C6, 0x31A6, 0x31A6,
    0x39C6, 0x39E7, 0x39E6, 0x39E7, 0x39E7, 0x39C6, 0x31C6, 0x31C6,
    0x39C6, 0x39E7, 0x39E7, 0x39E7, 0x39E7, 0x39C6, 0x39C6, 0x39C6,
    0x39E7, 0x3A07, 0x31A6, 0x3186, 0x39C7, 0x39E7, 0x39E7, 0x39E7,
    0x39C6, 0x39C6, 0x31A6, 0x3186, 0x39C6, 0x39C6, 0x31C6, 0x39C6,
    0x3186, 0x2985, 0x31E6, 0x6BAE, 0x3208, 0x08E4, 0x1105, 0x1147,
    0x63D1, 0x8D15, 0x430D, 0x42EC, 0xB659, 0xC6BA, 0x8D14, 0x0945,
    0x0926, 0x1168, 0x0906, 0x00C4, 0x8C92, 0xF73A, 0xEED7, 0xFF37,
    0xA46D, 0x1840, 0x1880, 0x20C1, 0x20E2, 0x28E2, 0x2923, 0x2102,
    0x1060, 0xA48E, 0xFF98, 0xF6F5, 0xFF16, 0xE6B7, 0x3A07, 0x1125,
    0x0926, 0x0906, 0x0906, 0x5BD0, 0xBE79, 0xAE17, 0x4B0C, 0x0105,
    0x0927, 0x0927, 0x08E6, 0x08E6, 0x0084, 0x4AEC, 0x530C, 0x3207,
    0x8450, 0x6B8C, 0x73CD, 0xAD74, 0x9D13, 0x52AA, 0x5AEA, 0x6B6C,
    0x9D13, 0xE73B, 0xE73A, 0xD697, 0xE71A, 0x9CF2, 0x2103, 0x2103,
    0x2104, 0x2124, 0x2124, 0x2124, 0x2124, 0x2124, 0x2124, 0x2124,
    0x2944, 0x2944, 0x2124, 0x2124, 0x2944, 0x2945, 0x2944, 0x2944,
    0x2944, 0x2964, 0x2944, 0x2945, 0x2944, 0x2945, 0x2945, 0x2944,
    0x2104, 0x0861, 0x0000, 0x0000, 0x0861, 0x2104, 0x2124, 0x2124,
    0x2104, 0x0861, 0x632C, 0xD6B9, 0xE75B, 0xDF1A, 0xD6B9, 0xA554,
    0x3A27, 0x1945, 0x1944, 0x532C, 0x84B2, 0x5B6D, 0x3208, 0x3A69,
    0x4B0B, 0x42CB, 0x1965, 0x08E4, 0x00A3, 0x1145, 0x63CF, 0x6C11,
    0x21E8, 0x0105, 0x00E5, 0x00A4, 0x0083, 0x0883, 0x0083, 0x0062,
    0x0882, 0x0882, 0x0861, 0x0861, 0x0861, 0x0861, 0x0861, 0x0861,
    0x0862, 0x0862, 0x0062, 0x0082, 0x0083, 0x0083, 0x0083, 0x0883,
    0x0083, 0x0062, 0x0062, 0x08C3, 0x0082, 0x3249, 0x8D14, 0x7CD2,
    0x2209, 0x0967, 0x0988, 0x09A8, 0x0989, 0x09A9, 0x0988, 0x0988,
    0x1187, 0x1A08, 0x3B2A, 0x4369, 0x4388, 0x4388, 0x4388, 0x3B88,
    0x3B68, 0x3B48, 0x3B28, 0x3327, 0x3327, 0x3B28, 0x3B28, 0x3B28,
    0x3B48, 0x3B48, 0x542A, 0x64AC, 0x5C8C, 0x5C8B, 0x546B, 0x5C8C,
    0x648C, 0x5C6C, 0x22A5, 0x19C3, 0x5B8B, 0x8D53, 0x6C0E, 0x4AE9,
    0x9533, 0x9D54, 0x21A5, 0x42C9, 0x84D2, 0x84F2, 0x9554, 0xA5B6,
    0x9D54, 0xDF3C, 0xEFDE, 0xF7FF, 0xC699, 0x8490, 0xA5B5, 0xBE78,
    0x7C91, 0x640E, 0x4B2B, 0x00A1, 0x0060, 0x00A1, 0x3AA8, 0x5C2C,
    0x5C8C, 0x5C8C, 0x5C6C, 0x546B, 0x546B, 0x3327, 0x11A3, 0x1162,
    0x1143, 0x1943, 0x1143, 0x1943, 0x10A2, 0x10A2, 0x10A2, 0x10A2,
    0x10A2, 0x10A2, 0x10A2, 0x10A3, 0x10A3, 0x10A3, 0x10A2, 0x10A2,
    0x1082, 0x10A2, 0x1082, 0x10A2, 0x10A2, 0x10A2, 0x10A2, 0x18C3,
    0x18C2, 0x10A2, 0x10A2, 0x18E3, 0x18E3, 0x18E3, 0x2104, 0x18C3,
    0x10A2, 0x10C3, 0x18C3, 0x18C3, 0x10A2, 0x10A2, 0x10A2, 0x10A2,
    0x10A2, 0x10A2, 0x18C3, 0x18C3, 0x10A2, 0x18C3, 0x10A2, 0x10A2,
    0x10A2, 0x10A2, 0x10A2, 0x10A2, 0x18C3, 0x18C3, 0x18C3, 0x18C3,
    0x10C3, 0x18C3, 0x2104, 0x18E3, 0x2944, 0x3185, 0x2964, 0x2944,
    0x2123, 0x39E6, 0x4A48, 0x4A69, 0x4A69, 0x31A5, 0x4207, 0x4A8A,
    0x3208, 0x0926, 0x00E5, 0x0127, 0x11A9, 0x11A9, 0x11C9, 0x4390,
    0x3B0E, 0x0083, 0x3A4A, 0xADD8, 0x3229, 0x00A3, 0x1105, 0x7451,
    0x84D4, 0x1986, 0x1105, 0x1125, 0x5BD0, 0x3AED, 0x3ACD, 0x3A8B,
    0x1126, 0x1968, 0x19A9, 0x1988, 0x42CC, 0x9535, 0xB638, 0xB618,
    0x6C10, 0x29E8, 0x08C4, 0x0042, 0x0042, 0x0062, 0x0041, 0x0041,
    0x0883, 0x10C4, 0x10E4, 0x10E4, 0x10E4, 0x1904, 0x10C3, 0x0062,
    0x0082, 0x0882, 0x0062, 0x0883, 0x1966, 0x19A8, 0x0906, 0x0947,
    0x0968, 0x0989, 0x09A9, 0x09CA, 0x09CA, 0x09CA, 0x0989, 0x434F,
    0xB69A, 0xAE18, 0x2A08, 0x0925, 0x3229, 0x8CB1, 0xAD74, 0x7BED,
    0x8C2E, 0x9CAF, 0x944D, 0x946E, 0x9C8E, 0x9C8E, 0x9C8E, 0x948E,
    0x8C4D, 0x8C2D, 0xAD32, 0xA512, 0x39C6, 0x1082, 0x18E4, 0x10C3,
    0x0062, 0x4AEC, 0xB659, 0x6C30, 0x11A8, 0x3B0F, 0x4370, 0x1A2B,
    0x0948, 0x0948, 0x0927, 0x08E6, 0x0063, 0x0042, 0x0861, 0x0861,
    0x0862, 0x0861, 0x0861, 0x0861, 0x0861, 0x0841, 0x0861, 0x0861,
    0x0861, 0x0861, 0x0841, 0x0020, 0x0020, 0x0021, 0x0042, 0x0063,
    0x0083, 0x326B, 0x63F0, 0x2209, 0x3ACD, 0x8515, 0x8D36, 0x42EC,
    0x3A6A, 0x84B3, 0x3A29, 0x29A6, 0x39C7, 0x39C7, 0x39C7, 0x31C6,
    0x39E7, 0x4207, 0x4207, 0x39E6, 0x39C6, 0x39C6, 0x31C6, 0x31A6,
    0x39C6, 0x39E7, 0x39C6, 0x39C6, 0x39E7, 0x31C6, 0x39C6, 0x39E7,
    0x39C6, 0x31C6, 0x39E7, 0x39E6, 0x3185, 0x39C6, 0x39E7, 0x39C6,
    0x39C6, 0x39E6, 0x39C6, 0x31C6, 0x39E6, 0x39C6, 0x39E7, 0x39E6,
    0x39C6, 0x39E7, 0x39E7, 0x39E7, 0x39E7, 0x39C6, 0x39C6, 0x3A07,
    0x39C6, 0x31A6, 0x3185, 0x39E7, 0x39E7, 0x39C6, 0x39C6, 0x39C6,
    0x39C6, 0x31C6, 0x31C6, 0x39C6, 0x3186, 0x39C6, 0x31A6, 0x31A6,
    0x39E6, 0x39C6, 0x39C6, 0x39E7, 0x39E7, 0x3186, 0x1903, 0x3A08,
    0x2186, 0x08E4, 0x0905, 0x1126, 0x21E9, 0x63F1, 0x430D, 0x19C8,
    0x9576, 0xC6BA, 0x8D14, 0x1146, 0x0947, 0x1188, 0x0106, 0x08C4,
    0x94D2, 0xF739, 0xF6F7, 0xF6D6, 0x6265, 0x1020, 0x18A1, 0x1081,
    0x10A1, 0x10A1, 0x18A1, 0x18C2, 0x0840, 0x4184, 0xEED6, 0xFF16,
    0xF716, 0xF739, 0x632B, 0x1104, 0x0926, 0x0906, 0x0947, 0x6411,
    0xBE79, 0xADF7, 0x42EC, 0x0105, 0x0927, 0x1127, 0x00E6, 0x00C5,
    0x08C5, 0x94F4, 0xCE9A, 0xBE17, 0xBE17, 0x8C90, 0xCE57, 0xD6B8,
    0xBE17, 0x6B8D, 0x52EA, 0x5B4C, 0x8C70, 0xD6B9, 0xDEF9, 0xD6B8,
    0xE71A, 0x9490, 0x2103, 0x2103, 0x2124, 0x2124, 0x2124, 0x2124,
    0x2124, 0x2124, 0x2124, 0x2124, 0x2124, 0x2124, 0x2124, 0x2124,
    0x2944, 0x2945, 0x2945, 0x2945, 0x2945, 0x2944, 0x2944, 0x2965,
    0x2945, 0x2945, 0x2965, 0x2945, 0x2945, 0x2104, 0x10A2, 0x18C3,
    0x18E3, 0x2124, 0x2124, 0x2124, 0x2104, 0x0861, 0x5B0B, 0xD6B9,
    0xE75B, 0xE71A, 0xD6D9, 0x9D12, 0x31C6, 0x1944, 0x1924, 0x5B4C,
    0x8CD2, 0x8491, 0x4ACA, 0x1944, 0x4AEB, 0x6BEE, 0x63CE, 0x532C,
    0x1986, 0x00A3, 0x0904, 0x42CC, 0x326A, 0x0905, 0x00A3, 0x0062,
    0x0042, 0x0042, 0x0041, 0x0041, 0x0041, 0x0041, 0x0861, 0x1082,
    0x1082, 0x1082, 0x0841, 0x0861, 0x0862, 0x0841, 0x0041, 0x0041,
    0x0041, 0x0041, 0x0041, 0x0042, 0x0041, 0x0041, 0x0021, 0x0061,
    0x0082, 0x3A49, 0x8CF3, 0x7471, 0x19E8, 0x0967, 0x09A9, 0x09A8,
    0x11A9, 0x09A9, 0x0988, 0x11A8, 0x11A7, 0x1A08, 0x434A, 0x4369,
    0x4389, 0x3B68, 0x3B88, 0x3B68, 0x3B68, 0x3327, 0x3307, 0x3307,
    0x3307, 0x3307, 0x3307, 0x3327, 0x3327, 0x3B48, 0x542B, 0x64AC,
    0x5C8C, 0x5C8C, 0x5C8C, 0x5C6C, 0x5C8C, 0x5C4C, 0x1A44, 0x19A3,
    0x1122, 0x4B0A, 0x9532, 0x7C70, 0x532B, 0x6BEE, 0x6C0F, 0x532B,
    0x534C, 0x63CE, 0x7C91, 0xC6BA, 0xBE58, 0xC679, 0xF7FF, 0xEF9E,
    0xE79D, 0xBE58, 0x8470, 0xADB5, 0xB658, 0x7CB1, 0x3AA9, 0x0081,
    0x0060, 0x0081, 0x3247, 0x540B, 0x5C8C, 0x5C8C, 0x5C6C, 0x546B,
    0x546B, 0x3327, 0x11A3, 0x1163, 0x1123, 0x1943, 0x1143, 0x1943,
    0x10A2, 0x10C2, 0x10A2, 0x18A3, 0x18E3, 0x18C3, 0x10A2, 0x10A3,
    0x18C3, 0x18C3, 0x10A2, 0x10A2, 0x18C3, 0x18E3, 0x18C3, 0x18C3,
    0x18C3, 0x10C3, 0x18E3, 0x18E3, 0x18C3, 0x18E3, 0x18E3, 0x2124,
    0x2104, 0x18C3, 0x18E3, 0x18E3, 0x18E3, 0x2104, 0x1904, 0x18E3,
    0x18C3, 0x10A2, 0x10A2, 0x18C3, 0x18C3, 0x18C3, 0x18E3, 0x2103,
    0x18C3, 0x18C3, 0x10A3, 0x18C3, 0x18A3, 0x10C3, 0x10C3, 0x18C3,
    0x18C3, 0x18E3, 0x20E4, 0x18E3, 0x18C3, 0x18E3, 0x2124, 0x2104,
    0x3186, 0x39C6, 0x3185, 0x3185, 0x39A5, 0x5ACA, 0x5AEB, 0x5ACA,
    0x5AEB, 0x4A48, 0x6B4C, 0x632B, 0x4ACA, 0x3A6A, 0x4B2D, 0x2A4A,
    0x1188, 0x11A9, 0x11C9, 0x4370, 0x32CD, 0x0926, 0x42CC, 0xADF8,
    0x63AF, 0x2186, 0x2A08, 0x7C92, 0x8CF4, 0x1945, 0x08E4, 0x1967,
    0x5BD1, 0x32CD, 0x5C11, 0x8D56, 0x63D0, 0x21C9, 0x1188, 0x21C9,
    0x2A09, 0x3A49, 0x3A49, 0x29E7, 0x21A7, 0x08E4, 0x0882, 0x08A3,
    0x10A3, 0x10A2, 0x10A2, 0x10A2, 0x10C3, 0x10C3, 0x18E4, 0x18E4,
    0x18E3, 0x18E3, 0x10C3, 0x10A2, 0x08A2, 0x10A2, 0x10A2, 0x0041,
    0x0082, 0x1966, 0x0927, 0x0947, 0x0968, 0x0989, 0x09A9, 0x09AA,
    0x09CA, 0x09AA, 0x0969, 0x434F, 0xB6BB, 0xA5F7, 0x21C7, 0x08E5,
    0x428A, 0xB5D6, 0xD6B9, 0xA512, 0x946E, 0xAD30, 0xAD0F, 0xA4EF,
    0xAD10, 0xB531, 0xB551, 0xAD0F, 0x9CAE, 0x9CCF, 0xCE35, 0xCE57,
    0x4A68, 0x18C2, 0x1904, 0x10A3, 0x0062, 0x532D, 0xB659, 0x6C10,
    0x00A4, 0x00E5, 0x0127, 0x1188, 0x0948, 0x0907, 0x0927, 0x08C5,
    0x0883, 0x18E4, 0x18E4, 0x18E3, 0x2104, 0x2104, 0x2124, 0x2104,
    0x2124, 0x2124, 0x2104, 0x2104, 0x2104, 0x2103, 0x2104, 0x1082,
    0x0020, 0x0041, 0x08C3, 0x1125, 0x08E5, 0x00E5, 0x19C8, 0x19C9,
    0x19A8, 0x2A2A, 0x3AAB, 0x2A09, 0x1145, 0x2166, 0x31C7, 0x31C7,
    0x3186, 0x39C6, 0x39E7, 0x31A6, 0x39C6, 0x31A6, 0x39C6, 0x39C6,
    0x39C6, 0x39C6, 0x31C6, 0x39E6, 0x39C6, 0x31C6, 0x39C6, 0x39C6,
    0x31A6, 0x39C6, 0x31C6, 0x39C6, 0x39C6, 0x31A6, 0x39C6, 0x4207,
    0x39C6, 0x39C6, 0x31C6, 0x31A6, 0x31C6, 0x3A07, 0x3A07, 0x39E7,
    0x39E6, 0x39E7, 0x3A07, 0x39E7, 0x39E7, 0x39E6, 0x39E7, 0x39E6,
    0x31C6, 0x31A6, 0x39C6, 0x39E6, 0x31C6, 0x39C6, 0x31A6, 0x31A6,
    0x39C7, 0x31A6, 0x39C6, 0x39E7, 0x31C6, 0x31A6, 0x3185, 0x2985,
    0x39C6, 0x39C7, 0x39E7, 0x39C6, 0x39E6, 0x39C6, 0x31A5, 0x31A6,
    0x31A6, 0x31A6, 0x0860, 0x0020, 0x08A3, 0x1105, 0x1946, 0x1147,
    0x1126, 0x19A8, 0x19E9, 0x0947, 0x84F4, 0xC6BA, 0x8CF3, 0x0945,
    0x0947, 0x19A9, 0x0926, 0x0083, 0x9491, 0xFF9A, 0xF717, 0xEEB5,
    0x5A04, 0x1020, 0x1081, 0x1081, 0x1081, 0x1081, 0x1081, 0x1081,
    0x0840, 0x3102, 0xD613, 0xFF17, 0xF6D6, 0xF759, 0x73AC, 0x10E4,
    0x0906, 0x0906, 0x1168, 0x6C52, 0xBE79, 0xADF7, 0x42CB, 0x0105,
    0x0906, 0x1127, 0x0906, 0x00E6, 0x0084, 0x9514, 0xFFFF, 0xFFFF,
    0xEF7D, 0xD699, 0xD698, 0xC637, 0xB5D6, 0x6BAE, 0x4268, 0x4269,
    0x7C2F, 0xD6FA, 0xEF7B, 0xEF7B, 0xF79C, 0x8C50, 0x18E2, 0x2104,
    0x2124, 0x2124, 0x2124, 0x2124, 0x2124, 0x2124, 0x2124, 0x2124,
    0x2124, 0x2124, 0x2124, 0x2124, 0x2124, 0x2124, 0x2944, 0x2944,
    0x2945, 0x2945, 0x2945, 0x2945, 0x2945, 0x2965, 0x2945, 0x2944,
    0x2124, 0x2124, 0x2124, 0x2104, 0x2104, 0x2124, 0x2124, 0x2124,
    0x2103, 0x0040, 0x5289, 0xC617, 0xD6B9, 0xDF1A, 0xDEDA, 0xA553,
    0x3A27, 0x2164, 0x1923, 0x52EA, 0x740F, 0x8CD1, 0x6BAD, 0x3A28,
    0x6BCE, 0x532B, 0x21C7, 0x63AF, 0x63CF, 0x1986, 0x0905, 0x19A7,
    0x2A09, 0x1166, 0x00A3, 0x0062, 0x0041, 0x0041, 0x0841, 0x0841,
    0x0020, 0x0020, 0x0861, 0x0861, 0x0861, 0x0861, 0x0861, 0x0841,
    0x0841, 0x0841, 0x0041, 0x0841, 0x0841, 0x0841, 0x0861, 0x0862,
    0x0882, 0x08A2, 0x10E3, 0x1904, 0x08C2, 0x3A48, 0x84D2, 0x7491,
    0x2208, 0x0968, 0x09A9, 0x09A9, 0x11A9, 0x09A9, 0x09A8, 0x11A8,
    0x11A8, 0x2208, 0x3B2A, 0x3B49, 0x3B68, 0x3B68, 0x3B68, 0x3B48,
    0x3B48, 0x3327, 0x3307, 0x32E7, 0x3307, 0x3307, 0x32E7, 0x32E7,
    0x3307, 0x3327, 0x540B, 0x64CD, 0x5CAC, 0x5C8C, 0x5CAC, 0x5C8C,
    0x5C8C, 0x5C6C, 0x1A04, 0x1983, 0x29E6, 0x21A5, 0x3A47, 0x73EE,
    0x8CD1, 0x63AD, 0x8D12, 0x9533, 0x3248, 0x536C, 0x7C70, 0x84D2,
    0xC699, 0xC699, 0xCEDA, 0xFFFF, 0xEF9E, 0xEFBE, 0xC679, 0x94F3,
    0x8CD2, 0x5BCE, 0x19A5, 0x0060, 0x0040, 0x0061, 0x3247, 0x540B,
    0x5C6B, 0x5C8C, 0x5C6C, 0x546B, 0x546B, 0x3307, 0x11A3, 0x1142,
    0x1123, 0x1143, 0x1143, 0x1943, 0x2104, 0x2144, 0x2124, 0x18E3,
    0x18E3, 0x2124, 0x3186, 0x18E3, 0x2103, 0x2124, 0x2124, 0x2124,
    0x18C3, 0x2103, 0x2124, 0x2104, 0x2104, 0x2104, 0x2104, 0x2124,
    0x2104, 0x2104, 0x2124, 0x2124, 0x2945, 0x2124, 0x2104, 0x2104,
    0x2144, 0x2124, 0x2124, 0x2124, 0x1904, 0x2125, 0x2104, 0x10C3,
    0x18E3, 0x2104, 0x2104, 0x2104, 0x2104, 0x18E3, 0x10A3, 0x18A3,
    0x1082, 0x0861, 0x0861, 0x0020, 0x0020, 0x0820, 0x0820, 0x0820,
    0x0841, 0x18E3, 0x31A6, 0x2104, 0x2124, 0x3165, 0x2944, 0x2924,
    0x2965, 0x5289, 0x52AA, 0x4A89, 0x632C, 0x632B, 0x6B8D, 0x94B1,
    0x9D34, 0x9D75, 0x84D3, 0x324A, 0x1188, 0x11C9, 0x11C9, 0x4B90,
    0x32CD, 0x0926, 0x3A6B, 0x8D15, 0x5BAE, 0x21C7, 0x4B0D, 0x534E,
    0x7472, 0x532D, 0x3249, 0x21E9, 0x53B0, 0x2A6B, 0x19E9, 0x5BB0,
    0x534E, 0x21E9, 0x0947, 0x1147, 0x42AB, 0x428A, 0x2186, 0x1945,
    0x29A6, 0x3A08, 0x3A08, 0x3A08, 0x39E7, 0x39C7, 0x39E7, 0x39C7,
    0x31A7, 0x31A6, 0x31C7, 0x31C7, 0x31C7, 0x39C7, 0x39C7, 0x39C7,
    0x31A6, 0x31A6, 0x39C7, 0x18C3, 0x0021, 0x08C4, 0x0906, 0x0947,
    0x0968, 0x0968, 0x0989, 0x09A9, 0x11A9, 0x11AA, 0x0968, 0x4B70,
    0xB6BB, 0xA5D7, 0x19A7, 0x0905, 0x3A8A, 0xB5F6, 0xD6D9, 0x9CF1,
    0x8C2D, 0xA4CE, 0xA4CE, 0xA4AD, 0x9C6D, 0x9C6D, 0xA4AE, 0x9C8D,
    0x946D, 0x9CAE, 0xCE55, 0xCE57, 0x5288, 0x18E3, 0x1924, 0x10C3,
    0x0082, 0x5B6E, 0xB679, 0x7471, 0x0926, 0x00A5, 0x00E6, 0x1189,
    0x0948, 0x0927, 0x1127, 0x08E5, 0x18E4, 0x2125, 0x2104, 0x2104,
    0x2104, 0x2104, 0x2104, 0x2104, 0x2104, 0x2124, 0x2124, 0x2104,
    0x2104, 0x2104, 0x18E3, 0x18E3, 0x0841, 0x0021, 0x08C3, 0x1105,
    0x1106, 0x0926, 0x1147, 0x19A9, 0x0947, 0x00E5, 0x1105, 0x2187,
    0x1966, 0x10E4, 0x2966, 0x39C7, 0x39C7, 0x39E7, 0x39C6, 0x39C6,
    0x31A6, 0x3185, 0x39C6, 0x39C6, 0x39C6, 0x39C6, 0x31C6, 0x31A6,
    0x31A6, 0x39C6, 0x39C6, 0x39C6, 0x39C6, 0x31A6, 0x31A6, 0x39E7,
    0x4207, 0x39E6, 0x31A6, 0x39C6, 0x31C6, 0x39C7, 0x39E7, 0x39E6,
    0x39E7, 0x39E6, 0x39E6, 0x39E6, 0x39E6, 0x39C6, 0x39E7, 0x39E7,
    0x3A07, 0x39E6, 0x31C6, 0x39C6, 0x39E7, 0x31C6, 0x39E6, 0x3A07,
    0x39C6, 0x39C6, 0x3186, 0x31A6, 0x39E7, 0x39E7, 0x31C6, 0x39C6,
    0x31C6, 0x39E7, 0x3A07, 0x39C6, 0x39E7, 0x39E7, 0x4207, 0x39E7,
    0x39C6, 0x31C6, 0x31A6, 0x31C6, 0x39C6, 0x31A6, 0x1081, 0x0861,
    0x0882, 0x10A3, 0x1105, 0x1106, 0x1126, 0x1147, 0x1188, 0x1167,
    0x8515, 0xC69A, 0x8D13, 0x1166, 0x1167, 0x19A9, 0x0906, 0x0083,
    0x94B2, 0xFF7B, 0xF6F7, 0xF6D5, 0x6AA6, 0x1000, 0x1881, 0x1081,
    0x1081, 0x1081, 0x1081, 0x1082, 0x0821, 0x3943, 0xE655, 0xF717,
    0xF6D6, 0xFF38, 0x6B4B, 0x1104, 0x0906, 0x0907, 0x1147, 0x6C51,
    0xBE99, 0xB617, 0x42EC, 0x0105, 0x0906, 0x0927, 0x1147, 0x08E6,
    0x0063, 0x52EC, 0xF7BF, 0xFFFF, 0xFFFF, 0xF7BD, 0x9CD1, 0x632B,
    0x31C6, 0x2164, 0x2165, 0x1924, 0x29C6, 0x73EE, 0xCEB9, 0xE73A,
    0x9CF2, 0x2985, 0x0881, 0x2124, 0x2945, 0x2124, 0x2124, 0x2124,
    0x2124, 0x2124, 0x2124, 0x2124, 0x2124, 0x2124, 0x2124, 0x2124,
    0x2945, 0x2945, 0x2945, 0x2945, 0x2945, 0x2945, 0x2965, 0x2965,
    0x2965, 0x2965, 0x2965, 0x2945, 0x2124, 0x2124, 0x2124, 0x2124,
    0x2124, 0x2945, 0x2944, 0x2945, 0x18E3, 0x0861, 0x0840, 0x6BAD,
    0xDF1B, 0xE73B, 0xD6DA, 0x94F2, 0x530B, 0x4AA9, 0x3A27, 0x3207,
    0x4268, 0x4AC9, 0x6BAD, 0x8471, 0x4ACB, 0x08E4, 0x00C4, 0x1126,
    0x536F, 0x5BD0, 0x4B2D, 0x6410, 0x4B4E, 0x2A29, 0x1105, 0x08A3,
    0x0862, 0x0862, 0x0861, 0x0841, 0x0841, 0x0841, 0x0861, 0x0841,
    0x0841, 0x0841, 0x0861, 0x0861, 0x0841, 0x0861, 0x0841, 0x0861,
    0x0861, 0x0862, 0x10A2, 0x10C3, 0x18E4, 0x2145, 0x3A08, 0x4A89,
    0x2185, 0x3A68, 0x8CF2, 0x7C91, 0x2A28, 0x0967, 0x0988, 0x09A8,
    0x11A9, 0x09A9, 0x09A8, 0x09A8, 0x11A8, 0x2208, 0x3B09, 0x3B48,
    0x3B68, 0x3B68, 0x3B68, 0x3B68, 0x3348, 0x3307, 0x32E7, 0x2AE6,
    0x2AE7, 0x2AE7, 0x2AE6, 0x2AE7, 0x2AE6, 0x3307, 0x544B, 0x64ED,
    0x5CAC, 0x5C8C, 0x5C8C, 0x5C8C, 0x5C6C, 0x648D, 0x2244, 0x1122,
    0x3206, 0x3A07, 0x31C6, 0x1943, 0x638D, 0x8CF2, 0x6BEE, 0x9D74,
    0x5B6D, 0x2A07, 0x9534, 0x9D95, 0xADF6, 0xC699, 0x8CD2, 0xADF7,
    0xFFFF, 0xEFBE, 0xDF3C, 0x84B2, 0x5B6D, 0x536C, 0x0923, 0x0060,
    0x0040, 0x0081, 0x3247, 0x540B, 0x5C8C, 0x5C8C, 0x5C6C, 0x546B,
    0x546B, 0x3307, 0x1182, 0x1163, 0x1123, 0x1123, 0x1143, 0x1143,
    0x4A48, 0x39C6, 0x39C6, 0x31A6, 0x2965, 0x3185, 0x39E6, 0x39C6,
    0x31C6, 0x2964, 0x4A48, 0x9CD2, 0x9491, 0x4A48, 0x2944, 0x31A5,
    0x39E6, 0x39E7, 0x3185, 0x2965, 0x31C6, 0x31C6, 0x2965, 0x2944,
    0x4228, 0x5ACB, 0x31A6, 0x2124, 0x2965, 0x2965, 0x2965, 0x3185,
    0x2965, 0x2965, 0x2944, 0x2103, 0x2965, 0x2945, 0x2124, 0x4A48,
    0x3165, 0x18C3, 0x18A2, 0x18C2, 0x2964, 0x39E6, 0x4228, 0x52A9,
    0x738D, 0x7BEE, 0x7BCE, 0x738D, 0x5289, 0x3185, 0x31A6, 0x2144,
    0x18C2, 0x1082, 0x1082, 0x0861, 0x0861, 0x0881, 0x18C3, 0x2104,
    0x4249, 0x5B0B, 0x6B6D, 0x73CE, 0x73CE, 0x6BCF, 0x2A29, 0x1187,
    0x19A9, 0x11A9, 0x11C9, 0x2A6C, 0x19EA, 0x0926, 0x3A8C, 0x63F1,
    0x21E8, 0x00C4, 0x0925, 0x0105, 0x2A09, 0x5B8F, 0x7C73, 0x5BAF,
    0x32AB, 0x0988, 0x0947, 0x1988, 0x21C9, 0x19C9, 0x0947, 0x1167,
    0x5B6E, 0x6BCF, 0x7410, 0x73EF, 0x3A28, 0x31C7, 0x39C7, 0x39C7,
    0x39C6, 0x39C6, 0x39C6, 0x39C7, 0x39E7, 0x39C7, 0x31A6, 0x31C6,
    0x31A7, 0x31A6, 0x31A6, 0x31A6, 0x31A6, 0x3186, 0x31A6, 0x18E3,
    0x0021, 0x08C3, 0x1146, 0x19A8, 0x2A6B, 0x3ACD, 0x19EA, 0x11A9,
    0x11CA, 0x11CA, 0x0989, 0x4B6F, 0xB6BB, 0xA5F7, 0x21C7, 0x0925,
    0x428A, 0xB5D6, 0xD6D9, 0xA512, 0x83CB, 0x944C, 0x944B, 0x942B,
    0x942B, 0x940B, 0x940B, 0x942B, 0x940B, 0x9C8D, 0xCE56, 0xC636,
    0x5288, 0x1903, 0x2165, 0x1104, 0x08C3, 0x6BEF, 0xBE79, 0x7471,
    0x19A8, 0x220A, 0x19CA, 0x1189, 0x0948, 0x0948, 0x1148, 0x08E5,
    0x1904, 0x1904, 0x2103, 0x2104, 0x2124, 0x2104, 0x18E3, 0x2104,
    0x2104, 0x2124, 0x2124, 0x2104, 0x2104, 0x2124, 0x2104, 0x18E3,
    0x0841, 0x0021, 0x08A3, 0x1105, 0x1126, 0x0906, 0x1147, 0x19A9,
    0x1168, 0x1147, 0x1126, 0x3229, 0x5B0C, 0x530B, 0x31E7, 0x31C6,
    0x39E7, 0x31C6, 0x39E7, 0x3A07, 0x39E6, 0x39C6, 0x39E6, 0x39C6,
    0x31A6, 0x31C6, 0x31A6, 0x31A6, 0x39C6, 0x39C6, 0x31C6, 0x39C6,
    0x31A6, 0x31A5, 0x39C6, 0x39C6, 0x39C6, 0x39C6, 0x39E6, 0x39C6,
    0x31A6, 0x2965, 0x39C6, 0x4207, 0x39E7, 0x39E6, 0x39E6, 0x39E6,
    0x39E6, 0x31C6, 0x31A6, 0x3A07, 0x3A07, 0x39E6, 0x39E7, 0x3A07,
    0x39E7, 0x39E6, 0x31C6, 0x39E6, 0x39E7, 0x31A6, 0x31A6, 0x31A6,
    0x39E7, 0x4207, 0x31C6, 0x39C6, 0x31C6, 0x39C6, 0x31C6, 0x39C6,
    0x39E7, 0x39E7, 0x31A6, 0x39C6, 0x39C6, 0x31A6, 0x39E6, 0x39E6,
    0x39C6, 0x31A6, 0x2124, 0x4228, 0x39E7, 0x1904, 0x10C4, 0x10E5,
    0x08E6, 0x0906, 0x1147, 0x0946, 0x84F4, 0xC69A, 0x8D13, 0x1166,
    0x1167, 0x19A8, 0x0926, 0x0083, 0x8C71, 0xFF7B, 0xF6F7, 0xFF16,
    0xAC8D, 0x1020, 0x1060, 0x1081, 0x1061, 0x1081, 0x1081, 0x10A2,
    0x0000, 0x732A, 0xF717, 0xF6F6, 0xF6F6, 0xEEB6, 0x4A47, 0x1105,
    0x0906, 0x0906, 0x1127, 0x6411, 0xBE9A, 0xB617, 0x42EB, 0x00E5,
    0x0106, 0x0926, 0x1148, 0x0927, 0x00C5, 0x0884, 0x5AEC, 0xAD76,
    0xC638, 0x9D34, 0x634C, 0x3A07, 0x29A6, 0x3A28, 0x4AAA, 0x4289,
    0x3228, 0x3228, 0x638D, 0x740F, 0x4248, 0x10C2, 0x0882, 0x18E4,
    0x2945, 0x2944, 0x2124, 0x2124, 0x2124, 0x2124, 0x2144, 0x2144,
    0x2944, 0x2144, 0x2924, 0x2124, 0x2945, 0x2965, 0x2965, 0x2965,
    0x2965, 0x2965, 0x2965, 0x2965, 0x2965, 0x2965, 0x2965, 0x3185,
    0x3165, 0x2965, 0x2965, 0x2965, 0x2944, 0x2944, 0x2944, 0x2124,
    0x18C3, 0x0861, 0x0041, 0x31E6, 0x94D2, 0xADB6, 0xBE17, 0x9D34,
    0x740F, 0x4AEB, 0x3A68, 0x4268, 0x4289, 0x3A27, 0x21A6, 0x1945,
    0x08E5, 0x1147, 0x1147, 0x0906, 0x0906, 0x534E, 0x6410, 0x3ACB,
    0x326A, 0x21A7, 0x08C3, 0x0862, 0x0841, 0x0841, 0x0041, 0x0041,
    0x0041, 0x0841, 0x0841, 0x0841, 0x0841, 0x0841, 0x0841, 0x0841,
    0x0841, 0x0841, 0x0841, 0x0841, 0x0841, 0x0861, 0x0862, 0x0882,
    0x08A3, 0x1104, 0x3A28, 0x5B2B, 0x3A48, 0x3A47, 0x8CD1, 0x7C91,
    0x2A28, 0x0967, 0x0988, 0x09A8, 0x09A9, 0x09A9, 0x09A8, 0x09A8,
    0x11A7, 0x1A08, 0x3B09, 0x3B28, 0x3B48, 0x3B48, 0x3B48, 0x3348,
    0x3348, 0x3327, 0x2AE7, 0x2AC6, 0x2AC6, 0x2AE6, 0x2AE6, 0x2AE7,
    0x2AE6, 0x3307, 0x544B, 0x64CD, 0x5C8C, 0x5C8C, 0x5C6C, 0x5C8C,
    0x5C8C, 0x64AD, 0x2AA6, 0x00C0, 0x29A5, 0x39E7, 0x39E7, 0x39C6,
    0x2965, 0x4AA9, 0x9D54, 0xADD6, 0xB637, 0x63AD, 0x63CE, 0xC6B9,
    0xC699, 0xB638, 0x7470, 0x7450, 0xD6DA, 0xEFBE, 0xD6FB, 0xADD6,
    0x7450, 0x3A89, 0x0081, 0x0040, 0x0040, 0x08A1, 0x3A88, 0x5C4C,
    0x5C8C, 0x5C8C, 0x5C6C, 0x5C6B, 0x544B, 0x32E7, 0x1182, 0x1163,
    0x1123, 0x1123, 0x1143, 0x1943, 0x5ACA, 0x5289, 0x4227, 0x5288,
    0x5288, 0x4227, 0x4A68, 0x4A88, 0x5AEA, 0x52C9, 0x4A47, 0x738C,
    0x7BED, 0x630A, 0x4A47, 0x4A67, 0x4A68, 0x4A68, 0x4A48, 0x4227,
    0x52C9, 0x630B, 0x5ACA, 0x6B6C, 0x73AD, 0x6B6C, 0x5ACA, 0x5289,
    0x4A68, 0x5289, 0x4A89, 0x4A68, 0x52A9, 0x4A69, 0x3185, 0x2965,
    0x4A48, 0x632B, 0x632B, 0x5AEA, 0x39C6, 0x2924, 0x5AC9, 0xB594,
    0xF79D, 0xFFFF, 0xFFFF, 0xFFFF, 0xFFFF, 0xFFFF, 0xFFFF, 0xFFFF,
    0xFFFF, 0xEF7C, 0x840F, 0x2944, 0x2103, 0x1082, 0x10A3, 0x1082,
    0x0862, 0x18E3, 0x2124, 0x2104, 0x2965, 0x4248, 0x52CA, 0x4A89,
    0x31C7, 0x1925, 0x0925, 0x1188, 0x1188, 0x0988, 0x0988, 0x0148,
    0x0127, 0x0106, 0x1147, 0x42ED, 0x5B90, 0x2A09, 0x1988, 0x1187,
    0x0105, 0x0905, 0x324A, 0x63F1, 0x432E, 0x0947, 0x0127, 0x1148,
    0x1168, 0x11A9, 0x0947, 0x1167, 0x428B, 0x5B4D, 0x532C, 0x4ACA,
    0x31E7, 0x3186, 0x31A6, 0x39C7, 0x39C7, 0x31C6, 0x31A6, 0x31C7,
    0x39C7, 0x39C7, 0x31A6, 0x31A6, 0x31A6, 0x31A6, 0x31C6, 0x31A6,
    0x31A6, 0x31A6, 0x31C7, 0x18E3, 0x2104, 0x4A8A, 0x3A6A, 0x326A,
    0x3AAB, 0x32AB, 0x21E9, 0x11A8, 0x11A9, 0x11C9, 0x0168, 0x3B0D,
    0xB67A, 0xAE38, 0x21E8, 0x00A3, 0x3A8A, 0xBE37, 0xD6D9, 0xAD53,
    0x83EC, 0x944C, 0x942B, 0x942B, 0x942B, 0x942B, 0x940B, 0x944C,
    0x8C2C, 0x9CAE, 0xD697, 0xC637, 0x4A48, 0x10A2, 0x1925, 0x08E4,
    0x29E8, 0xA5B6, 0xBE79, 0x7451, 0x2A4B, 0x4B91, 0x53B1, 0x220B,
    0x0107, 0x0947, 0x1148, 0x1105, 0x1904, 0x1904, 0x2104, 0x2124,
    0x2104, 0x2124, 0x2124, 0x2104, 0x2124, 0x2124, 0x2124, 0x2124,
    0x2104, 0x2104, 0x2104, 0x20E3, 0x0841, 0x0021, 0x08A3, 0x1126,
    0x1126, 0x0906, 0x1147, 0x1168, 0x0927, 0x0906, 0x2188, 0x52ED,
    0x6BAF, 0x636D, 0x31C6, 0x31C6, 0x39E6, 0x31A6, 0x31C6, 0x39C6,
    0x31C6, 0x39C6, 0x31C6, 0x39C6, 0x39E6, 0x31C6, 0x39C6, 0x39E7,
    0x39C6, 0x39C6, 0x39C6, 0x39E6, 0x31C6, 0x31C6, 0x39C6, 0x39C6,
    0x39C6, 0x31A6, 0x39C6, 0x39E7, 0x39C6, 0x31A6, 0x31A6, 0x39E7,
    0x39E7, 0x39C6, 0x31C6, 0x31C6, 0x39C6, 0x39E6, 0x3185, 0x31A6,
    0x3A07, 0x39E7, 0x39E7, 0x3A07, 0x39E7, 0x39E7, 0x39E7, 0x3185,
    0x2144, 0x2144, 0x2124, 0x2124, 0x2945, 0x39C7, 0x39C6, 0x2945,
    0x31A6, 0x3185, 0x2124, 0x18E3, 0x2124, 0x31A6, 0x39C6, 0x39C7,
    0x39E7, 0x39E7, 0x39E6, 0x39E7, 0x39E7, 0x39C6, 0x2104, 0x4208,
    0x4249, 0x2165, 0x1105, 0x1105, 0x08C5, 0x0906, 0x1147, 0x0926,
    0x7C93, 0xC69A, 0x8D13, 0x1166, 0x0947, 0x1188, 0x0926, 0x08E5,
    0x52CB, 0xEF3A, 0xF718, 0xF6F6, 0xEEB5, 0x7B28, 0x0820, 0x0820,
    0x0841, 0x0861, 0x0840, 0x0000, 0x41C5, 0xDE35, 0xFF16, 0xF6D5,
    0xFF37, 0xBD71, 0x2123, 0x1966, 0x0906, 0x0906, 0x0926, 0x63F1,
    0xBE79, 0xB617, 0x430C, 0x00E5, 0x0906, 0x0927, 0x1168, 0x1168,
    0x0106, 0x00C5, 0x0083, 0x08C3, 0x2145, 0x2166, 0x1946, 0x1966,
    0x2166, 0x1966, 0x1966, 0x1966, 0x2166, 0x1966, 0x1104, 0x00A3,
    0x1124, 0x1104, 0x10E4, 0x1904, 0x1904, 0x18E3, 0x18E3, 0x18E3,
    0x2103, 0x2104, 0x1904, 0x1904, 0x2104, 0x1904, 0x18E3, 0x18E3,
    0x1903, 0x2124, 0x2124, 0x2104, 0x2124, 0x2924, 0x2124, 0x2124,
    0x18E3, 0x2944, 0x2965, 0x2944, 0x2945, 0x2965, 0x2124, 0x2124,
    0x2144, 0x2144, 0x2944, 0x2124, 0x18E4, 0x08A2, 0x10C2, 0x31E6,
    0x7C50, 0x84B1, 0x8CF3, 0x9554, 0x9534, 0x84B2, 0x7C50, 0x7C4F,
    0x63CE, 0x3A6A, 0x1146, 0x0926, 0x1148, 0x1147, 0x1127, 0x1147,
    0x0906, 0x3ACC, 0x29E8, 0x0000, 0x0041, 0x0041, 0x0021, 0x0041,
    0x0841, 0x0841, 0x0841, 0x0040, 0x0020, 0x0040, 0x0020, 0x0020,
    0x0020, 0x0020, 0x0020, 0x0020, 0x0020, 0x0020, 0x0020, 0x0020,
    0x0021, 0x0000, 0x0000, 0x0000, 0x0000, 0x0000, 0x1944, 0x5B0B,
    0x3A68, 0x3227, 0x84B1, 0x8491, 0x2A08, 0x0947, 0x0968, 0x0988,
    0x09A8, 0x09A9, 0x0988, 0x0988, 0x1187, 0x2207, 0x3B09, 0x3B28,
    0x3B48, 0x3B48, 0x3B48, 0x3347, 0x3347, 0x3327, 0x2AE6, 0x2AE7,
    0x2AE7, 0x2AC6, 0x2AE7, 0x2AE7, 0x2AE6, 0x2B07, 0x542B, 0x64AD,
    0x5C8C, 0x5C8C, 0x5C8C, 0x5C8C, 0x5C8C, 0x64AD, 0x4369, 0x00A0,
    0x18E2, 0x3186, 0x39C6, 0x3185, 0x2124, 0x31E6, 0x634C, 0x6BAE,
    0xB637, 0xCEDA, 0x742F, 0x9513, 0xB5F7, 0x8CF3, 0x534C, 0x5B6C,
    0xDF3C, 0xE75D, 0xD71B, 0xCEDA, 0x8CD2, 0x08E2, 0x0040, 0x0040,
    0x0040, 0x1103, 0x4B2A, 0x5C4C, 0x5CAC, 0x5C8C, 0x5C6C, 0x5C8B,
    0x544B, 0x2AE6, 0x1182, 0x1143, 0x1123, 0x1123, 0x1143, 0x1143,
    0x4A68, 0x52C9, 0x5288, 0x5288, 0x5AEA, 0x52A9, 0x52A9, 0x632A,
    0x630A, 0x632B, 0x6B4B, 0x62EA, 0x5AC9, 0x632A, 0x6B4B, 0x632A,
    0x632A, 0x5AE9, 0x632A, 0x632A, 0x5AE9, 0x738C, 0x6B6C, 0x7BEE,
    0x840E, 0x738C, 0x52A9, 0x632B, 0x6B4B, 0x7BEE, 0x8C4F, 0x73AC,
    0x73AD, 0x5AEA, 0x4A47, 0x4207, 0x5288, 0x6B4B, 0x7BED, 0x7BCD,
    0x5AC9, 0x6B2B, 0xDED9, 0xFFFE, 0xC616, 0xAD33, 0xAD53, 0xA533,
    0x9CD2, 0x94B1, 0x94B1, 0x9CD1, 0xA513, 0xA513, 0x738D, 0x5ACB,
    0x4228, 0x10C3, 0x18C3, 0x10A3, 0x18E3, 0x3165, 0x2944, 0x2944,
    0x3165, 0x2124, 0x10C3, 0x1924, 0x1904, 0x10E4, 0x0906, 0x1148,
    0x11A9, 0x1189, 0x0989, 0x32CD, 0x220B, 0x0926, 0x0906, 0x0926,
    0x430D, 0x6C11, 0x63F1, 0x536F, 0x19A8, 0x00A4, 0x1126, 0x2A4A,
    0x6C52, 0x3AEC, 0x0906, 0x1127, 0x1988, 0x11A8, 0x0106, 0x1147,
    0x2187, 0x21A7, 0x2186, 0x2186, 0x31A7, 0x39C7, 0x39E7, 0x39C7,
    0x31A6, 0x31C6, 0x31C7, 0x39C7, 0x39C7, 0x39E7, 0x31C6, 0x31A6,
    0x31A6, 0x31A6, 0x31A6, 0x31A6, 0x31A6, 0x31A6, 0x31C6, 0x2103,
    0x18E3, 0x3A07, 0x4ACB, 0x4B0C, 0x5B8E, 0x6C10, 0x42EC, 0x2A29,
    0x2A4A, 0x224A, 0x222A, 0x4B2D, 0xB639, 0xB659, 0x4B0C, 0x2A29,
    0x4ACB, 0xCEDA, 0xE73B, 0xCE36, 0xC5F4, 0xCE35, 0xCE35, 0xD655,
    0xD655, 0xD655, 0xD655, 0xD675, 0xCE35, 0xCE15, 0xEF3A, 0xE71B,
    0x4A68, 0x08A2, 0x1986, 0x1986, 0x6BCF, 0xB638, 0xBE79, 0x7451,
    0x0947, 0x222B, 0x32CD, 0x1A0A, 0x0927, 0x0927, 0x1127, 0x1106,
    0x1925, 0x1904, 0x2103, 0x2104, 0x2104, 0x2104, 0x2124, 0x2124,
    0x2124, 0x2124, 0x2124, 0x2104, 0x2124, 0x2104, 0x2104, 0x18E3,
    0x0841, 0x0021, 0x08A3, 0x1126, 0x1126, 0x00C5, 0x21C9, 0x4B4F,
    0x1188, 0x00C5, 0x1126, 0x29E9, 0x3A4A, 0x3229, 0x31C7, 0x31A7,
    0x39C7, 0x31C6, 0x31A5, 0x39C6, 0x39C6, 0x39C6, 0x31A6, 0x31C6,
    0x39E6, 0x39C6, 0x39E7, 0x4228, 0x3A07, 0x39C6, 0x39E7, 0x39E7,
    0x39C6, 0x39C6, 0x39E6, 0x39C6, 0x31C6, 0x31A6, 0x31C6, 0x39E7,
    0x39E7, 0x39E6, 0x39A6, 0x31C6, 0x39C6, 0x39C6, 0x39C6, 0x31A6,
    0x39C6, 0x39E7, 0x39C6, 0x31A6, 0x39E7, 0x4207, 0x39E6, 0x31C6,
    0x39C7, 0x39E6, 0x39E7, 0x2964, 0x31A5, 0x31A6, 0x2944, 0x31C6,
    0x2123, 0x2965, 0x39C7, 0x2124, 0x2965, 0x2124, 0x3185, 0x31A6,
    0x2103, 0x31A6, 0x39E7, 0x39E7, 0x39C6, 0x39C6, 0x39E7, 0x39E6,
    0x39C6, 0x31A6, 0x1082, 0x18E3, 0x2104, 0x1904, 0x10E4, 0x0083,
    0x08E5, 0x1167, 0x1126, 0x08E5, 0x7C72, 0xC699, 0x8D13, 0x1166,
    0x0946, 0x1188, 0x0926, 0x1147, 0x1105, 0xA513, 0xFF9A, 0xF6F7,
    0xFEF6, 0xF6D5, 0x940C, 0x3964, 0x20C2, 0x20C2, 0x2923, 0x7309,
    0xDE54, 0xFF17, 0xFEF5, 0xFF16, 0xF737, 0x5AA8, 0x10E3, 0x1967,
    0x0906, 0x1126, 0x1126, 0x5BF0, 0xBE79, 0xB617, 0x4B2C, 0x00E5,
    0x0926, 0x1147, 0x1188, 0x1188, 0x0968, 0x0947, 0x0906, 0x08E5,
    0x08C4, 0x00A4, 0x00C5, 0x00C5, 0x00C4, 0x00C5, 0x00C5, 0x00C5,
    0x00C5, 0x00C5, 0x08E5, 0x0905, 0x0906, 0x1126, 0x1946, 0x1925,
    0x1905, 0x1904, 0x1925, 0x2125, 0x2124, 0x2124, 0x1904, 0x18E4,
    0x1904, 0x1925, 0x1905, 0x1905, 0x1104, 0x2145, 0x2166, 0x2125,
    0x2166, 0x2986, 0x2966, 0x31C7, 0x3A28, 0x2986, 0x2145, 0x3A08,
    0x4229, 0x2945, 0x31A7, 0x4249, 0x2986, 0x2145, 0x2165, 0x2145,
    0x29C7, 0x5B2C, 0x7C2F, 0xA574, 0xC679, 0xB638, 0x63AE, 0x1966,
    0x4AEC, 0x7C51, 0x7C71, 0x7431, 0x63AF, 0x2A09, 0x0926, 0x1127,
    0x0927, 0x1127, 0x0927, 0x0907, 0x0906, 0x328B, 0x1987, 0x10E4,
    0x0882, 0x0862, 0x0882, 0x10A3, 0x18C3, 0x18C3, 0x1082, 0x1061,
    0x0882, 0x0861, 0x0861, 0x0861, 0x0841, 0x0861, 0x0841, 0x0841,
    0x0841, 0x0841, 0x0841, 0x0841, 0x0000, 0x10A2, 0x2965, 0x2985,
    0x3185, 0x31A5, 0x4247, 0x634B, 0x4267, 0x3227, 0x8490, 0x7C70,
    0x21E7, 0x0147, 0x0968, 0x1188, 0x09A9, 0x09A9, 0x0988, 0x0988,
    0x1187, 0x2207, 0x3B09, 0x3B28, 0x3B48, 0x3B68, 0x3B68, 0x3B48,
    0x3347, 0x3327, 0x3307, 0x3307, 0x2AE6, 0x2AE6, 0x32E7, 0x32E7,
    0x2AE6, 0x2B07, 0x542B, 0x64CD, 0x5C8C, 0x5C8C, 0x5C8C, 0x5CAC,
    0x5C8C, 0x64AC, 0x5C4C, 0x1183, 0x0040, 0x18C3, 0x3166, 0x2945,
    0x18E3, 0x2964, 0x4248, 0x3207, 0x530B, 0xB5F6, 0xA5B5, 0x638D,
    0x94F2, 0x7C50, 0x3A68, 0x21A5, 0x742F, 0x8491, 0x6BCE, 0x9D34,
    0x4289, 0x0020, 0x0041, 0x0020, 0x0040, 0x2184, 0x53AB, 0x5C6C,
    0x5C8C, 0x5C8C, 0x5C6C, 0x5C6B, 0x544B, 0x2AC6, 0x11A3, 0x1163,
    0x1123, 0x1143, 0x1143, 0x1143, 0x5AC9, 0x630A, 0x5AEA, 0x630A,
    0x6B4B, 0x736C, 0x6B4B, 0x7BCD, 0x6B2B, 0x6B4B, 0x7BED, 0x840E,
    0x94B1, 0x8C4F, 0x7BED, 0x7BCD, 0x738C, 0x6B4B, 0x738C, 0x7BAD,
    0x8C6F, 0x9CD1, 0x8C2E, 0xA512, 0xAD32, 0xAD73, 0x946F, 0x6B4A,
    0x840E, 0x9490, 0x8C4F, 0x840E, 0x840E, 0x7BCD, 0x6B4B, 0x6B6B,
    0x6B4B, 0x5AE9, 0x5288, 0x6309, 0x6B2A, 0x9CB1, 0xCE57, 0x6B4B,
    0x0020, 0x18C1, 0x2964, 0x18C2, 0x0020, 0x0840, 0x0040, 0x2944,
    0x4A48, 0x4A48, 0x52AA, 0x632C, 0x52AA, 0x2124, 0x2124, 0x2104,
    0x2945, 0x5269, 0x630B, 0x6B2B, 0x632B, 0x4207, 0x2124, 0x2124,
    0x18E4, 0x08C4, 0x08E5, 0x21C9, 0x4B70, 0x4B70, 0x2A8C, 0x4B91,
    0x32CD, 0x19A9, 0x21C9, 0x00C4, 0x0062, 0x08C3, 0x08A3, 0x00A3,
    0x00A4, 0x00A4, 0x1125, 0x21C8, 0x6C52, 0x432D, 0x0926, 0x1147,
    0x324B, 0x430D, 0x1147, 0x08E5, 0x3A6B, 0x3A29, 0x29C7, 0x29C7,
    0x31C7, 0x39E7, 0x39E7, 0x39C7, 0x31A6, 0x39C7, 0x39C7, 0x39C6,
    0x39C6, 0x39C6, 0x31A6, 0x31A6, 0x31A6, 0x31A6, 0x31A6, 0x31A6,
    0x3186, 0x31C7, 0x39C7, 0x2103, 0x0841, 0x2965, 0x5B4D, 0x534D,
    0x7C51, 0xADF8, 0xA5B7, 0x9D96, 0x9D96, 0x9D76, 0x9D97, 0x9DB7,
    0xBE59, 0xBE59, 0x9D96, 0x84D3, 0x6C0F, 0xBE37, 0xCE58, 0xAD94,
    0xB593, 0xBDB3, 0xB593, 0xB593, 0xBDF5, 0xC5F5, 0xBDB4, 0xBD94,
    0xBDB4, 0xBDD4, 0xD677, 0xC616, 0x4227, 0x2164, 0x42CB, 0x6C10,
    0x84B3, 0xA5B6, 0xCEFB, 0x536E, 0x00E5, 0x00A5, 0x00A5, 0x1168,
    0x0948, 0x0927, 0x1147, 0x1105, 0x1925, 0x2104, 0x2104, 0x2104,
    0x2104, 0x2104, 0x2104, 0x2104, 0x2104, 0x2124, 0x2124, 0x2124,
    0x2124, 0x2104, 0x2104, 0x18E3, 0x0841, 0x0041, 0x08C4, 0x1146,
    0x1167, 0x0927, 0x0926, 0x63F0, 0x6C52, 0x21C8, 0x08C4, 0x1946,
    0x4AEC, 0x530C, 0x31E8, 0x31A7, 0x39C7, 0x3A07, 0x39E6, 0x39E6,
    0x39E7, 0x39C6, 0x31C6, 0x39E6, 0x39E6, 0x39C6, 0x39C6, 0x39E6,
    0x31C6, 0x39C6, 0x39C6, 0x39C6, 0x39C6, 0x39E6, 0x31C6, 0x31A6,
    0x31A6, 0x39C6, 0x39E7, 0x39E7, 0x31C6, 0x39C6, 0x39E7, 0x39C6,
    0x2985, 0x31A6, 0x39C6, 0x31A6, 0x31A6, 0x39C6, 0x39E6, 0x31C6,
    0x31C6, 0x31C6, 0x39E7, 0x39C7, 0x31A6, 0x31C6, 0x39E7, 0x31A5,
    0x2985, 0x4207, 0x4227, 0x39C6, 0x2944, 0x31A6, 0x31A6, 0x2144,
    0x2103, 0x2124, 0x31A6, 0x39C6, 0x2985, 0x39E7, 0x4207, 0x39C7,
    0x31A6, 0x39E7, 0x39E7, 0x39C6, 0x31A6, 0x2965, 0x18C3, 0x2104,
    0x2125, 0x1904, 0x10E4, 0x1966, 0x21A8, 0x1147, 0x08E5, 0x08E5,
    0x7C92, 0xBE79, 0x8CF3, 0x1166, 0x0926, 0x1988, 0x0106, 0x1147,
    0x1126, 0x29C7, 0xBDF5, 0xFF9A, 0xFF17, 0xFF16, 0xFF16, 0xE695,
    0xD5F3, 0xD614, 0xE676, 0xFF37, 0xFF36, 0xFEF5, 0xFF36, 0xFF78,
    0x8BEB, 0x18E2, 0x1966, 0x1167, 0x0106, 0x0926, 0x0946, 0x5BD0,
    0xBE79, 0xB617, 0x430C, 0x00E5, 0x0926, 0x1147, 0x1989, 0x11A9,
    0x1188, 0x0968, 0x1168, 0x1168, 0x1147, 0x0927, 0x0927, 0x0947,
    0x0947, 0x0947, 0x1147, 0x0947, 0x0968, 0x0948, 0x0947, 0x0947,
    0x0947, 0x1147, 0x0947, 0x1126, 0x1106, 0x1126, 0x1125, 0x1125,
    0x1105, 0x1105, 0x1105, 0x1105, 0x1105, 0x1105, 0x1126, 0x1126,
    0x08E5, 0x1125, 0x2187, 0x1947, 0x1126, 0x1946, 0x1926, 0x29C8,
    0x6BF0, 0x638F, 0x1145, 0x3A4A, 0x7C51, 0x428A, 0x1946, 0x6BAF,
    0x6BAF, 0x1966, 0x08C4, 0x00A3, 0x3249, 0xADF7, 0xC6B9, 0xCE99,
    0xBE58, 0xB638, 0x63CF, 0x00E4, 0x00C4, 0x1126, 0x1125, 0x08E4,
    0x00C4, 0x00E5, 0x00E5, 0x00E6, 0x00E6, 0x08E6, 0x00E5, 0x00E5,
    0x0905, 0x324A, 0x3A6A, 0x3208, 0x0882, 0x0041, 0x0882, 0x0882,
    0x1082, 0x10A2, 0x1082, 0x0841, 0x0861, 0x10A2, 0x10A2, 0x0861,
    0x1082, 0x1082, 0x0861, 0x1082, 0x10A2, 0x0861, 0x0841, 0x0020,
    0x2104, 0xA513, 0xC616, 0xAD53, 0x7BCC, 0x7BEC, 0x94AF, 0x7BED,
    0x3A26, 0x3226, 0x84B0, 0x7C70, 0x21C7, 0x0146, 0x0968, 0x1188,
    0x09A9, 0x09A9, 0x09A8, 0x0988, 0x11A7, 0x2228, 0x3B09, 0x3B48,
    0x3B68, 0x3B68, 0x3B68, 0x3B48, 0x3B48, 0x3327, 0x3307, 0x3307,
    0x3307, 0x32E7, 0x32E7, 0x3307, 0x3307, 0x3327, 0x544B, 0x64CD,
    0x5C8C, 0x5CAC, 0x5CAC, 0x5CAC, 0x64AC, 0x5CAC, 0x64AD, 0x3AE7,
    0x0080, 0x0861, 0x18E3, 0x2103, 0x2103, 0x2144, 0x2144, 0x2165,
    0x31E6, 0x530B, 0xC699, 0xA595, 0x52EA, 0x6BAD, 0x742F, 0x5B2B,
    0x1103, 0x08E2, 0x10E2, 0x3227, 0x29C6, 0x0060, 0x0020, 0x0020,
    0x10A2, 0x3A67, 0x5C0C, 0x5C6C, 0x5C8C, 0x5C8C, 0x5C6B, 0x5C6C,
    0x544B, 0x2AC6, 0x1182, 0x1142, 0x1123, 0x1123, 0x1143, 0x1143,
    0x9490, 0x9490, 0x840E, 0x8C2F, 0x9490, 0x8C4F, 0x73AC, 0x736B,
    0x842E, 0xA512, 0xAD73, 0x9CD1, 0x9490, 0x94B0, 0x9CD1, 0xAD53,
    0xA4F1, 0x9490, 0x9CD1, 0xA4F1, 0x9CD1, 0xAD32, 0xAD73, 0xB5B4,
    0x9CD1, 0x9CB0, 0xAD52, 0x8C4F, 0x83ED, 0x946F, 0x840E, 0x8C6F,
    0xA512, 0xAD32, 0x83EE, 0x840E, 0x946F, 0x8C4E, 0x840D, 0x736B,
    0x7BCD, 0xA512, 0x9CB1, 0x1081, 0x18A2, 0x4A28, 0x4A69, 0x2965,
    0x10A2, 0x10A2, 0x18C2, 0x39E7, 0x5ACB, 0x630C, 0x632C, 0x632C,
    0x52CA, 0x2124, 0x2124, 0x2124, 0x2924, 0x41E6, 0x5289, 0x5AC9,
    0x5AE9, 0x4A27, 0x4207, 0x39C7, 0x31A7, 0x10C4, 0x0905, 0x19C9,
    0x2A4B, 0x222A, 0x222A, 0x53B0, 0x32AC, 0x0946, 0x1167, 0x3A6A,
    0x3208, 0x31E7, 0x31E8, 0x426A, 0x21A7, 0x0905, 0x1125, 0x1146,
    0x6C32, 0x4B4E, 0x0105, 0x0905, 0x21E9, 0x63D0, 0x63D0, 0x3A8B,
    0x5B6E, 0x3229, 0x3A49, 0x52CA, 0x39E7, 0x39C7, 0x39C7, 0x3186,
    0x3186, 0x39C7, 0x39C6, 0x31C6, 0x39C6, 0x31A6, 0x31A6, 0x31A6,
    0x31A6, 0x31A6, 0x39C7, 0x39C6, 0x3186, 0x39C7, 0x39E7, 0x18E3,
    0x0000, 0x10C3, 0x3208, 0x3249, 0x42AB, 0x42CB, 0x4AEC, 0x532D,
    0x530C, 0x4AEC, 0x4AEC, 0x42CC, 0x63AF, 0xA5B6, 0xB659, 0xA5D7,
    0xBE38, 0xC637, 0xB5B5, 0xA532, 0xA532, 0xA531, 0x9CD0, 0x6B4B,
    0x52A9, 0x5AEA, 0x4228, 0x39E6, 0x6B6C, 0xA4F1, 0xAD32, 0x9D12,
    0x9D12, 0xADB5, 0xB638, 0xBE59, 0xB638, 0xBE79, 0x84B2, 0x21E8,
    0x19A8, 0x1148, 0x1148, 0x1189, 0x0927, 0x0927, 0x1968, 0x1106,
    0x1904, 0x1904, 0x2103, 0x2124, 0x2124, 0x2124, 0x2104, 0x2124,
    0x2124, 0x2944, 0x2944, 0x2124, 0x2124, 0x2104, 0x2104, 0x18E3,
    0x0841, 0x0021, 0x08C4, 0x1126, 0x1167, 0x1988, 0x0926, 0x0905,
    0x5BAE, 0x8CF4, 0x532D, 0x42AB, 0xA5B6, 0xBE79, 0x530C, 0x2145,
    0x39C7, 0x39C6, 0x39E7, 0x39E7, 0x39E7, 0x39E7, 0x39E7, 0x39C6,
    0x39C6, 0x31C6, 0x39C6, 0x31A6, 0x31A6, 0x31A6, 0x39C6, 0x31C6,
    0x31A6, 0x31C6, 0x31C6, 0x31A6, 0x31A6, 0x39C6, 0x39E7, 0x39E6,
    0x39C6, 0x39C6, 0x31A6, 0x39C6, 0x39C6, 0x31A6, 0x39C6, 0x39E7,
    0x39C6, 0x31C6, 0x39E7, 0x31C6, 0x39E7, 0x39C6, 0x39C7, 0x39C7,
    0x39C6, 0x39C6, 0x39C6, 0x4207, 0x39E6, 0x39E6, 0x39C6, 0x39C6,
    0x39C6, 0x39E6, 0x39C6, 0x31A6, 0x31A6, 0x31A6, 0x39E7, 0x31A6,
    0x31A6, 0x39C6, 0x39C6, 0x4207, 0x4207, 0x39C6, 0x39C6, 0x39C7,
    0x31C6, 0x31A6, 0x2945, 0x4228, 0x4249, 0x31C7, 0x5B0C, 0x7410,
    0x3A8B, 0x00C4, 0x0083, 0x00C4, 0x7CB3, 0xBE79, 0x8CF3, 0x1166,
    0x0906, 0x1988, 0x0927, 0x0926, 0x1168, 0x1146, 0x29A6, 0xAD32,
    0xFF59, 0xFF59, 0xFF57, 0xFF57, 0xFF98, 0xFF9A, 0xFF79, 0xFF37,
    0xFF77, 0xFF98, 0xEEF6, 0x83AB, 0x18E1, 0x1965, 0x1187, 0x1168,
    0x0106, 0x0927, 0x0947, 0x5BD0, 0xBE9A, 0xB637, 0x42EC, 0x00E5,
    0x0906, 0x1167, 0x19C9, 0x1188, 0x11A8, 0x11A8, 0x0988, 0x0968,
    0x0968, 0x0947, 0x0147, 0x0147, 0x0967, 0x0967, 0x0967, 0x0967,
    0x0947, 0x0968, 0x11A9, 0x11A9, 0x19A9, 0x19A8, 0x19A8, 0x19C9,
    0x21C9, 0x1987, 0x2A2A, 0x5B8F, 0x3AAC, 0x2A09, 0x2A0A, 0x19A7,
    0x326A, 0x2A2A, 0x0947, 0x0906, 0x08E5, 0x08C5, 0x1147, 0x1126,
    0x08E6, 0x08E6, 0x08E5, 0x08C4, 0x1987, 0x63F0, 0x5BAF, 0x0925,
    0x324A, 0x6C52, 0x2A4A, 0x0926, 0x5BB0, 0x7472, 0x63D0, 0x5BAF,
    0x7C92, 0xBE7A, 0xCEDA, 0xCEDA, 0xC699, 0xA595, 0x63EF, 0x4B4D,
    0x536F, 0x53D0, 0x5BF0, 0x63F0, 0x63F1, 0x63F1, 0x5BF1, 0x5BD0,
    0x5B8F, 0x536F, 0x5BB0, 0x6C11, 0x6C11, 0x536E, 0x3A6A, 0x1104,
    0x2965, 0x4269, 0x4269, 0x4249, 0x4249, 0x4A69, 0x4A69, 0x6B8E,
    0x8451, 0x73AE, 0x39E7, 0x4228, 0x4A69, 0x4A69, 0x5B0B, 0x52CA,
    0x52A9, 0x52CA, 0x5B0B, 0x4228, 0x6B6C, 0xC637, 0xCE36, 0x8C0C,
    0x41E3, 0x5265, 0x83EA, 0x7BCB, 0x4A87, 0x4288, 0x84B0, 0x8470,
    0x21E7, 0x0947, 0x0968, 0x0988, 0x11A9, 0x11A9, 0x0988, 0x0988,
    0x11A8, 0x2248, 0x3B2A, 0x3B48, 0x3B68, 0x3B68, 0x3B68, 0x3B48,
    0x3347, 0x3327, 0x3307, 0x3307, 0x3307, 0x3307, 0x3307, 0x3307,
    0x3307, 0x3327, 0x544B, 0x64AD, 0x64AC, 0x5CAC, 0x5CAC, 0x5CAC,
    0x5C8C, 0x64AC, 0x64AD, 0x5C2C, 0x19A4, 0x0020, 0x0861, 0x10C3,
    0x18E3, 0x18E3, 0x18E3, 0x2124, 0x29A6, 0x2165, 0x6B8D, 0xB5F6,
    0x29C6, 0x1103, 0x29C6, 0x1923, 0x0081, 0x0081, 0x0881, 0x08A2,
    0x08C2, 0x0061, 0x0000, 0x0841, 0x1964, 0x4B49, 0x646D, 0x5C6C,
    0x5C6C, 0x5C8C, 0x5C6B, 0x5C6B, 0x544B, 0x2AA6, 0x0962, 0x1142,
    0x1123, 0x1123, 0x1143, 0x1143, 0xAD53, 0xA512, 0xAD33, 0xA512,
    0xA512, 0xA512, 0x9CD1, 0x9CD1, 0x9CD0, 0x9CB0, 0xA511, 0xA511,
    0xA532, 0x9CD1, 0x946F, 0x946F, 0x842E, 0x9CB0, 0xA512, 0xA4F1,
    0x948F, 0x948F, 0x9490, 0x8C4F, 0xA4F1, 0x948F, 0x8C2E, 0x9C90,
    0x8C4F, 0x9CF1, 0x8C4F, 0x8C4E, 0xA512, 0xA512, 0x8C2E, 0x946F,
    0x9CD1, 0x9CD0, 0x8C6F, 0x840D, 0x7BED, 0x9CF1, 0x6B2B, 0x1060,
    0x10A2, 0x2965, 0x4A69, 0x3186, 0x0861, 0x1082, 0x10A2, 0x4248,
    0x630C, 0x5B0C, 0x632C, 0x6B4D, 0x4A89, 0x2103, 0x2124, 0x2124,
    0x3185, 0x4A48, 0x4A68, 0x52A8, 0x630A, 0x5247, 0x5AC9, 0x31A5,
    0x31C6, 0x1925, 0x0906, 0x1127, 0x00A5, 0x00A4, 0x1167, 0x5BD0,
    0x3AAC, 0x0905, 0x19A7, 0x7410, 0x636D, 0x4A69, 0x52CA, 0x8471,
    0x5B2C, 0x0904, 0x1986, 0x1966, 0x6C31, 0x7CB3, 0x3ACC, 0x00E5,
    0x08E5, 0x21C8, 0x63D0, 0x84D4, 0x8CF4, 0x7410, 0x638E, 0x6B8D,
    0x4207, 0x39C7, 0x39E7, 0x3186, 0x2965, 0x31A6, 0x31A6, 0x3185,
    0x3186, 0x31A6, 0x31A6, 0x3186, 0x3186, 0x3186, 0x3186, 0x2965,
    0x2965, 0x31A6, 0x39E7, 0x2104, 0x0020, 0x1904, 0x2186, 0x2A08,
    0x3249, 0x1986, 0x0083, 0x0062, 0x0063, 0x0083, 0x0063, 0x0083,
    0x0083, 0x19A7, 0x6C11, 0xB639, 0xCEDB, 0xDF3B, 0xE75C, 0xE75B,
    0xE73B, 0xDF1A, 0xB5D5, 0x4A89, 0x1944, 0x2165, 0x2166, 0x1944,
    0x6BAD, 0xD6B9, 0xE73B, 0xE73B, 0xE75C, 0xE75C, 0xDF1C, 0xCEBA,
    0xBE59, 0x84B2, 0x21C8, 0x1187, 0x222B, 0x3ACD, 0x328C, 0x19CA,
    0x0107, 0x0927, 0x2A0A, 0x21A8, 0x10E4, 0x2104, 0x2104, 0x2124,
    0x2124, 0x2144, 0x2124, 0x2124, 0x2124, 0x2124, 0x2104, 0x2124,
    0x2124, 0x2104, 0x2103, 0x18E3, 0x0041, 0x2986, 0x7410, 0x6C31,
    0x4B4E, 0x19A8, 0x1167, 0x1146, 0x0904, 0x3A8A, 0x5B6E, 0x4AEC,
    0x63AE, 0x638E, 0x31E7, 0x31C6, 0x4207, 0x39C7, 0x31A6, 0x31C6,
    0x39C7, 0x3A07, 0x39E7, 0x31A6, 0x31C6, 0x39C6, 0x31C6, 0x31C6,
    0x39E6, 0x39C6, 0x39C6, 0x39C6, 0x39C6, 0x31C6, 0x39E6, 0x39C6,
    0x31A6, 0x39C6, 0x39C6, 0x39C6, 0x39E7, 0x39E7, 0x39E6, 0x39E6,
    0x39E6, 0x39E7, 0x39E7, 0x39E7, 0x39C6, 0x31A6, 0x39E7, 0x39E6,
    0x39E7, 0x39E7, 0x39C7, 0x39C7, 0x39C7, 0x39E7, 0x39E7, 0x31A6,
    0x3185, 0x31A6, 0x2965, 0x2965, 0x31A5, 0x39C6, 0x39E7, 0x3185,
    0x2103, 0x2103, 0x2965, 0x3185, 0x2944, 0x2965, 0x2965, 0x3185,
    0x31A6, 0x31A6, 0x31A6, 0x31A6, 0x31A6, 0x39C6, 0x18C3, 0x2986,
    0x39E7, 0x2985, 0x29C6, 0x2186, 0x08E4, 0x08E5, 0x2A09, 0x42CC,
    0x8D14, 0xBE79, 0x8D14, 0x1166, 0x1146, 0x1988, 0x0926, 0x1147,
    0x1167, 0x1988, 0x1147, 0x10E3, 0x5AE9, 0xB531, 0xDE76, 0xEED7,
    0xEED7, 0xEED8, 0xEED8, 0xEED7, 0xD614, 0x9C6E, 0x4A05, 0x18C2,
    0x2166, 0x1167, 0x0988, 0x1168, 0x0906, 0x0906, 0x00E5, 0x5BD0,
    0xBE79, 0xB638, 0x430C, 0x00E5, 0x00E5, 0x19C8, 0x5BD1, 0x7CD4,
    0x9597, 0x9DB7, 0x9D97, 0x9576, 0x9556, 0x9556, 0x9556, 0x8D56,
    0x9556, 0x9576, 0x9597, 0x9597, 0x9556, 0x9576, 0x9DB7, 0x9DB8,
    0x9DB7, 0x9DB7, 0xA5B7, 0xA5D8, 0xAE19, 0x6C11, 0x6C11, 0xAE39,
    0x9D97, 0x9576, 0x8D35, 0x5BCF, 0x9576, 0x95B7, 0x32AC, 0x00E5,
    0x0906, 0x21A8, 0x1987, 0x0926, 0x1146, 0x1987, 0x1146, 0x0905,
    0x00C4, 0x1125, 0x5BAF, 0x5BAF, 0x0945, 0x2229, 0x6C52, 0x328B,
    0x0105, 0x2A4A, 0x3AAC, 0x3AAB, 0x42EC, 0x7431, 0xADF7, 0xB617,
    0x9D34, 0x4AEB, 0x2A28, 0x2209, 0x2A29, 0x2A6B, 0x2A8A, 0x328B,
    0x32AB, 0x42ED, 0x430D, 0x42ED, 0x3ACC, 0x3A8B, 0x42CC, 0x42EC,
    0x5B8F, 0x6BF0, 0x29C7, 0x0882, 0x528A, 0x638D, 0x4269, 0x4248,
    0x4A89, 0x52CA, 0x8471, 0xA575, 0x8C91, 0x94D3, 0x8C91, 0x5B0C,
    0x4A69, 0x73CE, 0xB5B6, 0x7C2F, 0x4AA9, 0x7C0F, 0x94B1, 0x3A27,
    0x6B6C, 0xC615, 0xC614, 0x9C8E, 0x62C6, 0x41E2, 0x62E6, 0x6B69,
    0x73AB, 0x638B, 0x846F, 0x846F, 0x21E7, 0x0947, 0x0988, 0x0988,
    0x09A9, 0x11A9, 0x0988, 0x0988, 0x11A7, 0x2228, 0x434A, 0x3B48,
    0x3B68, 0x3B68, 0x3B68, 0x3B68, 0x3B48, 0x3327, 0x3307, 0x3307,
    0x3307, 0x32E7, 0x3307, 0x32E7, 0x3306, 0x3327, 0x544B, 0x64CD,
    0x64AD, 0x5CAC, 0x5C8C, 0x5C8C, 0x5C8C, 0x5C8C, 0x5C8C, 0x6CCE,
    0x4B8A, 0x08C1, 0x0020, 0x0841, 0x0841, 0x0841, 0x1061, 0x10A2,
    0x2124, 0x2965, 0x2165, 0x5B2C, 0x4248, 0x08A1, 0x0040, 0x0020,
    0x0041, 0x0041, 0x0041, 0x0041, 0x0020, 0x0020, 0x0841, 0x10E3,
    0x3287, 0x5C0C, 0x5C8C, 0x5C8C, 0x5C8C, 0x5C8C, 0x5C8B, 0x5C6B,
    0x544B, 0x2AA6, 0x1182, 0x1143, 0x1123, 0x1123, 0x1143, 0x1143,
    0x840E, 0x8C4F, 0x840E, 0x6B4B, 0x736B, 0x73AC, 0x8C4F, 0x946F,
    0x9CB0, 0xA532, 0xAD53, 0xAD73, 0xB594, 0xA512, 0x9CD1, 0x9CB0,
    0x8C4E, 0x946F, 0x94B0, 0x9CD1, 0xA511, 0xA511, 0xA511, 0x9CD1,
    0x9CD0, 0x9CF1, 0x9CD0, 0x946F, 0x9CB0, 0xAD32, 0x8C4F, 0x840E,
    0x8C2E, 0x8C2E, 0x8C4F, 0x948F, 0x9CD0, 0x9CD1, 0x9CB0, 0x9490,
    0x9CD0, 0xB5B4, 0x5AC9, 0x0840, 0x18C2, 0x2104, 0x4A69, 0x31C7,
    0x0861, 0x1082, 0x10A2, 0x4228, 0x4A89, 0x4A49, 0x52AA, 0x630C,
    0x4249, 0x2103, 0x2944, 0x2124, 0x3165, 0x630B, 0x634C, 0x6B6C,
    0x842F, 0x6B4B, 0x5AC9, 0x5AEA, 0x4A89, 0x2166, 0x1988, 0x1989,
    0x0947, 0x0926, 0x2A0A, 0x7452, 0x4B0D, 0x2A29, 0x3A8A, 0x6BEF,
    0x7C0F, 0x6B8D, 0x842F, 0x8450, 0x638E, 0x29E7, 0x3A8A, 0x2A08,
    0x63F0, 0x5BD0, 0x6C52, 0x4B0D, 0x08E5, 0x00C4, 0x1146, 0x21C8,
    0x3209, 0x3229, 0x29C7, 0x31E7, 0x31E7, 0x39E7, 0x39C7, 0x31A6,
    0x2966, 0x2965, 0x3185, 0x2965, 0x2965, 0x3186, 0x3186, 0x3186,
    0x3186, 0x3186, 0x3186, 0x2965, 0x2965, 0x3186, 0x31C6, 0x1903,
    0x1903, 0x4249, 0x6BCF, 0x9535, 0x532D, 0x1946, 0x1126, 0x1167,
    0x1167, 0x1167, 0x1147, 0x0947, 0x0947, 0x0906, 0x0105, 0x2A09,
    0x4AEC, 0x4B0B, 0x52EB, 0x52EB, 0x52EB, 0x52EB, 0x29C6, 0x00A2,
    0x08C3, 0x08C3, 0x08C3, 0x08C3, 0x1104, 0x4A8A, 0x6B6D, 0x634D,
    0x5B0C, 0x5B2D, 0x5B2D, 0x428A, 0x2186, 0x1125, 0x1167, 0x19C9,
    0x2A4B, 0x3AEE, 0x4B4F, 0x2A4C, 0x0127, 0x0107, 0x3A6C, 0x3A2A,
    0x10C3, 0x2124, 0x2124, 0x2124, 0x2124, 0x2124, 0x2124, 0x2103,
    0x2104, 0x2104, 0x2124, 0x2124, 0x2124, 0x2104, 0x2124, 0x18E4,
    0x0041, 0x2125, 0x52EC, 0x534E, 0x7472, 0x6C31, 0x2209, 0x1166,
    0x1145, 0x0082, 0x00A3, 0x1966, 0x29E8, 0x29E7, 0x29A6, 0x39E7,
    0x39C7, 0x31A6, 0x39C6, 0x39C6, 0x39E7, 0x31C6, 0x31A6, 0x31A6,
    0x31C6, 0x31C6, 0x31A6, 0x39E6, 0x39E7, 0x39C6, 0x31C6, 0x31A6,
    0x31C6, 0x39C6, 0x39C6, 0x39E6, 0x31A6, 0x39C6, 0x39C6, 0x31C6,
    0x39E7, 0x39E6, 0x39C6, 0x39C6, 0x39E6, 0x39C6, 0x39C6, 0x39C6,
    0x31C6, 0x39C6, 0x39C6, 0x31A6, 0x39C6, 0x39E7, 0x39E7, 0x39E7,
    0x31A6, 0x39C6, 0x39C7, 0x2944, 0x2124, 0x2965, 0x2965, 0x2965,
    0x31C6, 0x39E6, 0x39E7, 0x2964, 0x2124, 0x31A6, 0x2124, 0x2124,
    0x18E3, 0x3185, 0x3186, 0x2965, 0x3186, 0x31C6, 0x31A6, 0x3186,
    0x39E7, 0x3186, 0x10A2, 0x18C3, 0x18E3, 0x18E4, 0x0882, 0x0021,
    0x08C4, 0x1105, 0x322A, 0x536F, 0x84D4, 0xB679, 0x84F3, 0x1146,
    0x1146, 0x1168, 0x0906, 0x1147, 0x1167, 0x1188, 0x1988, 0x1946,
    0x08C3, 0x1903, 0x2965, 0x39E6, 0x3A06, 0x39E6, 0x39E6, 0x39C6,
    0x2123, 0x18E2, 0x1924, 0x2167, 0x1167, 0x0968, 0x0968, 0x1168,
    0x0906, 0x08E5, 0x00C5, 0x5B8F, 0xBE79, 0xB638, 0x430C, 0x00E5,
    0x08E5, 0x1167, 0x7CD4, 0xAE39, 0xAE18, 0xB618, 0xADF7, 0xADD7,
    0xA5B6, 0x9D35, 0x9D75, 0xADD7, 0xA5B6, 0xA596, 0xA576, 0xA575,
    0xADD7, 0xB618, 0xADD7, 0x8CF3, 0x84B2, 0x84B2, 0x7C92, 0x84B2,
    0x7C71, 0x29E8, 0x4AEC, 0x84F3, 0x5B6E, 0x5B8E, 0x42CB, 0x3A8A,
    0x9DD7, 0x8D55, 0x2229, 0x2209, 0x7C93, 0x9576, 0x7CD3, 0x6C31,
    0x8D35, 0x9D96, 0x63F0, 0x21A7, 0x1126, 0x08C4, 0x1125, 0x5B8F,
    0x6411, 0x1167, 0x2209, 0x6C52, 0x536F, 0x2A4A, 0x324A, 0x326B,
    0x326B, 0x3ACC, 0x5B8E, 0x63CF, 0x536D, 0x3ACB, 0x328A, 0x328A,
    0x3AAB, 0x3ACC, 0x42EC, 0x32AB, 0x1167, 0x00C5, 0x00E5, 0x08E5,
    0x0905, 0x08E5, 0x08E5, 0x00C4, 0x08E5, 0x3A8B, 0x29C7, 0x1904,
    0x39E7, 0x5AEA, 0x52EA, 0x4248, 0x4AA9, 0x6B8D, 0xA554, 0x638D,
    0x29A6, 0x52CA, 0x94F3, 0x6BAE, 0x4248, 0x7BEE, 0xB5B5, 0xA574,
    0x636C, 0x7C4F, 0x7C2F, 0x0880, 0x73AC, 0xEF39, 0xE718, 0xEF18,
    0xD675, 0x83AA, 0x4A24, 0x62E7, 0x73CB, 0x6BCC, 0x7C4F, 0x7C4F,
    0x21E7, 0x0967, 0x0988, 0x0988, 0x09A8, 0x09A9, 0x0988, 0x1188,
    0x11A7, 0x2A69, 0x434A, 0x3B48, 0x3B68, 0x3B68, 0x3B68, 0x3B68,
    0x3B48, 0x3B27, 0x3307, 0x3307, 0x3307, 0x3307, 0x32E6, 0x3307,
    0x3306, 0x3327, 0x542B, 0x64AD, 0x5CAD, 0x5CAC, 0x5CAC, 0x5C8C,
    0x5C8C, 0x5C8C, 0x5CAC, 0x64AD, 0x74EF, 0x4B6A, 0x08C1, 0x0020,
    0x0020, 0x0040, 0x0841, 0x0861, 0x0861, 0x10A2, 0x10A2, 0x10A2,
    0x1903, 0x10A2, 0x0061, 0x0041, 0x0041, 0x0841, 0x0021, 0x0000,
    0x0000, 0x0021, 0x10C2, 0x3226, 0x53CB, 0x5C8C, 0x5C8C, 0x5C6C,
    0x5C8B, 0x5C8C, 0x5C8C, 0x5C6C, 0x542B, 0x2285, 0x1162, 0x1143,
    0x1123, 0x1123, 0x1143, 0x1143, 0x9490, 0x842E, 0x7BCD, 0x8C2E,
    0x8C2E, 0x840E, 0x840D, 0x840E, 0x83ED, 0xA511, 0xB594, 0xA532,
    0xA4F1, 0x9490, 0x8C4F, 0x840D, 0x948F, 0x9CB0, 0x946F, 0x9CD0,
    0xA4F1, 0x9CB0, 0xA4F1, 0xAD52, 0xA4F1, 0x9CF1, 0xA511, 0xAD32,
    0xAD53, 0xAD32, 0xAD52, 0xB573, 0xAD53, 0xAD52, 0xAD52, 0xA511,
    0xA4F1, 0xAD32, 0xA532, 0x8C4F, 0xA4F1, 0xCE56, 0x840E, 0x0840,
    0x1081, 0x18E3, 0x4A69, 0x31C6, 0x0861, 0x1082, 0x0841, 0x0861,
    0x1082, 0x1082, 0x18E3, 0x39E7, 0x4208, 0x18E3, 0x10A2, 0x1082,
    0x10A2, 0x18E3, 0x18E3, 0x2985, 0x738D, 0x7BCE, 0x738D, 0x632B,
    0x29A6, 0x1946, 0x1147, 0x19A9, 0x19E9, 0x19C8, 0x2A2A, 0x63F1,
    0x4B2E, 0x3A6A, 0x5B6E, 0x6BEF, 0x6BCE, 0x6B8D, 0x7C0F, 0x5B2C,
    0x63AF, 0x7472, 0x7CB3, 0x536E, 0x3AEC, 0x11A7, 0x2A4A, 0x6C31,
    0x42ED, 0x0905, 0x00C4, 0x1126, 0x21A7, 0x3209, 0x3208, 0x29A7,
    0x31A7, 0x39E7, 0x39E7, 0x39E7, 0x39E7, 0x31A7, 0x31C6, 0x31A6,
    0x31A6, 0x39E7, 0x39C7, 0x3186, 0x39C7, 0x31A6, 0x31A6, 0x39C7,
    0x39C6, 0x31A6, 0x31A6, 0x18E3, 0x1082, 0x31A6, 0x8CB3, 0xBE79,
    0x63AF, 0x3229, 0x2A2A, 0x0947, 0x11A9, 0x11A9, 0x0988, 0x0988,
    0x1188, 0x1188, 0x1188, 0x0926, 0x00E5, 0x00C4, 0x00A3, 0x0063,
    0x0042, 0x0021, 0x0041, 0x00A3, 0x00A3, 0x00A3, 0x00A3, 0x08C4,
    0x08A3, 0x0061, 0x0061, 0x0082, 0x0083, 0x00A3, 0x00A3, 0x0083,
    0x00A3, 0x0926, 0x1167, 0x11A9, 0x0927, 0x0947, 0x19A9, 0x19A9,
    0x1189, 0x0107, 0x21CA, 0x29E9, 0x1904, 0x2104, 0x2104, 0x2104,
    0x2124, 0x2124, 0x2104, 0x2104, 0x2104, 0x2124, 0x2124, 0x2104,
    0x2124, 0x2124, 0x2124, 0x2104, 0x0861, 0x0020, 0x0041, 0x0083,
    0x1146, 0x63F0, 0x7492, 0x3AAB, 0x2A08, 0x2A08, 0x1125, 0x21A7,
    0x8492, 0x8CD3, 0x4A8A, 0x31A6, 0x39C6, 0x39C6, 0x39C6, 0x31A6,
    0x31A6, 0x31A6, 0x31C6, 0x31A6, 0x31A6, 0x31C6, 0x31A6, 0x39C6,
    0x31A6, 0x31C6, 0x31C6, 0x31A5, 0x31A6, 0x31A6, 0x39C6, 0x39C6,
    0x39C6, 0x39C6, 0x39E7, 0x39C6, 0x39C6, 0x39E6, 0x39C6, 0x39C6,
    0x39E7, 0x39E6, 0x31C6, 0x31A5, 0x31C6, 0x39C6, 0x31C6, 0x39C6,
    0x39E6, 0x39C6, 0x39E6, 0x31C6, 0x31A6, 0x39C7, 0x4207, 0x39C7,
    0x31A6, 0x3186, 0x2965, 0x31A6, 0x39C6, 0x39C6, 0x39E7, 0x31A6,
    0x2124, 0x2965, 0x39C7, 0x2944, 0x2104, 0x31A6, 0x31A6, 0x31A6,
    0x39C6, 0x39C6, 0x39C6, 0x3186, 0x31A6, 0x31A6, 0x31A6, 0x4229,
    0x31A6, 0x10A2, 0x31C7, 0x5B0C, 0x3209, 0x0083, 0x0062, 0x0083,
    0x63D0, 0xBE99, 0x84D2, 0x0925, 0x0946, 0x0927, 0x0106, 0x0946,
    0x0947, 0x0967, 0x0947, 0x0946, 0x0946, 0x0926, 0x0905, 0x08E5,
    0x00E5, 0x08E5, 0x0905, 0x0926, 0x1146, 0x1967, 0x1967, 0x1167,
    0x1167, 0x0967, 0x0947, 0x0947, 0x00E6, 0x0906, 0x0905, 0x538F,
    0xB679, 0xB638, 0x42EB, 0x00E4, 0x08E5, 0x1967, 0x84F4, 0x5B8E,
    0x3A69, 0x7410, 0x6BCF, 0x5B4D, 0x530C, 0x3A49, 0x29A6, 0x2165,
    0x1945, 0x1925, 0x10E3, 0x1904, 0x2145, 0x2165, 0x1925, 0x08C3,
    0x1124, 0x3A8A, 0x534D, 0x5B6E, 0x532D, 0x42CB, 0x2A08, 0x21C7,
    0x2A08, 0x536E, 0x5B8E, 0x4B2C, 0x3AAB, 0x328A, 0x432C, 0x7492,
    0x84D4, 0x9555, 0x8D14, 0x63EF, 0x7C92, 0xB639, 0xB659, 0x4B0D,
    0x1146, 0x1105, 0x08E4, 0x0905, 0x4B2D, 0x6411, 0x1167, 0x11A8,
    0x63F1, 0x7493, 0x7493, 0x7CF4, 0x84F5, 0x7CD4, 0x7472, 0x7472,
    0x74B3, 0x7493, 0x6C31, 0x63F1, 0x63F1, 0x6C11, 0x6C32, 0x7CD4,
    0x6411, 0x1988, 0x0906, 0x1127, 0x1127, 0x1127, 0x1127, 0x1106,
    0x1126, 0x3A6A, 0x3A49, 0x2966, 0x4228, 0x5289, 0x52AA, 0x5B0B,
    0x5AEA, 0x842F, 0xA533, 0x636C, 0x52CA, 0x4AA9, 0x8C91, 0x6B8D,
    0x4248, 0x842F, 0xA554, 0x9D34, 0x8C91, 0x8470, 0x94F2, 0x3206,
    0x630A, 0xEF3A, 0xEF3A, 0xF75A, 0xF79B, 0xD676, 0x944D, 0x6329,
    0x4246, 0x3A46, 0x7C2E, 0x8490, 0x2207, 0x0967, 0x0988, 0x0988,
    0x09A8, 0x11A9, 0x0988, 0x0988, 0x11A7, 0x3289, 0x434A, 0x3B48,
    0x3B68, 0x3B68, 0x3B68, 0x3B68, 0x3B48, 0x3B28, 0x3307, 0x32E7,
    0x32E7, 0x32E7, 0x2AE6, 0x32E6, 0x32E7, 0x3327, 0x544B, 0x64AD,
    0x5CAC, 0x5CAC, 0x5CAC, 0x5CAC, 0x5CAC, 0x5C8C, 0x5CAC, 0x5CAC,
    0x64CD, 0x6CEE, 0x4329, 0x0901, 0x0020, 0x0020, 0x0020, 0x0020,
    0x0020, 0x0841, 0x0841, 0x0040, 0x0020, 0x0020, 0x0020, 0x0020,
    0x0020, 0x0020, 0x0000, 0x0020, 0x0040, 0x10C2, 0x3246, 0x53CB,
    0x5C6C, 0x5C8C, 0x5C8C, 0x5C8C, 0x5C8C, 0x5C8C, 0x5C6B, 0x546B,
    0x540B, 0x2265, 0x0942, 0x1122, 0x1923, 0x1123, 0x1143, 0x1143,
    0x9CB0, 0x7BCD, 0x840E, 0x83ED, 0x738B, 0x8C2E, 0x7BCC, 0x738B,
    0x7BED, 0x842E, 0x9CF1, 0xA532, 0x8C2E, 0x8C2E, 0x946F, 0x840D,
    0x948F, 0xAD52, 0xB573, 0xC615, 0xC615, 0xB573, 0xAD52, 0xAD73,
    0x9CF1, 0x9CD0, 0x9CD0, 0xAD53, 0xBDB4, 0xB5B4, 0xB593, 0xA512,
    0xA511, 0x9CD0, 0x948F, 0x9CF1, 0x948F, 0x8C4E, 0xAD52, 0x9CD1,
    0xA4F1, 0xB5B4, 0x5AC9, 0x0000, 0x0840, 0x10A2, 0x4A49, 0x31A6,
    0x1082, 0x1081, 0x18C2, 0x3185, 0x31A6, 0x2103, 0x0861, 0x18E3,
    0x31A7, 0x18C3, 0x1082, 0x1082, 0x1082, 0x1082, 0x10A2, 0x18E3,
    0x2144, 0x31A6, 0x4A89, 0x52CB, 0x31E8, 0x1945, 0x1126, 0x324A,
    0x536F, 0x4B2E, 0x4AEC, 0x63AF, 0x84D4, 0x8CF4, 0x8CD4, 0x9535,
    0x84B2, 0x3228, 0x1945, 0x1966, 0x1966, 0x1987, 0x4AED, 0x7473,
    0x5BD0, 0x11A8, 0x00C4, 0x2A09, 0x5BB0, 0x4B2D, 0x1125, 0x0905,
    0x4ACC, 0x3229, 0x2186, 0x29A6, 0x2986, 0x31C6, 0x31C6, 0x31C6,
    0x3186, 0x2965, 0x31A6, 0x39E7, 0x3186, 0x31A6, 0x31A6, 0x3186,
    0x39C7, 0x3186, 0x3186, 0x31A6, 0x39E7, 0x39E7, 0x31A6, 0x18E3,
    0x0020, 0x1904, 0x4AEB, 0x534D, 0x42AB, 0x5BAF, 0x7CB4, 0x3AAC,
    0x0947, 0x11A9, 0x09A8, 0x0988, 0x11A8, 0x1188, 0x1188, 0x1188,
    0x0926, 0x00E5, 0x00C4, 0x00A3, 0x08A3, 0x0883, 0x0862, 0x0061,
    0x0061, 0x0862, 0x0062, 0x0062, 0x0062, 0x0882, 0x08A2, 0x1104,
    0x08C3, 0x08A3, 0x10E4, 0x08C4, 0x08E5, 0x0905, 0x1167, 0x11A9,
    0x0947, 0x00C5, 0x00C5, 0x1188, 0x0948, 0x0927, 0x0927, 0x08E5,
    0x1925, 0x1904, 0x18E3, 0x2104, 0x2124, 0x2124, 0x2124, 0x2124,
    0x2124, 0x2124, 0x2124, 0x2104, 0x2124, 0x2104, 0x2104, 0x2104,
    0x0861, 0x0021, 0x0882, 0x08C4, 0x00A3, 0x0905, 0x536E, 0x8D15,
    0x9535, 0x9D76, 0x7431, 0x532D, 0x8CF3, 0x9514, 0x4A8A, 0x31A6,
    0x39C6, 0x39C6, 0x31A6, 0x39C7, 0x39C7, 0x39C6, 0x39C6, 0x31A6,
    0x31A5, 0x31A6, 0x31A6, 0x31C6, 0x31C6, 0x31A6, 0x39C6, 0x39C6,
    0x39E7, 0x39C6, 0x31C6, 0x39C6, 0x39C6, 0x39C6, 0x39E6, 0x31A5,
    0x31A6, 0x39C6, 0x39E7, 0x39E6, 0x39E7, 0x39C7, 0x31C6, 0x31A5,
    0x31A6, 0x31C6, 0x31C6, 0x39E6, 0x39E7, 0x39C6, 0x31C6, 0x31A6,
    0x39C7, 0x39E7, 0x39C7, 0x39E7, 0x39E7, 0x39E7, 0x39C6, 0x39C7,
    0x39E6, 0x39C6, 0x3A07, 0x39E6, 0x31A6, 0x2965, 0x39A6, 0x31A6,
    0x31A6, 0x39C6, 0x3186, 0x39C6, 0x39E7, 0x39C7, 0x39C7, 0x31A6,
    0x31A6, 0x3186, 0x2124, 0x3186, 0x39E8, 0x2986, 0x52EC, 0x9D34,
    0x9D35, 0x4AEC, 0x1104, 0x1966, 0x9535, 0xC6BA, 0x9534, 0x534D,
    0x6C31, 0x538F, 0x5BD0, 0x7472, 0x6C31, 0x5BD0, 0x63F0, 0x6411,
    0x63F0, 0x63F0, 0x6C10, 0x6C10, 0x6410, 0x6C11, 0x6C31, 0x6C31,
    0x6C31, 0x6C31, 0x6C32, 0x6C52, 0x6C52, 0x6C52, 0x6C52, 0x63F1,
    0x63F0, 0x7493, 0x7C93, 0x9555, 0xBE59, 0xB638, 0x42EC, 0x0105,
    0x08E5, 0x1946, 0x84B3, 0x5B4D, 0x10E3, 0x31E7, 0x31E7, 0x31E7,
    0x31E7, 0x31C7, 0x2985, 0x2165, 0x2986, 0x2144, 0x18E3, 0x1924,
    0x08A2, 0x08A2, 0x18E3, 0x08A2, 0x3A28, 0x9534, 0x84B2, 0x6BEF,
    0x4AEC, 0x532C, 0x4B0C, 0x3A8A, 0x42AA, 0x5B6E, 0x7451, 0x7CB2,
    0x3269, 0x538E, 0x8D76, 0x6C92, 0x2208, 0x2A29, 0x1146, 0x00A3,
    0x00C3, 0x42CC, 0x9DB6, 0x538E, 0x1166, 0x0905, 0x1125, 0x1966,
    0x21A7, 0x42CB, 0x2A29, 0x0105, 0x0905, 0x1987, 0x19C8, 0x1167,
    0x0946, 0x0926, 0x0926, 0x0925, 0x0105, 0x00E5, 0x00E5, 0x00E5,
    0x00E5, 0x0925, 0x1967, 0x2A09, 0x430D, 0x222A, 0x0926, 0x1126,
    0x1967, 0x1968, 0x0926, 0x0906, 0x0906, 0x2A09, 0x42AB, 0x3A28,
    0x39C7, 0x4A69, 0x4228, 0x5289, 0x4A89, 0x6B8D, 0x94F2, 0x632C,
    0x4A89, 0x5AEA, 0x9CF3, 0x5B0B, 0x5B0B, 0x8C91, 0x94D2, 0x634C,
    0x8CD2, 0x94F2, 0xB5D6, 0x7C2E, 0x4A47, 0xD697, 0xFF9B, 0xF77B,
    0xEF3A, 0xE719, 0xF77B, 0xC5F5, 0x4246, 0x29C4, 0x848F, 0x84B0,
    0x2A08, 0x0967, 0x0988, 0x1188, 0x09A8, 0x11A9, 0x0988, 0x0988,
    0x11A7, 0x2A89, 0x3B4A, 0x3B28, 0x3B68, 0x3B68, 0x3B68, 0x3B68,
    0x3B48, 0x3327, 0x3307, 0x32E7, 0x32E6, 0x32E6, 0x2AE6, 0x2AE6,
    0x32E6, 0x3307, 0x542B, 0x64AD, 0x5C8C, 0x5CAC, 0x5CAC, 0x5C8C,
    0x5CAC, 0x5C8C, 0x5CAC, 0x5CAC, 0x5CAC, 0x5C8C, 0x648D, 0x4B8A,
    0x21A4, 0x0040, 0x0000, 0x0000, 0x0000, 0x0000, 0x0000, 0x0020,
    0x0020, 0x0020, 0x0000, 0x0000, 0x0020, 0x0020, 0x0020, 0x0861,
    0x1943, 0x3AC8, 0x5C0C, 0x5C6C, 0x5C8B, 0x5C8C, 0x5C6C, 0x5C6C,
    0x5C8C, 0x5C8C, 0x546B, 0x544B, 0x542B, 0x2265, 0x0942, 0x1122,
    0x1923, 0x1123, 0x1123, 0x1143, 0x8C2E, 0x840D, 0x842E, 0x83ED,
    0x8C4E, 0xAD53, 0xA511, 0x840D, 0x83ED, 0x9CD1, 0xAD73, 0xB593,
    0x9CD1, 0x9CB0, 0xA4F1, 0xA511, 0xA511, 0xA4F1, 0x9CF1, 0xA511,
    0xA4F1, 0x9CD0, 0xA4F1, 0x9CD0, 0x840D, 0x83ED, 0x83ED, 0x8C4E,
    0x94B0, 0xA4F1, 0x9CD1, 0xA512, 0xAD32, 0xAD52, 0xB573, 0xAD32,
    0x948F, 0x946F, 0xA511, 0xA511, 0xA511, 0xB593, 0x630A, 0x0000,
    0x0861, 0x10A3, 0x4229, 0x3186, 0x0861, 0x18E3, 0x840F, 0xAD54,
    0xAD54, 0x83EF, 0x18E3, 0x18E3, 0x31A7, 0x18E3, 0x10A2, 0x10A2,
    0x10A2, 0x31A6, 0x31A6, 0x2965, 0x2986, 0x2145, 0x2124, 0x1924,
    0x1945, 0x10E4, 0x1987, 0x63D0, 0xA596, 0xADD7, 0xADD7, 0xBE59,
    0xA5D7, 0x7C72, 0x7451, 0x6BF0, 0x534E, 0x21C7, 0x0904, 0x08E4,
    0x08E5, 0x08C4, 0x08E4, 0x3A8B, 0x8D35, 0x6C32, 0x0905, 0x00E5,
    0x21C8, 0x63D0, 0x7451, 0x6BD0, 0x8492, 0x4AAB, 0x52EB, 0x6BAE,
    0x4AAA, 0x2986, 0x31C7, 0x39E7, 0x31A6, 0x2965, 0x31A6, 0x39E7,
    0x2965, 0x2965, 0x3186, 0x31A6, 0x31A6, 0x2965, 0x3186, 0x31A6,
    0x39C7, 0x39E7, 0x31A6, 0x18C3, 0x0000, 0x10A3, 0x2186, 0x29C8,
    0x3208, 0x3209, 0x63AF, 0x8D15, 0x4B2E, 0x0967, 0x11A8, 0x11A8,
    0x11A8, 0x222A, 0x222A, 0x19C9, 0x19A8, 0x00A3, 0x0062, 0x0062,
    0x0062, 0x0861, 0x0841, 0x0841, 0x0841, 0x0841, 0x0841, 0x0841,
    0x0841, 0x0841, 0x0861, 0x0882, 0x0061, 0x0041, 0x0041, 0x0882,
    0x10E5, 0x21C8, 0x1188, 0x11A9, 0x11A9, 0x1188, 0x11A9, 0x11A9,
    0x0927, 0x0907, 0x1148, 0x1105, 0x1904, 0x1904, 0x2104, 0x2103,
    0x2124, 0x2124, 0x2124, 0x2104, 0x2124, 0x2104, 0x2104, 0x2104,
    0x2124, 0x18E3, 0x2104, 0x2104, 0x0841, 0x0021, 0x08A3, 0x1105,
    0x1126, 0x00E5, 0x00E4, 0x21C8, 0x3A6A, 0x3A8A, 0x42AB, 0x3A69,
    0x29E7, 0x29E7, 0x29A6, 0x3186, 0x31A6, 0x39C6, 0x39C7, 0x39E7,
    0x39C7, 0x39C7, 0x39C6, 0x39C6, 0x39E7, 0x39C6, 0x39C6, 0x31A5,
    0x31A5, 0x31C6, 0x31C6, 0x31A6, 0x31A6, 0x31C6, 0x39C6, 0x39C6,
    0x39C6, 0x31C6, 0x39C6, 0x39E6, 0x39E7, 0x39C6, 0x39C6, 0x31C6,
    0x39A6, 0x31A6, 0x31A6, 0x31C6, 0x39C6, 0x39E7, 0x31C6, 0x39A6,
    0x39C6, 0x39C7, 0x39C6, 0x31C6, 0x39C6, 0x3A07, 0x3A07, 0x39E7,
    0x39E7, 0x39E7, 0x39E7, 0x39E7, 0x39E7, 0x39C6, 0x39E7, 0x39C6,
    0x31A6, 0x39C7, 0x39E7, 0x39E7, 0x31A6, 0x39C6, 0x31A6, 0x31A6,
    0x39C7, 0x39E7, 0x39C7, 0x31A6, 0x31A6, 0x39C6, 0x18C3, 0x1904,
    0x2145, 0x2966, 0x2986, 0x29C7, 0x73F0, 0xA597, 0x9514, 0x9535,
    0xBE9A, 0xC69A, 0xB638, 0xB658, 0xBE99, 0xBE79, 0xC6BA, 0xC6DA,
    0xC6BA, 0xC6BA, 0xC6BA, 0xC6BA, 0xC6BA, 0xC6DA, 0xC6DA, 0xC6DA,
    0xC6DA, 0xCEDA, 0xCEDA, 0xCEFA, 0xCEFA, 0xCEFB, 0xCEDA, 0xCEFA,
    0xCEDA, 0xCEFA, 0xCEDB, 0xC6BA, 0xC6BA, 0xC6DB, 0xCEFB, 0xC6BA,
    0xBE79, 0xBE38, 0x4B0C, 0x0105, 0x08E5, 0x1126, 0x8493, 0x5B2C,
    0x10C2, 0x31A6, 0x0841, 0x0000, 0x0841, 0x10A2, 0x2104, 0x2144,
    0x2965, 0x2124, 0x18C3, 0x10C3, 0x0041, 0x0041, 0x0841, 0x0021,
    0x10A2, 0x31E7, 0x2165, 0x1924, 0x08E3, 0x08A3, 0x10E3, 0x2165,
    0x2165, 0x0081, 0x1924, 0x3208, 0x21E7, 0x6C51, 0x7CF4, 0x6431,
    0x1166, 0x00C4, 0x0083, 0x00A4, 0x00A4, 0x1166, 0x7CD3, 0x536E,
    0x1167, 0x0905, 0x08E5, 0x2187, 0x3208, 0x3208, 0x42AB, 0x2187,
    0x10E4, 0x2167, 0x2187, 0x0906, 0x0906, 0x0106, 0x0106, 0x0126,
    0x0106, 0x0906, 0x0926, 0x0906, 0x0906, 0x1126, 0x21A8, 0x1966,
    0x21C8, 0x29E9, 0x08E4, 0x08E4, 0x1967, 0x1126, 0x08E5, 0x0906,
    0x08E6, 0x21E9, 0x3209, 0x31C7, 0x2985, 0x31A6, 0x31A6, 0x39C7,
    0x4228, 0x4228, 0x94B2, 0x7BEF, 0x4A89, 0x8450, 0xA554, 0x52CA,
    0x4A89, 0x73EE, 0x9D33, 0x638D, 0x7C50, 0x8CD1, 0x6BAD, 0x4A67,
    0x39E5, 0x62E9, 0xB573, 0xDEB8, 0xE719, 0xEF7A, 0xF79B, 0xD6B8,
    0x5B09, 0x3226, 0x84B0, 0x84B0, 0x2A28, 0x0967, 0x0968, 0x1188,
    0x09A9, 0x09A8, 0x0988, 0x1188, 0x11A7, 0x2248, 0x3B29, 0x3B28,
    0x3B48, 0x3B48, 0x3B48, 0x3B68, 0x3B47, 0x3327, 0x32E7, 0x2AE6,
    0x2AC6, 0x2AE6, 0x2AE6, 0x32E6, 0x32E6, 0x3327, 0x5C6B, 0x64AD,
    0x5CAC, 0x5C8C, 0x5C8C, 0x5C8C, 0x5CAC, 0x5CAC, 0x64AC, 0x5CAC,
    0x5CAC, 0x5C8C, 0x5C8C, 0x648D, 0x644D, 0x42E9, 0x1943, 0x0040,
    0x0000, 0x0000, 0x0000, 0x0000, 0x0000, 0x0000, 0x0000, 0x0000,
    0x0021, 0x0861, 0x1924, 0x3267, 0x538A, 0x5C4C, 0x5C6C, 0x548C,
    0x5C8C, 0x5C8C, 0x5C8C, 0x5C8C, 0x5C8C, 0x5C6B, 0x546B, 0x5C6C,
    0x542B, 0x2245, 0x1142, 0x1123, 0x1923, 0x1123, 0x1123, 0x1143,
    0x94AF, 0x948F, 0x8C4E, 0x94B0, 0x948F, 0x9490, 0x8C6F, 0x840D,
    0x8C4F, 0x9490, 0xAD32, 0xB594, 0xB5B4, 0xBDD5, 0xAD73, 0x9CF1,
    0xAD53, 0xAD73, 0xA512, 0xA4F1, 0x94B0, 0x9CF1, 0x948F, 0x8C4E,
    0x948F, 0x8C6F, 0x8C2E, 0x946F, 0x738B, 0x6B4A, 0x8C2E, 0xA4D1,
    0xA4F1, 0xAD32, 0xB593, 0xBD94, 0x9CD0, 0x9CB0, 0xB593, 0xB573,
    0xB573, 0xBDD5, 0x6B4B, 0x0820, 0x0861, 0x18C3, 0x4A6A, 0x3186,
    0x0861, 0x2124, 0x7BAE, 0x630B, 0x62EB, 0x52AA, 0x18E3, 0x18E3,
    0x31A6, 0x3185, 0x3185, 0x3185, 0x3185, 0x52AA, 0x5289, 0x52AA,
    0x5B0C, 0x5AEB, 0x5AEB, 0x2145, 0x2145, 0x3A29, 0x8CD3, 0xADF7,
    0xA576, 0x9514, 0x8CD3, 0x9D55, 0x6BF0, 0x1986, 0x3209, 0x1986,
    0x00C3, 0x00A3, 0x00A3, 0x00A4, 0x08E5, 0x08C4, 0x1126, 0x1146,
    0x6C31, 0x9576, 0x536E, 0x0905, 0x00C4, 0x21A8, 0x5B6E, 0x6BF0,
    0x6BEF, 0x6BAE, 0x5B4C, 0x636D, 0x4248, 0x39E7, 0x4228, 0x31C6,
    0x31A6, 0x31C6, 0x31A6, 0x31C6, 0x3186, 0x3186, 0x2965, 0x31A6,
    0x31A6, 0x2965, 0x31A6, 0x3186, 0x31A6, 0x31A6, 0x31C7, 0x18C3,
    0x0861, 0x1904, 0x2186, 0x3209, 0x426A, 0x29C7, 0x08E4, 0x4B0C,
    0x9535, 0x5B8F, 0x11A8, 0x11A8, 0x19C9, 0x5BF1, 0x6411, 0x21E9,
    0x2A08, 0x10E4, 0x08A2, 0x10A2, 0x0882, 0x1082, 0x0861, 0x0861,
    0x0861, 0x0861, 0x0861, 0x0861, 0x0862, 0x1082, 0x1082, 0x0882,
    0x0861, 0x0841, 0x0841, 0x0021, 0x1925, 0x5BB0, 0x224B, 0x0988,
    0x2A8C, 0x53D1, 0x5BD1, 0x2A6B, 0x0947, 0x0927, 0x1147, 0x1105,
    0x1904, 0x1904, 0x2124, 0x2124, 0x2104, 0x2124, 0x2124, 0x2104,
    0x2124, 0x2124, 0x2124, 0x2124, 0x2124, 0x2104, 0x2104, 0x2104,
    0x0861, 0x0021, 0x08A3, 0x1106, 0x1147, 0x1168, 0x0926, 0x00C5,
    0x00E5, 0x0905, 0x0905, 0x1966, 0x3A69, 0x5B6D, 0x3A08, 0x29A6,
    0x31A6, 0x39C6, 0x39C6, 0x39E6, 0x39C6, 0x39C6, 0x31C6, 0x39C6,
    0x39C6, 0x39C6, 0x31C6, 0x31A6, 0x31A5, 0x31C6, 0x39E6, 0x39C6,
    0x31A6, 0x31A6, 0x31A6, 0x31C6, 0x39C6, 0x31A6, 0x31A6, 0x4207,
    0x4228, 0x39E7, 0x39E6, 0x39C6, 0x39C6, 0x39C7, 0x39C6, 0x31A6,
    0x39C6, 0x39C7, 0x39C7, 0x39E7, 0x31A6, 0x31A6, 0x39C6, 0x31C6,
    0x31A6, 0x39E6, 0x39E7, 0x31C6, 0x39C7, 0x39C7, 0x31A6, 0x39C7,
    0x39E7, 0x39E7, 0x39E7, 0x39E7, 0x31A6, 0x39C6, 0x39E7, 0x39E7,
    0x39C6, 0x39C6, 0x39E7, 0x39E7, 0x39E7, 0x39E7, 0x39C7, 0x31A6,
    0x31A6, 0x3186, 0x2104, 0x2986, 0x1924, 0x10C3, 0x10E3, 0x1925,
    0x2166, 0x428B, 0x638F, 0x5B8E, 0x9D96, 0xC6BA, 0xBE58, 0xBE79,
    0xCEFA, 0xBE78, 0xC699, 0xD71B, 0xD6FA, 0xCEB9, 0xCEBA, 0xC699,
    0xCEDA, 0xCEFA, 0xCEDA, 0xCEBA, 0xCEBA, 0xCEBA, 0xCEBA, 0xC679,
    0xBE78, 0xC699, 0xCEB9, 0xC6B9, 0xC6B9, 0xC699, 0xBE78, 0xADF7,
    0x9D54, 0xB618, 0xC69A, 0xCEBA, 0xCEBA, 0xBE58, 0x532D, 0x00E5,
    0x08E4, 0x1946, 0x8CD3, 0x5B4C, 0x10A2, 0x39E7, 0x2945, 0x0841,
    0x0841, 0x0841, 0x0841, 0x0820, 0x0820, 0x0841, 0x0840, 0x0020,
    0x0000, 0x0000, 0x0000, 0x0000, 0x0000, 0x0000, 0x0000, 0x0020,
    0x0021, 0x0041, 0x0041, 0x0061, 0x0041, 0x0061, 0x08A2, 0x2165,
    0x1965, 0x538E, 0x7CF4, 0x6452, 0x1187, 0x21C8, 0x3A6A, 0x324A,
    0x1126, 0x1987, 0x84F4, 0x538F, 0x1167, 0x0926, 0x08E5, 0x1105,
    0x08C3, 0x2145, 0x31E7, 0x2146, 0x2125, 0x2145, 0x10C3, 0x08E5,
    0x1167, 0x1188, 0x1168, 0x0988, 0x1188, 0x1168, 0x1168, 0x0947,
    0x08E6, 0x0906, 0x2146, 0x0882, 0x0062, 0x0882, 0x10C3, 0x10A3,
    0x08C3, 0x08A4, 0x08E5, 0x0906, 0x08E6, 0x2A0A, 0x3A4A, 0x31C7,
    0x2944, 0x2985, 0x2985, 0x39C6, 0x4228, 0x29A6, 0x5B0B, 0x94D2,
    0x9D34, 0xA574, 0x73CE, 0x4248, 0x4248, 0x73CE, 0x9513, 0x6B8D,
    0x5B2B, 0x632B, 0x3A06, 0x18E1, 0x3184, 0x39A4, 0x3983, 0x39C5,
    0x62E9, 0x9CD1, 0xCE57, 0xBDD5, 0x4AC8, 0x3226, 0x84B0, 0x84B1,
    0x2A28, 0x0967, 0x0988, 0x0988, 0x11A9, 0x09A9, 0x0988, 0x1188,
    0x1187, 0x2227, 0x3B09, 0x3307, 0x3B27, 0x3B48, 0x3B48, 0x3B48,
    0x3347, 0x3327, 0x32E6, 0x2AC6, 0x2AC6, 0x2AC6, 0x2AC6, 0x2AC6,
    0x2AE6, 0x3327, 0x5C6B, 0x64AC, 0x5CAC, 0x5CAC, 0x5CAC, 0x5CAC,
    0x5CAC, 0x5C8C, 0x5C8C, 0x5CAC, 0x5CAC, 0x5C8C, 0x5C8C, 0x648C,
    0x64AD, 0x6CAE, 0x5C0C, 0x4329, 0x3226, 0x1964, 0x10E2, 0x08C1,
    0x08A1, 0x08A1, 0x08C2, 0x1103, 0x21C5, 0x3A88, 0x538B, 0x642D,
    0x5C6D, 0x5C6C, 0x5C8C, 0x5C8C, 0x5C8C, 0x5C8C, 0x5C8C, 0x5C8C,
    0x5C8C, 0x5C6C, 0x5C6B, 0x5C8C, 0x540B, 0x2245, 0x1142, 0x1123,
    0x1123, 0x1923, 0x1123, 0x1143, 0xA511, 0x9CD0, 0x946F, 0x948F,
    0x946F, 0x8C6F, 0x9CB0, 0x9CF1, 0xAD53, 0xB5B4, 0xA512, 0xAD73,
    0xBDD5, 0xB5B4, 0xAD73, 0xA532, 0xB594, 0xBDD4, 0xA512, 0x946F,
    0x948F, 0x9CF1, 0x9CB0, 0x9CD1, 0xAD73, 0xAD53, 0xB573, 0xC636,
    0xBDD4, 0xB594, 0xC616, 0xC5D5, 0xAD52, 0xA4F1, 0x9C8F, 0xB553,
    0xB573, 0xAD32, 0xA4F1, 0xAD32, 0xB573, 0x9CD1, 0x4206, 0x1060,
    0x18C2, 0x2124, 0x4A8A, 0x2965, 0x1082, 0x10A2, 0x18A2, 0x0840,
    0x1061, 0x10A2, 0x10A2, 0x20E3, 0x31A6, 0x3165, 0x3185, 0x3165,
    0x2965, 0x52AA, 0x738D, 0x8430, 0x8410, 0x73AE, 0x738E, 0x4229,
    0x1925, 0x3A29, 0x8492, 0x63AE, 0x3208, 0x1125, 0x08E3, 0x42CB,
    0x42AB, 0x00A3, 0x1105, 0x6BF0, 0x4ACB, 0x08A3, 0x10E4, 0x29A7,
    0x6BD0, 0x2187, 0x1105, 0x1105, 0x5BAF, 0x6410, 0x5BCF, 0x536E,
    0x1126, 0x00A4, 0x0905, 0x1125, 0x29C7, 0x4AAA, 0x4AAA, 0x4248,
    0x3A07, 0x3A07, 0x3A07, 0x39C6, 0x39C6, 0x39E7, 0x39C7, 0x39C7,
    0x31A6, 0x39C6, 0x3186, 0x31A6, 0x31A6, 0x31A6, 0x39C7, 0x3186,
    0x3186, 0x31A6, 0x39C7, 0x18E3, 0x4A69, 0x52CB, 0x5B4D, 0x8472,
    0x636D, 0x2166, 0x10E4, 0x08E4, 0x42CC, 0x8D15, 0x6C11, 0x19C8,
    0x21E8, 0x7CD4, 0x8515, 0x1987, 0x08A3, 0x10C3, 0x10A2, 0x1082,
    0x10A2, 0x1082, 0x0861, 0x0861, 0x0841, 0x0841, 0x0861, 0x0841,
    0x0861, 0x0861, 0x0861, 0x0841, 0x0861, 0x0841, 0x0061, 0x0021,
    0x1946, 0x6431, 0x2AAC, 0x0988, 0x222A, 0x2A8C, 0x430E, 0x2A6C,
    0x0948, 0x0927, 0x1147, 0x1105, 0x1904, 0x2124, 0x2124, 0x2124,
    0x2124, 0x2124, 0x2124, 0x2124, 0x2124, 0x2124, 0x2124, 0x2104,
    0x2104, 0x2104, 0x2104, 0x2103, 0x0841, 0x0021, 0x08A4, 0x1146,
    0x1188, 0x11A9, 0x11A9, 0x0927, 0x00E6, 0x1127, 0x1105, 0x3A4A,
    0xA596, 0xBE79, 0x5B4C, 0x31C6, 0x3A07, 0x39E6, 0x39E6, 0x39E7,
    0x31A6, 0x31A6, 0x39C6, 0x39C6, 0x3185, 0x31A6, 0x31A5, 0x2985,
    0x31A6, 0x39C6, 0x3A07, 0x39E7, 0x3185, 0x31A6, 0x31A6, 0x39C6,
    0x39E7, 0x39C6, 0x39C7, 0x39C6, 0x39E6, 0x39C6, 0x39C6, 0x39E6,
    0x39C6, 0x39C6, 0x39E6, 0x39C6, 0x39C6, 0x39C6, 0x39C7, 0x39C7,
    0x39C6, 0x31A6, 0x39C7, 0x39E6, 0x39C6, 0x39E6, 0x31C6, 0x3185,
    0x31A6, 0x39C7, 0x31A6, 0x39C7, 0x31C6, 0x39C6, 0x39E6, 0x39C6,
    0x39C6, 0x39C6, 0x39E6, 0x31A6, 0x39C7, 0x31C6, 0x31C6, 0x3A07,
    0x39E7, 0x31C6, 0x39E7, 0x39C6, 0x39C7, 0x3185, 0x31C6, 0x52AA,
    0x4249, 0x1904, 0x0882, 0x1925, 0x1946, 0x1946, 0x1125, 0x1966,
    0x8D15, 0xC6BA, 0x9554, 0x42AA, 0x532D, 0x3A6A, 0x3228, 0x530C,
    0x532C, 0x530C, 0x530C, 0x4AEB, 0x4AEC, 0x532C, 0x4B0C, 0x4AEB,
    0x4ACB, 0x42AB, 0x42CB, 0x428A, 0x3A69, 0x42AA, 0x42AA, 0x42AA,
    0x4ACB, 0x42CB, 0x42AA, 0x3229, 0x1166, 0x21C8, 0x2A08, 0x7430,
    0xC699, 0xBE38, 0x532C, 0x00E4, 0x08C4, 0x1945, 0x8CD3, 0x636D,
    0x08C2, 0x3A28, 0x2965, 0x10A2, 0x18C3, 0x10A2, 0x2924, 0x39A5,
    0x3985, 0x3144, 0x2923, 0x2903, 0x20E3, 0x2103, 0x20E2, 0x20E2,
    0x20E2, 0x2103, 0x20E3, 0x20E2, 0x20E3, 0x2103, 0x18E3, 0x1081,
    0x10C3, 0x10C3, 0x10C3, 0x29A6, 0x1124, 0x4B4D, 0x7CF4, 0x5BD0,
    0x1166, 0x84D3, 0xAE18, 0xA5B6, 0x42AB, 0x1986, 0x9576, 0x63F0,
    0x0967, 0x1147, 0x08E5, 0x1926, 0x2166, 0x1904, 0x31C7, 0x39C7,
    0x39C7, 0x31A6, 0x10E4, 0x10E5, 0x1167, 0x1188, 0x0988, 0x0989,
    0x0989, 0x0988, 0x0988, 0x0948, 0x0906, 0x1106, 0x3A29, 0x1924,
    0x10A3, 0x2104, 0x2124, 0x10A3, 0x10A3, 0x10C4, 0x08E5, 0x08E6,
    0x08E6, 0x2A09, 0x3A29, 0x2145, 0x2945, 0x4228, 0x3A07, 0x4248,
    0x52CA, 0x4248, 0x39E7, 0x4A89, 0x52CA, 0x52CA, 0x4A69, 0x4A89,
    0x4248, 0x52CA, 0x634C, 0x52CA, 0x3A07, 0x1902, 0x18C1, 0x10A0,
    0x1080, 0x2902, 0x2102, 0x18A1, 0x1080, 0x2943, 0x5288, 0x632A,
    0x4267, 0x3247, 0x8490, 0x8491, 0x2A28, 0x0967, 0x0988, 0x1188,
    0x11A9, 0x11A8, 0x0988, 0x1188, 0x1187, 0x2207, 0x3AE9, 0x3307,
    0x3327, 0x3B48, 0x3348, 0x3348, 0x3327, 0x3307, 0x2AE6, 0x2AC6,
    0x2AC6, 0x2AA6, 0x2AC6, 0x2AC6, 0x2AE6, 0x3327, 0x544B, 0x5C8C,
    0x5C8C, 0x5CAC, 0x5CAC, 0x5CAC, 0x5C8C, 0x5C8C, 0x5C8C, 0x5C8C,
    0x5C8C, 0x5C8C, 0x5C8C, 0x5C6C, 0x5C6C, 0x5C8C, 0x5C8D, 0x64AD,
    0x648E, 0x5C2C, 0x53CB, 0x53AA, 0x538A, 0x4B6A, 0x536A, 0x53AB,
    0x5C0C, 0x646C, 0x5C8C, 0x5C8C, 0x5C8C, 0x5CAC, 0x5CAC, 0x5CAC,
    0x5C8C, 0x648C, 0x5C8C, 0x5C8C, 0x5C8C, 0x5C6C, 0x5C6B, 0x5C6C,
    0x540B, 0x2AA6, 0x19A4, 0x21A4, 0x29C5, 0x29C5, 0x2184, 0x1964,
    0xA531, 0xA4F1, 0x9CB0, 0x9CD0, 0xA4F1, 0xB593, 0xBDB4, 0xBDB4,
    0xB573, 0xB594, 0xA512, 0xAD53, 0xC636, 0xC5F5, 0xB594, 0xB593,
    0xB593, 0xAD73, 0x9CD0, 0xA511, 0xA4F1, 0xA512, 0xA512, 0x94B0,
    0xAD52, 0xC615, 0xCE56, 0xCE77, 0xC636, 0xB594, 0xAD12, 0xC5D5,
    0xC5F5, 0xAD12, 0xA4F1, 0xB573, 0xC5F5, 0xCE36, 0xC5F5, 0xC5F5,
    0xBDD5, 0x9490, 0x5267, 0x0840, 0x0861, 0x18C3, 0x4A6A, 0x2965,
    0x1082, 0x10A2, 0x10A2, 0x10A2, 0x18C3, 0x18C3, 0x18C2, 0x18E3,
    0x31A6, 0x18C3, 0x0861, 0x1061, 0x0841, 0x2104, 0x52AA, 0x632C,
    0x7BCF, 0x73CE, 0x52CB, 0x4A8A, 0x3208, 0x2186, 0x1946, 0x10E4,
    0x08C3, 0x1986, 0x428B, 0x6BF0, 0x6BF0, 0x29C8, 0x3209, 0xB618,
    0x6BAF, 0x10C3, 0x2146, 0x426A, 0x9514, 0x2A08, 0x0082, 0x08E4,
    0x4B0C, 0x3AAB, 0x11A7, 0x63F0, 0x5BAF, 0x1146, 0x00A4, 0x1105,
    0x3A29, 0x3A49, 0x29A5, 0x29A5, 0x31E7, 0x39E7, 0x39C6, 0x39C6,
    0x31A6, 0x31A6, 0x31A6, 0x31A6, 0x39C6, 0x31A6, 0x39C6, 0x31A6,
    0x3186, 0x3186, 0x3186, 0x31A6, 0x39C7, 0x39C7, 0x39E7, 0x18E3,
    0x31A6, 0x4269, 0x5B4D, 0x6BF0, 0x5B2D, 0x4AEC, 0x428B, 0x1146,
    0x08E5, 0x3A6B, 0x8CF4, 0x6C31, 0x2A29, 0x7CB3, 0x84F4, 0x1125,
    0x1104, 0x31A6, 0x39E6, 0x4207, 0x4A48, 0x5289, 0x5AA9, 0x5AA9,
    0x5ACA, 0x5ACA, 0x5AA9, 0x5AA9, 0x5AA9, 0x5AA9, 0x5268, 0x4207,
    0x2944, 0x10A2, 0x0062, 0x0062, 0x1946, 0x6431, 0x2ACC, 0x0988,
    0x0127, 0x0084, 0x00A5, 0x0948, 0x0968, 0x0947, 0x1148, 0x10E5,
    0x1904, 0x2104, 0x2104, 0x2103, 0x2104, 0x2124, 0x2124, 0x2124,
    0x2124, 0x2124, 0x2124, 0x2104, 0x2104, 0x2104, 0x1903, 0x18E3,
    0x0841, 0x0021, 0x08A3, 0x1126, 0x1167, 0x1187, 0x1188, 0x11A8,
    0x0927, 0x0927, 0x1988, 0x3A6A, 0x7410, 0x7C30, 0x3A28, 0x31C6,
    0x39E7, 0x39C6, 0x39C6, 0x39C6, 0x31C6, 0x31A6, 0x31C6, 0x31A6,
    0x31C6, 0x31C6, 0x31A5, 0x31A6, 0x31A5, 0x31A6, 0x39C7, 0x4207,
    0x39E7, 0x39E7, 0x39E6, 0x39C6, 0x39C6, 0x39C6, 0x39E7, 0x39E7,
    0x39C6, 0x39C6, 0x39E7, 0x39C6, 0x31A6, 0x39E7, 0x39E7, 0x31C6,
    0x39C6, 0x39C6, 0x39A6, 0x39A6, 0x39C6, 0x39C7, 0x39E7, 0x39C6,
    0x39C6, 0x39C6, 0x31A6, 0x31C6, 0x31C6, 0x39E7, 0x4207, 0x31C6,
    0x31C6, 0x39E7, 0x4207, 0x39E6, 0x31C6, 0x3A07, 0x39E7, 0x31A6,
    0x39E7, 0x39C7, 0x31C6, 0x39E7, 0x39C6, 0x31C6, 0x31C6, 0x3185,
    0x39E7, 0x39C6, 0x18E3, 0x2986, 0x31E7, 0x1924, 0x1904, 0x1925,
    0x1925, 0x1946, 0x1146, 0x1967, 0x8D35, 0xC6BA, 0x84B2, 0x00E4,
    0x0905, 0x1167, 0x00E5, 0x00C4, 0x326A, 0x6C31, 0x6C31, 0x7431,
    0x6C31, 0x7451, 0x7451, 0x7C72, 0x7C92, 0x7C92, 0x7C52, 0x7C72,
    0x7C92, 0x7C92, 0x7C72, 0x7C72, 0x7C71, 0x7451, 0x7C72, 0x63CF,
    0x19A7, 0x1146, 0x00A4, 0x532D, 0xBE59, 0xB638, 0x534C, 0x00C4,
    0x08A3, 0x1105, 0x8492, 0x5B4D, 0x08C3, 0x6BAE, 0x52EB, 0x39E7,
    0x5289, 0x842F, 0x83CD, 0x7329, 0x7329, 0x7308, 0x7B09, 0x838B,
    0x8BAB, 0x838B, 0x8BCC, 0x8BCC, 0x83AB, 0x838B, 0x7B6A, 0x7B4A,
    0x7B6A, 0x7B6A, 0x83CC, 0x8C2E, 0x4248, 0x18E3, 0x2145, 0x3A49,
    0x1125, 0x432D, 0x3ACC, 0x1167, 0x00C4, 0x29E8, 0x3A89, 0x3A49,
    0x1104, 0x1104, 0x63CF, 0x3ACC, 0x0967, 0x1167, 0x00C5, 0x1966,
    0x52EC, 0x4269, 0x2165, 0x31A7, 0x4228, 0x1904, 0x0883, 0x1105,
    0x1188, 0x0988, 0x0988, 0x0988, 0x0988, 0x0989, 0x0989, 0x0948,
    0x0926, 0x00C4, 0x428A, 0x3A28, 0x1903, 0x18E3, 0x2123, 0x10A2,
    0x0862, 0x10A4, 0x1106, 0x08E5, 0x00C5, 0x21A8, 0x31E8, 0x2945,
    0x31A6, 0x4A89, 0x4A89, 0x4A69, 0x5289, 0x5AEB, 0x52CA, 0x4A8A,
    0x4A49, 0x4A69, 0x4A69, 0x5AEB, 0x6B4C, 0x630B, 0x632C, 0x632C,
    0x2985, 0x0840, 0x1060, 0x10A1, 0x1081, 0x1080, 0x18A1, 0x18A1,
    0x18A1, 0x2102, 0x3163, 0x4A67, 0x4247, 0x3A47, 0x8490, 0x8490,
    0x2A28, 0x0967, 0x0988, 0x0988, 0x09A9, 0x11A9, 0x0988, 0x0988,
    0x1187, 0x2227, 0x3309, 0x3307, 0x3327, 0x3B48, 0x3348, 0x3327,
    0x3327, 0x3307, 0x2AE7, 0x2AC6, 0x2AC6, 0x2AC6, 0x2AC6, 0x2AC6,
    0x2AC6, 0x3327, 0x5C6B, 0x5CAC, 0x5CAC, 0x5CAC, 0x5CAC, 0x5C8C,
    0x5C8C, 0x5C8C, 0x5C6C, 0x5C6B, 0x548C, 0x5C8C, 0x5C8C, 0x5C8C,
    0x5C8C, 0x648C, 0x5C8C, 0x5C8C, 0x5C8D, 0x5C8C, 0x5C6C, 0x5C6C,
    0x5C8C, 0x5C8D, 0x648D, 0x5C8C, 0x5C8C, 0x5C8C, 0x5C8C, 0x5C8C,
    0x5C8C, 0x5C8C, 0x5CAC, 0x64AC, 0x5CAC, 0x5C8C, 0x5C8C, 0x5C8C,
    0x5C8C, 0x5C8C, 0x5C8B, 0x5C6C, 0x540B, 0x32C7, 0x3246, 0x3246,
    0x3227, 0x3206, 0x29E6, 0x29C5, 0xBDD4, 0xD677, 0xC5F5, 0xC5F5,
    0xC5F5, 0xCE57, 0xC616, 0xBDD4, 0xBDB4, 0xA511, 0xA4F1, 0xB593,
    0x9CF1, 0x9CB0, 0x9490, 0x948F, 0x9CD0, 0x948F, 0x948F, 0xBDB4,
    0xC5F5, 0xAD32, 0xAD32, 0xAD32, 0xB594, 0xC616, 0xB593, 0xB574,
    0xB594, 0x9CF1, 0x9CD1, 0xBD94, 0xCE56, 0xB593, 0x9CD0, 0xA4F1,
    0xBDB4, 0xCE56, 0xC5F5, 0xBDB4, 0xBDB5, 0xB594, 0x632A, 0x0020,
    0x0020, 0x1082, 0x528A, 0x3186, 0x1082, 0x1082, 0x1082, 0x10A2,
    0x1082, 0x10A2, 0x18C3, 0x10A3, 0x2124, 0x18A3, 0x1082, 0x1082,
    0x1082, 0x20E3, 0x18C3, 0x10A2, 0x10C2, 0x10C3, 0x10E3, 0x29A6,
    0x29C7, 0x08C3, 0x08A3, 0x08E4, 0x3229, 0x7451, 0x9555, 0x9D96,
    0xA5B7, 0x7451, 0x3208, 0x8CB3, 0x6B8E, 0x2165, 0x29C7, 0x5B6E,
    0x9555, 0x3229, 0x1125, 0x21C8, 0x430D, 0x326A, 0x00A4, 0x1987,
    0x5BAF, 0x6411, 0x2A09, 0x3208, 0x740F, 0x3A27, 0x31E6, 0x636C,
    0x4289, 0x31C6, 0x39E7, 0x39C7, 0x31A6, 0x2965, 0x2985, 0x31A6,
    0x31A6, 0x3186, 0x31A6, 0x31A6, 0x31A6, 0x3186, 0x3186, 0x2965,
    0x39A6, 0x39E7, 0x39E7, 0x18E3, 0x0000, 0x10C3, 0x29E8, 0x21A7,
    0x21C8, 0x29C8, 0x1988, 0x0906, 0x0926, 0x00E5, 0x2A09, 0x7C93,
    0x7C72, 0x8D14, 0x84B2, 0x29C7, 0x6BAE, 0xA533, 0xB594, 0xBD94,
    0xC5D5, 0xC5F5, 0xCE16, 0xD656, 0xD697, 0xE6D8, 0xE6D8, 0xDE77,
    0xCE35, 0xCE35, 0xCE15, 0xCE15, 0xAD12, 0x4A48, 0x0882, 0x0883,
    0x1926, 0x6432, 0x2AAC, 0x09A8, 0x19C9, 0x0927, 0x0927, 0x11A9,
    0x0948, 0x0947, 0x1148, 0x1105, 0x1904, 0x18E3, 0x18E3, 0x2103,
    0x2104, 0x2124, 0x2124, 0x2124, 0x2124, 0x2104, 0x2104, 0x2104,
    0x2103, 0x18E3, 0x18C3, 0x18C3, 0x0841, 0x0062, 0x4ACB, 0x7452,
    0x6C52, 0x5BAF, 0x2229, 0x1187, 0x1167, 0x0106, 0x1147, 0x21A7,
    0x2187, 0x21A7, 0x2987, 0x31C7, 0x39C7, 0x39C7, 0x39C7, 0x31A6,
    0x31A6, 0x31A6, 0x31A6, 0x31C6, 0x31C6, 0x39E7, 0x39E6, 0x39C6,
    0x31A6, 0x31A6, 0x39C6, 0x39C6, 0x39E7, 0x39E7, 0x39E7, 0x39C6,
    0x39C6, 0x39C6, 0x31C6, 0x31C6, 0x39C7, 0x39C7, 0x39C7, 0x39E7,
    0x39E7, 0x39E7, 0x31C6, 0x31C6, 0x31C6, 0x39C6, 0x39E7, 0x39C6,
    0x39C6, 0x39C7, 0x39C6, 0x31A6, 0x39C6, 0x31A6, 0x31A6, 0x31A6,
    0x2985, 0x3186, 0x31A6, 0x2985, 0x31A5, 0x39C6, 0x39E7, 0x39E6,
    0x39C6, 0x39E7, 0x4207, 0x39C6, 0x39C6, 0x39E6, 0x39E7, 0x39E7,
    0x39C6, 0x39C6, 0x39C6, 0x39C6, 0x39C6, 0x31A6, 0x1082, 0x0882,
    0x10C3, 0x10E4, 0x10C4, 0x0062, 0x0083, 0x0083, 0x0063, 0x00C4,
    0x8D14, 0xBE79, 0x6C0F, 0x0925, 0x1167, 0x1188, 0x0927, 0x1147,
    0x1967, 0x1946, 0x2186, 0x29A6, 0x29A6, 0x31E7, 0x3A29, 0x4269,
    0x4269, 0x4269, 0x31C7, 0x29A6, 0x29C7, 0x29A7, 0x29A7, 0x29A7,
    0x2166, 0x1965, 0x29E8, 0x29C8, 0x1126, 0x1146, 0x08E5, 0x5B8F,
    0xBE59, 0xB658, 0x534C, 0x00C4, 0x08C4, 0x1925, 0x8492, 0x5B6E,
    0x08C3, 0x73EF, 0x73AE, 0x5AC9, 0xAD12, 0x9C6F, 0x7329, 0x942D,
    0xA46D, 0xACAE, 0xACAF, 0xB4EF, 0xBD10, 0xBD10, 0xB510, 0xB510,
    0xB530, 0xBD30, 0xB530, 0xB530, 0xB50F, 0xA4CE, 0x7BAA, 0xAD30,
    0x948F, 0x1902, 0x2965, 0x428A, 0x1145, 0x4B4E, 0x3ACC, 0x19C8,
    0x00E4, 0x08C4, 0x1125, 0x1105, 0x0083, 0x00A3, 0x29E8, 0x21E8,
    0x0967, 0x0946, 0x00C5, 0x1967, 0x7431, 0x8CD3, 0x7C30, 0x5B0C,
    0x31E7, 0x10C3, 0x0883, 0x1146, 0x1188, 0x0988, 0x0968, 0x0968,
    0x0968, 0x0988, 0x0968, 0x0948, 0x0926, 0x00A4, 0x3A49, 0x530C,
    0x8471, 0xA534, 0x5B0B, 0x10A2, 0x08A3, 0x10E4, 0x1126, 0x21E9,
    0x21E9, 0x21C8, 0x2166, 0x18E4, 0x3A07, 0x528A, 0x52AA, 0x4A89,
    0x4A69, 0x4A69, 0x4A69, 0x4A49, 0x5ACB, 0x5AEB, 0x52AA, 0x5AEB,
    0x5ACA, 0x5AEB, 0x5AEA, 0x52CA, 0x4227, 0x31C5, 0x18E2, 0x1881,
    0x18A1, 0x1081, 0x18A1, 0x18A1, 0x18A1, 0x18C1, 0x20E1, 0x4225,
    0x4226, 0x3206, 0x8490, 0x7C90, 0x2A08, 0x0967, 0x0988, 0x1188,
    0x11A9, 0x11A9, 0x0988, 0x1188, 0x1187, 0x2268, 0x3B29, 0x3307,
    0x3327, 0x3327, 0x3327, 0x3327, 0x3327, 0x3307, 0x2AC6, 0x2AC6,
    0x2AA6, 0x2AA6, 0x2AA6, 0x2AC6, 0x2AC6, 0x3327, 0x5C6B, 0x5C8C,
    0x5C8C, 0x5C8C, 0x5C8C, 0x5C8C, 0x5C8C, 0x5C8C, 0x5C6C, 0x5C6C,
    0x5C6C, 0x5C6C, 0x5C6C, 0x5C6C, 0x5C6C, 0x5C6C, 0x5C8C, 0x5C6C,
    0x5C8C, 0x5C8C, 0x546B, 0x546B, 0x546B, 0x546B, 0x546B, 0x5C8C,
    0x5C6C, 0x5C8C, 0x5C8C, 0x5C8C, 0x5C6C, 0x5C6C, 0x5C8C, 0x5C8C,
    0x5C8C, 0x5CAD, 0x5CAC, 0x5C8C, 0x5C8C, 0x5C8C, 0x5C8B, 0x5C8C,
    0x540B, 0x32E7, 0x3266, 0x3246, 0x3206, 0x3206, 0x29E6, 0x29E5,
    0xB593, 0xD677, 0xDE98, 0xCE36, 0xBDB4, 0xBDB4, 0xAD53, 0xA4F1,
    0x9CD0, 0xA4F1, 0xAD32, 0x9CD0, 0x948F, 0x946F, 0x83ED, 0x840D,
    0x9CAF, 0x8C4E, 0x946F, 0xA4F1, 0xA4D0, 0x9CB0, 0xB573, 0xC5F5,
    0xBDD4, 0xBDB4, 0xBDD4, 0xBDD5, 0xC615, 0xC616, 0xBDD4, 0xC5F5,
    0xCE36, 0xC5D5, 0xC5F5, 0xCE36, 0xBDF5, 0xD677, 0xD697, 0xCE57,
    0xBDF5, 0xBDF5, 0x6B2A, 0x0000, 0x0840, 0x18C3, 0x528A, 0x3186,
    0x1082, 0x0861, 0x0861, 0x1082, 0x0882, 0x0861, 0x10A2, 0x0841,
    0x0862, 0x18E3, 0x2104, 0x18E3, 0x2124, 0x4207, 0x31C6, 0x31A6,
    0x31C6, 0x4A69, 0x636D, 0x1944, 0x2165, 0x31E8, 0x3209, 0x530D,
    0x7411, 0x532D, 0x3229, 0x84B3, 0x84B3, 0x3229, 0x4AEB, 0x7C71,
    0x7C71, 0x638E, 0x5B4D, 0x5B6E, 0x6C10, 0x63D0, 0x536E, 0x3AAB,
    0x6411, 0x4B4E, 0x00E5, 0x00C5, 0x1127, 0x536F, 0x84F4, 0x8D14,
    0x8CD2, 0x42A8, 0x532B, 0x7C2F, 0x52EA, 0x31E7, 0x3A07, 0x4207,
    0x39C7, 0x2965, 0x31A6, 0x39C6, 0x31C6, 0x2965, 0x2965, 0x31A6,
    0x31A6, 0x2965, 0x31A6, 0x2965, 0x39C6, 0x4207, 0x39E7, 0x18C3,
    0x0020, 0x10C3, 0x2187, 0x2A09, 0x322A, 0x1967, 0x00A5, 0x00C5,
    0x00E5, 0x08E5, 0x00E5, 0x29E8, 0x7451, 0xA5B7, 0x8CD3, 0x4ACA,
    0xC679, 0xF7BD, 0xFFDD, 0xFFDD, 0xFFFD, 0xFFFE, 0xFFFD, 0xFFFD,
    0xFFFE, 0xFFFE, 0xFFFF, 0xFFFE, 0xFFFE, 0xFFDC, 0xFFBC, 0xFF9C,
    0xEF3A, 0x840E, 0x0881, 0x0042, 0x1126, 0x6432, 0x2ACC, 0x09A8,
    0x1A0A, 0x1A0A, 0x19EA, 0x19CA, 0x0968, 0x0947, 0x1147, 0x1105,
    0x2145, 0x10C3, 0x18C3, 0x2103, 0x2104, 0x20E4, 0x2104, 0x2124,
    0x2104, 0x2104, 0x2103, 0x18E3, 0x18E3, 0x18E3, 0x20E4, 0x20E3,
    0x0020, 0x3A49, 0x8CF4, 0x7CB3, 0x6C31, 0x7CD3, 0x7CB3, 0x3AAB,
    0x1187, 0x1147, 0x00E5, 0x1126, 0x63AF, 0x9D55, 0x4AAA, 0x2986,
    0x39C7, 0x39C7, 0x39C7, 0x39E7, 0x39E7, 0x31A6, 0x31A6, 0x3185,
    0x31A6, 0x39C6, 0x39C6, 0x31C6, 0x31C6, 0x39C7, 0x4207, 0x39C7,
    0x39C7, 0x39C6, 0x31A6, 0x31C6, 0x39E7, 0x31A6, 0x2985, 0x2985,
    0x3185, 0x2945, 0x2965, 0x2965, 0x2985, 0x31C6, 0x31C6, 0x31C6,
    0x31A6, 0x39E7, 0x39E6, 0x39C6, 0x39C6, 0x39C6, 0x39C6, 0x31C6,
    0x39E7, 0x39C6, 0x31A6, 0x2945, 0x2944, 0x3186, 0x3185, 0x3185,
    0x31C6, 0x39E7, 0x39C6, 0x31C6, 0x39C6, 0x39E7, 0x39C6, 0x39E7,
    0x39E6, 0x31A6, 0x39E7, 0x39E6, 0x39E6, 0x31C6, 0x39C6, 0x39E7,
    0x31A6, 0x2965, 0x18E3, 0x2965, 0x1904, 0x08A3, 0x1904, 0x2986,
    0x29C7, 0x29C8, 0x21C8, 0x29E8, 0x84B3, 0xB658, 0x7C92, 0x1146,
    0x0946, 0x21E9, 0x1968, 0x0905, 0x29A7, 0x738D, 0x6B4C, 0x630A,
    0x62E9, 0x62EA, 0x62EA, 0x62EA, 0x62EA, 0x62EA, 0x6B0B, 0x6B0A,
    0x6B0A, 0x6B2B, 0x6B2B, 0x6B2B, 0x6B4C, 0x4A89, 0x0882, 0x08C4,
    0x1106, 0x1126, 0x08E5, 0x5BB0, 0xBE59, 0xB638, 0x534C, 0x08E4,
    0x08C3, 0x1104, 0x7C72, 0x534D, 0x08A3, 0x6BAE, 0x632B, 0x5A88,
    0xC592, 0xBD72, 0xBDB3, 0xCE35, 0xD635, 0xD635, 0xD635, 0xD655,
    0xD656, 0xD656, 0xD656, 0xD656, 0xD656, 0xD656, 0xD656, 0xD656,
    0xD656, 0xD676, 0xBDD4, 0x8C2D, 0xA4EF, 0x3184, 0x2124, 0x4269,
    0x1946, 0x3ACC, 0x6C72, 0x538F, 0x00E4, 0x324A, 0x536E, 0x4AEC,
    0x1145, 0x1126, 0x6C12, 0x3ACC, 0x0126, 0x0947, 0x00C5, 0x21A8,
    0x9D34, 0xB617, 0xBE58, 0xA575, 0x426A, 0x10C3, 0x0883, 0x1947,
    0x1188, 0x1188, 0x1168, 0x0968, 0x0968, 0x0968, 0x0968, 0x0927,
    0x0906, 0x0083, 0x3A08, 0x8CB2, 0xF7BD, 0xFFFE, 0xC636, 0x29A5,
    0x08E3, 0x0904, 0x08E5, 0x19A8, 0x2A0A, 0x19A7, 0x08A3, 0x2145,
    0x4A48, 0x4A89, 0x4A69, 0x4248, 0x4207, 0x31A6, 0x39C7, 0x39E7,
    0x52CA, 0x5AEB, 0x52CA, 0x4228, 0x39E6, 0x4227, 0x4248, 0x52A9,
    0x5B0A, 0x7BCD, 0x4A47, 0x18A1, 0x18A1, 0x18A1, 0x18A1, 0x18A1,
    0x18A1, 0x18A1, 0x20E1, 0x4A05, 0x4225, 0x3206, 0x7C70, 0x7C50,
    0x21E7, 0x0967, 0x0988, 0x1188, 0x11A8, 0x11A9, 0x0988, 0x1188,
    0x1187, 0x2AA9, 0x3B29, 0x3307, 0x3327, 0x3327, 0x3327, 0x3327,
    0x3307, 0x32E7, 0x2AC6, 0x2AA6, 0x2AA6, 0x2AA6, 0x2AA6, 0x2AC6,
    0x2AE6, 0x3B47, 0x5C8C, 0x64AD, 0x5C8C, 0x5C8C, 0x5C8C, 0x5C8C,
    0x5C6C, 0x5C8C, 0x5C8C, 0x5C6C, 0x5C6C, 0x5C6C, 0x5C6C, 0x5C6C,
    0x5C6C, 0x5C6C, 0x5C6C, 0x5C6C, 0x5C8C, 0x5C8C, 0x544B, 0x546B,
    0x546B, 0x546B, 0x546B, 0x546B, 0x546B, 0x5C6C, 0x5C6C, 0x5C6C,
    0x5C6C, 0x5C6C, 0x5C8C, 0x5C8C, 0x5C8C, 0x5C8C, 0x5C8C, 0x5C8C,
    0x5C8C, 0x5C8C, 0x5C6B, 0x5C6B, 0x4BEA, 0x32C7, 0x3246, 0x3226,
    0x3206, 0x3206, 0x29E6, 0x29E5, 0xC615, 0xC5F5, 0xBDD5, 0xBDB4,
    0xAD32, 0xA511, 0xAD32, 0x9CB0, 0xA4D1, 0xCE15, 0xC5D5, 0xC615,
    0xCE36, 0xCE36, 0xC5F5, 0xBDD4, 0xC615, 0xB593, 0xBDD4, 0xCE15,
    0xAD11, 0x9C8F, 0xA4F1, 0xBD94, 0xBDD4, 0xA511, 0x9CB0, 0xA532,
    0xB593, 0xBDB4, 0xBDB4, 0xC615, 0xC616, 0xC616, 0xCE36, 0xC5F5,
    0xB593, 0xC615, 0xC615, 0xBDD4, 0xB593, 0xA4D1, 0x4A26, 0x0820,
    0x0840, 0x10A2, 0x4A69, 0x2945, 0x0861, 0x1081, 0x1081, 0x1082,
    0x0861, 0x10A2, 0x10A2, 0x0841, 0x10A2, 0x2124, 0x2124, 0x2104,
    0x2965, 0x5ACA, 0x5289, 0x5AEB, 0x738E, 0x634C, 0x94D3, 0x6B8E,
    0x636D, 0xADB7, 0xADB7, 0x9514, 0x4AEC, 0x1966, 0x1966, 0x5B4E,
    0x532D, 0x1105, 0x21A7, 0x21C7, 0x1986, 0x1986, 0x21A7, 0x3A8A,
    0x63F0, 0x7CB3, 0x7C93, 0x536E, 0x6C31, 0x4B2E, 0x0946, 0x0906,
    0x00A5, 0x00E5, 0x21C8, 0x3229, 0x29E7, 0x3227, 0x3A48, 0x3207,
    0x31E6, 0x39E7, 0x39E7, 0x3A07, 0x39C7, 0x2985, 0x31C6, 0x39C6,
    0x3186, 0x2945, 0x2965, 0x31A6, 0x31A6, 0x2965, 0x3186, 0x2965,
    0x31C6, 0x39E7, 0x39C7, 0x18C2, 0x1082, 0x4AAA, 0x530C, 0x3A6A,
    0x29E8, 0x08E5, 0x0926, 0x1167, 0x1167, 0x1147, 0x1147, 0x00C5,
    0x21C8, 0x9D76, 0xA596, 0x29C7, 0x4A8A, 0x6B6D, 0x7BCD, 0x7BAD,
    0x7BCD, 0x946F, 0xB553, 0xBDD4, 0xBDB4, 0xA512, 0xA4F1, 0xA4D1,
    0x8C0E, 0x83CD, 0x83ED, 0x736B, 0x5268, 0x2123, 0x0040, 0x0021,
    0x1925, 0x6C52, 0x32CC, 0x0988, 0x11E9, 0x11EA, 0x11EA, 0x11CA,
    0x0948, 0x0947, 0x1127, 0x1105, 0x29A7, 0x2165, 0x18E3, 0x1904,
    0x1904, 0x18E3, 0x18C3, 0x18E3, 0x2104, 0x2124, 0x2124, 0x2104,
    0x2124, 0x2124, 0x2104, 0x0861, 0x1904, 0x638F, 0x2A29, 0x00C4,
    0x00A4, 0x08E4, 0x532D, 0x8D35, 0x8D15, 0x9555, 0x63AF, 0x3A8A,
    0xB659, 0xCEFB, 0x530B, 0x2985, 0x39C6, 0x39A6, 0x39E7, 0x39E7,
    0x39E7, 0x4227, 0x31A6, 0x2944, 0x2944, 0x2944, 0x2124, 0x2944,
    0x39C7, 0x39C6, 0x39C6, 0x39E7, 0x31A6, 0x31A6, 0x31A6, 0x39C7,
    0x39E7, 0x39C7, 0x3185, 0x2965, 0x39C6, 0x39C6, 0x39E6, 0x2985,
    0x2964, 0x2964, 0x3185, 0x31A6, 0x39E6, 0x39E7, 0x39C6, 0x31A6,
    0x31C6, 0x39E6, 0x39C6, 0x31C6, 0x31A6, 0x39C7, 0x39C6, 0x39C6,
    0x31A6, 0x3185, 0x2965, 0x3186, 0x39E7, 0x39E7, 0x39C6, 0x39C6,
    0x39C6, 0x39E6, 0x31C6, 0x39C6, 0x39E7, 0x39E7, 0x31A6, 0x39C6,
    0x39C6, 0x39E7, 0x4207, 0x4227, 0x39C6, 0x3185, 0x2945, 0x39C7,
    0x31A7, 0x2966, 0x638E, 0x9514, 0x9514, 0x8D14, 0x8D14, 0x8D55,
    0xA5D7, 0xBE79, 0x9D95, 0x19C7, 0x19C8, 0x21E9, 0x1147, 0x00C4,
    0x94B2, 0xFFDC, 0xFF59, 0xFF78, 0xFF58, 0xFF59, 0xFF79, 0xFF9A,
    0xFFDB, 0xFFDB, 0xFFBA, 0xFFB9, 0xFF58, 0xF737, 0xF737, 0xFF58,
    0xFF79, 0xDE77, 0x2965, 0x08C4, 0x1106, 0x0906, 0x0906, 0x63D0,
    0xB659, 0xB638, 0x534D, 0x0904, 0x08A3, 0x1104, 0x7C72, 0x532D,
    0x0082, 0x73EF, 0x6B4C, 0x5246, 0xC5B3, 0xCE15, 0xCE14, 0xC5F4,
    0xC5F4, 0xC615, 0xC5F4, 0xCE15, 0xCE36, 0xCE35, 0xCE35, 0xCE36,
    0xCE15, 0xCE15, 0xC615, 0xC615, 0xCE15, 0xC5F5, 0xC615, 0xAD31,
    0xB550, 0x31C4, 0x18E3, 0x3A29, 0x1946, 0x42CC, 0x8535, 0x536D,
    0x0925, 0x8CF4, 0xBE59, 0xAE18, 0x4ACC, 0x1966, 0x7CB3, 0x430D,
    0x0125, 0x0947, 0x00C5, 0x1966, 0x5B4C, 0xA574, 0xD71B, 0xDF5C,
    0x9D75, 0x1924, 0x0062, 0x1946, 0x19A8, 0x0967, 0x0127, 0x0927,
    0x0127, 0x0126, 0x0926, 0x0106, 0x08E5, 0x0083, 0x31E8, 0xAD75,
    0xFFFF, 0xFFFE, 0xE73A, 0x52A9, 0x10E3, 0x428B, 0x1946, 0x0083,
    0x00E5, 0x21A7, 0x1124, 0x39E8, 0x4A69, 0x4A68, 0x4A68, 0x4A69,
    0x3A07, 0x31C6, 0x2945, 0x2945, 0x39E7, 0x4A49, 0x4A49, 0x2985,
    0x4228, 0x52AA, 0x4A69, 0x52A9, 0x4227, 0x31A4, 0x2122, 0x10A0,
    0x18A1, 0x18A1, 0x18A1, 0x1881, 0x18A1, 0x18C2, 0x2901, 0x4A04,
    0x4205, 0x3A26, 0x7C70, 0x7C70, 0x2A08, 0x0947, 0x0988, 0x1188,
    0x1188, 0x11A9, 0x0988, 0x1188, 0x1187, 0x32A9, 0x3B49, 0x3307,
    0x3307, 0x3328, 0x3347, 0x3327, 0x3307, 0x2AE6, 0x2AC6, 0x2AC6,
    0x2AA6, 0x2AA6, 0x2AA6, 0x2AC6, 0x32E6, 0x3347, 0x5C8C, 0x5CAC,
    0x5C8C, 0x5C8C, 0x5C8C, 0x5C8C, 0x5C8C, 0x5C8C, 0x5C6C, 0x5C6C,
    0x5C6C, 0x5C6C, 0x5C6C, 0x5C8C, 0x5C6C, 0x546C, 0x5C6C, 0x5C6C,
    0x5C6B, 0x544B, 0x546B, 0x546B, 0x544B, 0x544B, 0x544B, 0x546B,
    0x546B, 0x546B, 0x546B, 0x546B, 0x546B, 0x546B, 0x546B, 0x546B,
    0x5C6B, 0x5C8C, 0x5C8C, 0x5C6C, 0x5C8C, 0x5C8C, 0x5C6B, 0x5C6B,
    0x4BE9, 0x3AE7, 0x3266, 0x3226, 0x3206, 0x3206, 0x29E6, 0x29E5,
    0xB594, 0xCE36, 0xBD94, 0xAD32, 0xA4F1, 0x9CB0, 0x9C90, 0x9C8F,
    0x9C90, 0xAD32, 0xB573, 0xBDB4, 0xC615, 0xD677, 0xD697, 0xBDB4,
    0xAD32, 0xBD93, 0xCE56, 0xD677, 0xCE36, 0xBD93, 0xB593, 0xC5F5,
    0xCE36, 0xC5F5, 0xC615, 0xC615, 0xD677, 0xDED8, 0xDED8, 0xE6F9,
    0xDEB8, 0xCE57, 0xBDD5, 0xBDD5, 0xC615, 0xC615, 0xBDD4, 0xA532,
    0x8C2E, 0x946F, 0x4A47, 0x0820, 0x0820, 0x0841, 0x39C7, 0x2104,
    0x0861, 0x10A2, 0x10A2, 0x10A2, 0x1082, 0x18C3, 0x10A2, 0x0841,
    0x1082, 0x18C3, 0x10A2, 0x10A2, 0x10A2, 0x2965, 0x5289, 0x738D,
    0x8C71, 0x7BCF, 0x7C0F, 0x94B2, 0x634D, 0x636D, 0x4AAB, 0x29C8,
    0x1966, 0x1987, 0x21A8, 0x29E9, 0x29E9, 0x1987, 0x1946, 0x08E5,
    0x21C8, 0x6C11, 0x8CF4, 0x9D76, 0x9576, 0x8D14, 0x8D15, 0x8D14,
    0x538E, 0x21E8, 0x2A2A, 0x42ED, 0x2A2B, 0x0106, 0x00A4, 0x00C4,
    0x2167, 0x3208, 0x29E7, 0x29A6, 0x31E7, 0x3A07, 0x31C6, 0x39C6,
    0x39E7, 0x31A6, 0x39C6, 0x39C6, 0x3185, 0x2965, 0x3185, 0x31A6,
    0x31A6, 0x31A6, 0x2965, 0x3186, 0x31C6, 0x31C6, 0x39C6, 0x18E3,
    0x2965, 0x94D3, 0x7C72, 0x63D0, 0x63AF, 0x534D, 0x3ACC, 0x19A8,
    0x11A9, 0x11A8, 0x1188, 0x0926, 0x0926, 0x8D15, 0xA5B7, 0x1945,
    0x10E3, 0x1904, 0x1903, 0x18E3, 0x18E3, 0x20E2, 0x2103, 0x2924,
    0x2923, 0x2923, 0x2903, 0x2902, 0x20C1, 0x20C2, 0x20E2, 0x20E2,
    0x2103, 0x10A1, 0x0841, 0x0021, 0x1946, 0x6C52, 0x2AAC, 0x09A8,
    0x09C9, 0x09C9, 0x11CA, 0x11AA, 0x0948, 0x0907, 0x21C9, 0x42CC,
    0x4AEC, 0x426A, 0x3A28, 0x3A29, 0x3A49, 0x4269, 0x4269, 0x4249,
    0x31A6, 0x1924, 0x1904, 0x1904, 0x2165, 0x2166, 0x1925, 0x2166,
    0x5B4E, 0x42ED, 0x0106, 0x21E9, 0x42CC, 0x21A8, 0x00A4, 0x3A6A,
    0x5B8E, 0x638F, 0x4AEB, 0x3229, 0x42AA, 0x3229, 0x29A7, 0x31E7,
    0x39C7, 0x31A6, 0x31A6, 0x39C6, 0x3A07, 0x3A07, 0x3165, 0x39E7,
    0x31C6, 0x2985, 0x3185, 0x2965, 0x2965, 0x3185, 0x31A6, 0x39C6,
    0x39C7, 0x39C7, 0x39C6, 0x31A6, 0x2965, 0x2965, 0x2965, 0x31A6,
    0x4207, 0x4227, 0x4207, 0x31A6, 0x31A5, 0x2944, 0x2124, 0x2944,
    0x2965, 0x2985, 0x39C6, 0x39C6, 0x39C6, 0x39E7, 0x39E7, 0x39E6,
    0x31C6, 0x31A6, 0x31A6, 0x31C6, 0x39C6, 0x39C7, 0x39C6, 0x39E7,
    0x31C6, 0x39E7, 0x4207, 0x4228, 0x39E7, 0x39E7, 0x39E7, 0x39C6,
    0x39E7, 0x39E7, 0x31A6, 0x31A6, 0x39E7, 0x39C7, 0x39E7, 0x3A07,
    0x39E6, 0x31A6, 0x10C2, 0x2124, 0x2145, 0x29A6, 0x31E8, 0x2186,
    0x1965, 0x2166, 0x1986, 0x3A8A, 0x9DB6, 0xBE99, 0x7CB2, 0x19C8,
    0x19A8, 0x0946, 0x1126, 0x08C4, 0xA4F2, 0xFF58, 0xF6F5, 0xFF15,
    0xFED5, 0xFF16, 0xFFD9, 0xFFFB, 0xFFFB, 0xFFFC, 0xFFFD, 0xFFFC,
    0xFF78, 0xF6F5, 0xFEF4, 0xFEF4, 0xFF15, 0xE696, 0x39A5, 0x08A3,
    0x1106, 0x1126, 0x0926, 0x5BB0, 0xB659, 0xB638, 0x534D, 0x00E4,
    0x08C4, 0x1125, 0x7C72, 0x534E, 0x0082, 0x8450, 0x73AD, 0x4A06,
    0xCDF4, 0xCE35, 0xC615, 0xC615, 0xC5F5, 0xC5F5, 0xC615, 0xC615,
    0xCE16, 0xCE15, 0xCE35, 0xCE15, 0xC615, 0xC615, 0xC615, 0xCE15,
    0xCE15, 0xC615, 0xC5F5, 0xB552, 0xB551, 0x31A4, 0x10E3, 0x3A49,
    0x1945, 0x5B6E, 0xB659, 0x7451, 0x21A6, 0x5B6D, 0x7410, 0x63AE,
    0x21C7, 0x2A08, 0x8D55, 0x4B2D, 0x0925, 0x1146, 0x00C4, 0x1946,
    0x63AE, 0xA595, 0xB617, 0xA575, 0x8492, 0x1924, 0x0042, 0x1126,
    0x1167, 0x19C9, 0x3AAC, 0x3ACC, 0x42CC, 0x42EC, 0x328B, 0x1987,
    0x0906, 0x00A4, 0x3A49, 0x73CE, 0x73CE, 0x6B4B, 0x5AC9, 0x2123,
    0x1103, 0x7C31, 0x6BF0, 0x42AB, 0x21C8, 0x3A4A, 0x31E8, 0x4A69,
    0x5AEB, 0x52CA, 0x4A68, 0x4248, 0x31C6, 0x39C7, 0x2965, 0x18E3,
    0x31A6, 0x39E7, 0x39E7, 0x2145, 0x2965, 0x4228, 0x3185, 0x18C2,
    0x1080, 0x0020, 0x0840, 0x1081, 0x1081, 0x1081, 0x18A1, 0x1881,
    0x1881, 0x18C1, 0x2101, 0x49E4, 0x4225, 0x3226, 0x7C6F, 0x8490,
    0x2A28, 0x0967, 0x0988, 0x1188, 0x1188, 0x11A9, 0x0988, 0x1188,
    0x0987, 0x2A89, 0x3B29, 0x3307, 0x3327, 0x3327, 0x3327, 0x3327,
    0x3307, 0x2AE6, 0x2AC6, 0x2AA6, 0x2AA6, 0x2AA6, 0x2AA6, 0x2AC6,
    0x2AE6, 0x3B47, 0x5C6B, 0x5C8C, 0x5C6C, 0x5C6C, 0x5C8C, 0x5C8C,
    0x5C8C, 0x5C8C, 0x546C, 0x5C6B, 0x5C6B, 0x546B, 0x546B, 0x5C6C,
    0x5C8C, 0x5C6C, 0x5C6B, 0x546B, 0x5C6B, 0x544B, 0x542B, 0x544B,
    0x544B, 0x544B, 0x544B, 0x544B, 0x544B, 0x546B, 0x546B, 0x546B,
    0x544B, 0x544B, 0x544B, 0x546B, 0x546B, 0x546B, 0x546B, 0x546B,
    0x5C6B, 0x5C6B, 0x5C6B, 0x5C6B, 0x4BEA, 0x32E7, 0x3266, 0x3246,
    0x3226, 0x3206, 0x29E6, 0x29E6, 0xBDD5, 0xBDB4, 0xA512, 0xA4F1,
    0xA4F1, 0xA511, 0xB552, 0xBDB4, 0xCE36, 0xD677, 0xDEB8, 0xD656,
    0xB573, 0xAD52, 0xBDB4, 0xC5D4, 0xB573, 0x9CD0, 0xA4D0, 0xA4D0,
    0xAD32, 0xBDB4, 0xC5F5, 0xC615, 0xC5F5, 0xC5F5, 0xCE56, 0xD656,
    0xDED8, 0xE6F9, 0xE719, 0xE71A, 0xDED9, 0xE6F9, 0xDEF9, 0xDED8,
    0xDED8, 0xE719, 0xDED8, 0xCE77, 0xB594, 0xBDB4, 0x738C, 0x0820,
    0x0020, 0x0840, 0x1082, 0x0862, 0x10A2, 0x18C3, 0x2103, 0x18E3,
    0x18C2, 0x2104, 0x18E3, 0x0861, 0x1082, 0x10A2, 0x1082, 0x0862,
    0x0861, 0x10C3, 0x2144, 0x2985, 0x3186, 0x3A08, 0x4269, 0x52EB,
    0x4AAA, 0x1124, 0x08E5, 0x1147, 0x1967, 0x1967, 0x1988, 0x430E,
    0x4B0E, 0x19A8, 0x1987, 0x08C5, 0x1987, 0x42CB, 0x42CB, 0x3229,
    0x1125, 0x1125, 0x3229, 0x534D, 0x6C51, 0x538E, 0x326A, 0x42ED,
    0x3ACD, 0x19C9, 0x0926, 0x1967, 0x426B, 0x31E9, 0x31C8, 0x4229,
    0x31C7, 0x4208, 0x3A07, 0x39E7, 0x39E7, 0x39E7, 0x31C6, 0x31A6,
    0x39C7, 0x39C6, 0x31A6, 0x31A6, 0x31A6, 0x31A6, 0x31A6, 0x31C6,
    0x39E7, 0x31C6, 0x31C6, 0x1903, 0x0861, 0x4249, 0x532D, 0x534E,
    0x5BAF, 0x7CD3, 0x8D56, 0x432E, 0x0967, 0x11A8, 0x11A9, 0x0988,
    0x0946, 0x7472, 0x7451, 0x08E3, 0x2186, 0x29A6, 0x3186, 0x2986,
    0x2965, 0x3165, 0x3185, 0x3165, 0x2965, 0x3165, 0x3165, 0x3165,
    0x2945, 0x2965, 0x3165, 0x2965, 0x2965, 0x18C2, 0x0841, 0x0021,
    0x2166, 0x6C51, 0x32CC, 0x0988, 0x11A9, 0x11A9, 0x11A9, 0x11AA,
    0x0948, 0x00E6, 0x2A2A, 0x84F5, 0xADF8, 0x9D76, 0x9514, 0x9514,
    0x8CF3, 0x94F3, 0x9D55, 0xADB6, 0x9534, 0x52EB, 0x1925, 0x1945,
    0x21A7, 0x29E8, 0x2187, 0x21C8, 0x29E9, 0x1147, 0x1168, 0x1168,
    0x19A8, 0x19A8, 0x0926, 0x0905, 0x1125, 0x08E4, 0x1105, 0x1966,
    0x29E8, 0x324A, 0x29A7, 0x31C7, 0x31A6, 0x3186, 0x31A6, 0x39C6,
    0x39E7, 0x3185, 0x2945, 0x39E7, 0x39E7, 0x39E7, 0x39C6, 0x31A6,
    0x31A5, 0x2965, 0x3186, 0x39C6, 0x39C6, 0x31A6, 0x3185, 0x3185,
    0x2124, 0x2944, 0x3185, 0x31A5, 0x31A5, 0x31A6, 0x31A5, 0x3185,
    0x2944, 0x2944, 0x2964, 0x2985, 0x3185, 0x31A6, 0x31A5, 0x31A6,
    0x31C6, 0x39C6, 0x39E7, 0x39C6, 0x39C6, 0x3185, 0x31A5, 0x39C6,
    0x31C6, 0x31A6, 0x31A6, 0x3185, 0x2985, 0x39E6, 0x4227, 0x4227,
    0x3185, 0x31A5, 0x31A5, 0x31A5, 0x31A6, 0x3A07, 0x4228, 0x31A6,
    0x31C6, 0x39C6, 0x31A6, 0x31C6, 0x31C6, 0x2965, 0x10A2, 0x10A3,
    0x10C3, 0x10C3, 0x0082, 0x0041, 0x0041, 0x0042, 0x0042, 0x0062,
    0x7451, 0xB638, 0x6C30, 0x19A7, 0x1167, 0x1126, 0x1127, 0x08A4,
    0x9CD1, 0xFF78, 0xFF14, 0xFF14, 0xFF36, 0xFF77, 0xC5B1, 0x83AB,
    0x7B6A, 0x8BCB, 0xA4AF, 0xDED7, 0xFFFC, 0xFFD9, 0xF735, 0xF6F4,
    0xFF14, 0xEEB5, 0x39A4, 0x10C3, 0x1126, 0x1126, 0x1126, 0x5BAF,
    0xB659, 0xB638, 0x4B4D, 0x00E5, 0x08C4, 0x1105, 0x7452, 0x534E,
    0x00A2, 0x8451, 0x73AD, 0x4A06, 0xCDF4, 0xD636, 0xCE15, 0xC615,
    0xC5F5, 0xC615, 0xC615, 0xC615, 0xCE15, 0xCE15, 0xCE15, 0xCE35,
    0xCE36, 0xCE16, 0xC5F5, 0xC615, 0xCE15, 0xCE15, 0xC615, 0xB572,
    0xB571, 0x31A4, 0x10A2, 0x3A08, 0x29C7, 0x6C10, 0xA5D7, 0xA5B6,
    0x4AEB, 0x42AA, 0x5B6D, 0x3249, 0x0904, 0x324A, 0x9D96, 0x7451,
    0x21A7, 0x0926, 0x00A4, 0x1925, 0x638D, 0x8450, 0x8CB1, 0x4A8A,
    0x10C3, 0x08A2, 0x0062, 0x00A4, 0x322A, 0x84D4, 0x9DB7, 0x9D96,
    0x9D96, 0x9D96, 0x84F4, 0x4B2E, 0x1126, 0x0063, 0x3A29, 0x5B2C,
    0x31E7, 0x4228, 0x2103, 0x0040, 0x0882, 0x29C6, 0x530C, 0x532D,
    0x29C8, 0x29A7, 0x3A08, 0x4A89, 0x5289, 0x4A68, 0x4248, 0x4228,
    0x39E7, 0x2965, 0x2965, 0x2104, 0x39C7, 0x4A49, 0x4249, 0x39C7,
    0x2985, 0x2965, 0x2103, 0x4A27, 0x5288, 0x2123, 0x1060, 0x1881,
    0x1881, 0x1881, 0x18A1, 0x18A1, 0x18A1, 0x18A1, 0x2101, 0x4A25,
    0x4225, 0x3226, 0x7C6F, 0x7C70, 0x2A08, 0x0966, 0x0967, 0x0988,
    0x0988, 0x11A9, 0x0988, 0x1187, 0x1187, 0x2A68, 0x3B08, 0x3307,
    0x3307, 0x3327, 0x3327, 0x3327, 0x3307, 0x32E6, 0x2AA6, 0x2AA6,
    0x2AA6, 0x2A85, 0x2AA6, 0x2AC6, 0x2AE6, 0x3B47, 0x5C6C, 0x5C8C,
    0x5C6C, 0x5C6C, 0x5C8C, 0x5C8C, 0x5C8C, 0x5C8C, 0x5C6C, 0x5C6C,
    0x5C6C, 0x546B, 0x546B, 0x5C6C, 0x5C8C, 0x5C8B, 0x5C8C, 0x5C6C,
    0x544B, 0x544B, 0x648D, 0x5C6C, 0x5C8D, 0x64CE, 0x6CEF, 0x64CE,
    0x542B, 0x542B, 0x544B, 0x544B, 0x546B, 0x544B, 0x544B, 0x546B,
    0x546B, 0x546B, 0x546B, 0x544B, 0x546B, 0x546B, 0x546B, 0x544B,
    0x4BC9, 0x32E7, 0x3266, 0x3246, 0x3206, 0x3206, 0x29E6, 0x29E5,
    0xC5D5, 0xB573, 0xBDB4, 0xC615, 0xC5F5, 0xC615, 0xCE56, 0xC5F4,
    0xCE36, 0xDED8, 0xDED8, 0xD677, 0xAD52, 0x9CD0, 0xAD11, 0xD656,
    0xCE36, 0xAD32, 0xAD31, 0xAD52, 0xA511, 0xB553, 0xC5F5, 0xCE36,
    0xCE36, 0xCE56, 0xD677, 0xDEB8, 0xDED8, 0xE719, 0xF79B, 0xF7BC,
    0xFFBD, 0xFFBD, 0xFFBC, 0xEF7B, 0xDEB8, 0xCE77, 0xD697, 0xBDF5,
    0xAD53, 0xBDB4, 0xB573, 0x5268, 0x1081, 0x1081, 0x18C2, 0x18E3,
    0x2124, 0x2104, 0x18E3, 0x2104, 0x2103, 0x2944, 0x31A6, 0x2965,
    0x10A2, 0x10A2, 0x10A2, 0x1082, 0x1082, 0x18E3, 0x2124, 0x18E3,
    0x18C2, 0x1904, 0x10C3, 0x1904, 0x2145, 0x08C3, 0x08E5, 0x1127,
    0x1968, 0x1968, 0x1168, 0x4B4F, 0x4B4F, 0x0105, 0x0905, 0x3A8B,
    0x21C8, 0x0021, 0x0021, 0x08E4, 0x3A6A, 0x1105, 0x1104, 0x1145,
    0x6C31, 0x6410, 0x00E4, 0x00C4, 0x00E5, 0x1167, 0x19A8, 0x21A8,
    0x3A4A, 0x4AAB, 0xAD76, 0xCE79, 0x6B4D, 0x2965, 0x39E7, 0x39E7,
    0x2985, 0x2965, 0x3186, 0x39C7, 0x31A6, 0x2965, 0x2965, 0x31A6,
    0x31A6, 0x2965, 0x2965, 0x2965, 0x31C7, 0x39E7, 0x39E7, 0x18E3,
    0x0000, 0x0882, 0x1966, 0x21C8, 0x2A09, 0x324A, 0x63D0, 0x84F4,
    0x3AEC, 0x1188, 0x11A9, 0x11A9, 0x11A8, 0x5BD0, 0x5BAF, 0x08A2,
    0x2986, 0x31A6, 0x2985, 0x2965, 0x2965, 0x2965, 0x2965, 0x2965,
    0x2965, 0x3165, 0x2965, 0x2965, 0x2964, 0x2964, 0x2965, 0x2965,
    0x2944, 0x18C2, 0x0841, 0x0020, 0x2165, 0x6C51, 0x3AEC, 0x0988,
    0x11A9, 0x09A9, 0x09A9, 0x11A9, 0x0968, 0x0106, 0x0106, 0x21E9,
    0x4B0D, 0x8D15, 0xBE59, 0xAE18, 0x9D96, 0x9534, 0x5B4D, 0x4269,
    0x5B2C, 0x63AE, 0x8CB2, 0x9534, 0x8D14, 0x8D14, 0x63F1, 0x21C9,
    0x0947, 0x1989, 0x328C, 0x1146, 0x0083, 0x0905, 0x00E5, 0x00A4,
    0x00C4, 0x1125, 0x21A7, 0x42AB, 0xA597, 0xC69A, 0x530C, 0x2986,
    0x39E8, 0x39C7, 0x39E7, 0x39C6, 0x39C6, 0x3185, 0x2944, 0x3186,
    0x39E7, 0x39E7, 0x39C6, 0x31C6, 0x39E7, 0x31A6, 0x2965, 0x39C6,
    0x3186, 0x2965, 0x3186, 0x3186, 0x2965, 0x3165, 0x2965, 0x2965,
    0x2944, 0x3165, 0x3185, 0x2964, 0x2964, 0x2944, 0x39C6, 0x3A07,
    0x39C6, 0x39E7, 0x4207, 0x31C6, 0x31A6, 0x39C6, 0x31C6, 0x31A6,
    0x39E7, 0x39E7, 0x31C6, 0x31C6, 0x2985, 0x3185, 0x3185, 0x2965,
    0x31A6, 0x31C6, 0x39E7, 0x31A5, 0x31A6, 0x39C6, 0x39C6, 0x31A6,
    0x2964, 0x39C6, 0x4228, 0x4207, 0x31A6, 0x31A6, 0x31A6, 0x31A6,
    0x31C6, 0x3186, 0x2986, 0x4249, 0x31E7, 0x10E4, 0x426A, 0x6BAF,
    0x63AF, 0x638F, 0x5B8F, 0x536E, 0x84F3, 0xB659, 0x8D34, 0x19A7,
    0x0946, 0x1147, 0x1126, 0x08A4, 0xA4F1, 0xFF78, 0xFF14, 0xFF35,
    0xFF14, 0x8BA9, 0x1880, 0x1040, 0x20A0, 0x30E1, 0x30E0, 0x3982,
    0xAD0F, 0xFFF9, 0xFF76, 0xF6F4, 0xFF34, 0xEE94, 0x3983, 0x10A3,
    0x1106, 0x1126, 0x1126, 0x63D0, 0xBE79, 0xB638, 0x4B2D, 0x00E5,
    0x00A4, 0x1105, 0x7C73, 0x532D, 0x00A2, 0x8CB2, 0x842F, 0x5246,
    0xD615, 0xD615, 0xC5D4, 0xC5F5, 0xC5F5, 0xC5F5, 0xC615, 0xC615,
    0xC5F5, 0xC5F5, 0xCE15, 0xCE15, 0xCE56, 0xCE36, 0xCE16, 0xCE36,
    0xCE15, 0xCE15, 0xCE15, 0xB572, 0xB550, 0x31A3, 0x10C2, 0x4AAA,
    0x29C7, 0x3A69, 0x9D75, 0xAE17, 0x42AA, 0x2A08, 0x4B0C, 0x3A8B,
    0x0925, 0x2A49, 0xAE18, 0x84D3, 0x2187, 0x0905, 0x08E4, 0x1105,
    0x31E7, 0x3A07, 0x3A28, 0x2145, 0x10A2, 0x10C2, 0x08A3, 0x0021,
    0x4AAB, 0x8CD4, 0x7431, 0x7C51, 0x7C50, 0x7430, 0x5B6D, 0x29C8,
    0x00C4, 0x0063, 0x29C7, 0x31E7, 0x2145, 0x2965, 0x18C3, 0x0861,
    0x10A3, 0x10C2, 0x0882, 0x08A3, 0x00A3, 0x10E4, 0x31C7, 0x4A69,
    0x4228, 0x39C6, 0x31C6, 0x39C7, 0x31C6, 0x2985, 0x2124, 0x18C3,
    0x39C7, 0x5ACB, 0x52CA, 0x39C7, 0x2124, 0x18C2, 0x4207, 0xCE36,
    0xDEB8, 0x7BCD, 0x1080, 0x18A1, 0x18A1, 0x18A1, 0x18A1, 0x1881,
    0x1881, 0x1080, 0x20C1, 0x4A04, 0x4225, 0x3A26, 0x7C6F, 0x7C70,
    0x2208, 0x0967, 0x0988, 0x0988, 0x0988, 0x11A9, 0x0988, 0x1187,
    0x1187, 0x2A68, 0x3B08, 0x32E7, 0x3307, 0x3307, 0x3327, 0x3327,
    0x3306, 0x2AC6, 0x2AA5, 0x2AA6, 0x2AA6, 0x2AA5, 0x2AA5, 0x2AA6,
    0x2AC6, 0x3B47, 0x5C8C, 0x5C8C, 0x5C8C, 0x5C8C, 0x5C8C, 0x5C8C,
    0x5C8C, 0x5C8C, 0x5C8C, 0x5C6C, 0x5C8C, 0x5C6B, 0x546B, 0x5C6C,
    0x5C6C, 0x5C6C, 0x5C4C, 0x648D, 0x7D30, 0x8571, 0x8D92, 0x8D72,
    0x7510, 0x74F0, 0x7D10, 0x8551, 0x8571, 0x750F, 0x5C8C, 0x5C6C,
    0x546B, 0x544B, 0x544B, 0x544B, 0x544B, 0x546B, 0x544B, 0x544B,
    0x546B, 0x546B, 0x546B, 0x544B, 0x4BC9, 0x32E7, 0x3266, 0x3246,
    0x3226, 0x3206, 0x2A06, 0x29E6, 0xAD52, 0xAD32, 0xBD93, 0xBDB4,
    0xBDD4, 0xCE36, 0xC615, 0xAD31, 0xB573, 0xC636, 0xCE56, 0xC616,
    0xB593, 0xB593, 0xBD94, 0xB573, 0xB573, 0xBDD4, 0xCE36, 0xDED8,
    0xDED8, 0xD677, 0xD677, 0xDED8, 0xE73A, 0xEF7B, 0xF79C, 0xFFBC,
    0xF79C, 0xFFDD, 0xFFFE, 0xFFFE, 0xFFFF, 0xFFFF, 0xFFBD, 0xDEF9,
    0xD678, 0xCE57, 0xCE57, 0xC5F5, 0xB5B4, 0xC615, 0xBDD4, 0x94B0,
    0x4A47, 0x2964, 0x3185, 0x3185, 0x2944, 0x2124, 0x18E3, 0x18E3,
    0x2924, 0x2944, 0x4207, 0x4227, 0x2965, 0x2924, 0x2944, 0x2965,
    0x39E7, 0x630B, 0x5AEB, 0x5B0B, 0x630B, 0x52AA, 0x4269, 0x2124,
    0x3207, 0x21A6, 0x00C4, 0x1167, 0x1968, 0x1168, 0x1168, 0x4B4F,
    0x4B4F, 0x0105, 0x1987, 0x84B4, 0x5B6E, 0x1104, 0x1125, 0x3229,
    0x9D35, 0x3A29, 0x08C3, 0x1104, 0x7C72, 0x9555, 0x42AB, 0x1125,
    0x21C8, 0x536E, 0x7472, 0x84D3, 0x9D56, 0x9D55, 0xB618, 0xB617,
    0x5AEB, 0x2965, 0x39C7, 0x3186, 0x2965, 0x3185, 0x2924, 0x3186,
    0x3186, 0x2945, 0x3186, 0x31A6, 0x31A6, 0x3186, 0x2965, 0x3186,
    0x39C7, 0x31A6, 0x39C7, 0x18E3, 0x0020, 0x2145, 0x2187, 0x1946,
    0x21A7, 0x3209, 0x1946, 0x42AB, 0x4B0D, 0x19C9, 0x11A9, 0x09A9,
    0x11C9, 0x6411, 0x6C31, 0x08C3, 0x2965, 0x2985, 0x2945, 0x2945,
    0x2965, 0x2965, 0x2965, 0x2944, 0x3165, 0x3165, 0x2944, 0x2965,
    0x2965, 0x3165, 0x2965, 0x2965, 0x2965, 0x18C3, 0x0841, 0x0020,
    0x2186, 0x7451, 0x32AC, 0x0987, 0x11A9, 0x09A9, 0x09A9, 0x11AA,
    0x11A9, 0x0948, 0x0927, 0x326B, 0x1987, 0x3229, 0x530C, 0x3208,
    0x2186, 0x2186, 0x08A3, 0x0000, 0x0000, 0x0062, 0x3208, 0x3A28,
    0x3A49, 0x532D, 0x4B2D, 0x2A2A, 0x430E, 0x220A, 0x63F1, 0x84F5,
    0x7CB3, 0x7CB3, 0x63D0, 0x534E, 0x536E, 0x6C11, 0x5B8F, 0x63CF,
    0xADF7, 0xA575, 0x4249, 0x31A7, 0x39C7, 0x39C7, 0x39C7, 0x39E7,
    0x39E7, 0x2965, 0x31A5, 0x39E6, 0x31A6, 0x39E7, 0x39C7, 0x31A6,
    0x39C6, 0x39C6, 0x31A6, 0x2965, 0x2965, 0x3186, 0x31A6, 0x31A5,
    0x3185, 0x2944, 0x2964, 0x3185, 0x31A5, 0x39C5, 0x31A5, 0x2964,
    0x3184, 0x2944, 0x3185, 0x3A07, 0x39E7, 0x39E7, 0x4228, 0x3A07,
    0x2965, 0x31A5, 0x31C6, 0x39C6, 0x39C6, 0x39C6, 0x31A6, 0x31A5,
    0x31A6, 0x31C6, 0x31A5, 0x3185, 0x31A5, 0x39E7, 0x4228, 0x31C6,
    0x2985, 0x31A6, 0x31A5, 0x2965, 0x3185, 0x39C6, 0x3A07, 0x4228,
    0x4207, 0x39C6, 0x39C7, 0x31A6, 0x31A6, 0x3186, 0x1904, 0x29C6,
    0x3A28, 0x29C7, 0x532D, 0x6BF0, 0x63CF, 0x63D0, 0x63D0, 0x6C31,
    0xA5D7, 0xC69A, 0x9575, 0x19A7, 0x1167, 0x1147, 0x1126, 0x0883,
    0xA4D1, 0xFF78, 0xFEF5, 0xFF36, 0xAC6B, 0x1020, 0x1860, 0x20C2,
    0x20E2, 0x28C2, 0x28E2, 0x18A0, 0x1860, 0xACEE, 0xFF77, 0xFEF4,
    0xFF14, 0xEE93, 0x3963, 0x08A3, 0x1106, 0x1126, 0x0906, 0x63D0,
    0xBE79, 0xB638, 0x4B2C, 0x00E4, 0x00A4, 0x1105, 0x7472, 0x42EC,
    0x3A48, 0xE77C, 0xB5B4, 0x62C7, 0xD614, 0xCE15, 0xC5D4, 0xC5F4,
    0xC615, 0xC615, 0xC615, 0xCE35, 0xCE15, 0xCE15, 0xC615, 0xCE15,
    0xCE36, 0xCE56, 0xCE36, 0xCE15, 0xC615, 0xC5F5, 0xCE36, 0xB572,
    0xB550, 0x3163, 0x3A07, 0x94F3, 0x3248, 0x1124, 0x6BEF, 0x4AEB,
    0x1124, 0x19A7, 0x1187, 0x1188, 0x0926, 0x19C8, 0x6C10, 0x3249,
    0x1125, 0x1105, 0x08C4, 0x2186, 0x31E7, 0x0881, 0x0861, 0x1082,
    0x1082, 0x0881, 0x0882, 0x0062, 0x08A3, 0x10A3, 0x0882, 0x10E3,
    0x10C2, 0x08A2, 0x08A2, 0x0062, 0x0062, 0x0862, 0x2145, 0x10E4,
    0x10A2, 0x10C3, 0x18C3, 0x10A3, 0x1082, 0x1082, 0x0061, 0x08A3,
    0x08E4, 0x1125, 0x29C7, 0x39E7, 0x31A6, 0x31A6, 0x31A6, 0x39E7,
    0x39C7, 0x3186, 0x2104, 0x10A2, 0x39C7, 0x4A49, 0x3A07, 0x2124,
    0x1061, 0x20C2, 0x41E6, 0x7BAB, 0xBD93, 0x736B, 0x1060, 0x18A1,
    0x1081, 0x10A1, 0x18A1, 0x1881, 0x1881, 0x18A1, 0x2922, 0x4A04,
    0x4205, 0x3205, 0x7C6F, 0x7C6F, 0x21E7, 0x0967, 0x0988, 0x0988,
    0x09A8, 0x11A9, 0x0988, 0x1187, 0x1187, 0x2A88, 0x3B08, 0x3307,
    0x3307, 0x3307, 0x3327, 0x3327, 0x32E6, 0x2AC6, 0x2AA6, 0x2AA6,
    0x2AA5, 0x2AA6, 0x2AA6, 0x2AC6, 0x2AC6, 0x3B47, 0x5C8C, 0x5C8C,
    0x5C8B, 0x5C8B, 0x5C6B, 0x5C6C, 0x5C6C, 0x5C8C, 0x5C8C, 0x5C8C,
    0x5C8C, 0x5C8C, 0x5C8C, 0x544B, 0x53EB, 0x53EB, 0x6CAE, 0xA635,
    0xBEF8, 0xBEB8, 0xBE98, 0xC6FA, 0xCF3B, 0xC6FA, 0x9DD5, 0x6C4E,
    0x5BEC, 0x6CAE, 0x7550, 0x754F, 0x5C6C, 0x544B, 0x544B, 0x544B,
    0x544B, 0x544B, 0x546B, 0x544B, 0x544B, 0x544B, 0x544B, 0x544B,
    0x4BC9, 0x32E7, 0x3266, 0x3226, 0x3206, 0x29E6, 0x29E6, 0x29E6,
    0xA511, 0xC615, 0xC5F5, 0xAD52, 0xBDB3, 0xCE36, 0xCE56, 0xCE36,
    0xD677, 0xCE77, 0xD697, 0xCE77, 0xCE56, 0xD677, 0xD677, 0xCE36,
    0xCE36, 0xC5F5, 0xA511, 0xAD12, 0xAD73, 0xAD73, 0xC615, 0xD6B8,
    0xE6F9, 0xE71A, 0xEF5B, 0xFFDD, 0xFFFE, 0xFFFF, 0xFFFF, 0xFFFF,
    0xFFFF, 0xFFFF, 0xFFFF, 0xFFFE, 0xFFDD, 0xEF7B, 0xE6F9, 0xD697,
    0xBDF5, 0xAD52, 0xA511, 0x946F, 0x6B2A, 0x5AC9, 0x39E6, 0x3164,
    0x2944, 0x2965, 0x2124, 0x2124, 0x3185, 0x2964, 0x39E6, 0x4207,
    0x2944, 0x2944, 0x3165, 0x3165, 0x39A6, 0x62EB, 0x632C, 0x738D,
    0x8450, 0x7BEE, 0x6B8D, 0x4A69, 0x5B2C, 0x5B6E, 0x1987, 0x1167,
    0x1168, 0x19A9, 0x1989, 0x4B70, 0x432F, 0x1167, 0x42CD, 0x9D56,
    0x8493, 0x29E8, 0x3A49, 0x530C, 0x9514, 0x3228, 0x08C3, 0x1105,
    0x7431, 0xADF8, 0x9D76, 0x9514, 0x9D76, 0xADF8, 0x9534, 0x84B2,
    0x7C72, 0x7430, 0x7410, 0x638E, 0x31E7, 0x39C7, 0x39E7, 0x3186,
    0x2965, 0x3185, 0x2945, 0x2965, 0x3185, 0x2945, 0x2965, 0x3185,
    0x3186, 0x3186, 0x2945, 0x31A6, 0x39C7, 0x39C7, 0x39E7, 0x2104,
    0x18C3, 0x7410, 0x7C71, 0x29E8, 0x1925, 0x08C4, 0x08C4, 0x1125,
    0x1167, 0x11A9, 0x11A9, 0x11A9, 0x11C9, 0x6C52, 0x9575, 0x2186,
    0x2945, 0x31A6, 0x2965, 0x2944, 0x2945, 0x2944, 0x2944, 0x2944,
    0x2965, 0x2965, 0x2944, 0x2944, 0x2944, 0x2965, 0x2965, 0x3165,
    0x3185, 0x18C3, 0x0841, 0x0862, 0x426A, 0x7472, 0x224A, 0x09A8,
    0x11A9, 0x11A9, 0x09AA, 0x11AA, 0x11C9, 0x1189, 0x220A, 0x6C52,
    0x2A2A, 0x0042, 0x0000, 0x0000, 0x0000, 0x0000, 0x0000, 0x0021,
    0x0020, 0x0000, 0x0000, 0x0000, 0x0000, 0x0000, 0x0041, 0x2A09,
    0x7CD4, 0x2A6B, 0x1187, 0x42CC, 0x532D, 0x534D, 0x536E, 0x536E,
    0x534E, 0x3A8B, 0x21C8, 0x3229, 0x324A, 0x21A7, 0x2166, 0x39E7,
    0x39C7, 0x39C7, 0x39C7, 0x4208, 0x39E7, 0x2945, 0x2965, 0x4207,
    0x3185, 0x2965, 0x39E7, 0x31A6, 0x31C6, 0x31C6, 0x39C6, 0x2124,
    0x2965, 0x39C6, 0x31A6, 0x3185, 0x2965, 0x3165, 0x39C6, 0x4207,
    0x39C6, 0x39E6, 0x39E6, 0x39C6, 0x3185, 0x2964, 0x2965, 0x31A5,
    0x39E7, 0x4207, 0x39E7, 0x39E7, 0x31A6, 0x31A5, 0x4207, 0x39E6,
    0x31A6, 0x39E6, 0x31C6, 0x31A6, 0x39C6, 0x39C6, 0x31C6, 0x39C6,
    0x39E7, 0x4A69, 0x4248, 0x3A07, 0x39C6, 0x31C6, 0x31A6, 0x31A6,
    0x31A6, 0x39E6, 0x4207, 0x4207, 0x39E7, 0x39C6, 0x39E7, 0x39C6,
    0x31A5, 0x31A6, 0x10A2, 0x08A2, 0x1925, 0x1965, 0x08E4, 0x0042,
    0x0042, 0x0042, 0x0062, 0x00E4, 0x84F3, 0xBE9A, 0x9535, 0x1146,
    0x08E5, 0x08E6, 0x00C4, 0x0042, 0xAD12, 0xFF99, 0xFF15, 0xF6F4,
    0x5A25, 0x0820, 0x18A1, 0x1081, 0x1081, 0x1862, 0x1862, 0x18C1,
    0x0840, 0x3983, 0xEED4, 0xFF15, 0xFF14, 0xE673, 0x3942, 0x10A3,
    0x1126, 0x1126, 0x08E5, 0x63D0, 0xBE99, 0xB617, 0x4B0C, 0x00E5,
    0x00C4, 0x1105, 0x6C31, 0x42EC, 0x3A69, 0xCE99, 0x94D0, 0x5A66,
    0xCDF4, 0xCE35, 0xC5D4, 0xBDD4, 0xC5D4, 0xC615, 0xCE15, 0xC615,
    0xCE36, 0xCE36, 0xC5F5, 0xC615, 0xCE15, 0xCE36, 0xCE56, 0xC615,
    0xC615, 0xC5F5, 0xCE15, 0xB551, 0xB550, 0x3163, 0x4228, 0x8CB2,
    0x4AEB, 0x3AAA, 0x4AEB, 0x3208, 0x2A08, 0x2A4A, 0x1167, 0x0927,
    0x0947, 0x1166, 0x3249, 0x2208, 0x1145, 0x0904, 0x00A3, 0x29A7,
    0x2985, 0x2965, 0x4207, 0x4A49, 0x528A, 0x18E3, 0x0020, 0x0041,
    0x0021, 0x0021, 0x0841, 0x0021, 0x0020, 0x0020, 0x0041, 0x0041,
    0x0021, 0x0021, 0x0841, 0x0862, 0x4228, 0x630C, 0x5AEB, 0x2965,
    0x0021, 0x0821, 0x0862, 0x10C4, 0x1125, 0x1146, 0x29C7, 0x2986,
    0x2945, 0x3186, 0x39C7, 0x3A07, 0x39E7, 0x31C6, 0x2945, 0x0861,
    0x18C3, 0x18C2, 0x0000, 0x0000, 0x0000, 0x20E2, 0x41C5, 0x41C3,
    0x62C8, 0x3162, 0x1040, 0x1081, 0x1881, 0x18A1, 0x18A1, 0x18A1,
    0x18A1, 0x2102, 0x3163, 0x4A04, 0x39E4, 0x3205, 0x7C6F, 0x7C4F,
    0x2207, 0x0967, 0x0988, 0x0988, 0x09A8, 0x09A8, 0x0987, 0x0987,
    0x1187, 0x2A88, 0x3B08, 0x32E7, 0x3307, 0x3307, 0x3307, 0x3307,
    0x32E6, 0x32E6, 0x2AC6, 0x2AA6, 0x2A85, 0x2AA6, 0x2AC6, 0x2AC6,
    0x2AE6, 0x3B68, 0x5C8C, 0x5C8C, 0x5C8B, 0x5C8B, 0x5C6B, 0x5C6C,
    0x5C6C, 0x5C8C, 0x5C8C, 0x5C8C, 0x5C8C, 0x5C8C, 0x4C0B, 0x4BCA,
    0x9E34, 0xC6F8, 0x9573, 0x748F, 0x7CB0, 0x84D1, 0x8D13, 0xA5B6,
    0xB637, 0xD73B, 0xEFDE, 0xCF3B, 0x84F1, 0x2A87, 0x2AA7, 0x6CCE,
    0x7D70, 0x6CCE, 0x546C, 0x544B, 0x544B, 0x544B, 0x544B, 0x544B,
    0x4C4A, 0x4C4A, 0x4C4B, 0x542B, 0x4BCA, 0x32C7, 0x3246, 0x3226,
    0x3206, 0x3206, 0x29E5, 0x29C5, 0xBDF4, 0xC635, 0xBDB4, 0xAD52,
    0xB593, 0xB573, 0xB593, 0xBDD4, 0xC5F5, 0xCE36, 0xC636, 0xBDF5,
    0xBDF5, 0xC5F5, 0xBDB4, 0xCE36, 0xCE36, 0xD677, 0xCE56, 0xCE36,
    0xCE56, 0xC5F5, 0xCE36, 0xD677, 0xD697, 0xDED9, 0xF7BD, 0xFFFF,
    0xFFFF, 0xFFFF, 0xFFFF, 0xFFFF, 0xFFFF, 0xFFFF, 0xFFFF, 0xFFFF,
    0xFFFF, 0xEF5C, 0xD698, 0xCE57, 0xBDF5, 0xB593, 0xAD52, 0xA532,
    0x842E, 0x840D, 0x738C, 0x5268, 0x4A27, 0x4207, 0x2924, 0x2965,
    0x3185, 0x2965, 0x39C6, 0x39C7, 0x1081, 0x18A2, 0x18A2, 0x0861,
    0x0840, 0x10C2, 0x2124, 0x4207, 0x7BCE, 0x7BCE, 0x634C, 0x634C,
    0x3A08, 0x21A7, 0x1987, 0x0947, 0x1147, 0x1968, 0x1188, 0x53B1,
    0x5390, 0x0947, 0x42CD, 0x7452, 0x7431, 0x2A09, 0x4AEC, 0x5B4E,
    0x63CF, 0x3A8A, 0x530D, 0x2A29, 0x4B0C, 0x534E, 0x4AEC, 0x63AF,
    0x5B6E, 0x3A6A, 0x1946, 0x1104, 0x2187, 0x29E8, 0x2186, 0x2186,
    0x29A7, 0x39C7, 0x39E7, 0x31C7, 0x2965, 0x2965, 0x3185, 0x3186,
    0x3185, 0x2965, 0x2945, 0x3185, 0x3186, 0x2945, 0x2945, 0x39E7,
    0x39C6, 0x39C7, 0x39E7, 0x2104, 0x2145, 0x8CD3, 0x8D35, 0x534D,
    0x2A29, 0x1987, 0x1967, 0x1126, 0x1168, 0x19C9, 0x11C9, 0x11C9,
    0x11C9, 0x6C52, 0xADF8, 0x3A08, 0x2944, 0x39E7, 0x2985, 0x2965,
    0x2965, 0x2944, 0x2944, 0x2944, 0x2944, 0x2944, 0x2944, 0x2944,
    0x2944, 0x2944, 0x2964, 0x3165, 0x2965, 0x18C3, 0x0841, 0x10C3,
    0x6BCF, 0x7CB3, 0x222A, 0x09A8, 0x11A9, 0x11AA, 0x09CA, 0x11AA,
    0x11CA, 0x0988, 0x32AD, 0x8D56, 0x326A, 0x00A3, 0x1946, 0x31E8,
    0x426A, 0x5AEB, 0x5ACA, 0x5289, 0x5289, 0x5268, 0x39E7, 0x2124,
    0x08A3, 0x0882, 0x0082, 0x3249, 0x84F5, 0x2A4A, 0x00C4, 0x1988,
    0x322A, 0x1987, 0x21E8, 0x538F, 0x5BAF, 0x324A, 0x0905, 0x1146,
    0x42ED, 0x6C11, 0x31E8, 0x29A7, 0x39C6, 0x39C6, 0x4207, 0x4228,
    0x4208, 0x3185, 0x31A6, 0x4207, 0x31A6, 0x2144, 0x3185, 0x39C7,
    0x31A6, 0x39C6, 0x39C6, 0x3185, 0x31A6, 0x31C6, 0x3185, 0x2965,
    0x2985, 0x31A5, 0x39E7, 0x4A48, 0x4227, 0x4227, 0x4227, 0x39E6,
    0x31A5, 0x3185, 0x3185, 0x3185, 0x39C6, 0x39E7, 0x39C6, 0x39E7,
    0x3185, 0x3185, 0x39E7, 0x39E7, 0x31C6, 0x31C6, 0x31C6, 0x31A6,
    0x2985, 0x3185, 0x31A6, 0x31A6, 0x39E7, 0x4228, 0x4228, 0x4207,
    0x31A6, 0x31A5, 0x31A6, 0x39C6, 0x39E6, 0x4207, 0x3A07, 0x4207,
    0x3A07, 0x3A07, 0x39E7, 0x39C6, 0x3185, 0x31A6, 0x2965, 0x2986,
    0x1104, 0x08A2, 0x10C4, 0x10E4, 0x10E4, 0x1105, 0x1105, 0x1105,
    0x7451, 0xBE79, 0x8492, 0x1186, 0x1146, 0x1967, 0x1105, 0x2165,
    0xC5F5, 0xFF58, 0xFF15, 0xEE93, 0x49C3, 0x0820, 0x1081, 0x0881,
    0x1081, 0x1081, 0x1061, 0x1081, 0x0841, 0x28E3, 0xDE54, 0xFF35,
    0xFF14, 0xEE73, 0x3962, 0x0883, 0x1106, 0x1105, 0x08C5, 0x63F0,
    0xBE79, 0xB617, 0x42CB, 0x00E5, 0x00C5, 0x1105, 0x7432, 0x7492,
    0x1986, 0x1944, 0x10A1, 0x4A06, 0xCDF4, 0xCE15, 0xC5D4, 0xC5F5,
    0xC5D4, 0xC5F5, 0xCE36, 0xCE15, 0xCE15, 0xCE15, 0xC5F5, 0xC615,
    0xC615, 0xCE56, 0xD656, 0xCE35, 0xC615, 0xC5F5, 0xC5F5, 0xAD51,
    0xAD50, 0x3983, 0x18E3, 0x3A28, 0x6BEF, 0xA5B6, 0xADD7, 0x7C92,
    0x2A29, 0x0946, 0x0926, 0x0926, 0x00A4, 0x1987, 0x84D3, 0x534D,
    0x0926, 0x0905, 0x08A3, 0x0862, 0x0040, 0x2124, 0x31A6, 0x2985,
    0x2965, 0x1081, 0x0000, 0x0020, 0x0020, 0x0020, 0x0841, 0x0841,
    0x0841, 0x0020, 0x0040, 0x0020, 0x0020, 0x0020, 0x0020, 0x0020,
    0x10C2, 0x10A2, 0x1082, 0x0841, 0x0020, 0x0020, 0x0861, 0x08A3,
    0x0905, 0x1126, 0x2166, 0x2165, 0x31A6, 0x3186, 0x31A6, 0x39E7,
    0x31A6, 0x31A6, 0x3165, 0x1082, 0x0020, 0x1081, 0x2103, 0x2923,
    0x2903, 0x2902, 0x28E2, 0x20C0, 0x2901, 0x18A0, 0x1060, 0x1060,
    0x1081, 0x1081, 0x18A1, 0x18A1, 0x1881, 0x18C1, 0x3142, 0x49E4,
    0x39E4, 0x3205, 0x7C4F, 0x7C6F, 0x2A07, 0x0966, 0x0987, 0x0988,
    0x09A8, 0x0988, 0x0987, 0x1187, 0x1187, 0x2248, 0x3308, 0x3307,
    0x3307, 0x3307, 0x3327, 0x3306, 0x32E6, 0x2AC6, 0x2AA6, 0x2AA6,
    0x2AA5, 0x2AA6, 0x2AA6, 0x2AA6, 0x2AC6, 0x3B68, 0x5C8C, 0x5C8C,
    0x5C8B, 0x5C8B, 0x5C8B, 0x5C8C, 0x5C8C, 0x5C8C, 0x5C8C, 0x5C8C,
    0x5C8C, 0x4BEA, 0x43AA, 0x8592, 0xB6B7, 0xDF5B, 0xD73A, 0x9D73,
    0x744F, 0x744F, 0x8D12, 0xA5B5, 0x8CF2, 0x94F3, 0xB637, 0xDF7C,
    0xDFBD, 0x9DD4, 0x2226, 0x0142, 0x436A, 0x7510, 0x64AD, 0x544B,
    0x544B, 0x4C2A, 0x4C2B, 0x4C4B, 0x4C2A, 0x4C2A, 0x4C2A, 0x4C2B,
    0x4389, 0x32C7, 0x3246, 0x3226, 0x3206, 0x31E6, 0x29E5, 0x29E5,
    0xC615, 0xCE56, 0xCE36, 0xC5F5, 0xC615, 0xC5F5, 0xCE36, 0xD697,
    0xD697, 0xD677, 0xD697, 0xCE56, 0xBDD5, 0xBDF5, 0xBDB4, 0xBDD4,
    0xBDF5, 0xBDF5, 0xC635, 0xD698, 0xEF3A, 0xEF5A, 0xE6F9, 0xE6F9,
    0xEF3A, 0xEF7C, 0xFFFE, 0xFFFF, 0xFFFF, 0xFFFF, 0xFFFF, 0xFFFF,
    0xFFFF, 0xFFFF, 0xFFFF, 0xFFFF, 0xFFFF, 0xEF3B, 0xC616, 0xC616,
    0xCE36, 0xD697, 0xC636, 0xB5B3, 0x946F, 0x8C4E, 0x946F, 0x738C,
    0x6B2B, 0x4A68, 0x31A5, 0x2964, 0x2965, 0x2944, 0x31A6, 0x31A6,
    0x0861, 0x1082, 0x0861, 0x0861, 0x0861, 0x18C3, 0x2104, 0x1903,
    0x18E3, 0x10C2, 0x18C3, 0x3A07, 0x3A28, 0x1105, 0x1146, 0x1167,
    0x1167, 0x1147, 0x0947, 0x3AAD, 0x328D, 0x0927, 0x19A8, 0x2A2A,
    0x2A09, 0x21C8, 0x2A09, 0x2A09, 0x324A, 0x42CC, 0x7451, 0x7CB3,
    0x4B2D, 0x21C8, 0x1125, 0x1145, 0x1945, 0x1145, 0x1946, 0x21A7,
    0x4AEC, 0x29E8, 0x532D, 0x7C72, 0x426A, 0x31A6, 0x39E7, 0x39E7,
    0x31A6, 0x31A6, 0x39C6, 0x31A6, 0x31C6, 0x3186, 0x31A6, 0x31C6,
    0x31C6, 0x3186, 0x31A6, 0x39C7, 0x31C7, 0x31C7, 0x31C7, 0x18E4,
    0x0021, 0x1946, 0x534E, 0x6431, 0x3ACC, 0x19A8, 0x1167, 0x1167,
    0x1168, 0x19C9, 0x11CA, 0x11A9, 0x11C9, 0x6C52, 0xAE18, 0x3A49,
    0x2104, 0x31A6, 0x3185, 0x3185, 0x2965, 0x2965, 0x2964, 0x2944,
    0x2944, 0x2944, 0x2944, 0x2964, 0x2944, 0x2944, 0x2944, 0x2964,
    0x2965, 0x18C3, 0x0841, 0x10C3, 0x7C31, 0x8D14, 0x224A, 0x0988,
    0x0989, 0x09A9, 0x0989, 0x09A9, 0x11C9, 0x0988, 0x3ACD, 0x8D55,
    0x2A29, 0x08E4, 0x4AEC, 0x9D14, 0x6B8D, 0x840F, 0x8C0E, 0x8C0E,
    0x8C0E, 0x83CD, 0x840E, 0x8C70, 0x2985, 0x10C3, 0x0882, 0x2A09,
    0x84F5, 0x2A4A, 0x0105, 0x1167, 0x19A8, 0x21C8, 0x21E9, 0x3AAC,
    0x536F, 0x7473, 0x534E, 0x4B2D, 0xB659, 0xCEFB, 0x4AAA, 0x2165,
    0x31A6, 0x39A7, 0x4208, 0x39E7, 0x4208, 0x3186, 0x31A6, 0x4207,
    0x3A07, 0x31A6, 0x2964, 0x31A6, 0x39C7, 0x39C6, 0x39C6, 0x3185,
    0x3185, 0x31A6, 0x3185, 0x3185, 0x31A6, 0x31A5, 0x39C6, 0x39E7,
    0x4207, 0x3A07, 0x4227, 0x39E6, 0x3185, 0x3185, 0x31A5, 0x3185,
    0x31A5, 0x31A5, 0x39C6, 0x31C6, 0x2965, 0x2944, 0x3185, 0x4207,
    0x39E7, 0x31A6, 0x31C6, 0x31A5, 0x2965, 0x31C6, 0x31A6, 0x31A6,
    0x31A5, 0x31A6, 0x4207, 0x31C6, 0x31C6, 0x4227, 0x4207, 0x39C6,
    0x2965, 0x39E7, 0x4227, 0x4227, 0x4227, 0x3A07, 0x39E6, 0x39E7,
    0x39C6, 0x3185, 0x3A07, 0x636D, 0x4269, 0x2165, 0x638E, 0x94F3,
    0x8CF4, 0x9515, 0x8D14, 0x84F4, 0x9DB6, 0xBE79, 0x9534, 0x7CB2,
    0x8514, 0x84D4, 0x84B3, 0x8471, 0xD677, 0xFF18, 0xFF15, 0xF6D4,
    0x5A24, 0x0800, 0x1082, 0x1062, 0x1061, 0x1061, 0x1081, 0x0881,
    0x0820, 0x3123, 0xE695, 0xFF15, 0xFF14, 0xF6B4, 0x41C4, 0x0883,
    0x1106, 0x1106, 0x08E5, 0x63F1, 0xBE79, 0xB617, 0x42EB, 0x00E4,
    0x00C5, 0x0906, 0x7453, 0x8D35, 0x2A08, 0x00C3, 0x0882, 0x4A06,
    0xCE14, 0xCE15, 0xBDB3, 0xC615, 0xC615, 0xC615, 0xCE36, 0xCE36,
    0xCE15, 0xC615, 0xC615, 0xCE36, 0xD657, 0xCE56, 0xD656, 0xCE36,
    0xC5F5, 0xC615, 0xCE15, 0xB551, 0xB550, 0x3983, 0x1081, 0x1904,
    0x6BCF, 0xC6BA, 0xC69A, 0x8CD2, 0x1965, 0x0082, 0x2A08, 0x2A08,
    0x0082, 0x21C7, 0xA5B7, 0x5BAE, 0x0925, 0x08C4, 0x0082, 0x0021,
    0x0020, 0x0000, 0x0000, 0x0000, 0x0000, 0x0020, 0x0020, 0x0020,
    0x0020, 0x0821, 0x0020, 0x0841, 0x0841, 0x0841, 0x0841, 0x0841,
    0x0841, 0x0841, 0x0841, 0x0841, 0x0020, 0x0020, 0x0020, 0x0841,
    0x0841, 0x0820, 0x0841, 0x08A3, 0x08E5, 0x1105, 0x21A7, 0x2986,
    0x2965, 0x31A6, 0x39C6, 0x39E7, 0x39E7, 0x39E7, 0x2965, 0x1082,
    0x0820, 0x62EA, 0xA4B0, 0x8BEC, 0x6AC6, 0x6265, 0x5A25, 0x3101,
    0x1880, 0x20C1, 0x1060, 0x1060, 0x1881, 0x1081, 0x10A1, 0x1081,
    0x1081, 0x18C1, 0x3143, 0x4A04, 0x39E4, 0x31E5, 0x7C4E, 0x7C6F,
    0x2A07, 0x0966, 0x0967, 0x1188, 0x11A9, 0x09A8, 0x0988, 0x1188,
    0x1187, 0x2248, 0x32E8, 0x32E7, 0x3307, 0x3307, 0x3307, 0x3306,
    0x32E6, 0x2AC6, 0x2AA6, 0x2AA6, 0x2AA6, 0x2AA6, 0x2AA6, 0x2AC6,
    0x2AC6, 0x3B68, 0x5C8C, 0x5C8C, 0x5C8C, 0x5C6C, 0x5C6C, 0x5C8C,
    0x5C8C, 0x5C8C, 0x5C8C, 0x5C8C, 0x4BEA, 0x540B, 0x7510, 0x8DB3,
    0xA636, 0xC698, 0xE77C, 0xEFDE, 0xDF5B, 0xA594, 0x84D1, 0x7C91,
    0x7C70, 0x84B1, 0x9D74, 0x9D54, 0xB617, 0xCEFA, 0x9DD5, 0x2A46,
    0x00E0, 0x2205, 0x6CAE, 0x6CEE, 0x5C6C, 0x544B, 0x4C4B, 0x4C2A,
    0x4C2A, 0x4C0A, 0x4C0A, 0x4C0A, 0x4369, 0x32A7, 0x3246, 0x3226,
    0x3206, 0x31E6, 0x29E5, 0x29C5, 0xBDD4, 0xC5D4, 0xD677, 0xCE77,
    0xCE36, 0xCE56, 0xCE56, 0xDEB8, 0xE6F9, 0xDEB8, 0xDED9, 0xCE57,
    0xC616, 0xDEB8, 0xDED8, 0xD697, 0xD677, 0xD6B8, 0xD698, 0xDEB8,
    0xDED9, 0xD697, 0xD6B8, 0xE73A, 0xF79C, 0xF77C, 0xF79D, 0xFFFF,
    0xFFFF, 0xFFFF, 0xFFFF, 0xFFFF, 0xFFFF, 0xFFFF, 0xFFFF, 0xF7BE,
    0xFFFF, 0xF79D, 0xDEB9, 0xC616, 0xC615, 0xBDD4, 0xB593, 0x9CD0,
    0x8C2E, 0x7BCC, 0x6309, 0x6309, 0x7BAD, 0x630A, 0x4227, 0x4228,
    0x39C6, 0x2965, 0x31A6, 0x31A6, 0x10A2, 0x18C3, 0x10C3, 0x10C3,
    0x18E3, 0x2965, 0x3186, 0x3186, 0x2985, 0x31A6, 0x4A69, 0x2944,
    0x10E3, 0x08C3, 0x1146, 0x1147, 0x1167, 0x1168, 0x1168, 0x326C,
    0x2A4B, 0x0947, 0x1167, 0x1167, 0x1188, 0x21C9, 0x21C9, 0x1168,
    0x1167, 0x1167, 0x1987, 0x63D0, 0x9596, 0x9576, 0x9556, 0x9555,
    0x9D76, 0x9D96, 0x9D96, 0x9535, 0x8D14, 0x5B6E, 0x7C92, 0xC67A,
    0x73EF, 0x2986, 0x39E7, 0x39E7, 0x4208, 0x4207, 0x39E7, 0x31A6,
    0x31A6, 0x31C6, 0x39C6, 0x31C6, 0x31A6, 0x39C7, 0x39E7, 0x31C6,
    0x31A6, 0x31C7, 0x31C7, 0x18E3, 0x0021, 0x1105, 0x2A2A, 0x538F,
    0x3ACD, 0x0927, 0x08E6, 0x1127, 0x0947, 0x11A9, 0x11C9, 0x11A9,
    0x11C9, 0x6431, 0x84F4, 0x2186, 0x2145, 0x31A6, 0x3185, 0x3165,
    0x3165, 0x2965, 0x2964, 0x2964, 0x2944, 0x2944, 0x2944, 0x2944,
    0x2964, 0x2964, 0x2964, 0x2964, 0x3185, 0x18C3, 0x0841, 0x0041,
    0x428A, 0x7C92, 0x2A6A, 0x0967, 0x19CA, 0x226C, 0x226C, 0x11CA,
    0x11A9, 0x0988, 0x3AAC, 0x9576, 0x42CB, 0x0904, 0x638E, 0xB5D6,
    0x634B, 0x840D, 0x8C0D, 0x8C0C, 0x942D, 0x83CC, 0x946F, 0xC616,
    0x31C6, 0x10C3, 0x08A3, 0x29E8, 0x8515, 0x4B2E, 0x2209, 0x00E5,
    0x0083, 0x0947, 0x1147, 0x0106, 0x00E5, 0x19A8, 0x2A09, 0x3A8B,
    0x6C10, 0x5B8D, 0x29C7, 0x31E7, 0x3A08, 0x39E7, 0x39E7, 0x39C7,
    0x41E7, 0x31A6, 0x2965, 0x3A07, 0x39E6, 0x39E7, 0x3185, 0x2944,
    0x39C7, 0x39C6, 0x31A6, 0x3185, 0x2965, 0x3185, 0x31A5, 0x3185,
    0x2985, 0x3185, 0x31A6, 0x39C6, 0x4227, 0x4227, 0x3A07, 0x39E6,
    0x31A5, 0x2985, 0x31A5, 0x31A5, 0x3185, 0x2985, 0x3185, 0x3185,
    0x31A5, 0x3185, 0x3185, 0x39E6, 0x39C6, 0x31A6, 0x31A6, 0x2965,
    0x2965, 0x31A5, 0x31A5, 0x3185, 0x3185, 0x39C6, 0x4207, 0x31C6,
    0x31A6, 0x39E6, 0x39E6, 0x31A5, 0x3185, 0x3A07, 0x39E6, 0x39E6,
    0x4207, 0x39E6, 0x39E6, 0x39E7, 0x39C6, 0x39C6, 0x10E2, 0x29A6,
    0x3A48, 0x3A28, 0x4269, 0x428A, 0x3A8A, 0x3A6A, 0x326A, 0x430C,
    0x9DB6, 0xBE99, 0x9D96, 0x430C, 0x2A4A, 0x322A, 0x3229, 0x2986,
    0xAD32, 0xFF78, 0xFF15, 0xFF36, 0x9C4C, 0x1020, 0x1061, 0x1062,
    0x1061, 0x1061, 0x0861, 0x0881, 0x0000, 0x732A, 0xFF16, 0xFEF4,
    0xFF15, 0xF6D4, 0x41C4, 0x0882, 0x1106, 0x1126, 0x1126, 0x63F0,
    0xBE7A, 0xB618, 0x4B0C, 0x00E5, 0x08E5, 0x08E5, 0x63F1, 0x8D34,
    0x2A29, 0x00E4, 0x0082, 0x4207, 0xCE14, 0xD615, 0xBD93, 0xC5F4,
    0xC5F5, 0xC615, 0xCE56, 0xCE36, 0xD656, 0xCE16, 0xCE15, 0xD677,
    0xCE36, 0xC615, 0xCE36, 0xCE36, 0xCE15, 0xCE35, 0xCE15, 0xB571,
    0xB54F, 0x3982, 0x0000, 0x0020, 0x4ACB, 0xB638, 0xC699, 0xADD6,
    0x6BEF, 0x638E, 0x9D75, 0xA5B6, 0x428A, 0x4AEB, 0xB639, 0x536E,
    0x1986, 0x42AB, 0x1945, 0x0041, 0x0861, 0x1082, 0x10A2, 0x10C2,
    0x18C2, 0x18C3, 0x18C3, 0x18E3, 0x18E3, 0x18E3, 0x2103, 0x18E3,
    0x2104, 0x2124, 0x2124, 0x2104, 0x2124, 0x2124, 0x2124, 0x2104,
    0x2124, 0x2124, 0x2104, 0x18E3, 0x18C3, 0x0861, 0x0862, 0x10E4,
    0x08E5, 0x1126, 0x3208, 0x31A7, 0x2124, 0x31A6, 0x39E7, 0x39E7,
    0x3A07, 0x4208, 0x2124, 0x0841, 0x1061, 0x942E, 0xC591, 0xA46C,
    0x8B87, 0x8B65, 0x8325, 0x49A2, 0x20A1, 0x4A05, 0x2101, 0x1881,
    0x1881, 0x1081, 0x10A1, 0x1881, 0x18A1, 0x18C1, 0x2921, 0x62E7,
    0x4A66, 0x3A26, 0x7C6F, 0x7C6F, 0x2A28, 0x0967, 0x0988, 0x0988,
    0x09A8, 0x11A9, 0x0988, 0x1188, 0x1187, 0x2248, 0x32E8, 0x3307,
    0x3307, 0x3327, 0x3307, 0x3306, 0x2AE6, 0x2AC6, 0x2AC6, 0x2AA6,
    0x2AA6, 0x2AC6, 0x32C6, 0x2AC6, 0x2AC6, 0x3B68, 0x5C8C, 0x5C8C,
    0x5C6C, 0x5C8C, 0x5C8C, 0x5C8C, 0x5C8C, 0x5C6C, 0x5C6B, 0x4C0A,
    0x4389, 0x74EF, 0x9DF4, 0x9593, 0xAE36, 0xBE78, 0xE79C, 0xFFFF,
    0xFFFF, 0xEFBE, 0xADF7, 0x84B1, 0x7C71, 0x7C91, 0x8CD2, 0x8CF2,
    0x9533, 0x9D95, 0xBE99, 0x8D32, 0x19C4, 0x0060, 0x3286, 0x7D50,
    0x64AD, 0x544B, 0x4C4A, 0x4C2A, 0x4C2A, 0x4C2A, 0x4C2A, 0x4C0A,
    0x4389, 0x2AA6, 0x2A25, 0x2A06, 0x31E6, 0x29E5, 0x29C5, 0x29C5,
    0xDED8, 0xD697, 0xD677, 0xCE36, 0xBDD4, 0xCE36, 0xD657, 0xCE56,
    0xCE36, 0xCE56, 0xCE36, 0xCE36, 0xC636, 0xCE56, 0xD697, 0xDED8,
    0xE73A, 0xE719, 0xDEB8, 0xD6B8, 0xCE77, 0xC616, 0xC616, 0xCE36,
    0xE71A, 0xFFDD, 0xFFFE, 0xFFFF, 0xFFFF, 0xE73C, 0xC638, 0xDEDA,
    0xDEBA, 0xD69A, 0xB575, 0x9CB1, 0xCE37, 0xF77B, 0xE71A, 0xD6B8,
    0xD697, 0xC636, 0xD697, 0xB593, 0xA511, 0xB573, 0x946F, 0x9CB0,
    0xA532, 0x8C6F, 0x630A, 0x5AEA, 0x5289, 0x31A6, 0x39C7, 0x39C7,
    0x18E3, 0x2104, 0x2104, 0x2124, 0x2965, 0x5269, 0x52A9, 0x5ACA,
    0x52CA, 0x632C, 0x842F, 0x4207, 0x3A08, 0x2187, 0x1167, 0x19A8,
    0x1168, 0x1168, 0x1168, 0x4B50, 0x4B4F, 0x1988, 0x29E9, 0x1147,
    0x1147, 0x1147, 0x0927, 0x1127, 0x0906, 0x1146, 0x21A8, 0x2A29,
    0x84D4, 0x84D3, 0x4ACB, 0x4ACB, 0x4B0D, 0x5B4E, 0x63CF, 0x63AF,
    0x5B8F, 0x63AF, 0x534D, 0x63CF, 0x3A49, 0x31E7, 0x39E7, 0x39E7,
    0x4208, 0x39E7, 0x39E7, 0x3A07, 0x39E7, 0x39E7, 0x39C7, 0x39E7,
    0x39E7, 0x39E6, 0x39C6, 0x39C6, 0x31A6, 0x31A6, 0x31A6, 0x10A2,
    0x2166, 0x4AAC, 0x08E5, 0x0905, 0x1147, 0x1148, 0x0907, 0x1127,
    0x1147, 0x11A9, 0x11CA, 0x09A9, 0x1A0A, 0x6C73, 0x63F0, 0x08C3,
    0x2965, 0x31A6, 0x3185, 0x3185, 0x3185, 0x3185, 0x2965, 0x2965,
    0x2964, 0x2964, 0x2944, 0x2964, 0x2964, 0x2964, 0x2965, 0x2964,
    0x2965, 0x18C3, 0x0841, 0x0020, 0x1924, 0x6C10, 0x32AB, 0x0967,
    0x2A6C, 0x32CD, 0x3B2F, 0x32AD, 0x11C9, 0x1168, 0x3ACD, 0xA5D7,
    0x6BF0, 0x10E3, 0x7C10, 0xC638, 0x736B, 0x8C0D, 0x942C, 0x940C,
    0x9C4D, 0x940C, 0xACF0, 0xCE37, 0x39E7, 0x10C3, 0x1104, 0x42CC,
    0x8D35, 0x5BD0, 0x7CB3, 0x6C52, 0x5BD0, 0x5390, 0x21E9, 0x0927,
    0x0906, 0x00E5, 0x08E5, 0x1126, 0x1988, 0x21C9, 0x29C8, 0x31C7,
    0x39E7, 0x4207, 0x39E7, 0x39E7, 0x4208, 0x39E7, 0x3185, 0x39C6,
    0x3A07, 0x3A07, 0x3A07, 0x3186, 0x3185, 0x39C6, 0x31A6, 0x3185,
    0x3185, 0x31A6, 0x31A6, 0x3185, 0x2944, 0x31A5, 0x31C6, 0x31C6,
    0x39E7, 0x39E7, 0x39C6, 0x31A5, 0x3185, 0x31A6, 0x39E6, 0x39E7,
    0x39C6, 0x39C6, 0x31A5, 0x3185, 0x31C5, 0x39C6, 0x31A5, 0x3185,
    0x31C6, 0x39C6, 0x31A6, 0x3185, 0x3186, 0x31A6, 0x39C6, 0x31C6,
    0x4207, 0x4207, 0x39E7, 0x39E7, 0x31A6, 0x31A6, 0x4207, 0x4207,
    0x39E6, 0x39E6, 0x39C6, 0x31A6, 0x39C6, 0x39E7, 0x4227, 0x39E7,
    0x31C6, 0x3185, 0x10A2, 0x10A2, 0x08C2, 0x10E3, 0x08A2, 0x0041,
    0x0041, 0x0042, 0x0022, 0x00A3, 0x84F4, 0xBE9A, 0x9555, 0x1166,
    0x00E5, 0x0906, 0x1126, 0x0082, 0x9CD1, 0xFF98, 0xFF14, 0xFF36,
    0xF6D5, 0x6AC6, 0x0800, 0x0840, 0x0861, 0x0841, 0x0021, 0x0000,
    0x41A5, 0xDE54, 0xFF35, 0xFF14, 0xFF35, 0xF6D5, 0x41C4, 0x0883,
    0x1106, 0x08E5, 0x08E5, 0x63F0, 0xBE9A, 0xB638, 0x4B2C, 0x00E5,
    0x08C5, 0x08E5, 0x7452, 0x9DB6, 0x538E, 0x3ACB, 0x1946, 0x4A27,
    0xCDD4, 0xCDF4, 0xBDB3, 0xC5F4, 0xC5F5, 0xBDD4, 0xC5F5, 0xCE56,
    0xD657, 0xCE15, 0xCE16, 0xD656, 0xCE36, 0xCE15, 0xCE56, 0xCE36,
    0xCE15, 0xCE15, 0xCE15, 0xB551, 0xB54F, 0x3961, 0x2103, 0x4228,
    0x5B2C, 0x9D75, 0x8492, 0x6C10, 0x7451, 0x5B8E, 0x9D75, 0xADD7,
    0x4AAA, 0x29C7, 0x8CF4, 0x42CB, 0x538E, 0xADF7, 0x4AAA, 0x0861,
    0x2104, 0x2104, 0x2104, 0x2124, 0x2144, 0x2124, 0x2945, 0x2945,
    0x2945, 0x2965, 0x2965, 0x2985, 0x2985, 0x2965, 0x2965, 0x2965,
    0x2985, 0x2985, 0x2965, 0x2965, 0x2965, 0x2965, 0x2124, 0x2104,
    0x1904, 0x0881, 0x18E3, 0x29C8, 0x0906, 0x1126, 0x29E8, 0x2986,
    0x2124, 0x31A6, 0x39E7, 0x39E7, 0x3A07, 0x39E7, 0x2104, 0x0861,
    0x1082, 0x946F, 0xCDF3, 0xBD0F, 0xA48A, 0xA447, 0x9BE5, 0x51E1,
    0x28C0, 0x5246, 0x3163, 0x1881, 0x18A1, 0x10A0, 0x10A1, 0x1881,
    0x1881, 0x20C1, 0x3983, 0x7B69, 0x52A6, 0x3A26, 0x7C6F, 0x7C70,
    0x2A08, 0x0967, 0x0988, 0x0988, 0x11A8, 0x11A9, 0x0988, 0x1188,
    0x1187, 0x2A68, 0x3308, 0x3307, 0x3307, 0x3327, 0x3307, 0x3306,
    0x32E6, 0x2AE6, 0x2AC6, 0x2AA6, 0x2AC6, 0x2AC6, 0x2AC6, 0x2AC6,
    0x32E7, 0x3B88, 0x5C8C, 0x5C8C, 0x5C6C, 0x5C8C, 0x5C8C, 0x5C8C,
    0x5C8C, 0x5C8C, 0x542A, 0x43A9, 0x2264, 0x32A6, 0x5BCC, 0x7CB0,
    0xAE16, 0xC699, 0xDF5C, 0xEFBE, 0xF7FF, 0xFFFF, 0xE77D, 0x9533,
    0x84B1, 0x9553, 0x9D74, 0x9554, 0x8D13, 0x9554, 0xAE37, 0xBEB9,
    0x538C, 0x00E1, 0x0060, 0x4309, 0x646D, 0x542B, 0x544B, 0x544B,
    0x542B, 0x4C2A, 0x4C2A, 0x4C0A, 0x4389, 0x2AA6, 0x2A25, 0x2A06,
    0x29E6, 0x29C5, 0x29C5, 0x29C5, 0xE6F9, 0xDEB8, 0xE6F9, 0xDED9,
    0xD677, 0xD677, 0xE6D9, 0xEF3A, 0xE6F9, 0xDEB8, 0xC615, 0xCE56,
    0xDED9, 0xDED9, 0xDEB8, 0xE6F9, 0xF77B, 0xF79B, 0xEF7B, 0xEF3A,
    0xEF5B, 0xEF5B, 0xEF5A, 0xEF5B, 0xEF5B, 0xF77C, 0xFFDD, 0xFFFF,
    0xE71B, 0x5AA9, 0x39A5, 0x8C2F, 0xBDB5, 0xAD53, 0x62E9, 0x5AA7,
    0xBD93, 0xE6F9, 0xE719, 0xDEF9, 0xCE57, 0xCE36, 0xCE56, 0xC635,
    0xBDF4, 0xBDF4, 0xBDF4, 0xAD53, 0x9CB0, 0x8C4E, 0x8C4F, 0x736C,
    0x39C6, 0x3185, 0x39E7, 0x39E7, 0x10A2, 0x18C3, 0x18C3, 0x18C2,
    0x10A2, 0x2945, 0x39C7, 0x4A69, 0x634C, 0x73CE, 0x738D, 0x5ACB,
    0x29A7, 0x1966, 0x1987, 0x1167, 0x1167, 0x1168, 0x1148, 0x4B2F,
    0x4B6F, 0x0946, 0x21C8, 0x21C8, 0x1126, 0x08C5, 0x00A4, 0x1105,
    0x1946, 0x08E4, 0x1126, 0x1146, 0x536E, 0x42CB, 0x0042, 0x0083,
    0x00C4, 0x0905, 0x1126, 0x1147, 0x2A09, 0x326B, 0x21E9, 0x21C9,
    0x29E9, 0x3208, 0x3A08, 0x31E8, 0x39E8, 0x3A08, 0x39E8, 0x31C8,
    0x39E8, 0x31E8, 0x31C7, 0x31C7, 0x31C7, 0x31C7, 0x3A08, 0x31C7,
    0x31E7, 0x31C7, 0x29A6, 0x3A49, 0x6BF0, 0x4B0D, 0x08E5, 0x00C5,
    0x1147, 0x1148, 0x0906, 0x1968, 0x1188, 0x11A9, 0x11CA, 0x11CA,
    0x1A0A, 0x74B4, 0x6410, 0x08E3, 0x2986, 0x39A6, 0x3185, 0x3165,
    0x2965, 0x2965, 0x2965, 0x2965, 0x2965, 0x2964, 0x2964, 0x2965,
    0x2964, 0x2964, 0x2964, 0x2964, 0x2965, 0x18C3, 0x0841, 0x0020,
    0x2165, 0x7451, 0x328B, 0x0988, 0x0967, 0x0927, 0x0947, 0x1189,
    0x11A9, 0x0127, 0x42CC, 0xADF7, 0x638E, 0x29A6, 0x7C2F, 0xAD94,
    0x738C, 0x83CC, 0x8BEC, 0x93EB, 0x9C2C, 0x93CB, 0xACD0, 0xB594,
    0x31A6, 0x08A3, 0x1945, 0x534E, 0x9597, 0x3ACB, 0x2A4A, 0x5BF0,
    0x63F1, 0x3AAC, 0x0906, 0x0106, 0x0907, 0x0947, 0x0926, 0x42CC,
    0x8CF5, 0x8CD4, 0x3208, 0x2986, 0x39E7, 0x31A6, 0x39E7, 0x4228,
    0x4208, 0x3A07, 0x3185, 0x2965, 0x39E6, 0x4227, 0x3A07, 0x39C7,
    0x31A6, 0x31A6, 0x31A5, 0x31A5, 0x31A6, 0x31A5, 0x31A5, 0x3185,
    0x2965, 0x3185, 0x31A6, 0x31A6, 0x39C6, 0x39C6, 0x31A5, 0x2965,
    0x31A5, 0x31C6, 0x31A6, 0x31C6, 0x31C6, 0x39C6, 0x31A6, 0x2965,
    0x31A5, 0x39C6, 0x39E7, 0x3186, 0x3186, 0x31A6, 0x31A6, 0x31A6,
    0x3186, 0x39C6, 0x39C6, 0x3185, 0x31A6, 0x4228, 0x4228, 0x3A07,
    0x39C7, 0x4207, 0x4208, 0x39E7, 0x31A6, 0x31C6, 0x39C6, 0x39E7,
    0x39C6, 0x31A6, 0x31A6, 0x39C6, 0x31C6, 0x3185, 0x39E7, 0x4A89,
    0x31E7, 0x1924, 0x2186, 0x31E8, 0x29E8, 0x29E9, 0x21C8, 0x1166,
    0x7C92, 0xBE79, 0x9534, 0x19A7, 0x1126, 0x1147, 0x1967, 0x08C4,
    0xA512, 0xFF98, 0xFF35, 0xFF35, 0xFF35, 0xEEB4, 0x8BAA, 0x3143,
    0x20C1, 0x18A1, 0x2903, 0x6AE9, 0xDE54, 0xFF35, 0xFF14, 0xFF34,
    0xFF35, 0xF6F6, 0x5205, 0x0882, 0x1106, 0x1106, 0x08E6, 0x63F1,
    0xBE9A, 0xB618, 0x4B0C, 0x00E5, 0x08E5, 0x1126, 0x84F5, 0x8D55,
    0x4B6E, 0x7CD4, 0x3229, 0x41E6, 0xCDD4, 0xD635, 0xC5D4, 0xC5F4,
    0xC5F5, 0xC5F5, 0xC615, 0xCE56, 0xD657, 0xCE36, 0xCE16, 0xCE36,
    0xCE36, 0xCE16, 0xCE56, 0xCE36, 0xC5F5, 0xC615, 0xCE16, 0xB551,
    0xB52E, 0x3961, 0x3164, 0x52AA, 0x73CE, 0xA596, 0x6BEF, 0x3A8A,
    0x19A7, 0x21E7, 0x7410, 0x8492, 0x3228, 0x0062, 0x4B0C, 0x328A,
    0x7CD3, 0xBE9A, 0x6BAE, 0x0881, 0x2124, 0x2104, 0x2104, 0x2124,
    0x2144, 0x2124, 0x2944, 0x2944, 0x2944, 0x2945, 0x2965, 0x2965,
    0x2965, 0x2965, 0x2965, 0x2965, 0x2965, 0x2965, 0x2965, 0x2944,
    0x2945, 0x2945, 0x2124, 0x2104, 0x2104, 0x0861, 0x1904, 0x3229,
    0x0926, 0x1146, 0x29C7, 0x2145, 0x2104, 0x31A6, 0x39C7, 0x31C6,
    0x39E7, 0x3A07, 0x2104, 0x0861, 0x1082, 0x9CB0, 0xCE55, 0xCDF4,
    0xB52F, 0xA489, 0xA406, 0x5A01, 0x2080, 0x3100, 0x20C0, 0x1881,
    0x1881, 0x1080, 0x1080, 0x1080, 0x1881, 0x20E1, 0x3983, 0x62A6,
    0x4204, 0x3205, 0x7C70, 0x7C4F, 0x21E7, 0x0967, 0x0988, 0x0988,
    0x11A8, 0x11A8, 0x0988, 0x1188, 0x11A7, 0x2A88, 0x3B08, 0x3307,
    0x3307, 0x3307, 0x3307, 0x3306, 0x32E6, 0x2AE6, 0x2AC6, 0x2AC6,
    0x2AC6, 0x2AC6, 0x2AC6, 0x2AC6, 0x2AE6, 0x3B88, 0x5CAC, 0x5C8C,
    0x5C6C, 0x5C6C, 0x5C6C, 0x5C6C, 0x5C6C, 0x5C6C, 0x43A9, 0x5C2B,
    0x4348, 0x0982, 0x4B2A, 0xB677, 0xD75B, 0xDF5C, 0xEFBE, 0xEFBE,
    0xEFDF, 0xF7FF, 0xEFBD, 0xD6FB, 0xD73B, 0xBE57, 0x9D74, 0xA595,
    0x9D74, 0x9D95, 0xB638, 0xCEFA, 0xA5D5, 0x21E5, 0x0060, 0x08C1,
    0x53CB, 0x5C4C, 0x544B, 0x544B, 0x542B, 0x542B, 0x4C2A, 0x4C0A,
    0x4389, 0x2A86, 0x2A05, 0x29E5, 0x29C6, 0x29C5, 0x29C5, 0x29C5,
    0xCE57, 0xD657, 0xE719, 0xEF5B, 0xEF3A, 0xDED8, 0xDED9, 0xE6F9,
    0xD697, 0xCE36, 0xCE36, 0xD697, 0xDEF9, 0xE71A, 0xDEF9, 0xDED9,
    0xDEB8, 0xD698, 0xD698, 0xDEB8, 0xDEB8, 0xE6F9, 0xE6F9, 0xE6F9,
    0xDE98, 0xDEB8, 0xF79C, 0xFFFF, 0xAD32, 0x20E1, 0x62E9, 0xDE97,
    0xFFBC, 0xE71A, 0x8C0D, 0x62A8, 0xBD93, 0xD656, 0xDEB8, 0xD6B8,
    0xD697, 0xCE56, 0xC636, 0xBDD4, 0xC5D4, 0xCE56, 0xCE36, 0xB594,
    0xB573, 0xAD52, 0xA512, 0x7BCD, 0x39A5, 0x3165, 0x39C6, 0x39C6,
    0x0861, 0x1082, 0x1082, 0x0861, 0x0841, 0x10A2, 0x18E3, 0x2145,
    0x39E7, 0x3A08, 0x39E7, 0x39E7, 0x39E8, 0x1946, 0x1146, 0x1147,
    0x1168, 0x1168, 0x1168, 0x4B4F, 0x432E, 0x00E5, 0x2187, 0x8472,
    0x4AAB, 0x1925, 0x2166, 0x3A08, 0x8CD3, 0x4ACB, 0x08E4, 0x08E5,
    0x536F, 0x430D, 0x2A09, 0x2A09, 0x0906, 0x1147, 0x1988, 0x1988,
    0x1988, 0x1188, 0x19A8, 0x21E9, 0x1987, 0x2187, 0x2187, 0x21A7,
    0x29A7, 0x2187, 0x2167, 0x1967, 0x2166, 0x1946, 0x1105, 0x1966,
    0x1967, 0x1967, 0x29C8, 0x2188, 0x3209, 0x2A09, 0x29E8, 0x328B,
    0x3AAC, 0x220A, 0x19EA, 0x19CA, 0x1189, 0x0968, 0x0927, 0x1168,
    0x1168, 0x11A9, 0x11CA, 0x11C9, 0x1A0A, 0x74D4, 0x63F0, 0x08C3,
    0x2985, 0x31A6, 0x3185, 0x2965, 0x2964, 0x2944, 0x2944, 0x2965,
    0x2964, 0x2965, 0x2965, 0x2965, 0x2965, 0x2965, 0x2965, 0x3185,
    0x2965, 0x18C3, 0x0841, 0x0020, 0x2986, 0x7431, 0x328B, 0x11C9,
    0x0947, 0x00A5, 0x00A5, 0x11A9, 0x3AAC, 0x42ED, 0x5B8E, 0x8CD3,
    0x8CD2, 0xADB6, 0xBE38, 0xB5D5, 0xB594, 0xB594, 0x9C8F, 0x62C8,
    0x6AC8, 0x9C8F, 0xB573, 0xA533, 0x94B1, 0x8CD2, 0x8CF4, 0x8D34,
    0x7CB3, 0x3ACB, 0x2A2A, 0x11A8, 0x00E5, 0x0084, 0x00C5, 0x0947,
    0x1189, 0x19CA, 0x2A2A, 0x7472, 0xB638, 0xADB5, 0x4A69, 0x31A6,
    0x39C7, 0x31C6, 0x39E7, 0x39E7, 0x39C7, 0x39E7, 0x39E7, 0x39C7,
    0x2965, 0x31A5, 0x39C6, 0x31A6, 0x31A6, 0x39C6, 0x31A6, 0x31A5,
    0x31A5, 0x31A5, 0x31A5, 0x31A6, 0x31A5, 0x3165, 0x3185, 0x31A6,
    0x31A6, 0x31A5, 0x2965, 0x3185, 0x39C6, 0x39E6, 0x31C6, 0x31A6,
    0x31C7, 0x39E7, 0x31A6, 0x3185, 0x31C6, 0x39E6, 0x39E7, 0x31C6,
    0x2985, 0x31A6, 0x31A6, 0x3186, 0x2965, 0x3185, 0x2965, 0x2144,
    0x31C6, 0x4228, 0x39E7, 0x39E7, 0x4228, 0x4A48, 0x39E7, 0x39C7,
    0x2965, 0x31C6, 0x31A6, 0x31C6, 0x39E7, 0x31C6, 0x3186, 0x31A6,
    0x31A5, 0x3185, 0x2985, 0x4A89, 0x4AAA, 0x3A48, 0x7410, 0x9D55,
    0x9535, 0x8D15, 0x8D15, 0x6410, 0x7C92, 0xB658, 0x8D14, 0x1987,
    0x0926, 0x1127, 0x1147, 0x0083, 0x9CD1, 0xFF99, 0xFF15, 0xFF34,
    0xFF34, 0xFF56, 0xFF56, 0xE653, 0xD5B2, 0xCDB2, 0xE655, 0xFF38,
    0xFF16, 0xFEF4, 0xFF14, 0xFF14, 0xFF15, 0xEEB4, 0x41C4, 0x0882,
    0x1126, 0x1126, 0x08E5, 0x63D0, 0xBE9A, 0xB618, 0x42EC, 0x00E5,
    0x0905, 0x1146, 0x7473, 0x538E, 0x00E4, 0x19A7, 0x00A2, 0x41E6,
    0xCDF4, 0xD635, 0xC5F4, 0xC5F4, 0xC5F4, 0xC5F5, 0xC5F5, 0xC615,
    0xCE16, 0xCE15, 0xCE36, 0xCE36, 0xCE16, 0xCE36, 0xCE36, 0xCE16,
    0xCE35, 0xCE35, 0xCE36, 0xBD71, 0xB56F, 0x3981, 0x0840, 0x1081,
    0x52EB, 0xADF7, 0x8CF3, 0x63CF, 0x08E3, 0x1965, 0x6BCF, 0x7431,
    0x29E8, 0x08C3, 0x7472, 0x430C, 0x74B2, 0xBEBA, 0x6BCE, 0x0882,
    0x2104, 0x2104, 0x2124, 0x2124, 0x2124, 0x2124, 0x2124, 0x2124,
    0x2124, 0x2944, 0x2964, 0x2965, 0x2965, 0x2965, 0x2965, 0x2964,
    0x2964, 0x3185, 0x31A5, 0x3185, 0x2965, 0x2945, 0x2124, 0x2104,
    0x2104, 0x1082, 0x10C3, 0x21A7, 0x0926, 0x1967, 0x29C8, 0x2125,
    0x18E3, 0x3186, 0x31C6, 0x39E7, 0x39C6, 0x39E7, 0x2965, 0x0862,
    0x18C2, 0x9CB0, 0xC5F4, 0xC5F4, 0xBDB2, 0xA4AB, 0x93A5, 0x7AE4,
    0x6265, 0x3121, 0x18A0, 0x18A0, 0x1881, 0x10A1, 0x1081, 0x18A1,
    0x18C1, 0x18C1, 0x3142, 0x4A04, 0x41E3, 0x3A26, 0x8490, 0x7C4F,
    0x2208, 0x0967, 0x0967, 0x0988, 0x09A8, 0x09A8, 0x0968, 0x1188,
    0x11A7, 0x2A88, 0x3308, 0x3307, 0x3307, 0x3307, 0x3307, 0x3306,
    0x3306, 0x32E6, 0x2AC6, 0x2AC6, 0x2AC6, 0x2AE6, 0x32E6, 0x32E7,
    0x2AE6, 0x3B88, 0x5C8C, 0x5C6B, 0x5C6B, 0x548C, 0x5C6B, 0x5C6B,
    0x5C6C, 0x540A, 0x3B47, 0x6CAE, 0xBEF7, 0x6C2E, 0x3247, 0xA5F6,
    0xDFBD, 0xE79E, 0xEFDE, 0xEFBE, 0xE77D, 0xEFBE, 0xF7DE, 0xF7FF,
    0xFFFF, 0xCEB9, 0xA574, 0xADD6, 0xB617, 0xA5D6, 0xA595, 0xBE58,
    0xC6B9, 0x42C9, 0x00A1, 0x0040, 0x3287, 0x5C4C, 0x540B, 0x542B,
    0x544B, 0x544B, 0x4C0A, 0x4BEA, 0x3B48, 0x2A86, 0x2A05, 0x29E5,
    0x29C6, 0x29C5, 0x29C5, 0x29C5, 0xBDB4, 0xC616, 0xCE57, 0xCE36,
    0xCE36, 0xC616, 0xCE57, 0xDEB8, 0xE6D9, 0xDEB8, 0xE6F9, 0xEF3A,
    0xE73A, 0xDEB9, 0xDEF9, 0xE71A, 0xD698, 0xD677, 0xC615, 0xC5D5,
    0xC615, 0xDE98, 0xE6F9, 0xDED9, 0xE6D9, 0xEF1A, 0xF79C, 0xE71A,
    0x62C9, 0x20A0, 0xAD32, 0xFFFF, 0xFFFF, 0xFFFF, 0xE6D9, 0x5226,
    0x83CD, 0xCE36, 0xE6F9, 0xDEF9, 0xDED8, 0xDEB8, 0xD697, 0xCE36,
    0xCE36, 0xDEB8, 0xD677, 0xDEB8, 0xE71A, 0xE6F9, 0xD698, 0xA512,
    0x39A5, 0x2944, 0x39C6, 0x31A6, 0x0861, 0x10A2, 0x1082, 0x1082,
    0x0862, 0x0882, 0x10A2, 0x10A2, 0x10E3, 0x18E4, 0x2145, 0x1924,
    0x1904, 0x1925, 0x29C8, 0x1967, 0x1968, 0x1968, 0x1168, 0x4B2F,
    0x430E, 0x0905, 0x29A7, 0x94F3, 0x73AE, 0x3185, 0x39E7, 0x52CA,
    0xA595, 0x638D, 0x1145, 0x1146, 0x4B2E, 0x326B, 0x21C9, 0x2A2B,
    0x1148, 0x0906, 0x1168, 0x1168, 0x1188, 0x19A8, 0x19C9, 0x21C9,
    0x1147, 0x1967, 0x1947, 0x1967, 0x1967, 0x1967, 0x1967, 0x1967,
    0x1126, 0x0905, 0x1126, 0x19A8, 0x19A8, 0x19A8, 0x1188, 0x19C9,
    0x328C, 0x4B4F, 0x5390, 0x2A6C, 0x11C9, 0x222B, 0x432F, 0x53B1,
    0x32CD, 0x0948, 0x0927, 0x1168, 0x1168, 0x19C9, 0x11EA, 0x09C9,
    0x1A0A, 0x74D4, 0x63F0, 0x08C3, 0x2965, 0x2965, 0x2965, 0x2965,
    0x2965, 0x2965, 0x2965, 0x2965, 0x2965, 0x3165, 0x2965, 0x2965,
    0x2965, 0x2965, 0x2965, 0x3185, 0x2965, 0x18E3, 0x0841, 0x0000,
    0x2165, 0x7431, 0x328B, 0x1A0A, 0x222B, 0x11C9, 0x3AEE, 0x8D36,
    0xAE5A, 0xBEBA, 0xC699, 0xBE58, 0xC679, 0xC679, 0xBE58, 0xCE9A,
    0xD6DA, 0xCE99, 0xA533, 0x3A07, 0x2964, 0x7C2F, 0xBE37, 0xCEBA,
    0xC699, 0xB618, 0x9534, 0x84D3, 0x7CB3, 0x84F4, 0x84F5, 0x328C,
    0x0947, 0x220A, 0x32AC, 0x222B, 0x11CA, 0x0989, 0x11A9, 0x21E9,
    0x2A28, 0x29C6, 0x2986, 0x39E7, 0x39E7, 0x31A6, 0x39A6, 0x39E7,
    0x39C7, 0x39E7, 0x4207, 0x39C6, 0x3185, 0x31A6, 0x39C6, 0x39C6,
    0x31A6, 0x3185, 0x3185, 0x3185, 0x31A6, 0x31C6, 0x31A6, 0x3185,
    0x31A6, 0x31A6, 0x3185, 0x31A6, 0x31A6, 0x3185, 0x2985, 0x3185,
    0x39E6, 0x3A07, 0x39E7, 0x39C7, 0x39C7, 0x31C6, 0x31C6, 0x39C6,
    0x39C6, 0x31C6, 0x39C6, 0x31A6, 0x3185, 0x31C6, 0x31A5, 0x3185,
    0x3185, 0x3186, 0x2985, 0x2944, 0x31A6, 0x4208, 0x39C7, 0x39E7,
    0x4228, 0x4208, 0x4207, 0x39C6, 0x31A6, 0x39C6, 0x39E7, 0x4207,
    0x3A07, 0x4207, 0x39E7, 0x3186, 0x31A5, 0x31A6, 0x0881, 0x10C2,
    0x1944, 0x2185, 0x29A6, 0x2186, 0x2187, 0x21A7, 0x2A08, 0x5BAE,
    0x8D14, 0xAE17, 0x7C92, 0x1145, 0x0906, 0x1126, 0x1126, 0x0883,
    0x9CD1, 0xFF79, 0xFEF5, 0xFF14, 0xFF35, 0xFF35, 0xFF35, 0xFF35,
    0xFF36, 0xFF56, 0xFF36, 0xFEF5, 0xFEF5, 0xFF15, 0xFF35, 0xFF14,
    0xFF14, 0xEE94, 0x41C4, 0x10A3, 0x1126, 0x1126, 0x08E5, 0x63D0,
    0xBE79, 0xB617, 0x42CC, 0x00E4, 0x08E5, 0x1147, 0x6C32, 0x430D,
    0x0083, 0x0083, 0x08A3, 0x4206, 0xCDD4, 0xD615, 0xCE14, 0xCE15,
    0xC5F5, 0xC5F4, 0xC615, 0xCE36, 0xCE36, 0xCE15, 0xCE15, 0xCE36,
    0xCE16, 0xCE36, 0xD656, 0xCE16, 0xCE36, 0xCE56, 0xCE36, 0xB571,
    0xBD70, 0x41A2, 0x1040, 0x10A2, 0x31C7, 0x9D55, 0xADD6, 0x6BEF,
    0x1124, 0x4ACB, 0xB658, 0xADD7, 0x31E7, 0x08C3, 0x84F4, 0x432D,
    0x7492, 0xBEBA, 0x638E, 0x0881, 0x2104, 0x2104, 0x2124, 0x2124,
    0x2124, 0x2124, 0x2124, 0x2124, 0x2124, 0x2144, 0x2944, 0x2965,
    0x2965, 0x2965, 0x2964, 0x2944, 0x2964, 0x3185, 0x3185, 0x3185,
    0x2965, 0x2124, 0x2124, 0x2124, 0x2104, 0x1082, 0x10C3, 0x21A7,
    0x1146, 0x1167, 0x29C7, 0x1904, 0x2124, 0x31A6, 0x31A6, 0x39E7,
    0x39C7, 0x31A6, 0x2965, 0x10A2, 0x2965, 0xB594, 0xD676, 0xD656,
    0xD676, 0xCDF3, 0x9409, 0xB52C, 0xE6B5, 0x8BEC, 0x20C0, 0x18A1,
    0x18A1, 0x18A1, 0x18A1, 0x18C1, 0x18A1, 0x20C1, 0x2901, 0x49E3,
    0x39E3, 0x3A46, 0x8490, 0x7C70, 0x2A08, 0x0967, 0x0988, 0x0988,
    0x09A8, 0x11A9, 0x0988, 0x1188, 0x11A7, 0x2A88, 0x3308, 0x3306,
    0x3307, 0x3307, 0x3306, 0x3306, 0x2AE6, 0x32E6, 0x2AE6, 0x2AC6,
    0x2AC6, 0x2AE6, 0x32E6, 0x32E7, 0x2AE6, 0x43A9, 0x5CAC, 0x5C6B,
    0x546B, 0x548B, 0x548C, 0x544B, 0x5C6B, 0x4388, 0x3B28, 0x5C2C,
    0xBEB7, 0xEFFD, 0x84B1, 0x3A89, 0xA5D6, 0xDF5C, 0xDF7D, 0xDF7D,
    0xE79D, 0xE79D, 0xEFDE, 0xF7FF, 0xF7BE, 0xE75C, 0xB5F6, 0x9D74,
    0x9533, 0x8D13, 0x9D54, 0xADF7, 0xB658, 0x4B0A, 0x0081, 0x0020,
    0x1123, 0x4B8A, 0x4BEA, 0x540B, 0x5C4C, 0x542B, 0x4C0A, 0x4BEA,
    0x3B68, 0x2A66, 0x2A05, 0x29E6, 0x29C6, 0x29C5, 0x29C5, 0x29C5,
    0xCE57, 0xCE77, 0xCE57, 0xD677, 0xD698, 0xDEF9, 0xE6F9, 0xEF3A,
    0xE71A, 0xE719, 0xE6F9, 0xDED8, 0xDED8, 0xD698, 0xDEB9, 0xE6FA,
    0xDEF9, 0xE719, 0xE719, 0xE6F9, 0xDED9, 0xE6F9, 0xEF5A, 0xF75B,
    0xEF3A, 0xDED9, 0xD697, 0xCE36, 0x39A4, 0x1060, 0x8C2E, 0xDEDA,
    0xD6B9, 0xCE58, 0xAD12, 0x3143, 0x83AC, 0xDE98, 0xEF3A, 0xCE77,
    0xC616, 0xCE57, 0xCE77, 0xD677, 0xD677, 0xDEB8, 0xE719, 0xF79B,
    0xF79C, 0xEF7B, 0xEF5B, 0xC5D5, 0x41E6, 0x2944, 0x39C6, 0x31A6,
    0x18C3, 0x18E3, 0x18E3, 0x2104, 0x2965, 0x4A69, 0x4A69, 0x4269,
    0x4248, 0x4269, 0x73CF, 0x31E7, 0x1924, 0x29C8, 0x10E5, 0x08C4,
    0x0906, 0x08E6, 0x0906, 0x430E, 0x3ACC, 0x1986, 0x4ACB, 0x6B8E,
    0x73CF, 0x3A07, 0x52AA, 0x634C, 0x94F3, 0x42AA, 0x324A, 0x2209,
    0x536F, 0x326B, 0x0022, 0x00A4, 0x1127, 0x1127, 0x1147, 0x1168,
    0x1168, 0x1147, 0x1167, 0x1988, 0x0905, 0x1126, 0x1967, 0x1146,
    0x1106, 0x0905, 0x0905, 0x0905, 0x08E5, 0x1947, 0x21A8, 0x2A2A,
    0x4B4F, 0x5BF1, 0x5390, 0x32AC, 0x222B, 0x32AC, 0x3B0E, 0x2A6C,
    0x222B, 0x220B, 0x2A6C, 0x4B6F, 0x3AEE, 0x1188, 0x0107, 0x0947,
    0x0947, 0x1189, 0x11EA, 0x11CA, 0x1A0A, 0x74F5, 0x6411, 0x00C3,
    0x2166, 0x2986, 0x2965, 0x2945, 0x2945, 0x2945, 0x2945, 0x2945,
    0x2945, 0x2944, 0x2944, 0x2964, 0x2944, 0x2944, 0x2965, 0x2965,
    0x2965, 0x18E3, 0x0861, 0x0021, 0x2186, 0x6C31, 0x32AC, 0x1A4B,
    0x2A8C, 0x2AAD, 0x6432, 0x7CF5, 0x84F4, 0x7C72, 0x6BEF, 0x5B4D,
    0x4ACB, 0x428A, 0x29C7, 0x2186, 0x31C7, 0x3A08, 0x29A7, 0x1966,
    0x1966, 0x1966, 0x29C7, 0x29E8, 0x1945, 0x10C4, 0x0083, 0x0083,
    0x0905, 0x2A09, 0x2209, 0x2A2A, 0x432E, 0x430E, 0x53B0, 0x3ACD,
    0x11A9, 0x0127, 0x00C5, 0x0906, 0x324A, 0x3A4A, 0x29A7, 0x39E8,
    0x39E7, 0x39C7, 0x39A6, 0x39E6, 0x39E7, 0x3A07, 0x39E7, 0x31C6,
    0x39E7, 0x39E7, 0x39C6, 0x39C7, 0x31A6, 0x3185, 0x2965, 0x2965,
    0x31A6, 0x31A5, 0x31A5, 0x3185, 0x3185, 0x3185, 0x3185, 0x39C6,
    0x39E7, 0x3185, 0x2965, 0x2965, 0x31A6, 0x39E6, 0x39E7, 0x39E7,
    0x39C7, 0x31C6, 0x31A6, 0x31A5, 0x31A6, 0x31A6, 0x31A6, 0x31A6,
    0x31A5, 0x39C6, 0x31A6, 0x31A5, 0x31A6, 0x31C6, 0x3186, 0x31A6,
    0x31C6, 0x39E7, 0x3A07, 0x4228, 0x39E7, 0x4207, 0x4207, 0x4207,
    0x4227, 0x39C6, 0x31A6, 0x39E7, 0x4207, 0x39E7, 0x39C7, 0x39A6,
    0x31A5, 0x31A5, 0x18E3, 0x18E3, 0x18E3, 0x08A2, 0x0041, 0x0021,
    0x0042, 0x0062, 0x0021, 0x0905, 0x8D14, 0xB659, 0x9D96, 0x42AA,
    0x00C4, 0x0905, 0x1947, 0x00A3, 0x8C50, 0xFF7A, 0xFF17, 0xFF56,
    0xFF77, 0xFF77, 0xFF57, 0xFF56, 0xFF77, 0xFF57, 0xFF37, 0xFF36,
    0xFF57, 0xFF36, 0xFF56, 0xFF36, 0xFF36, 0xD5F3, 0x2923, 0x10E4,
    0x1126, 0x1126, 0x08E5, 0x63D0, 0xBE79, 0xAE17, 0x42EC, 0x00E5,
    0x08E5, 0x1147, 0x7473, 0x53AF, 0x19A7, 0x42CC, 0x1925, 0x4207,
    0xCDD4, 0xD614, 0xC5F4, 0xCE15, 0xC615, 0xC615, 0xCE15, 0xCE36,
    0xCE15, 0xCE15, 0xC615, 0xCE15, 0xCE56, 0xD656, 0xD656, 0xCE16,
    0xC615, 0xCE36, 0xCE36, 0xB571, 0xBD70, 0x41A2, 0x1080, 0x2924,
    0x1924, 0x7C71, 0xAE17, 0xADD6, 0x84B2, 0x532C, 0x63AD, 0x4ACA,
    0x08A2, 0x3A69, 0x9DB7, 0x4B4D, 0x7492, 0xBEBA, 0x638E, 0x0882,
    0x2104, 0x2104, 0x2124, 0x2124, 0x2124, 0x2124, 0x2124, 0x2124,
    0x2124, 0x2924, 0x2944, 0x2945, 0x2965, 0x2965, 0x2964, 0x2944,
    0x2944, 0x2944, 0x2944, 0x2965, 0x2944, 0x2124, 0x2124, 0x2124,
    0x2104, 0x0861, 0x10C3, 0x3229, 0x1987, 0x1987, 0x31E8, 0x2945,
    0x2924, 0x3186, 0x39E7, 0x3A07, 0x39C7, 0x39A7, 0x3186, 0x10A2,
    0x2965, 0xA532, 0xC5F4, 0xCE14, 0xCE35, 0xC5F4, 0xA4CE, 0xD654,
    0xF738, 0xAD10, 0x18A0, 0x10A0, 0x18A1, 0x18A1, 0x18A1, 0x18A1,
    0x18A1, 0x18C1, 0x20C0, 0x49E3, 0x39E3, 0x3A47, 0x84B1, 0x7C70,
    0x2A28, 0x0987, 0x0988, 0x0988, 0x09A8, 0x11A9, 0x1188, 0x1188,
    0x11A7, 0x2A68, 0x32E8, 0x32E7, 0x32E7, 0x3307, 0x3307, 0x32E6,
    0x2AE6, 0x2AC6, 0x2AC6, 0x2AC6, 0x2AC6, 0x2AC6, 0x2AC6, 0x32C6,
    0x2AE6, 0x4388, 0x5CAC, 0x5C8B, 0x546B, 0x546B, 0x546B, 0x546B,
    0x544B, 0x3B48, 0x2AA6, 0x53AB, 0x746F, 0xCED9, 0xF7FF, 0x9554,
    0x3A89, 0x8D13, 0xD73B, 0xDF3C, 0xDF5C, 0xE77D, 0xDF5C, 0xE79D,
    0xEF9E, 0xEF9D, 0xCEBA, 0x9D74, 0x8D13, 0x8D13, 0x8CF2, 0x9D54,
    0xBE58, 0x638D, 0x0081, 0x0040, 0x0061, 0x32A7, 0x4BEA, 0x542B,
    0x542B, 0x542B, 0x542B, 0x542B, 0x4389, 0x2A66, 0x2A05, 0x29C6,
    0x29C6, 0x29C5, 0x29C5, 0x29C5, 0xDEB8, 0xE6F9, 0xDED9, 0xE71A,
    0xFFBC, 0xFFDD, 0xFFBC, 0xF77B, 0xEF5B, 0xDED9, 0xDEB8, 0xDED9,
    0xDED9, 0xE6F9, 0xEF5B, 0xE71A, 0xD698, 0xDEB8, 0xEF3A, 0xDEF9,
    0xD698, 0xD677, 0xD677, 0xD698, 0xCE57, 0xCE36, 0xBDB4, 0xA4D1,
    0x3163, 0x1880, 0x2923, 0x3123, 0x39C5, 0x3184, 0x2922, 0x3143,
    0x7BAC, 0xDED8, 0xF79C, 0xE6F9, 0xD698, 0xE71A, 0xEF3A, 0xE73A,
    0xDEF9, 0xE719, 0xEF5B, 0xF79B, 0xF79C, 0xEF5B, 0xDED8, 0xAD32,
    0x4A06, 0x3984, 0x3185, 0x2965, 0x18C3, 0x18E3, 0x18E3, 0x2124,
    0x31A6, 0x6B4C, 0x6B8D, 0x73CE, 0x6B8D, 0x5B2C, 0x8471, 0x636D,
    0x73CF, 0x8471, 0x428A, 0x3208, 0x3209, 0x3209, 0x324A, 0x5BB0,
    0x5BF0, 0x63CF, 0x6BF0, 0x428A, 0x3A49, 0x4AAB, 0x3A49, 0x29A7,
    0x42AB, 0x3A6A, 0x42CC, 0x5B8F, 0x7CB4, 0x7493, 0x4B0D, 0x536F,
    0x42EE, 0x1168, 0x1168, 0x1168, 0x19A9, 0x42CD, 0x4B2E, 0x4AED,
    0x534E, 0x2A29, 0x1146, 0x2A09, 0x4AED, 0x5B6E, 0x63AF, 0x2A09,
    0x1126, 0x1987, 0x2A09, 0x7452, 0xA5F8, 0xA5F8, 0x9D97, 0x7CB4,
    0x2A4A, 0x0063, 0x00C5, 0x1188, 0x2A6C, 0x19AA, 0x00C5, 0x00E5,
    0x0927, 0x1168, 0x0927, 0x0927, 0x21EA, 0x3ACD, 0x19EA, 0x11C9,
    0x1A4B, 0x7D36, 0x6C52, 0x00C3, 0x1924, 0x2145, 0x1904, 0x2104,
    0x2124, 0x2944, 0x2944, 0x2965, 0x2944, 0x2945, 0x2104, 0x2124,
    0x2924, 0x2924, 0x2124, 0x2103, 0x2124, 0x10A2, 0x0041, 0x0041,
    0x2187, 0x7452, 0x32CC, 0x1A2A, 0x1A6B, 0x228C, 0x6494, 0x3B0D,
    0x11A7, 0x1987, 0x0083, 0x0000, 0x0000, 0x0000, 0x0000, 0x0000,
    0x0041, 0x08C3, 0x21A7, 0x21C8, 0x19C8, 0x21E9, 0x1146, 0x0022,
    0x0001, 0x0001, 0x0001, 0x0022, 0x0022, 0x0063, 0x00C4, 0x328B,
    0x53D0, 0x0946, 0x0926, 0x0967, 0x2A6B, 0x430D, 0x324A, 0x4AEC,
    0xC69B, 0xCEFC, 0x52CB, 0x2986, 0x39E7, 0x4207, 0x39C7, 0x3A07,
    0x39E7, 0x31A6, 0x31A6, 0x39E7, 0x3A07, 0x39E7, 0x39E6, 0x31A6,
    0x3186, 0x39E7, 0x31A5, 0x2944, 0x3185, 0x31A6, 0x31A5, 0x31A5,
    0x3185, 0x2965, 0x31A6, 0x39C6, 0x39E7, 0x3A07, 0x31A6, 0x2985,
    0x31A5, 0x39E6, 0x39E6, 0x39C6, 0x39C6, 0x31A5, 0x31A6, 0x31A6,
    0x31A5, 0x39C6, 0x39C6, 0x31A6, 0x39E6, 0x39E7, 0x31A6, 0x31A6,
    0x31A6, 0x3185, 0x31A6, 0x31A6, 0x31A6, 0x39E7, 0x39C6, 0x39C6,
    0x31C6, 0x31C6, 0x31A6, 0x31A6, 0x39E6, 0x39C6, 0x31A6, 0x39E7,
    0x4207, 0x39C6, 0x39C6, 0x39E7, 0x39C6, 0x3186, 0x4248, 0x6B6D,
    0x634C, 0x31C7, 0x4A8A, 0x73F0, 0x7411, 0x7431, 0x4B0D, 0x1146,
    0x84D3, 0xC6BA, 0xBE79, 0xA596, 0x42CB, 0x00C4, 0x08E5, 0x00A4,
    0x2965, 0x630A, 0x7B4A, 0x7B8A, 0x7B6A, 0x7329, 0x72E8, 0x6AC8,
    0x6AE8, 0x6AC8, 0x6AA8, 0x7309, 0x7B4A, 0x7B4A, 0x734A, 0x7309,
    0x6AE8, 0x39A4, 0x1082, 0x10E5, 0x08C5, 0x00A5, 0x0063, 0x5B8F,
    0xBE79, 0xB637, 0x42EC, 0x00C4, 0x08C5, 0x1147, 0x7493, 0x74B3,
    0x32AB, 0x4B4D, 0x1104, 0x4206, 0xCDF4, 0xD635, 0xCDF4, 0xC615,
    0xC5F5, 0xC615, 0xCE15, 0xC615, 0xCE35, 0xCE36, 0xCDF5, 0xCE15,
    0xCE36, 0xD677, 0xD656, 0xCE36, 0xCE36, 0xCE36, 0xCE36, 0xB551,
    0xB56F, 0x3981, 0x18C1, 0x31A5, 0x1944, 0x740F, 0xADF6, 0x8D13,
    0x3A69, 0x3A69, 0x534D, 0x42AA, 0x08E3, 0x534D, 0xAE38, 0x538E,
    0x7472, 0xBEBA, 0x5B8E, 0x0081, 0x2124, 0x2104, 0x2124, 0x2124,
    0x2124, 0x2124, 0x2124, 0x2124, 0x2144, 0x2945, 0x2145, 0x2144,
    0x2965, 0x2965, 0x2965, 0x2945, 0x2124, 0x2124, 0x2124, 0x2944,
    0x2144, 0x2124, 0x2124, 0x2104, 0x1904, 0x0861, 0x18E4, 0x42AB,
    0x19A8, 0x1187, 0x3209, 0x2965, 0x2965, 0x31C6, 0x3A07, 0x4207,
    0x39E7, 0x39C7, 0x31A6, 0x10A2, 0x2944, 0x948F, 0xB551, 0xBD71,
    0xBD92, 0xC5B2, 0xB52F, 0x942C, 0xA4CF, 0x5246, 0x1060, 0x18A1,
    0x18A1, 0x18A1, 0x18A1, 0x18A1, 0x18A1, 0x18A1, 0x20E1, 0x41C3,
    0x39C3, 0x3A67, 0x84B1, 0x7C71, 0x2228, 0x0967, 0x1188, 0x1188,
    0x09A9, 0x11A9, 0x0988, 0x1188, 0x11A7, 0x2A88, 0x32C8, 0x2AE7,
    0x32E7, 0x3307, 0x3306, 0x32E6, 0x2AE6, 0x2AC6, 0x2AC6, 0x2AC6,
    0x2AC6, 0x2AC6, 0x2AC6, 0x2AC6, 0x2AE6, 0x4389, 0x64AC, 0x548C,
    0x546B, 0x546B, 0x546B, 0x5C6C, 0x542B, 0x3B28, 0x2A66, 0x4B09,
    0x6C4E, 0x84D1, 0xC6B9, 0xFFFF, 0x9D74, 0x3228, 0x8CF2, 0xD73C,
    0xD71C, 0xDF3C, 0xDF5C, 0xDF5C, 0xE77D, 0xE77D, 0xE77D, 0xD71B,
    0xADB6, 0x9533, 0x8D12, 0x9554, 0xADD6, 0x532B, 0x0081, 0x0040,
    0x0040, 0x21E5, 0x4BCB, 0x544C, 0x542B, 0x544B, 0x542B, 0x542B,
    0x4389, 0x2A86, 0x2A06, 0x29E6, 0x29C5, 0x29C5, 0x29C5, 0x29C5,
    0xC636, 0xE6F9, 0xEF5B, 0xE71A, 0xEF5B, 0xF79C, 0xF7BC, 0xF79C,
    0xEF7B, 0xE71A, 0xDEB9, 0xD6B8, 0xDED9, 0xEF3B, 0xEF5B, 0xF79C,
    0xEF5B, 0xE719, 0xEF3A, 0xEF5A, 0xEF5A, 0xE6F9, 0xDED9, 0xCE77,
    0xC636, 0xBDD4, 0xBDF4, 0x948F, 0x18A1, 0x18A1, 0x2923, 0x5A88,
    0x8C0E, 0x7B8C, 0x4A26, 0x3984, 0x946F, 0xE6D9, 0xD698, 0xD697,
    0xDED8, 0xEF5A, 0xF79B, 0xEF7B, 0xEF5B, 0xF77B, 0xE71A, 0xE71A,
    0xEF7B, 0xEF7B, 0xE6F9, 0xCE16, 0x5247, 0x3143, 0x39C6, 0x3186,
    0x0861, 0x10A2, 0x1082, 0x1082, 0x0861, 0x10A2, 0x3A07, 0x73AE,
    0x7C30, 0x8470, 0x8491, 0x8471, 0x636D, 0x5B4D, 0x6BEF, 0x6BF0,
    0x6BCF, 0x6BD0, 0x63D0, 0x7451, 0x7492, 0x4B0C, 0x1966, 0x1967,
    0x1967, 0x29E9, 0x3229, 0x1987, 0x1966, 0x1987, 0x1967, 0x3AAB,
    0x7493, 0x7492, 0x6410, 0x63F0, 0x328C, 0x1148, 0x1168, 0x19A9,
    0x4B2E, 0xA5F9, 0xAE39, 0xA5F8, 0xB67A, 0x6C32, 0x1146, 0x7452,
    0xB65A, 0xBE5A, 0xAE18, 0x7431, 0x21E9, 0x21E8, 0x5BAF, 0x8D35,
    0x8D34, 0x8D14, 0xA596, 0x9D76, 0x7CB3, 0x324A, 0x0906, 0x21CA,
    0x2A4C, 0x220B, 0x0968, 0x0927, 0x19A9, 0x1189, 0x0927, 0x0927,
    0x2A4B, 0x7CF5, 0x6432, 0x1A09, 0x1A0A, 0x7D15, 0x6C71, 0x21C6,
    0x636D, 0x73CE, 0x73CD, 0x7BEE, 0x7BEE, 0x842F, 0x9490, 0x94B1,
    0x8C70, 0x8C50, 0x7BCE, 0x738C, 0x7BCD, 0x7BCD, 0x736B, 0x6B6C,
    0x5AEA, 0x31C6, 0x0882, 0x0041, 0x2187, 0x7C93, 0x3AED, 0x11C9,
    0x120A, 0x120A, 0x5C32, 0x32CC, 0x00E4, 0x08E4, 0x1945, 0x31E8,
    0x3A29, 0x428A, 0x4AEB, 0x2186, 0x08C3, 0x08E4, 0x1145, 0x21C8,
    0x11A8, 0x19E9, 0x1988, 0x3229, 0x42AB, 0x3A49, 0x426A, 0x4AAA,
    0x2146, 0x08A3, 0x08E4, 0x21E8, 0x6452, 0x0926, 0x00A4, 0x3A8B,
    0x84D3, 0x9D96, 0x7C72, 0x7431, 0x9534, 0x7C50, 0x3A48, 0x31A6,
    0x39E7, 0x39C6, 0x39E7, 0x4228, 0x3A07, 0x3185, 0x31A5, 0x39E6,
    0x39C6, 0x39C6, 0x31A6, 0x31A6, 0x39E7, 0x39E6, 0x31A6, 0x2964,
    0x2985, 0x2985, 0x31A5, 0x3185, 0x2965, 0x31A6, 0x39C6, 0x39C6,
    0x39E7, 0x4227, 0x39E7, 0x31C6, 0x3185, 0x3185, 0x31A6, 0x31A6,
    0x31A6, 0x31A5, 0x31A5, 0x31A5, 0x31A5, 0x3185, 0x31A6, 0x39C6,
    0x31C6, 0x39C6, 0x39C6, 0x31A6, 0x3185, 0x31A5, 0x31C6, 0x31A6,
    0x2965, 0x39E6, 0x31A6, 0x2964, 0x31A6, 0x39C6, 0x2964, 0x31A5,
    0x3185, 0x31A6, 0x39C7, 0x4207, 0x3A07, 0x39E6, 0x31A6, 0x31A6,
    0x39E7, 0x39A6, 0x2945, 0x4208, 0x4248, 0x31C6, 0x52CB, 0x6B8E,
    0x5B6E, 0x5B6E, 0x7452, 0x5BAF, 0x7CB3, 0xC699, 0xC699, 0xBE79,
    0xA5B6, 0x4B0C, 0x1986, 0x21A7, 0x2186, 0x2986, 0x31A5, 0x2144,
    0x2104, 0x18C3, 0x1061, 0x1061, 0x1061, 0x0861, 0x1082, 0x10A2,
    0x18C3, 0x18C3, 0x10C3, 0x10A3, 0x10A2, 0x10C3, 0x1104, 0x1125,
    0x21A8, 0x29E9, 0x3A6A, 0x84B3, 0xBE78, 0xB637, 0x42EC, 0x00C4,
    0x08C5, 0x1947, 0x7453, 0x74D3, 0x32AB, 0x42EC, 0x2185, 0x4A27,
    0xCDF4, 0xD635, 0xCE14, 0xC615, 0xC5F5, 0xC615, 0xCE15, 0xC5F4,
    0xCE36, 0xD676, 0xCE15, 0xCE15, 0xCE36, 0xD677, 0xD656, 0xCE36,
    0xCE36, 0xCE56, 0xCE56, 0xB571, 0xB56F, 0x3981, 0x2102, 0x31A5,
    0x2165, 0x740F, 0x63CE, 0x3228, 0x00A2, 0x0904, 0x3229, 0x3A6A,
    0x1125, 0x1986, 0x7CB3, 0x3ACB, 0x6C51, 0xC6DA, 0x5B4C, 0x0061,
    0x2124, 0x2104, 0x2104, 0x2124, 0x2104, 0x2103, 0x2124, 0x2124,
    0x2124, 0x2945, 0x2965, 0x2945, 0x2965, 0x2965, 0x2965, 0x2945,
    0x2124, 0x2124, 0x2124, 0x2124, 0x2924, 0x2124, 0x2104, 0x2104,
    0x2104, 0x0861, 0x2145, 0x5B6E, 0x19E9, 0x2A4A, 0x3228, 0x1924,
    0x31A6, 0x4228, 0x3A07, 0x3A07, 0x4228, 0x4248, 0x31A6, 0x1082,
    0x39A6, 0xAD53, 0xC5D3, 0xC5F3, 0xC5F3, 0xCDF3, 0xC5D2, 0x7B89,
    0x3161, 0x1060, 0x1080, 0x1881, 0x18A1, 0x18A1, 0x10A1, 0x18A1,
    0x18A1, 0x20E1, 0x3142, 0x49E3, 0x39A3, 0x3A47, 0x84B1, 0x7C71,
    0x2208, 0x0967, 0x0988, 0x11A8, 0x11C9, 0x11A9, 0x0988, 0x11A8,
    0x11C7, 0x2A88, 0x32E8, 0x2AE6, 0x32E6, 0x32E6, 0x3306, 0x32E6,
    0x2AE6, 0x2AC6, 0x2AC6, 0x2AC6, 0x2AC6, 0x2AC6, 0x2AC6, 0x2AC6,
    0x2AC6, 0x4389, 0x5CAC, 0x5C8C, 0x5C6C, 0x548C, 0x5C6C, 0x5C8C,
    0x542B, 0x3307, 0x32C7, 0x42E8, 0x5BAB, 0x5BCC, 0x6BEE, 0xCEB9,
    0xF7FF, 0x9533, 0x21C6, 0x84D2, 0xD73B, 0xD6FB, 0xC699, 0xCEDA,
    0xD71B, 0xE77D, 0xEFBE, 0xEFBE, 0xD6FB, 0xADD6, 0xADD6, 0x9D95,
    0x9533, 0x3A48, 0x0061, 0x0040, 0x0020, 0x21A4, 0x4BCB, 0x5C4C,
    0x5C4C, 0x5C6B, 0x544B, 0x542B, 0x4389, 0x2A86, 0x2A26, 0x29E6,
    0x29E5, 0x29E5, 0x29E5, 0x29C5, 0xE6F9, 0xE73A, 0xF79B, 0xEF5B,
    0xE73A, 0xEF7B, 0xF79C, 0xEF7B, 0xEF5A, 0xDEF9, 0xDEB9, 0xDEB8,
    0xD698, 0xDED9, 0xE6FA, 0xE6FA, 0xE71A, 0xEF3A, 0xE6F9, 0xD6B8,
    0xDED8, 0xDEB8, 0xD6B8, 0xDEB8, 0xCE77, 0xAD93, 0x9CF1, 0x844E,
    0x2923, 0x1881, 0x20E2, 0x3985, 0x4A47, 0x5247, 0x4A26, 0x41E5,
    0x946F, 0xCE16, 0xE71A, 0xF75B, 0xE71A, 0xE719, 0xEF3A, 0xEF7B,
    0xF7BC, 0xFFDD, 0xF79C, 0xF7BC, 0xFFFE, 0xFFFE, 0xFFDE, 0xDED9,
    0x4A06, 0x2902, 0x41C6, 0x3186, 0x1061, 0x1082, 0x1082, 0x0861,
    0x0861, 0x0882, 0x10E3, 0x2124, 0x1924, 0x1924, 0x1945, 0x31E7,
    0x31E8, 0x10E3, 0x31E7, 0x42AB, 0x42AB, 0x42AB, 0x42CB, 0x63AF,
    0x530D, 0x08C4, 0x1126, 0x1167, 0x0905, 0x0906, 0x1147, 0x1147,
    0x1105, 0x1126, 0x1146, 0x1166, 0x4B4E, 0x3AED, 0x2A4A, 0x2A2A,
    0x0926, 0x0927, 0x19CA, 0x4B4F, 0x32AD, 0x4B0E, 0x430D, 0x326A,
    0x42EC, 0x2A09, 0x0905, 0x29E9, 0x324A, 0x3229, 0x326A, 0x4B2D,
    0x6431, 0x6C31, 0x84D3, 0x536E, 0x328A, 0x2A29, 0x63AF, 0x9D97,
    0x9D76, 0x9556, 0x6C11, 0x2A4B, 0x222B, 0x224B, 0x224B, 0x220B,
    0x19EB, 0x1189, 0x00E7, 0x0927, 0x0947, 0x3B0E, 0x9577, 0x6C52,
    0x2A6A, 0x7CD3, 0x7492, 0x4ACA, 0xB5F6, 0xC637, 0xBDD5, 0xC616,
    0xC5F6, 0xBDB4, 0xBDD4, 0xBDD4, 0xBDB4, 0xC5D5, 0xD656, 0xCE35,
    0xBD93, 0xBD93, 0xBDB3, 0xC615, 0xBDD5, 0x632C, 0x18C3, 0x0882,
    0x31E8, 0x8D15, 0x3AEC, 0x0988, 0x11CA, 0x09CA, 0x5411, 0x32CC,
    0x0904, 0x29E8, 0x84B3, 0xA596, 0x84B3, 0x9514, 0xBE39, 0x7C51,
    0x1945, 0x1925, 0x1124, 0x19C8, 0x19E9, 0x328C, 0x3A6A, 0xA576,
    0xBE59, 0x9D74, 0xA5B5, 0xC699, 0x8CD2, 0x10E4, 0x08C4, 0x42EC,
    0x8515, 0x3ACC, 0x534E, 0x8CD4, 0x7C92, 0x42CB, 0x3249, 0x3A4A,
    0x3229, 0x3A29, 0x29A7, 0x31C7, 0x39C7, 0x39C6, 0x39C7, 0x3A07,
    0x4207, 0x2985, 0x2985, 0x3A07, 0x39E7, 0x3186, 0x31A6, 0x39E7,
    0x39E7, 0x39E7, 0x39E6, 0x2965, 0x2965, 0x2985, 0x3185, 0x3185,
    0x2965, 0x31A6, 0x3186, 0x39C6, 0x3A07, 0x39E7, 0x39C6, 0x31C6,
    0x31A5, 0x31A5, 0x3185, 0x3185, 0x3185, 0x31A6, 0x31C6, 0x31A5,
    0x2985, 0x3185, 0x31A6, 0x39E6, 0x39C6, 0x39C6, 0x39C7, 0x3186,
    0x3185, 0x31C6, 0x31A6, 0x2985, 0x2985, 0x39E6, 0x39C6, 0x31A6,
    0x31A6, 0x31A5, 0x2965, 0x39C6, 0x31A6, 0x31A6, 0x39E7, 0x39C6,
    0x39E7, 0x39E7, 0x31A6, 0x39C6, 0x3186, 0x3185, 0x0881, 0x0841,
    0x10A2, 0x1903, 0x08A2, 0x0041, 0x0042, 0x0042, 0x0904, 0x5BAF,
    0x9D96, 0xC69A, 0xCEDA, 0xCEBA, 0xC699, 0xADF7, 0x9534, 0x9D55,
    0xA575, 0xA575, 0x9D54, 0x8CB2, 0x84B2, 0x84B2, 0x8492, 0x8CB2,
    0x8CB2, 0x8491, 0x8C92, 0x8492, 0x8CB2, 0x8CD2, 0x8CD3, 0x8CD3,
    0x8CF3, 0x8CF3, 0x8CD3, 0x8CD3, 0x9D75, 0xAE18, 0xBE59, 0xBE79,
    0xC6B9, 0xB658, 0x3ACB, 0x00C4, 0x00C4, 0x1126, 0x7473, 0x53AF,
    0x1986, 0x3AAA, 0x31A6, 0x4A06, 0xCDD4, 0xCE14, 0xC5D4, 0xC5F4,
    0xC5F4, 0xC5F4, 0xC615, 0xC5F4, 0xC615, 0xC615, 0xC5F5, 0xC5F4,
    0xCE36, 0xDE98, 0xCE56, 0xCE15, 0xCE36, 0xCE36, 0xCE56, 0xB592,
    0xBD90, 0x3981, 0x20E2, 0x39C6, 0x2144, 0x6BCE, 0x63AE, 0x3249,
    0x1145, 0x1166, 0x1146, 0x1125, 0x0904, 0x19A7, 0x63F0, 0x2A6A,
    0x74B2, 0xCF1B, 0x63AE, 0x0041, 0x2124, 0x2924, 0x2104, 0x20E3,
    0x2103, 0x2103, 0x2104, 0x2104, 0x2124, 0x2944, 0x2944, 0x2124,
    0x2124, 0x2124, 0x2944, 0x2124, 0x2104, 0x2124, 0x2124, 0x2104,
    0x2104, 0x20E3, 0x20E4, 0x20E4, 0x18E4, 0x0020, 0x31C7, 0x63F0,
    0x19E9, 0x2229, 0x3249, 0x2145, 0x31A6, 0x3A07, 0x4207, 0x4228,
    0x3A07, 0x39E7, 0x31A6, 0x10A2, 0x2945, 0x8C70, 0xA4F0, 0xA4F0,
    0xAD10, 0xAD10, 0xAD31, 0x7B8A, 0x2921, 0x39A4, 0x18C1, 0x1081,
    0x18A1, 0x18A1, 0x18A1, 0x18C1, 0x18A1, 0x18A1, 0x2901, 0x41C3,
    0x31A2, 0x3A26, 0x7CB1, 0x7C91, 0x2228, 0x0987, 0x0988, 0x11A9,
    0x11A9, 0x11A9, 0x0988, 0x11A8, 0x11C7, 0x2A88, 0x32E8, 0x2AE6,
    0x2AE6, 0x32E7, 0x32E6, 0x32E6, 0x2AE6, 0x2AC6, 0x2AC6, 0x2AC6,
    0x2AC6, 0x2AC6, 0x2AC6, 0x2AC6, 0x2AC6, 0x4389, 0x64AD, 0x5C8C,
    0x5C8C, 0x5C6C, 0x5C6C, 0x5C6C, 0x4C0A, 0x32E6, 0x19C3, 0x42E8,
    0x538B, 0x640D, 0x744F, 0x7C2F, 0xC6B9, 0xF7FE, 0x7C70, 0x2A06,
    0x9533, 0xCEBA, 0xB617, 0xCEDA, 0xDF3C, 0xE77D, 0xF7FF, 0xF7FF,
    0xE77D, 0xADF6, 0x8CB2, 0x7C91, 0x8CD2, 0x29E6, 0x0040, 0x0040,
    0x0020, 0x1984, 0x4BAA, 0x5C4C, 0x544B, 0x544B, 0x544B, 0x542B,
    0x4369, 0x32A6, 0x2A26, 0x29E6, 0x31E6, 0x29E6, 0x29E5, 0x29C5,
    0xF77B, 0xEF5A, 0xEF5A, 0xF79C, 0xFFFD, 0xFFDC, 0xEF5A, 0xEF3A,
    0xF77B, 0xFFDC, 0xFFBC, 0xEF3A, 0xE71A, 0xDED9, 0xDED9, 0xDEF9,
    0xEF3A, 0xEF3B, 0xE71A, 0xDED8, 0xDEB8, 0xDED9, 0xE6F9, 0xDEF9,
    0xC615, 0xAD52, 0xB593, 0x7BCC, 0x18A1, 0x1061, 0x1061, 0x0820,
    0x0840, 0x1081, 0x2923, 0x41C5, 0x8C2E, 0xC5F5, 0xE71A, 0xEF5B,
    0xEF7B, 0xE73A, 0xE6F9, 0xF79C, 0xFFFE, 0xFFFE, 0xFFFF, 0xFFFF,
    0xFFFF, 0xFFFF, 0xFFFF, 0xF79D, 0x5AA9, 0x20C2, 0x3985, 0x39A6,
    0x18C3, 0x20E3, 0x2103, 0x18E3, 0x18E3, 0x3186, 0x31C7, 0x31A6,
    0x2986, 0x2165, 0x2986, 0x1904, 0x1925, 0x5B2C, 0xA575, 0x8CD3,
    0x84B2, 0x8D14, 0x9534, 0xA5B7, 0x9D96, 0x534D, 0x29E8, 0x1145,
    0x08C4, 0x00C4, 0x00A4, 0x08C4, 0x08E4, 0x00A3, 0x1145, 0x5BAF,
    0x84F5, 0x432D, 0x19A8, 0x2A2B, 0x19A9, 0x0906, 0x220A, 0x6433,
    0x224B, 0x00A4, 0x00C4, 0x00E5, 0x0063, 0x0083, 0x00A4, 0x08C4,
    0x00A3, 0x0062, 0x0905, 0x534E, 0xA5F8, 0x7472, 0x4B0C, 0x1167,
    0x1187, 0x1988, 0x21C8, 0x536F, 0x8D36, 0x9D96, 0x9D97, 0x6C32,
    0x328C, 0x2A8C, 0x224B, 0x1A0B, 0x19EA, 0x11A9, 0x0127, 0x00E6,
    0x0927, 0x0947, 0x430D, 0x8D56, 0x7CD3, 0x9D96, 0x84D3, 0x52EB,
    0xCE99, 0xE73B, 0xEF3A, 0xF77B, 0xF7BC, 0xF7BC, 0xFFDC, 0xFFFD,
    0xFFFD, 0xFFDC, 0xFFFD, 0xFFFD, 0xFFFD, 0xFFBC, 0xFF9B, 0xFF9C,
    0xD698, 0x52A9, 0x10A2, 0x08A3, 0x428A, 0x9DB7, 0x430C, 0x0967,
    0x11C9, 0x11E9, 0x5C32, 0x3ACC, 0x0104, 0x3249, 0x8472, 0x8C94,
    0x8472, 0x9514, 0x9D75, 0x8492, 0x29E8, 0x2A08, 0x326A, 0x19A7,
    0x21E9, 0x4B0D, 0x42AB, 0x7430, 0x7C50, 0x7C2F, 0x8CB1, 0x9513,
    0x6BCF, 0x1945, 0x3229, 0x7CB3, 0x9556, 0x6C10, 0x8CF4, 0x7451,
    0x1986, 0x00A3, 0x1125, 0x21A7, 0x6BD0, 0x8CD3, 0x3A08, 0x39E7,
    0x39E7, 0x39E7, 0x39E7, 0x3A07, 0x39C6, 0x2985, 0x3185, 0x39C7,
    0x31A6, 0x2965, 0x39E7, 0x4228, 0x39C6, 0x39C6, 0x39E6, 0x31A6,
    0x2985, 0x31A6, 0x31A6, 0x3185, 0x2965, 0x3185, 0x3185, 0x3186,
    0x39E7, 0x31A6, 0x31A5, 0x31C6, 0x31A6, 0x31A5, 0x3185, 0x3165,
    0x39C6, 0x39C6, 0x39C6, 0x39C6, 0x3185, 0x2965, 0x39E6, 0x39C6,
    0x39C7, 0x39C6, 0x39C7, 0x31A6, 0x3186, 0x3186, 0x3186, 0x3185,
    0x39E7, 0x39C6, 0x31C6, 0x39E7, 0x31A6, 0x31A6, 0x39E6, 0x39C6,
    0x39C6, 0x39C7, 0x39E7, 0x39C7, 0x39E7, 0x39E7, 0x39E7, 0x39E7,
    0x31A6, 0x2965, 0x2985, 0x4249, 0x2986, 0x0882, 0x1904, 0x2145,
    0x1946, 0x2187, 0x1105, 0x0905, 0x9555, 0xDF5D, 0xDF1B, 0xE75C,
    0xE75C, 0xDF1C, 0xCEDB, 0xCEBA, 0xCEDA, 0xD71B, 0xDF3C, 0xD73C,
    0xD71B, 0xD71B, 0xD71B, 0xD71B, 0xD71B, 0xD71B, 0xD6FB, 0xD71B,
    0xD71B, 0xD71B, 0xD6FB, 0xD6FB, 0xD6FB, 0xD6FA, 0xD6FB, 0xCEDA,
    0xCEFA, 0xD73B, 0xDF3C, 0xDF3C, 0xCEDA, 0xAE17, 0x53AF, 0x0105,
    0x00A4, 0x0905, 0x6C52, 0x538E, 0x1986, 0x4AEB, 0x4207, 0x5206,
    0xC593, 0xD615, 0xCE14, 0xC5F4, 0xBDD4, 0xC5D4, 0xC5F4, 0xC5F4,
    0xC5F5, 0xC5D4, 0xC5F4, 0xC5F4, 0xCE36, 0xD697, 0xCE36, 0xCE36,
    0xC615, 0xCE36, 0xCE56, 0xB572, 0xBD90, 0x39A2, 0x20E2, 0x31A6,
    0x10E3, 0x6BCE, 0x9D75, 0x6BEF, 0x1145, 0x3229, 0x42AB, 0x29E8,
    0x1105, 0x21C8, 0x84F4, 0x430D, 0x6410, 0xCEFB, 0x7C71, 0x1104,
    0x1924, 0x2145, 0x2145, 0x2145, 0x1904, 0x2124, 0x2125, 0x2145,
    0x2124, 0x18E3, 0x18E3, 0x2986, 0x31A6, 0x2965, 0x1903, 0x1903,
    0x1924, 0x2145, 0x2986, 0x2165, 0x2965, 0x2986, 0x2986, 0x2986,
    0x2985, 0x1945, 0x4AEC, 0x4B4E, 0x0987, 0x19A8, 0x324A, 0x2966,
    0x3186, 0x4208, 0x4228, 0x4228, 0x4228, 0x3A07, 0x2965, 0x10A2,
    0x0841, 0x2103, 0x2923, 0x2102, 0x2102, 0x2922, 0x2923, 0x1881,
    0x1081, 0x8C2E, 0x738C, 0x18E1, 0x18A1, 0x18C2, 0x18C1, 0x18C1,
    0x18A1, 0x18A1, 0x2901, 0x41C3, 0x3182, 0x3A26, 0x84B1, 0x7471,
    0x2229, 0x0987, 0x0988, 0x11A9, 0x11C9, 0x09C9, 0x0988, 0x11A8,
    0x11C7, 0x2A89, 0x32E8, 0x2AE6, 0x2AE6, 0x32E7, 0x32E6, 0x32E6,
    0x2AE6, 0x2AC6, 0x2AC6, 0x2AC6, 0x2AC6, 0x2AA6, 0x2AA6, 0x2AC6,
    0x2AC6, 0x43A9, 0x64AD, 0x5C8C, 0x5C6C, 0x5C6B, 0x5C6B, 0x5C6C,
    0x542B, 0x3327, 0x00E0, 0x2A25, 0x6C2E, 0x63ED, 0x5B6B, 0x638C,
    0x742F, 0xCEB9, 0xFFFF, 0xADF6, 0x3A88, 0x740F, 0xB637, 0xD71B,
    0xE79D, 0xF7DE, 0xF7FF, 0xF7FF, 0xF7FF, 0xE77D, 0xADD6, 0x8491,
    0x63AD, 0x08E2, 0x0040, 0x0021, 0x0020, 0x21A4, 0x4BCB, 0x544C,
    0x544B, 0x546B, 0x544B, 0x542B, 0x4369, 0x3286, 0x3226, 0x3206,
    0x3206, 0x31E6, 0x29E6, 0x29E6, 0xFFFD, 0xF7BC, 0xF77B, 0xF79B,
    0xFFBC, 0xFFDC, 0xF7BC, 0xF79B, 0xEF5B, 0xF79B, 0xFF9B, 0xFFBC,
    0xFFDD, 0xF79C, 0xEF5B, 0xEF7B, 0xFFDD, 0xFFDD, 0xFFDD, 0xF7BC,
    0xEF7B, 0xE71A, 0xDED9, 0xDED9, 0xC636, 0xAD52, 0x948F, 0x62E9,
    0x20C2, 0x1061, 0x1061, 0x1082, 0x18C2, 0x20E3, 0x20C2, 0x41C5,
    0x9CD0, 0xDED9, 0xF7BC, 0xF77C, 0xF79C, 0xF79C, 0xF77B, 0xF77C,
    0xFFFE, 0xFFFF, 0xFFFF, 0xFFFF, 0xFFFF, 0xFFFF, 0xFFFF, 0xFFFF,
    0x9450, 0x20E2, 0x39C6, 0x39C6, 0x2965, 0x3165, 0x3185, 0x39C6,
    0x4207, 0x840F, 0x8450, 0x7C0F, 0x638D, 0x52EB, 0x7C10, 0x3208,
    0x5B2D, 0xB618, 0xB618, 0x6BCF, 0x1965, 0x21A7, 0x29E7, 0x6BF0,
    0x7431, 0x42AB, 0x21A7, 0x4ACC, 0x530C, 0x1104, 0x1125, 0x1966,
    0x6BCF, 0x3208, 0x1125, 0x534D, 0x8D56, 0x538F, 0x0063, 0x00C5,
    0x19C9, 0x19A9, 0x21EA, 0x5C12, 0x220A, 0x0063, 0x324A, 0x84D4,
    0x3A8B, 0x00C4, 0x1105, 0x63AF, 0x6BF0, 0x08E4, 0x0905, 0x7472,
    0xB67A, 0x42CB, 0x0926, 0x19A9, 0x19A8, 0x0927, 0x1126, 0x0926,
    0x324A, 0x7C93, 0x9576, 0x9597, 0x6432, 0x224B, 0x1A2B, 0x19EB,
    0x11CA, 0x0989, 0x0988, 0x0927, 0x00E6, 0x0907, 0x0926, 0x3A8B,
    0x8D15, 0xAE18, 0x9D75, 0x4ACA, 0x94D1, 0xCE57, 0xDEB9, 0xDEF9,
    0xEF3B, 0xEF3B, 0xE71A, 0xEF3A, 0xEF5A, 0xEF5A, 0xE6F9, 0xE6F9,
    0xE6D9, 0xDEB8, 0xD657, 0xC5D5, 0x840E, 0x3185, 0x10C3, 0x08C3,
    0x6BD0, 0xB65A, 0x536E, 0x1188, 0x11CA, 0x11C9, 0x4BB0, 0x434E,
    0x2A29, 0x63AF, 0x7C92, 0x4ACC, 0x534E, 0x9535, 0x7C92, 0x7451,
    0x7471, 0x7430, 0x3AAA, 0x21E8, 0x3AAB, 0x5B8F, 0x7C71, 0x84B2,
    0x7C30, 0x84B2, 0x9554, 0x9534, 0x8492, 0x6BF0, 0x7C72, 0x84B3,
    0x9555, 0x7C51, 0x5BAF, 0x1145, 0x0904, 0x534D, 0x63AF, 0x7451,
    0xC69A, 0xB617, 0x4AAA, 0x39E6, 0x4208, 0x39E7, 0x3A07, 0x4207,
    0x39E7, 0x2964, 0x2965, 0x39C6, 0x31A6, 0x39C7, 0x39E7, 0x39E7,
    0x3A07, 0x39E7, 0x39C6, 0x3185, 0x3185, 0x31A6, 0x31A5, 0x2985,
    0x2965, 0x2985, 0x39C6, 0x31A6, 0x39E6, 0x3A07, 0x39E6, 0x31A5,
    0x31A5, 0x31A5, 0x31A5, 0x31A6, 0x39E7, 0x39C6, 0x39C6, 0x39C6,
    0x3185, 0x3185, 0x39E7, 0x39C7, 0x31A6, 0x39E7, 0x31A6, 0x3185,
    0x31A5, 0x31A6, 0x31C6, 0x31A6, 0x31C6, 0x39C6, 0x39C6, 0x39C6,
    0x39C6, 0x39E6, 0x31A6, 0x31A6, 0x31C6, 0x39C6, 0x39C7, 0x39C6,
    0x39C7, 0x39E7, 0x39E7, 0x39E7, 0x39E6, 0x39A6, 0x4A69, 0x73CF,
    0x634D, 0x2985, 0x5B2C, 0x9D35, 0x9515, 0x8D15, 0x8D15, 0x42EC,
    0x4B2D, 0xAE18, 0xBE59, 0xA575, 0xADB6, 0xC679, 0xBE79, 0xA595,
    0x94F3, 0x9D54, 0xADD6, 0xBE58, 0xC699, 0xC679, 0xBE58, 0xB5F7,
    0xADD7, 0xB5F7, 0xB617, 0xB617, 0xB5F7, 0xADD7, 0xADD7, 0xADB6,
    0xADD6, 0xADF7, 0xADB6, 0x94F3, 0x8491, 0x9D75, 0xADB6, 0x7410,
    0x5B2D, 0x6C10, 0x430D, 0x0947, 0x00A4, 0x0905, 0x6C32, 0x4B4D,
    0x1986, 0x6BAE, 0x52AA, 0x5206, 0xCDD4, 0xD615, 0xCDF4, 0xC5F4,
    0xBDD4, 0xC5F5, 0xC615, 0xC5F4, 0xC5D4, 0xBDB4, 0xC5D5, 0xC5F5,
    0xC5F5, 0xC615, 0xC615, 0xCE36, 0xC615, 0xCE36, 0xCE56, 0xB551,
    0xB570, 0x39A2, 0x20E2, 0x3185, 0x10E3, 0x6BCE, 0x9554, 0x6BEF,
    0x08E4, 0x0082, 0x1925, 0x1104, 0x0021, 0x1104, 0x84F3, 0x4B2D,
    0x19A6, 0x42CB, 0x3AAA, 0x42AA, 0x3208, 0x21A7, 0x63AE, 0x5B4D,
    0x1946, 0x1125, 0x2187, 0x29A7, 0x2186, 0x10C3, 0x5B0C, 0xCE59,
    0xC618, 0xBDF7, 0x73CE, 0x1104, 0x1966, 0x19A8, 0x19A8, 0x19C8,
    0x322A, 0x2A29, 0x29E9, 0x21E9, 0x21E8, 0x2A2A, 0x2A4B, 0x11A9,
    0x11A9, 0x222A, 0x29E8, 0x2965, 0x31A6, 0x4208, 0x4228, 0x4207,
    0x4208, 0x4248, 0x31A6, 0x0861, 0x0020, 0x0020, 0x0020, 0x0020,
    0x0020, 0x0020, 0x0020, 0x0820, 0x0000, 0x840E, 0xA4F1, 0x2101,
    0x10A0, 0x18A2, 0x18C1, 0x18A1, 0x18A1, 0x20E2, 0x3162, 0x5245,
    0x39A2, 0x4267, 0x84D1, 0x7C71, 0x2228, 0x09A8, 0x0988, 0x11A9,
    0x11C9, 0x11C9, 0x11A8, 0x11A8, 0x11C7, 0x2A88, 0x2AC8, 0x2AC6,
    0x32E7, 0x32E7, 0x3307, 0x2AE6, 0x2AC6, 0x2AC6, 0x2AC6, 0x2AC6,
    0x2AA6, 0x2AA6, 0x2AC6, 0x2AC6, 0x2AE6, 0x4BA9, 0x64AD, 0x5C8C,
    0x5C6B, 0x5C6B, 0x546B, 0x5C6B, 0x544B, 0x4368, 0x0921, 0x0901,
    0x5BAC, 0x5BAC, 0x42C8, 0x638C, 0x73EE, 0x7C50, 0xD6FA, 0xFFFF,
    0x8CF2, 0x2A06, 0xADF6, 0xE77C, 0xEFDE, 0xFFFF, 0xF7FF, 0xF7FE,
    0xF7DE, 0xE79D, 0xCEDA, 0xADF6, 0x4ACA, 0x0040, 0x0041, 0x0020,
    0x0040, 0x21E5, 0x4BCB, 0x5C6C, 0x5C6B, 0x546B, 0x544B, 0x542B,
    0x4389, 0x32A6, 0x3246, 0x3226, 0x3206, 0x3206, 0x2A06, 0x29E6,
    0xFFFD, 0xF7BC, 0xF79B, 0xFFDC, 0xFFDD, 0xFFFD, 0xFFFD, 0xFFDD,
    0xFFBC, 0xF77B, 0xF77B, 0xEF5B, 0xEF3A, 0xEF5B, 0xF79B, 0xF7BC,
    0xFFDD, 0xF77C, 0xF79C, 0xF79C, 0xE71A, 0xE71A, 0xDED9, 0xD697,
    0xD698, 0xCE56, 0xB593, 0x7BCC, 0x39A4, 0x20C2, 0x18C2, 0x10A2,
    0x10A1, 0x18C2, 0x2102, 0x5AA8, 0xA4F1, 0xD697, 0xEF5B, 0xE71A,
    0xE71A, 0xEF5B, 0xFFDD, 0xFFDD, 0xFFFF, 0xFFFF, 0xFFFF, 0xFFFF,
    0xFFFF, 0xFFFF, 0xFFFF, 0xFFFF, 0xAD34, 0x20E3, 0x39C6, 0x3185,
    0x18C2, 0x20E3, 0x18E3, 0x20E3, 0x18C2, 0x39E6, 0x738D, 0x7C2F,
    0x7C0F, 0x740F, 0x6BCF, 0x4ACA, 0x3A49, 0x4AEC, 0x5B6E, 0x3208,
    0x1125, 0x1946, 0x1966, 0x536E, 0x3AAB, 0x1966, 0x3208, 0x7C51,
    0x6BCF, 0x1965, 0x2166, 0x31E8, 0x9D34, 0x5B2D, 0x2187, 0x324A,
    0x8D35, 0x9596, 0x63F0, 0x6411, 0x7452, 0x326C, 0x19EA, 0x5C32,
    0x222A, 0x1146, 0x5B8F, 0xA5D8, 0x532D, 0x1966, 0x21A7, 0x8CD4,
    0x9D55, 0x1986, 0x324A, 0x7CB3, 0x9D96, 0x21C8, 0x1126, 0x21C9,
    0x326C, 0x3A8C, 0x324A, 0x324A, 0x428C, 0x3A8B, 0x63F1, 0x8D35,
    0x6C73, 0x224B, 0x224C, 0x224B, 0x11A9, 0x1188, 0x11A9, 0x11A8,
    0x0947, 0x00E6, 0x1147, 0x1147, 0x324A, 0x8D14, 0xAE18, 0x9513,
    0x7C0E, 0x4A68, 0x3185, 0x39C6, 0x39E6, 0x39C6, 0x41E6, 0x4206,
    0x41E6, 0x41E5, 0x39C5, 0x31A4, 0x3163, 0x3143, 0x2943, 0x2123,
    0x1903, 0x2186, 0x3228, 0x3A8A, 0x7451, 0x5BCF, 0x21E9, 0x11A9,
    0x11CA, 0x09A9, 0x0968, 0x53B0, 0x9576, 0x9576, 0xAE19, 0x6C11,
    0x0926, 0x21C8, 0x84D3, 0xB618, 0xADF7, 0xA5B6, 0x84D3, 0x7451,
    0x9D96, 0xAE18, 0xBE9A, 0xC6DA, 0xBE78, 0x7450, 0x4B2C, 0x8D14,
    0xC6BB, 0xC6DB, 0xC6BB, 0xB659, 0x8493, 0x42CB, 0x00E4, 0x0105,
    0x4B2D, 0x6C11, 0x534E, 0x4B2D, 0x6BCF, 0x52EB, 0x31C6, 0x3A07,
    0x4207, 0x39C6, 0x39E6, 0x39E7, 0x31A6, 0x2965, 0x39C6, 0x39C7,
    0x2965, 0x31A6, 0x31A6, 0x31A6, 0x39E7, 0x39C6, 0x31A6, 0x3185,
    0x3185, 0x31A6, 0x3185, 0x3185, 0x2985, 0x2964, 0x3185, 0x31C6,
    0x39C6, 0x39E6, 0x39E6, 0x31A5, 0x31A5, 0x31A5, 0x39C6, 0x39C6,
    0x31C6, 0x39C6, 0x39C6, 0x31A6, 0x2965, 0x31A5, 0x39C6, 0x39C6,
    0x31A6, 0x39C7, 0x31A6, 0x2965, 0x3185, 0x2965, 0x3185, 0x31A6,
    0x2965, 0x31C6, 0x39E7, 0x31C6, 0x31C6, 0x31C6, 0x31A6, 0x3185,
    0x2985, 0x31A6, 0x39C6, 0x39C6, 0x39C6, 0x31C6, 0x39E6, 0x39E7,
    0x39C6, 0x39A6, 0x18C3, 0x31A6, 0x4269, 0x3A48, 0x3208, 0x3A49,
    0x3A6A, 0x3229, 0x42CC, 0x7C93, 0x4B2D, 0x1166, 0x3AAB, 0x6C10,
    0x3A69, 0x1104, 0x3208, 0x63CF, 0x534D, 0x1165, 0x08E3, 0x1945,
    0x428A, 0x7CB2, 0x5B6E, 0x1986, 0x1986, 0x21A7, 0x19A7, 0x19A7,
    0x1986, 0x1986, 0x1986, 0x1986, 0x1986, 0x1987, 0x1186, 0x0945,
    0x00C4, 0x08E4, 0x21C8, 0x1987, 0x0042, 0x0062, 0x00C5, 0x0926,
    0x08E5, 0x08E5, 0x6C52, 0x536E, 0x1986, 0x7C50, 0x630B, 0x5206,
    0xD615, 0xDE76, 0xBDB3, 0xC5D4, 0xC5F5, 0xC5F5, 0xC5F5, 0xC5F4,
    0xC5F5, 0xC5F5, 0xC5F6, 0xC5F6, 0xBDD4, 0xC5F5, 0xC5F5, 0xC615,
    0xC616, 0xCE57, 0xCE36, 0xAD10, 0xB571, 0x3982, 0x20E2, 0x4207,
    0x2185, 0x5B6D, 0x8D13, 0x7430, 0x3A69, 0x08C3, 0x42AA, 0x4AEB,
    0x0061, 0x1104, 0x9535, 0x5BAF, 0x0966, 0x1146, 0x00C4, 0x1146,
    0x5B8F, 0x430C, 0x326A, 0x2209, 0x1147, 0x0906, 0x1126, 0x1147,
    0x2187, 0x10E4, 0x636D, 0xD6BA, 0xC658, 0xC658, 0x73EF, 0x08E4,
    0x1167, 0x1188, 0x11A9, 0x0989, 0x0989, 0x0988, 0x0988, 0x0989,
    0x11A9, 0x0989, 0x0989, 0x09AA, 0x09AA, 0x220A, 0x324A, 0x2186,
    0x31A6, 0x4228, 0x4228, 0x4207, 0x3A07, 0x4208, 0x3186, 0x10A2,
    0x0040, 0x0841, 0x0841, 0x0841, 0x0841, 0x0841, 0x0841, 0x0841,
    0x0020, 0x3184, 0x31A4, 0x1080, 0x18A1, 0x10A1, 0x18A1, 0x18A1,
    0x1081, 0x1080, 0x3983, 0x7348, 0x39C2, 0x3A26, 0x84D1, 0x7CB1,
    0x2A49, 0x0987, 0x0988, 0x11A9, 0x11C9, 0x11C9, 0x11A8, 0x11A8,
    0x11C7, 0x2A68, 0x2AC7, 0x2AC6, 0x32E7, 0x32E7, 0x3307, 0x3307,
    0x2AE6, 0x2AC6, 0x2AC6, 0x2AC6, 0x2AA6, 0x2AA6, 0x2AC6, 0x2AC6,
    0x2AC6, 0x4BA9, 0x64AD, 0x5C6C, 0x5C8B, 0x5C8B, 0x5C6B, 0x5C6B,
    0x5C6B, 0x43A9, 0x11A3, 0x0060, 0x21A4, 0x3267, 0x3AA8, 0x5B6B,
    0x6BCD, 0x5B4C, 0xA595, 0xFFFF, 0xEFDD, 0x744F, 0x534B, 0xC698,
    0xE77C, 0xEFBD, 0xEFBD, 0xDF5C, 0xCEB9, 0xADB5, 0x9D54, 0x6BCE,
    0x10E3, 0x0040, 0x0040, 0x0020, 0x0881, 0x3AC8, 0x648D, 0x5C8C,
    0x5C8C, 0x5C6B, 0x544B, 0x542B, 0x4389, 0x32A7, 0x3246, 0x3227,
    0x3206, 0x3206, 0x3206, 0x29E6, 0xF79C, 0xEF5A, 0xF75B, 0xF79B,
    0xFFDD, 0xFFFE, 0xFFFE, 0xFFFE, 0xFFFE, 0xFFDD, 0xFFDC, 0xF7BC,
    0xEF7B, 0xEF7B, 0xF7BC, 0xFFDC, 0xFFFD, 0xFFBC, 0xF77B, 0xF79C,
    0xEF7B, 0xEF5B, 0xE73A, 0xDEF9, 0xCE56, 0xBDB4, 0xAD72, 0x9CD0,
    0x83ED, 0x5288, 0x3164, 0x3164, 0x39A5, 0x5AE9, 0x9490, 0xCE36,
    0xDEB8, 0xE719, 0xEF5B, 0xE71A, 0xD698, 0xDEF9, 0xFFBD, 0xFFFF,
    0xFFFF, 0xFFFF, 0xFFFF, 0xFFFF, 0xFFFF, 0xFFFF, 0xFFFF, 0xFFFF,
    0xBDB6, 0x3165, 0x39A6, 0x2965, 0x0840, 0x1081, 0x1081, 0x0861,
    0x0840, 0x2124, 0x5289, 0x52CA, 0x4269, 0x31E7, 0x31E7, 0x4ACB,
    0x3A69, 0x1125, 0x1125, 0x1946, 0x1967, 0x1967, 0x1987, 0x5B8F,
    0x4B0D, 0x1987, 0x3249, 0x6BEF, 0x8CD2, 0x5B6D, 0x3228, 0x42CA,
    0x9D55, 0x63AF, 0x21A8, 0x2A2A, 0x8515, 0xA5F8, 0x9597, 0x9576,
    0x5BAF, 0x0947, 0x0927, 0x53F1, 0x2A4B, 0x21A8, 0x4B2D, 0x84F4,
    0x42EC, 0x324A, 0x63AF, 0x9576, 0xCEFC, 0x3A8A, 0x1986, 0x4B0C,
    0x7492, 0x2A4A, 0x1147, 0x19A9, 0x1988, 0x320A, 0x428B, 0x4ACC,
    0x4ACC, 0x1926, 0x1946, 0x3A8B, 0x328B, 0x220A, 0x224B, 0x19C9,
    0x1126, 0x21C8, 0x21E9, 0x11A8, 0x11A8, 0x0968, 0x0106, 0x0926,
    0x0905, 0x2A09, 0x84B3, 0xB618, 0xB5F6, 0x740F, 0x3A28, 0x2165,
    0x10C3, 0x08A2, 0x0881, 0x1081, 0x10A2, 0x10A2, 0x10A2, 0x1082,
    0x10A2, 0x18C2, 0x18C3, 0x10C3, 0x10E4, 0x1986, 0x4B4E, 0x538F,
    0x1A08, 0x00C4, 0x0947, 0x11C9, 0x11C9, 0x11C9, 0x0106, 0x1188,
    0x3AAB, 0x3A8B, 0x3A8B, 0x3ACC, 0x3AAC, 0x21E9, 0x1966, 0x42CC,
    0x94F4, 0x9D76, 0x9514, 0x6BF0, 0x3A8B, 0x3229, 0x3A49, 0x3229,
    0x21A7, 0x00C3, 0x00A3, 0x1967, 0x42AB, 0x4B0D, 0x4B0D, 0x3A49,
    0x1125, 0x0083, 0x0926, 0x4B6E, 0x4B4E, 0x0926, 0x0105, 0x1167,
    0x21A7, 0x1965, 0x2985, 0x39E7, 0x39C7, 0x39E7, 0x39E7, 0x3A07,
    0x39C6, 0x2985, 0x2985, 0x39E7, 0x39E7, 0x39E7, 0x31A6, 0x31C6,
    0x39E7, 0x31A6, 0x2985, 0x3185, 0x31A5, 0x2965, 0x3185, 0x31A6,
    0x3185, 0x2965, 0x2965, 0x3185, 0x31A5, 0x31A5, 0x2964, 0x3185,
    0x31A5, 0x31A5, 0x39C6, 0x39E6, 0x39C6, 0x39E6, 0x31A6, 0x3185,
    0x3185, 0x39C6, 0x39E7, 0x39C6, 0x39C6, 0x39C7, 0x31C6, 0x2985,
    0x2985, 0x2965, 0x39C6, 0x39E7, 0x3185, 0x31C6, 0x31C6, 0x31A5,
    0x31C6, 0x31C6, 0x31A6, 0x31C6, 0x3185, 0x31C6, 0x39C6, 0x39C7,
    0x39E7, 0x39E7, 0x39E7, 0x39C7, 0x39C6, 0x39C6, 0x0861, 0x1903,
    0x1903, 0x08A2, 0x1945, 0x1104, 0x08E4, 0x08E5, 0x08E4, 0x21E9,
    0x6C52, 0x536E, 0x00E4, 0x328B, 0x7472, 0x2A09, 0x0042, 0x21A8,
    0x6C52, 0x538F, 0x0925, 0x0042, 0x0083, 0x3A8B, 0x7C93, 0x4B4E,
    0x0946, 0x0126, 0x0946, 0x0946, 0x0946, 0x0946, 0x1167, 0x1167,
    0x1167, 0x1167, 0x1168, 0x1168, 0x0927, 0x00A4, 0x2A4A, 0x7473,
    0x4AED, 0x29E9, 0x21EA, 0x0947, 0x00E5, 0x0905, 0x7452, 0x538E,
    0x1125, 0x73CF, 0x5AAA, 0x5227, 0xDE56, 0xE6B7, 0xC5B4, 0xBDB4,
    0xBDD5, 0xBDD5, 0xBDB4, 0xBDD4, 0xBDD4, 0xBDF5, 0xC5F5, 0xBDD5,
    0xC5F5, 0xC5F6, 0xBDD5, 0xC5F6, 0xC616, 0xBDF6, 0xAD32, 0xAD10,
    0xBD91, 0x3162, 0x18C2, 0x4228, 0x73EF, 0xA596, 0xA5D7, 0x9554,
    0x5B8D, 0x740F, 0xADF7, 0xB638, 0x4ACA, 0x1966, 0xA597, 0x5BD0,
    0x1167, 0x19A8, 0x0946, 0x00C4, 0x4B2E, 0x8D35, 0x6C72, 0x430D,
    0x19A8, 0x0927, 0x0906, 0x0927, 0x21E9, 0x2186, 0x7C10, 0xCE79,
    0xB5B6, 0x6B6D, 0x2164, 0x0924, 0x1187, 0x0988, 0x11A9, 0x09A9,
    0x09A9, 0x09A9, 0x09A9, 0x09A9, 0x09A9, 0x09A9, 0x09CA, 0x09CA,
    0x09A9, 0x19EA, 0x322A, 0x2165, 0x2985, 0x4207, 0x4207, 0x39E7,
    0x39E7, 0x39E7, 0x2945, 0x0861, 0x0841, 0x0841, 0x0841, 0x0841,
    0x0841, 0x0841, 0x0020, 0x0020, 0x0841, 0x0040, 0x10C1, 0x18E2,
    0x10A1, 0x18A1, 0x18A1, 0x18A1, 0x18A1, 0x1880, 0x3142, 0x6AE6,
    0x3981, 0x3A05, 0x8CD1, 0x7C91, 0x2208, 0x0967, 0x0988, 0x09A9,
    0x11C9, 0x11C9, 0x11A8, 0x11A8, 0x11C7, 0x2A88, 0x32E8, 0x32E7,
    0x2AE7, 0x3307, 0x3306, 0x3307, 0x2AE6, 0x2AE6, 0x2AC6, 0x2AA6,
    0x2AA6, 0x2AA6, 0x2AC6, 0x2AC6, 0x2AC6, 0x43A9, 0x64AD, 0x5C6B,
    0x5C6B, 0x5C8C, 0x5C6B, 0x5C6B, 0x5C8C, 0x542B, 0x2A65, 0x0060,
    0x08A1, 0x1963, 0x3A87, 0x5B8B, 0x4AEA, 0x530A, 0x8491, 0xA595,
    0xB637, 0xD75B, 0x6BED, 0x4288, 0x8491, 0xA574, 0xA574, 0x9513,
    0x740F, 0x4ACA, 0x42A9, 0x29E6, 0x08A2, 0x0040, 0x0020, 0x0040,
    0x1902, 0x536A, 0x64AD, 0x5C6C, 0x5C8C, 0x5C6B, 0x546B, 0x542B,
    0x4368, 0x32A7, 0x3247, 0x3227, 0x3A27, 0x3226, 0x3206, 0x3206,
    0xF79C, 0xF7BC, 0xFFBC, 0xFFBD, 0xFFFE, 0xFFFE, 0xFFFE, 0xFFFE,
    0xFFFE, 0xFFFE, 0xFFFD, 0xFFDC, 0xFFBC, 0xF7BC, 0xFFFD, 0xFFFD,
    0xFFFD, 0xF79B, 0xEF5A, 0xEF5B, 0xF77C, 0xF77B, 0xEF5B, 0xDEF9,
    0xD697, 0xCE56, 0xC615, 0xBDB3, 0xB593, 0xB553, 0x9490, 0x8C4E,
    0xA4F1, 0xBD94, 0xCE56, 0xE6F9, 0xD697, 0xCE36, 0xDED9, 0xEF3A,
    0xEF5A, 0xEF5B, 0xFFDE, 0xFFFE, 0xFFFF, 0xFFFF, 0xFFFF, 0xFFFF,
    0xFFFF, 0xFFFF, 0xFFFF, 0xFFFF, 0xBDD7, 0x3185, 0x3185, 0x3185,
    0x0861, 0x1082, 0x10A2, 0x1082, 0x10A2, 0x2965, 0x2944, 0x10C2,
    0x0861, 0x10A2, 0x2145, 0x2166, 0x1946, 0x1105, 0x08E5, 0x1125,
    0x1947, 0x1167, 0x1967, 0x536F, 0x430D, 0x1166, 0x3A6A, 0x532C,
    0x63EF, 0x3AAA, 0x21C7, 0x3269, 0x5BAE, 0x5B8E, 0x21E9, 0x19A8,
    0x63F1, 0x4B4E, 0x19C8, 0x1987, 0x00A4, 0x0906, 0x222A, 0x4B70,
    0x220A, 0x1146, 0x3A8B, 0x4B2D, 0x2A2A, 0x21C9, 0x326B, 0x4B2D,
    0x7CB3, 0x4B2D, 0x1987, 0x3A8B, 0x7493, 0x326B, 0x21E9, 0x19A9,
    0x00A5, 0x10E5, 0x1904, 0x2966, 0x2145, 0x0062, 0x10E4, 0x1105,
    0x1146, 0x11A8, 0x1167, 0x19A7, 0x3249, 0x3208, 0x00C4, 0x0905,
    0x1188, 0x11A9, 0x0947, 0x00E6, 0x0906, 0x0906, 0x1987, 0x324A,
    0x3229, 0x3A8A, 0x5B6E, 0x5B4D, 0x4AEC, 0x428A, 0x426A, 0x31E8,
    0x2145, 0x29A7, 0x3A29, 0x3A29, 0x1925, 0x08A3, 0x0083, 0x0083,
    0x00A3, 0x0905, 0x1167, 0x0946, 0x00E5, 0x0926, 0x1989, 0x11C9,
    0x11EA, 0x11C9, 0x0147, 0x00E5, 0x2A4A, 0x4B4E, 0x2A2A, 0x19E9,
    0x3AAC, 0x430D, 0x1987, 0x00A4, 0x322A, 0x7431, 0x638F, 0x1966,
    0x00A3, 0x08E5, 0x1966, 0x1946, 0x1967, 0x21A8, 0x21A8, 0x1967,
    0x1146, 0x1146, 0x1146, 0x1946, 0x1987, 0x2A09, 0x5BB0, 0x536F,
    0x0125, 0x1167, 0x1187, 0x42ED, 0xA597, 0x9D55, 0x3A28, 0x31A6,
    0x39C7, 0x39E8, 0x3A07, 0x39E7, 0x39E7, 0x39C6, 0x2965, 0x39E7,
    0x4228, 0x39E6, 0x39C6, 0x31A6, 0x31C6, 0x31A6, 0x31A6, 0x39C6,
    0x31C6, 0x31A5, 0x3185, 0x2985, 0x2965, 0x3185, 0x2985, 0x3185,
    0x3185, 0x3185, 0x31A5, 0x31A6, 0x3185, 0x31A5, 0x3185, 0x31A5,
    0x31A5, 0x2985, 0x2985, 0x31C6, 0x39E6, 0x4207, 0x4207, 0x39E6,
    0x39C6, 0x4207, 0x39C6, 0x2965, 0x2985, 0x3185, 0x39C6, 0x39E7,
    0x39E7, 0x4207, 0x31C6, 0x31C6, 0x39C6, 0x31C6, 0x31A6, 0x31A6,
    0x39C6, 0x31C6, 0x31A6, 0x31A6, 0x39E7, 0x39E7, 0x31C6, 0x31A6,
    0x31A6, 0x3186, 0x39E7, 0x7BEF, 0x5B4C, 0x1924, 0x1925, 0x2187,
    0x1126, 0x1126, 0x1126, 0x08E5, 0x19A8, 0x6C32, 0x5BF1, 0x0946,
    0x2A4A, 0x7473, 0x328B, 0x0083, 0x19C8, 0x7472, 0x7CB3, 0x6BF0,
    0x7472, 0x7493, 0x6C52, 0x84F4, 0x6C32, 0x7472, 0x8515, 0x8515,
    0x7472, 0x328B, 0x0967, 0x1188, 0x1188, 0x1188, 0x0988, 0x1188,
    0x0948, 0x00E6, 0x0106, 0x42ED, 0x84F5, 0x7D16, 0x4B4F, 0x1168,
    0x00A5, 0x1126, 0x7493, 0x538E, 0x0925, 0x4AAA, 0x39E6, 0x7B8C,
    0xDE35, 0xFF59, 0xFF7A, 0xF75A, 0xEF39, 0xE6F9, 0xE6F9, 0xE719,
    0xDED9, 0xDED8, 0xE6D8, 0xE6D8, 0xDEB8, 0xDEB9, 0xE6FA, 0xE6FA,
    0xEF5A, 0xEF1A, 0xD697, 0xDEB7, 0xAD30, 0x3162, 0x18E2, 0x2965,
    0x3A28, 0x7C71, 0x63AE, 0x21C7, 0x00C3, 0x4AEB, 0x9D55, 0x9D55,
    0x428A, 0x00A3, 0x42CC, 0x2229, 0x1187, 0x1188, 0x1167, 0x00E5,
    0x00E5, 0x328B, 0x538F, 0x32AC, 0x0947, 0x00E6, 0x0927, 0x0926,
    0x1987, 0x4ACB, 0xEF7E, 0xFFFF, 0xFFDF, 0x9CF3, 0x29A5, 0x0924,
    0x1188, 0x0988, 0x09A9, 0x09A9, 0x09A9, 0x09A9, 0x09A9, 0x09A9,
    0x09A9, 0x09A9, 0x09A9, 0x09A9, 0x09C9, 0x222B, 0x21C8, 0x10E4,
    0x2985, 0x39C6, 0x39E6, 0x39E7, 0x39E7, 0x4228, 0x2124, 0x0821,
    0x0861, 0x0841, 0x0861, 0x0841, 0x0861, 0x0841, 0x0841, 0x0841,
    0x0000, 0x2965, 0x630A, 0x4A88, 0x18E1, 0x18C1, 0x18A1, 0x18A1,
    0x18A1, 0x1880, 0x3142, 0x5224, 0x3141, 0x3A26, 0x8D12, 0x7CB1,
    0x2208, 0x0967, 0x09A8, 0x11A9, 0x11A9, 0x09C9, 0x11A9, 0x11A8,
    0x11C7, 0x2A88, 0x32E8, 0x32E7, 0x2AE6, 0x3307, 0x3306, 0x3306,
    0x2AE6, 0x2AE6, 0x2AC6, 0x2AA6, 0x2AC6, 0x2AC6, 0x2AC6, 0x2AC6,
    0x2AC5, 0x43C9, 0x64CC, 0x5C6B, 0x5C6B, 0x5C8B, 0x5C6C, 0x5C6C,
    0x5C8C, 0x5C8C, 0x3B48, 0x0901, 0x0000, 0x0861, 0x1943, 0x2A06,
    0x3227, 0x4AA9, 0x4AC9, 0x4AA9, 0x6BEE, 0xADD6, 0xCEFA, 0x6BAD,
    0x08E2, 0x21A5, 0x31E6, 0x21A5, 0x2185, 0x1944, 0x1103, 0x1123,
    0x08E2, 0x0040, 0x0041, 0x0882, 0x29C5, 0x4B8A, 0x5C4B, 0x5C6C,
    0x5C6C, 0x544B, 0x544B, 0x540A, 0x3B48, 0x32A7, 0x3A67, 0x3A27,
    0x3A27, 0x3A26, 0x3206, 0x3206, 0xFFFE, 0xFFFE, 0xFFFE, 0xFFFE,
    0xFFFF, 0xFFFF, 0xFFFF, 0xFFFE, 0xFFFE, 0xFFFE, 0xF79C, 0xF77B,
    0xF7BC, 0xF77B, 0xEF3A, 0xEF3A, 0xEF5A, 0xEF5A, 0xEF5B, 0xF77B,
    0xF79C, 0xF77B, 0xEF5B, 0xEF5B, 0xE6FA, 0xD698, 0xD677, 0xC615,
    0xC615, 0xCE15, 0xBDD4, 0xAD32, 0xAD52, 0xAD11, 0xA4F1, 0xA511,
    0xB573, 0xCE56, 0xEF5A, 0xFFBC, 0xFFFD, 0xFFFE, 0xFFFE, 0xFFFF,
    0xFFFF, 0xFFFF, 0xFFFF, 0xFFFF, 0xFFFF, 0xFFFF, 0xFFFF, 0xFFFF,
    0xEF7D, 0x62EB, 0x2103, 0x39C7, 0x1082, 0x18C3, 0x18E3, 0x18C3,
    0x2124, 0x4207, 0x41E6, 0x4A48, 0x5AC9, 0x634C, 0x73CE, 0x29A6,
    0x00A3, 0x08E5, 0x21A8, 0x2A09, 0x1967, 0x1167, 0x1167, 0x3ACD,
    0x328B, 0x0926, 0x21A8, 0x29E9, 0x21C8, 0x1187, 0x1987, 0x1167,
    0x1187, 0x1987, 0x0926, 0x0906, 0x4B2E, 0x222A, 0x00A4, 0x0926,
    0x328C, 0x6C73, 0x74B4, 0x436F, 0x1188, 0x0926, 0x1167, 0x19A8,
    0x1988, 0x1147, 0x0906, 0x0946, 0x0946, 0x19A8, 0x21E9, 0x220A,
    0x430E, 0x21EA, 0x326C, 0x21EA, 0x00A4, 0x2146, 0x2965, 0x2145,
    0x10C2, 0x0041, 0x08A4, 0x1106, 0x1947, 0x1126, 0x08C4, 0x428A,
    0x7C71, 0x534C, 0x0082, 0x00A4, 0x1147, 0x1189, 0x1188, 0x1168,
    0x00E6, 0x0906, 0x0926, 0x0946, 0x2A09, 0x21E8, 0x1146, 0x21C8,
    0x324A, 0x42AB, 0x428B, 0x21A7, 0x1105, 0x2187, 0x3209, 0x3209,
    0x1104, 0x0904, 0x1987, 0x1987, 0x1966, 0x1146, 0x0926, 0x0926,
    0x0105, 0x0926, 0x19C9, 0x11C9, 0x11EA, 0x11CA, 0x0968, 0x00E5,
    0x19A8, 0x430E, 0x32AC, 0x00E5, 0x00A4, 0x0906, 0x1147, 0x1147,
    0x0926, 0x1147, 0x0905, 0x00C4, 0x19A8, 0x63F1, 0x8D35, 0x8D15,
    0x84D4, 0x84B3, 0x84B3, 0x84B4, 0x84D4, 0x84F4, 0x84F4, 0x8CF4,
    0x84F4, 0x7CB4, 0x430D, 0x00E5, 0x222A, 0x74B3, 0x5BD0, 0x538F,
    0xAE18, 0xA595, 0x3A28, 0x31A6, 0x39E7, 0x39E8, 0x39E7, 0x39E7,
    0x39E7, 0x39C6, 0x3185, 0x39E7, 0x31C6, 0x3185, 0x31A6, 0x2965,
    0x2965, 0x3185, 0x39C6, 0x39C6, 0x39E6, 0x39C6, 0x31C6, 0x31C6,
    0x3185, 0x2965, 0x2964, 0x31A5, 0x31A5, 0x31A5, 0x39C6, 0x39E6,
    0x39C6, 0x31A5, 0x31A5, 0x31A5, 0x39C6, 0x39C6, 0x31A6, 0x3185,
    0x31C6, 0x4207, 0x4227, 0x39E6, 0x3185, 0x31A6, 0x39C6, 0x39C6,
    0x31A6, 0x31C6, 0x39E7, 0x39E7, 0x4228, 0x4207, 0x39C6, 0x31C6,
    0x39E7, 0x3A07, 0x39E7, 0x39C6, 0x39E7, 0x39C6, 0x31A6, 0x31A6,
    0x39C6, 0x39C6, 0x31A6, 0x3186, 0x31C6, 0x31A6, 0x3186, 0x52EB,
    0x5B0B, 0x3207, 0x1125, 0x1946, 0x1126, 0x1126, 0x1126, 0x0906,
    0x00C5, 0x0926, 0x5BF1, 0x6431, 0x0946, 0x222A, 0x430D, 0x0926,
    0x0926, 0x5BD0, 0xAE5A, 0xB67A, 0x9D97, 0x7493, 0x2A29, 0x324A,
    0x7472, 0x8D56, 0xA5B7, 0xA5D7, 0x9D97, 0x7493, 0x224A, 0x0988,
    0x0988, 0x0988, 0x0988, 0x11A8, 0x11A8, 0x0947, 0x00E6, 0x00A5,
    0x1167, 0x19C9, 0x0947, 0x00E5, 0x00E5, 0x1168, 0x7494, 0x53AF,
    0x0904, 0x3A28, 0x2123, 0x83CD, 0xE675, 0xE696, 0xF718, 0xEF18,
    0xF739, 0xF759, 0xEF39, 0xF739, 0xFF39, 0xFF38, 0xFF58, 0xFF59,
    0xFF59, 0xE6F8, 0xDE97, 0xE6B7, 0xDE97, 0xDE76, 0xCE14, 0xBD91,
    0x8C0C, 0x2941, 0x2964, 0x31C6, 0x1965, 0x7430, 0x7C72, 0x326A,
    0x00A3, 0x21A7, 0x6BEF, 0x6BF0, 0x29E7, 0x0083, 0x536E, 0x32AB,
    0x0987, 0x11A8, 0x1168, 0x0947, 0x0106, 0x00A4, 0x00A4, 0x00A5,
    0x00E6, 0x0947, 0x0947, 0x0126, 0x1147, 0x4AEC, 0xE75D, 0xFFFF,
    0xFFFF, 0xE73C, 0x532C, 0x00E4, 0x1188, 0x0989, 0x0989, 0x0989,
    0x0989, 0x09A9, 0x0989, 0x09A9, 0x09A9, 0x09A9, 0x09A9, 0x09A9,
    0x09A9, 0x19EA, 0x29E9, 0x1945, 0x2965, 0x39C6, 0x39E7, 0x3A07,
    0x39E7, 0x4248, 0x2945, 0x0841, 0x0841, 0x0841, 0x0861, 0x0861,
    0x0841, 0x0841, 0x0841, 0x0841, 0x0020, 0x2103, 0x39C6, 0x3184,
    0x20E1, 0x18C1, 0x18C1, 0x18C1, 0x18A1, 0x18A1, 0x2942, 0x4A03,
    0x3161, 0x4267, 0x9533, 0x8CF2, 0x2A49, 0x0967, 0x09A8, 0x11A9,
    0x11C9, 0x09A9, 0x0988, 0x11A8, 0x19E7, 0x2268, 0x2AC7, 0x2AE7,
    0x3307, 0x3307, 0x3307, 0x3307, 0x2AE6, 0x2AC6, 0x2AC6, 0x2AA6,
    0x2AA6, 0x2AC6, 0x2AA6, 0x2AC6, 0x2AC6, 0x4BE9, 0x64AC, 0x5C6B,
    0x5C6B, 0x5C8B, 0x5C6C, 0x5C6C, 0x5C6C, 0x5C6C, 0x540B, 0x2A45,
    0x0060, 0x0020, 0x0861, 0x08A2, 0x1923, 0x29A5, 0x29C6, 0x3207,
    0x4ACA, 0x530B, 0x8CD2, 0xC699, 0x4AC9, 0x0060, 0x0081, 0x0881,
    0x0061, 0x0061, 0x0081, 0x0081, 0x0020, 0x0020, 0x0882, 0x1923,
    0x3AA8, 0x5C0C, 0x5C4C, 0x5C6B, 0x5C6B, 0x544B, 0x544A, 0x4C0A,
    0x4369, 0x3AC8, 0x3A67, 0x3A47, 0x3A47, 0x3A47, 0x3226, 0x3206,
    0xFFDD, 0xFFFE, 0xFFFF, 0xFFFF, 0xFFFF, 0xFFFF, 0xFFFF, 0xFFFF,
    0xFFFE, 0xFFBD, 0xFFDD, 0xFFFD, 0xFFFD, 0xFFDD, 0xF79C, 0xF77B,
    0xF77B, 0xFFDC, 0xFFDD, 0xFFDD, 0xFFFD, 0xF7BC, 0xFFDD, 0xFFFD,
    0xFFBC, 0xF79C, 0xF79C, 0xF77B, 0xEF3A, 0xEF19, 0xDEB8, 0xD656,
    0xD656, 0xCE56, 0xCE56, 0xCE36, 0xD677, 0xE719, 0xDEF9, 0xE6F9,
    0xF77B, 0xFFFE, 0xFFFF, 0xF79D, 0xC617, 0xC637, 0xDEFA, 0xFFDF,
    0xFFFF, 0xFFFF, 0xFFFF, 0xFFFF, 0xFFFF, 0xB595, 0x1082, 0x2104,
    0x18C3, 0x18E3, 0x18E3, 0x18E3, 0x2945, 0x5269, 0x5269, 0x6B4C,
    0x738C, 0x6B4B, 0x73EE, 0x4268, 0x3228, 0x4B0C, 0x5B8F, 0x3ACC,
    0x1967, 0x1967, 0x1168, 0x432E, 0x430E, 0x1988, 0x19A9, 0x1988,
    0x1188, 0x1988, 0x1147, 0x0926, 0x0926, 0x0906, 0x0926, 0x1167,
    0x430D, 0x32AC, 0x11A8, 0x4B6F, 0x7494, 0x3AED, 0x222A, 0x53B0,
    0x220A, 0x0927, 0x1968, 0x1168, 0x1148, 0x1988, 0x1988, 0x1988,
    0x1968, 0x1968, 0x19A9, 0x2A4B, 0x5BD1, 0x2A2B, 0x0947, 0x1148,
    0x08C4, 0x10E4, 0x10E3, 0x10C3, 0x0861, 0x0061, 0x08A3, 0x1105,
    0x1105, 0x08E5, 0x0083, 0x1925, 0x3208, 0x2165, 0x0062, 0x0083,
    0x0906, 0x1168, 0x1188, 0x11A9, 0x0948, 0x00E5, 0x3ACD, 0x8D36,
    0xB65A, 0xB679, 0x9D96, 0x8D14, 0x84F4, 0x84D3, 0x6C10, 0x42CB,
    0x29E8, 0x08E5, 0x08C4, 0x00A4, 0x3209, 0x84D4, 0x9535, 0x8D15,
    0x84F4, 0x8D35, 0x9576, 0x8D56, 0x6C32, 0x2A2A, 0x0988, 0x11E9,
    0x11E9, 0x11C9, 0x11A9, 0x0947, 0x00E5, 0x220A, 0x430E, 0x21C9,
    0x00C5, 0x0926, 0x1988, 0x1147, 0x1147, 0x1127, 0x00E5, 0x21C9,
    0x5B90, 0x4B2E, 0x2A29, 0x19A7, 0x1986, 0x1986, 0x19A7, 0x19A7,
    0x19A7, 0x19A7, 0x19A7, 0x1987, 0x1987, 0x1146, 0x00E5, 0x2A4A,
    0x63F1, 0x42ED, 0x2A4A, 0x326B, 0x42CB, 0x29C7, 0x29A6, 0x39E7,
    0x39C7, 0x39E7, 0x39E7, 0x39E6, 0x39E6, 0x39E7, 0x3185, 0x3185,
    0x2965, 0x2964, 0x2944, 0x3185, 0x39C6, 0x31A6, 0x31C6, 0x39C6,
    0x39C6, 0x39C6, 0x39C6, 0x31A6, 0x31A6, 0x31A6, 0x31A5, 0x2965,
    0x2965, 0x31A5, 0x31A6, 0x39C6, 0x31A6, 0x3185, 0x31A6, 0x39E7,
    0x4207, 0x4207, 0x4227, 0x39E7, 0x39E7, 0x3A07, 0x39E6, 0x39C6,
    0x31C6, 0x31C6, 0x39E7, 0x31C6, 0x31A6, 0x31A6, 0x31A6, 0x31A6,
    0x31A6, 0x31A6, 0x3185, 0x2965, 0x39C6, 0x4207, 0x31C6, 0x39E7,
    0x39E7, 0x39C6, 0x31A6, 0x39C6, 0x31A6, 0x31C6, 0x39E7, 0x39E7,
    0x39C6, 0x31A6, 0x0861, 0x0882, 0x2165, 0x2186, 0x1966, 0x1105,
    0x08E5, 0x08E5, 0x08E5, 0x1147, 0x324B, 0x19C9, 0x0926, 0x42ED,
    0x2A2A, 0x00E5, 0x11A8, 0x0927, 0x42EE, 0x4B6F, 0x328B, 0x4B0D,
    0x1967, 0x0062, 0x0042, 0x0042, 0x0042, 0x0062, 0x08A3, 0x08E4,
    0x19A7, 0x5C11, 0x436F, 0x0968, 0x0988, 0x11A9, 0x11A9, 0x11A9,
    0x11A9, 0x1188, 0x0968, 0x0927, 0x00C5, 0x00A5, 0x00E5, 0x0927,
    0x0947, 0x11A9, 0x74B4, 0x536E, 0x2A29, 0x740F, 0x632B, 0x4A05,
    0x7B49, 0x7B08, 0x72E7, 0x7308, 0x6AC7, 0x6AC7, 0x6AE8, 0x6286,
    0x6265, 0x6A85, 0x62A5, 0x6286, 0x5A45, 0x7B89, 0xB571, 0xBD72,
    0xB551, 0xB531, 0xACF0, 0xA4AE, 0x8C0C, 0x41C4, 0x2964, 0x3A07,
    0x29E7, 0x7C71, 0x9575, 0x5B8E, 0x00E4, 0x29E8, 0x6BF0, 0x7430,
    0x3208, 0x08E4, 0x7472, 0x434E, 0x0967, 0x0989, 0x0988, 0x0968,
    0x1168, 0x0947, 0x0947, 0x0947, 0x0968, 0x0968, 0x0927, 0x0926,
    0x0926, 0x636E, 0xF7BF, 0xFFFF, 0xFFFF, 0xDF1C, 0x4AEA, 0x0904,
    0x1188, 0x0988, 0x0989, 0x0989, 0x0989, 0x0989, 0x0989, 0x09A9,
    0x09AA, 0x09A9, 0x09A9, 0x09AA, 0x11CA, 0x2A4B, 0x3A6A, 0x2966,
    0x2965, 0x39E7, 0x39E7, 0x39E7, 0x39E7, 0x5289, 0x3186, 0x0841,
    0x0841, 0x0841, 0x0861, 0x0841, 0x0841, 0x0841, 0x0841, 0x0841,
    0x0840, 0x10A1, 0x18C1, 0x18C1, 0x18C1, 0x18A1, 0x18C1, 0x18C1,
    0x18A1, 0x18C1, 0x2901, 0x5223, 0x39C2, 0x4AA8, 0x9553, 0x8D12,
    0x3269, 0x0987, 0x11A8, 0x11C9, 0x11E9, 0x11C9, 0x09A9, 0x11A8,
    0x1A08, 0x2AA8, 0x2AC7, 0x2AE7, 0x3307, 0x3307, 0x3307, 0x3307,
    0x2AE6, 0x2AE6, 0x2AC6, 0x22A6, 0x2AA6, 0x22A5, 0x2AA6, 0x2AC6,
    0x2AC6, 0x4BC9, 0x64AC, 0x5C8B, 0x5C6B, 0x5C6B, 0x546B, 0x5C6B,
    0x5C6C, 0x5C8C, 0x5C6C, 0x4BCA, 0x19A3, 0x0020, 0x0000, 0x0020,
    0x0881, 0x10E2, 0x1923, 0x1924, 0x2144, 0x2144, 0x2144, 0x52CA,
    0x4AAA, 0x0881, 0x0061, 0x0061, 0x0861, 0x0861, 0x0041, 0x0020,
    0x0021, 0x0841, 0x10C2, 0x2A06, 0x53CB, 0x5C4C, 0x544B, 0x546B,
    0x546B, 0x544B, 0x4C2A, 0x4BEA, 0x3B68, 0x3AC8, 0x3A87, 0x3A47,
    0x3A47, 0x3A47, 0x3227, 0x3206, 0xFFDE, 0xFFFF, 0xFFFF, 0xFFFF,
    0xFFFF, 0xFFFF, 0xFFFF, 0xFFFE, 0xFFDE, 0xFFFD, 0xFFDD, 0xFFFD,
    0xFFFD, 0xFFFD, 0xFFFE, 0xFFFD, 0xFFFD, 0xFFDD, 0xFFDC, 0xF79C,
    0xEF5B, 0xE71A, 0xE71A, 0xE6F9, 0xE6F9, 0xE6F9, 0xE6F9, 0xDED9,
    0xE6F9, 0xE6F9, 0xD677, 0xC5F5, 0xCE56, 0xEF3A, 0xF79B, 0xF75B,
    0xE719, 0xE6F9, 0xDED9, 0xF75B, 0xFFBD, 0xFFFE, 0xFFFF, 0x6B2B,
    0x0020, 0x18E2, 0x5289, 0xB595, 0xFFFF, 0xFFFF, 0xFFFF, 0xFFFF,
    0xFFFF, 0xA4F3, 0x0840, 0x0861, 0x18C3, 0x10A2, 0x10A2, 0x1082,
    0x0861, 0x18C2, 0x2103, 0x3165, 0x632B, 0x7C0F, 0x8450, 0x740F,
    0x42AA, 0x29E8, 0x21E8, 0x1167, 0x1967, 0x1967, 0x19A8, 0x538F,
    0x4B2E, 0x19C8, 0x3A6C, 0x2A09, 0x1147, 0x0906, 0x00A4, 0x00A4,
    0x00A4, 0x00C4, 0x1147, 0x2A2A, 0x5BD1, 0x3B0E, 0x120A, 0x436F,
    0x19EA, 0x00C5, 0x328B, 0x6C93, 0x220A, 0x1167, 0x2A0A, 0x1126,
    0x08E6, 0x08E6, 0x08E5, 0x08E5, 0x00C5, 0x1988, 0x322A, 0x3AAC,
    0x6C53, 0x2A4B, 0x0947, 0x1167, 0x29E9, 0x2166, 0x0882, 0x0861,
    0x0020, 0x0841, 0x0883, 0x10C3, 0x10C4, 0x10C4, 0x0082, 0x0082,
    0x10E4, 0x0882, 0x0082, 0x08A3, 0x0905, 0x1167, 0x1168, 0x1189,
    0x19EA, 0x2A2A, 0x5B8F, 0xAE19, 0xBE7A, 0xB638, 0x8CF4, 0x5B8E,
    0x530C, 0x530C, 0x42AA, 0x3228, 0x3208, 0x2186, 0x08C3, 0x08A3,
    0x3209, 0x63AF, 0x63AF, 0x63AE, 0x536E, 0x6C10, 0x9555, 0xADF8,
    0xA5F8, 0x7CB3, 0x32AB, 0x11A8, 0x11C9, 0x11C9, 0x11C9, 0x11A9,
    0x0127, 0x19A9, 0x4B2F, 0x32AC, 0x19C9, 0x19C9, 0x1188, 0x1147,
    0x1127, 0x08E6, 0x21C9, 0x536F, 0x3AAC, 0x0906, 0x0083, 0x0905,
    0x532D, 0x7C93, 0x7CB3, 0x7CB3, 0x84B3, 0x7C93, 0x7C72, 0x7451,
    0x7C72, 0x7C72, 0x7CB3, 0x6C52, 0x2A4A, 0x00A4, 0x00C4, 0x1167,
    0x3A6A, 0x42AA, 0x2986, 0x31A6, 0x31A6, 0x31A6, 0x31C6, 0x39C6,
    0x31C6, 0x39E7, 0x39E7, 0x31A6, 0x31C6, 0x39E7, 0x39C6, 0x31A6,
    0x31C6, 0x31C6, 0x39C6, 0x39C6, 0x39C6, 0x39C6, 0x39C6, 0x31C6,
    0x31A5, 0x31A6, 0x39E6, 0x31A6, 0x3185, 0x3185, 0x31A5, 0x31A6,
    0x39C6, 0x39C6, 0x39C6, 0x39C6, 0x39C6, 0x39E7, 0x4207, 0x4228,
    0x4207, 0x4227, 0x39C6, 0x39C6, 0x3A07, 0x39E6, 0x39E7, 0x31A5,
    0x31A6, 0x39E7, 0x31A6, 0x39C6, 0x31A6, 0x31C6, 0x39C6, 0x31A6,
    0x39C6, 0x3185, 0x3185, 0x39C6, 0x31A6, 0x39E7, 0x39E7, 0x39E7,
    0x39C6, 0x39C6, 0x39E7, 0x39E7, 0x39C6, 0x3186, 0x10A2, 0x1924,
    0x1945, 0x08C3, 0x08C3, 0x00A3, 0x00A4, 0x00A4, 0x00C5, 0x0926,
    0x19A9, 0x220A, 0x0926, 0x0926, 0x19A8, 0x0926, 0x11A8, 0x0947,
    0x4B70, 0x53B0, 0x00E4, 0x0083, 0x0062, 0x0042, 0x0042, 0x0062,
    0x0042, 0x0042, 0x0042, 0x0083, 0x1146, 0x5C11, 0x436F, 0x0988,
    0x11A9, 0x0989, 0x11A9, 0x11A9, 0x0989, 0x0988, 0x0988, 0x1188,
    0x0968, 0x0968, 0x1188, 0x1188, 0x0967, 0x1188, 0x74B4, 0x434E,
    0x5B8F, 0xF7DF, 0xFFFF, 0xD678, 0xAD52, 0xD697, 0xEF39, 0xEF3A,
    0xD698, 0xCE56, 0xC616, 0x8C0E, 0x20E2, 0x2903, 0x3144, 0x1060,
    0x39A5, 0xDEB9, 0xFFFF, 0xFFFF, 0xFFFF, 0xFFFE, 0xFFDD, 0xFFFD,
    0xDEB8, 0x4A47, 0x08A1, 0x29C6, 0x2185, 0x7C51, 0x9555, 0x6C31,
    0x0925, 0x4B2D, 0xADF8, 0xA5B6, 0x3A8A, 0x00E4, 0x6C72, 0x53D0,
    0x0988, 0x0988, 0x0989, 0x0989, 0x0989, 0x0988, 0x0968, 0x0988,
    0x0968, 0x0968, 0x0947, 0x0927, 0x0905, 0x9514, 0xFFFF, 0xFFDF,
    0xFFFF, 0xDEDB, 0x4AAA, 0x1145, 0x1188, 0x0989, 0x09A9, 0x0989,
    0x0989, 0x09A9, 0x0989, 0x0989, 0x09A9, 0x09A9, 0x09AA, 0x09AA,
    0x19EA, 0x5BB0, 0x428A, 0x2124, 0x2965, 0x39C6, 0x3A07, 0x3A07,
    0x39E7, 0x528A, 0x39C7, 0x0020, 0x0841, 0x0841, 0x0841, 0x0861,
    0x0861, 0x0841, 0x0841, 0x0841, 0x0020, 0x4A28, 0x5268, 0x20E2,
    0x18A1, 0x18A1, 0x18A1, 0x18C1, 0x18A1, 0x18C1, 0x2921, 0x5244,
    0x39C2, 0x4AC8, 0x9553, 0x8D33, 0x3269, 0x11A7, 0x11C9, 0x11C9,
    0x11EA, 0x11EA, 0x09A9, 0x11C8, 0x2228, 0x2A88, 0x2AC7, 0x2AE7,
    0x32E7, 0x3307, 0x3307, 0x32E7, 0x32E7, 0x2AE6, 0x2AC6, 0x2AC6,
    0x2AA6, 0x22A5, 0x2AA6, 0x2AC6, 0x2AC6, 0x4BE9, 0x5CAC, 0x5C6B,
    0x5C6B, 0x5C8B, 0x5C8B, 0x5C6B, 0x5C8C, 0x5C8C, 0x5C8C, 0x5C8C,
    0x4B69, 0x1143, 0x0000, 0x0000, 0x0020, 0x0020, 0x0861, 0x0881,
    0x0882, 0x0882, 0x0861, 0x0020, 0x0041, 0x0041, 0x0040, 0x0841,
    0x0841, 0x0020, 0x0020, 0x0021, 0x0841, 0x0881, 0x29C5, 0x4B6A,
    0x5C4C, 0x5C4B, 0x544B, 0x546B, 0x544B, 0x544A, 0x4C2A, 0x4C0A,
    0x3B68, 0x3AC7, 0x3A67, 0x3A67, 0x3A47, 0x3247, 0x3227, 0x3206,
    0xFFFF, 0xFFFF, 0xFFFF, 0xFFFF, 0xFFFF, 0xFFFF, 0xFFFF, 0xFFFE,
    0xFFDE, 0xFFFE, 0xFFFE, 0xFFFE, 0xFFFE, 0xFFFD, 0xFFDD, 0xF7BC,
    0xF79C, 0xF79C, 0xFFBC, 0xFFBC, 0xFFDD, 0xF7BD, 0xF79C, 0xF77C,
    0xEF5B, 0xE6F9, 0xDED9, 0xDEB8, 0xE6F9, 0xEF1A, 0xDED8, 0xE6F9,
    0xE6F9, 0xE6F9, 0xE6D9, 0xEF3A, 0xF75B, 0xF79B, 0xF75B, 0xF77B,
    0xFF9C, 0xFFFE, 0xBDB5, 0x0800, 0x1061, 0x2103, 0x41E7, 0x4A48,
    0xE6FB, 0xFFFF, 0xFFFF, 0xFFFF, 0xFFBE, 0x7BAE, 0x1061, 0x0841,
    0x10A2, 0x1082, 0x1082, 0x1082, 0x0841, 0x1082, 0x10A2, 0x18E3,
    0x2965, 0x29A6, 0x4268, 0x530B, 0x3A49, 0x08E4, 0x08E4, 0x1125,
    0x1126, 0x1126, 0x1146, 0x4B4E, 0x42ED, 0x00C4, 0x00C4, 0x42AB,
    0x3A6A, 0x08E4, 0x1105, 0x2187, 0x4AEC, 0x1966, 0x0926, 0x19C8,
    0x53D1, 0x3B0E, 0x0168, 0x0988, 0x0106, 0x1167, 0x63F1, 0x8536,
    0x2A6B, 0x1147, 0x1147, 0x4ACD, 0x2A09, 0x0062, 0x0062, 0x1987,
    0x3A6A, 0x08C4, 0x00C4, 0x21C8, 0x6411, 0x220A, 0x1167, 0x1147,
    0x2187, 0x3A29, 0x4249, 0x2965, 0x0020, 0x0020, 0x0041, 0x0041,
    0x0041, 0x0861, 0x0041, 0x08A2, 0x1924, 0x10C3, 0x10C3, 0x10E4,
    0x1105, 0x1147, 0x1168, 0x1188, 0x5BD1, 0x7CB3, 0x21C8, 0x1146,
    0x1966, 0x10E4, 0x0041, 0x0021, 0x0021, 0x0000, 0x0000, 0x0000,
    0x0021, 0x0062, 0x0062, 0x0062, 0x0041, 0x0021, 0x0041, 0x0061,
    0x0021, 0x0041, 0x1104, 0x2186, 0x21C7, 0x5BAF, 0x8515, 0x32AB,
    0x0988, 0x11C9, 0x11C9, 0x11C9, 0x0968, 0x0948, 0x21EA, 0x32AC,
    0x4B6F, 0x328C, 0x0947, 0x1167, 0x1147, 0x1147, 0x324B, 0x324B,
    0x1146, 0x0906, 0x1146, 0x428B, 0x6BF1, 0x6C11, 0x63CF, 0x5B8F,
    0x7431, 0x7C52, 0x6BF0, 0x63F0, 0x6BF0, 0x6C11, 0x63AF, 0x21E8,
    0x00E4, 0x328B, 0x3AAB, 0x6BD0, 0xBE79, 0xCE9A, 0x4AA9, 0x2144,
    0x31A6, 0x39C6, 0x31C6, 0x31A6, 0x39C6, 0x39C6, 0x39E6, 0x4207,
    0x3A07, 0x39E6, 0x39C6, 0x3185, 0x3185, 0x31A6, 0x31A6, 0x31C6,
    0x39E7, 0x39E7, 0x39C6, 0x39C6, 0x39C6, 0x31A6, 0x31C6, 0x31A6,
    0x31A5, 0x39C6, 0x4207, 0x39E7, 0x39E7, 0x39E6, 0x39C6, 0x39C6,
    0x39E6, 0x4227, 0x39E6, 0x39C6, 0x39E7, 0x39E7, 0x39E7, 0x39E7,
    0x39E7, 0x39C6, 0x39C6, 0x39C6, 0x39C7, 0x3A07, 0x3A07, 0x39E7,
    0x31C6, 0x39C6, 0x39C6, 0x31A6, 0x31A6, 0x2965, 0x31A6, 0x31C6,
    0x39C6, 0x3A07, 0x39E7, 0x39E7, 0x39E6, 0x31C6, 0x39C6, 0x3A07,
    0x39E7, 0x3186, 0x3186, 0x5B2C, 0x52EB, 0x21A6, 0x532D, 0x7C72,
    0x7452, 0x6C31, 0x534E, 0x0906, 0x0022, 0x0906, 0x1147, 0x1168,
    0x11A9, 0x0947, 0x19C9, 0x0947, 0x430E, 0x4B6F, 0x00C4, 0x08C4,
    0x29E8, 0x638E, 0x5AEC, 0x4249, 0x530C, 0x8471, 0x21A7, 0x1125,
    0x1146, 0x432E, 0x436F, 0x09A8, 0x09A9, 0x0989, 0x11A9, 0x11A9,
    0x0988, 0x0968, 0x0968, 0x0988, 0x0988, 0x11A9, 0x19EA, 0x1188,
    0x0968, 0x11A8, 0x74B4, 0x4B4E, 0x7493, 0xFFFF, 0xF7BE, 0xCE79,
    0xBDF6, 0xD6D9, 0xE73B, 0xE73B, 0xDF3B, 0xE73B, 0xE77D, 0xBE37,
    0x2985, 0x1945, 0x29C7, 0x08A2, 0x4AAA, 0xF7DF, 0xEF9E, 0xAD75,
    0x8450, 0xB5B6, 0xB5B6, 0x7BEE, 0x4AA9, 0x10C2, 0x2965, 0x31C6,
    0x1944, 0x8492, 0xA5D7, 0x7C92, 0x19A7, 0x3ACB, 0x640F, 0x4B2C,
    0x1985, 0x0925, 0x7493, 0x53D0, 0x0988, 0x11A9, 0x09A9, 0x0989,
    0x0989, 0x0989, 0x0989, 0x0989, 0x0988, 0x0988, 0x0968, 0x0106,
    0x19A8, 0xDF1C, 0xFFFF, 0xFFFF, 0xFFFF, 0xDF1C, 0x4AAA, 0x1166,
    0x11A8, 0x11A9, 0x09A9, 0x0989, 0x2A8D, 0x4370, 0x228C, 0x09A9,
    0x09A9, 0x11AA, 0x11CA, 0x11AA, 0x1189, 0x430D, 0x3A49, 0x2124,
    0x3165, 0x31A6, 0x4208, 0x4228, 0x31C6, 0x39E7, 0x3186, 0x0841,
    0x0841, 0x0820, 0x0020, 0x0000, 0x0000, 0x0020, 0x0020, 0x0020,
    0x0840, 0x2103, 0x2102, 0x10A0, 0x18C1, 0x18A1, 0x18A1, 0x18A1,
    0x18A1, 0x20C1, 0x2921, 0x5264, 0x39C1, 0x4AC8, 0x9D74, 0x8D13,
    0x3249, 0x11A8, 0x11E9, 0x11EA, 0x11EA, 0x11EA, 0x09A9, 0x19E9,
    0x2A49, 0x2AA8, 0x2AC7, 0x2AE7, 0x3307, 0x32E7, 0x32E7, 0x32E7,
    0x32E7, 0x2AE6, 0x2AC6, 0x2AC6, 0x2AA6, 0x2AC6, 0x2AA6, 0x2AA6,
    0x2AC6, 0x4BCA, 0x5CAC, 0x5C8C, 0x5C8B, 0x5C8C, 0x5CAC, 0x5C8C,
    0x5C6C, 0x5C8C, 0x5C8C, 0x5C8C, 0x5C4C, 0x4349, 0x1122, 0x0020,
    0x0020, 0x0020, 0x0000, 0x0000, 0x0020, 0x0020, 0x0020, 0x0020,
    0x0020, 0x0020, 0x0000, 0x0020, 0x0020, 0x0020, 0x0041, 0x0040,
    0x0881, 0x21C5, 0x536A, 0x5C2B, 0x544B, 0x5C6B, 0x5C6B, 0x544B,
    0x544B, 0x544A, 0x544A, 0x540A, 0x4369, 0x3AC8, 0x3A87, 0x3A67,
    0x3A47, 0x3227, 0x3226, 0x3206, 0xFFFF, 0xFFFF, 0xFFFF, 0xFFFF,
    0xFFFF, 0xFFFF, 0xFFFF, 0xFFFF, 0xFFFF, 0xFFFF, 0xFFFF, 0xFFFE,
    0xFFFE, 0xFFFE, 0xFFFE, 0xFFFD, 0xFFFE, 0xFFFE, 0xFFDD, 0xFFFE,
    0xFFFE, 0xFFFE, 0xFFFE, 0xFFFE, 0xFFDD, 0xF7BC, 0xEF7B, 0xE71A,
    0xE71A, 0xE71A, 0xDED8, 0xD697, 0xD697, 0xDEB8, 0xF77B, 0xFFFD,
    0xEF5B, 0xEF7B, 0xF79C, 0xFFBC, 0xFFDD, 0xFFFD, 0x8C0E, 0x0000,
    0x1061, 0x18A2, 0x4A28, 0x2923, 0x9470, 0xFFFF, 0xFFFF, 0xFFFF,
    0xD678, 0x6B4C, 0x20E3, 0x0861, 0x2124, 0x18E3, 0x18E3, 0x18C3,
    0x18C3, 0x2144, 0x2945, 0x2144, 0x2144, 0x29A5, 0x2165, 0x08A2,
    0x08A2, 0x08C3, 0x08C3, 0x08E4, 0x08C4, 0x08C4, 0x0905, 0x42CC,
    0x3AAB, 0x0905, 0x1966, 0x9535, 0x84D3, 0x21A6, 0x29E8, 0x42AA,
    0xA575, 0x428A, 0x1966, 0x1146, 0x53B0, 0x3B0E, 0x0126, 0x0126,
    0x1188, 0x0927, 0x326B, 0x63F1, 0x19C8, 0x0906, 0x3A8C, 0xAE19,
    0x6BF0, 0x2186, 0x21A7, 0x636E, 0x9D35, 0x1925, 0x10E4, 0x326A,
    0x6431, 0x21E9, 0x1147, 0x1126, 0x0042, 0x10C3, 0x2965, 0x18E3,
    0x0020, 0x0020, 0x0020, 0x0020, 0x0020, 0x0000, 0x0020, 0x2986,
    0x4228, 0x2124, 0x0041, 0x10A3, 0x10E4, 0x1126, 0x1147, 0x2A4A,
    0x9DB7, 0x9D96, 0x29E8, 0x21A7, 0x1104, 0x0062, 0x08A3, 0x08A2,
    0x10A2, 0x1082, 0x0841, 0x0841, 0x0841, 0x0861, 0x0861, 0x0861,
    0x1082, 0x10A3, 0x08A3, 0x0883, 0x0882, 0x0041, 0x0061, 0x1104,
    0x0904, 0x5BAF, 0xAE39, 0x5BD0, 0x0967, 0x11A9, 0x11A9, 0x11C9,
    0x0947, 0x0106, 0x19E9, 0x5BF1, 0x5BD1, 0x42ED, 0x1987, 0x21A8,
    0x21A7, 0x21A8, 0x1105, 0x1105, 0x1126, 0x2187, 0x31E9, 0x1966,
    0x08E4, 0x1105, 0x1945, 0x00A3, 0x00A3, 0x08C4, 0x08E4, 0x08E4,
    0x0905, 0x0905, 0x00A4, 0x00C4, 0x3AAB, 0x7C93, 0x7431, 0x7451,
    0xADD6, 0x9D34, 0x4248, 0x39C6, 0x39C6, 0x31C6, 0x31C6, 0x39C6,
    0x39E7, 0x39E7, 0x31A6, 0x31A6, 0x3A07, 0x39C6, 0x31A6, 0x39A6,
    0x31A6, 0x31C6, 0x31A5, 0x39C6, 0x39E6, 0x39C6, 0x39C6, 0x39C6,
    0x39C6, 0x39C6, 0x39E6, 0x39C6, 0x39E6, 0x39E7, 0x39E6, 0x39C6,
    0x31C6, 0x31A6, 0x39C6, 0x39E7, 0x39E6, 0x4207, 0x4227, 0x4207,
    0x39E6, 0x39E7, 0x39E7, 0x39C6, 0x39C6, 0x39C6, 0x39C6, 0x39C7,
    0x31A6, 0x31A6, 0x39C6, 0x39E7, 0x39C6, 0x39E6, 0x39C6, 0x39C6,
    0x39C6, 0x39E7, 0x39E7, 0x39C6, 0x39E7, 0x39E7, 0x39E7, 0x39E7,
    0x39E6, 0x39E6, 0x39E7, 0x31A6, 0x39C6, 0x31A6, 0x2104, 0x4248,
    0x52EB, 0x4289, 0x530C, 0x63AF, 0x532D, 0x534D, 0x7472, 0x7472,
    0x4B2E, 0x42ED, 0x220A, 0x11A8, 0x19A9, 0x0947, 0x11A9, 0x0947,
    0x434E, 0x4B6F, 0x1987, 0x1105, 0x5B4D, 0xBE59, 0xA575, 0x8C91,
    0xB5D6, 0xCEDA, 0x4269, 0x1104, 0x1166, 0x4B6E, 0x4BB0, 0x09A8,
    0x11A9, 0x11A9, 0x11A9, 0x11A9, 0x0988, 0x0988, 0x0988, 0x0989,
    0x0988, 0x0989, 0x11A9, 0x0988, 0x0968, 0x11C9, 0x8557, 0x7CF5,
    0x5BCF, 0x9D96, 0x7C30, 0x4A8A, 0x4A89, 0x52EA, 0x530B, 0x5B4C,
    0x5B4C, 0x638D, 0x8491, 0x7410, 0x530C, 0x63AE, 0x7C51, 0x7430,
    0x5B2C, 0x73EF, 0x7C0F, 0x52EB, 0x42AA, 0x6C0F, 0x9554, 0x740F,
    0x530B, 0x4ACA, 0x4AEA, 0x4AAA, 0x6BEF, 0xADF7, 0xBE59, 0x8D14,
    0x3AAB, 0x5BAE, 0x7C92, 0x536D, 0x3A8A, 0x536D, 0x8D55, 0x3B0D,
    0x0988, 0x11C9, 0x11A9, 0x11A9, 0x09A9, 0x09A9, 0x0989, 0x0989,
    0x0989, 0x0989, 0x11CA, 0x0947, 0x534E, 0xFFFF, 0xFFFF, 0xFFDF,
    0xFFFF, 0xD6DA, 0x638D, 0x3A6A, 0x19A8, 0x11A9, 0x09A9, 0x0968,
    0x11C9, 0x3B0E, 0x3AEE, 0x11C9, 0x09A9, 0x11AA, 0x11CA, 0x1189,
    0x1168, 0x2A2A, 0x3208, 0x2104, 0x3186, 0x31A6, 0x39E7, 0x4207,
    0x39E7, 0x4228, 0x39E7, 0x4208, 0x4228, 0x4208, 0x2945, 0x39C7,
    0x6B6D, 0x5ACB, 0x31A6, 0x39C7, 0x4207, 0x3185, 0x18E2, 0x18A1,
    0x18C1, 0x18A1, 0x18A1, 0x1081, 0x18A1, 0x1880, 0x2921, 0x62C5,
    0x41E2, 0x52E8, 0xA5B5, 0x9554, 0x3AAA, 0x11C8, 0x11EA, 0x11EA,
    0x11EA, 0x11EA, 0x09A9, 0x222A, 0x32AA, 0x2AA8, 0x2AC7, 0x2AE7,
    0x2AE7, 0x32E7, 0x32E7, 0x3307, 0x32E7, 0x2AE7, 0x2AC6, 0x2AC6,
    0x2AC6, 0x2AC6, 0x2AA6, 0x2AA6, 0x2AC6, 0x4BEA, 0x5CAC, 0x5C8C,
    0x5C8C, 0x5C8C, 0x5CAC, 0x5C8C, 0x5C8C, 0x5C8C, 0x5C8C, 0x5C8C,
    0x5C8C, 0x5C8C, 0x53CA, 0x2A05, 0x0060, 0x0000, 0x0000, 0x0000,
    0x0000, 0x0000, 0x0000, 0x0000, 0x0000, 0x0000, 0x0000, 0x0020,
    0x0020, 0x0040, 0x0040, 0x10E2, 0x3247, 0x53AB, 0x5C2B, 0x544B,
    0x5C6B, 0x5C6B, 0x5C6B, 0x544B, 0x544B, 0x544B, 0x544A, 0x540A,
    0x4368, 0x3AC7, 0x3A67, 0x3A47, 0x3226, 0x3206, 0x2A06, 0x29E6,
    0xFFFF, 0xFFFF, 0xFFFF, 0xFFFF, 0xFFFF, 0xFFFF, 0xFFFF, 0xFFFF,
    0xFFFF, 0xFFFF, 0xFFFF, 0xFFFF, 0xFFFF, 0xFFFF, 0xFFFE, 0xFFFE,
    0xFFFE, 0xFFFE, 0xFFFE, 0xFFFE, 0xFFFF, 0xFFFF, 0xFFFE, 0xF7BD,
    0xF79C, 0xF79C, 0xEF7C, 0xEF5B, 0xF77C, 0xF77B, 0xF77B, 0xF77B,
    0xF7BC, 0xFFBC, 0xFFDD, 0xFFFD, 0xFFDC, 0xFFBC, 0xFFBC, 0xFFDC,
    0xFFFD, 0xFFFE, 0x8C2E, 0x0020, 0x1081, 0x18C3, 0x4228, 0x18C2,
    0x5288, 0xDED9, 0xDEB9, 0xD678, 0x946F, 0x2923, 0x1061, 0x18E3,
    0x39C6, 0x31A6, 0x31A6, 0x3185, 0x4A48, 0x73AE, 0x73AE, 0x7BEF,
    0x6B8D, 0x636D, 0xA534, 0x3A28, 0x52CB, 0x9D34, 0x9D34, 0x9514,
    0x8472, 0x7C72, 0x7C93, 0x8D14, 0x8CF4, 0x63F0, 0x29E8, 0x84B2,
    0x9514, 0x3229, 0x3229, 0x63CF, 0xAE18, 0x4B0C, 0x3229, 0x42EC,
    0x5BD0, 0x3B0D, 0x0967, 0x0947, 0x220A, 0x328C, 0x21E9, 0x2A4A,
    0x3A8B, 0x326B, 0x42ED, 0xAE19, 0x6C10, 0x3A49, 0x428A, 0x7410,
    0x9514, 0x1945, 0x2186, 0x534E, 0x6C32, 0x21E9, 0x1146, 0x1105,
    0x10E4, 0x2124, 0x18E3, 0x2104, 0x2104, 0x18E4, 0x18E4, 0x18E3,
    0x10A2, 0x10A2, 0x10A2, 0x18C3, 0x18E3, 0x0861, 0x0020, 0x0882,
    0x08A3, 0x1105, 0x1146, 0x534E, 0xC6DB, 0xA5B6, 0x21A7, 0x29E8,
    0x2145, 0x1904, 0x2124, 0x2965, 0x31A5, 0x39A5, 0x39A5, 0x3185,
    0x3985, 0x39A5, 0x3985, 0x3985, 0x39A5, 0x2964, 0x18E3, 0x1082,
    0x0882, 0x0882, 0x1924, 0x29C7, 0x0904, 0x63AF, 0xB67A, 0x6C52,
    0x1187, 0x11A9, 0x11A9, 0x0988, 0x19EA, 0x19C9, 0x1167, 0x4B0D,
    0x1146, 0x00A3, 0x08E4, 0x2166, 0x31C7, 0x1925, 0x0882, 0x08A3,
    0x1905, 0x3A08, 0x1905, 0x0041, 0x10E4, 0x1945, 0x31E8, 0x10E4,
    0x0041, 0x08A3, 0x1966, 0x29E8, 0x1987, 0x0904, 0x0905, 0x3ACC,
    0x5BD0, 0x326B, 0x1987, 0x29E8, 0x3A89, 0x29C6, 0x2985, 0x39E7,
    0x39C6, 0x31A6, 0x39C6, 0x39C6, 0x41E7, 0x39E7, 0x39C6, 0x31A6,
    0x39E6, 0x39E6, 0x39E7, 0x39C7, 0x39C7, 0x39C7, 0x39E7, 0x39E7,
    0x39C6, 0x31C6, 0x31C6, 0x39E6, 0x39C6, 0x39E7, 0x39C6, 0x39C6,
    0x39E7, 0x39E7, 0x31C6, 0x39E7, 0x39E7, 0x3185, 0x3185, 0x4207,
    0x3A07, 0x3A07, 0x3A07, 0x39E7, 0x39E7, 0x39E7, 0x39E7, 0x39C6,
    0x39C6, 0x39C7, 0x39C7, 0x3186, 0x31A6, 0x31A6, 0x2985, 0x31A6,
    0x31C6, 0x39E7, 0x39E7, 0x2965, 0x2965, 0x39E7, 0x39E7, 0x31A6,
    0x2985, 0x31C6, 0x31C6, 0x31C6, 0x39C6, 0x39C6, 0x39C6, 0x31C6,
    0x39C6, 0x3186, 0x0861, 0x0881, 0x1103, 0x1924, 0x08C3, 0x0062,
    0x0082, 0x1105, 0x21C7, 0x4B0D, 0x6C52, 0x430E, 0x11A8, 0x1168,
    0x19A8, 0x0947, 0x1189, 0x0927, 0x53B0, 0x5BD0, 0x1167, 0x2187,
    0x63AE, 0x6BEF, 0x530B, 0xAD75, 0xAD75, 0x8C91, 0x4AAA, 0x29A7,
    0x2A08, 0x5BAF, 0x53B0, 0x09A8, 0x11C9, 0x11CA, 0x11C9, 0x11C9,
    0x11A9, 0x1189, 0x0988, 0x0989, 0x0989, 0x0989, 0x0989, 0x0989,
    0x0968, 0x0147, 0x5C12, 0xB69B, 0xAE7A, 0xAE18, 0xB658, 0xBE79,
    0xC699, 0xC699, 0xBE79, 0xBE58, 0x8CF3, 0x7C92, 0xADF7, 0xAE18,
    0xA5B7, 0xA5B7, 0xAE18, 0xADF7, 0xADD6, 0xADB6, 0xB5D7, 0xB618,
    0xA5B6, 0x9555, 0xB638, 0xBE9A, 0xBE58, 0xADF7, 0xADD7, 0xA5B6,
    0xAE17, 0xA5D7, 0x63AF, 0x7451, 0x9DD7, 0xB659, 0xBE9A, 0xB679,
    0xBE79, 0xB659, 0x7472, 0x2209, 0x11A9, 0x11A9, 0x11A9, 0x0989,
    0x0988, 0x0989, 0x09A9, 0x09A9, 0x09A9, 0x0989, 0x11CA, 0x19C9,
    0x9D77, 0xFFFF, 0xFFFF, 0xFFFF, 0xFFFF, 0xDEDA, 0x9D34, 0x534D,
    0x11A8, 0x11CA, 0x11AA, 0x0127, 0x00C5, 0x00C5, 0x0968, 0x11C9,
    0x11A9, 0x11AA, 0x1189, 0x0968, 0x0106, 0x1987, 0x29C8, 0x1904,
    0x2945, 0x2965, 0x3185, 0x39E7, 0x4228, 0x4228, 0x39E7, 0x4A48,
    0x4A69, 0x5289, 0x738E, 0xA534, 0xB5B6, 0x7BEF, 0x4A89, 0x5AEB,
    0x5B0B, 0x630B, 0x3184, 0x18A1, 0x18C1, 0x18A1, 0x18A1, 0x18A1,
    0x18A1, 0x1860, 0x3142, 0x6B47, 0x4222, 0x5B29, 0xADF5, 0xA5D5,
    0x4B2C, 0x19C8, 0x11EA, 0x11EA, 0x11EB, 0x11EA, 0x11C9, 0x226A,
    0x432B, 0x3309, 0x2AC7, 0x2AE7, 0x2AE7, 0x3307, 0x3307, 0x32E7,
    0x32E7, 0x2AE7, 0x2AC6, 0x2AC6, 0x2AC6, 0x2AC6, 0x2AC6, 0x2AC6,
    0x2AC6, 0x4BEA, 0x64AC, 0x5C8C, 0x5C8C, 0x5C8C, 0x5CAC, 0x5C8C,
    0x5C8C, 0x5C8C, 0x5C8C, 0x5C8C, 0x5C8C, 0x5C8C, 0x648C, 0x644C,
    0x4B29, 0x2184, 0x0060, 0x0000, 0x0000, 0x0000, 0x0000, 0x0000,
    0x0000, 0x0000, 0x0000, 0x0000, 0x0020, 0x08A1, 0x29A5, 0x4B2A,
    0x5C0C, 0x5C2C, 0x544B, 0x5C6B, 0x5C6B, 0x5C6B, 0x5C6B, 0x546B,
    0x546B, 0x544B, 0x544A, 0x540A, 0x3B27, 0x3266, 0x2A06, 0x29E5,
    0x29C5, 0x21A5, 0x21A5, 0x21A5, 0xFFFF, 0xFFFF, 0xFFFF, 0xFFFF,
    0xFFFF, 0xFFFF, 0xFFFF, 0xFFFF, 0xFFFF, 0xFFFF, 0xFFFF, 0xFFFF,
    0xFFFF, 0xFFFF, 0xFFFF, 0xFFFF, 0xFFFF, 0xFFFF, 0xFFFF, 0xFFFF,
    0xFFFF, 0xFFFF, 0xFFFF, 0xFFFE, 0xFFFE, 0xFFFE, 0xFFFE, 0xFFDD,
    0xFFBC, 0xEF5B, 0xF79B, 0xF79C, 0xFFFD, 0xFFBC, 0xF77B, 0xF79C,
    0xFFBC, 0xFFBC, 0xFF9C, 0xFFBC, 0xFFBC, 0xFFBD, 0x7BAD, 0x2902,
    0x39A5, 0x39C6, 0x4A69, 0x18C2, 0x3985, 0xCE37, 0xD677, 0xB593,
    0x736B, 0x20E2, 0x1081, 0x18C3, 0x39C6, 0x2124, 0x2103, 0x2103,
    0x2124, 0x4A48, 0x5ACB, 0x73AE, 0x8450, 0x94B1, 0x9D13, 0x6B6D,
    0x73AE, 0x8451, 0x73EF, 0x6BCF, 0x63AE, 0x63CF, 0x7431, 0x9D56,
    0xA5B7, 0x63CF, 0x4B0C, 0x7C92, 0x84B2, 0x42AB, 0x534E, 0x84D4,
    0x8D35, 0x63CF, 0x4B2D, 0x536E, 0x6410, 0x4B6E, 0x11A8, 0x1168,
    0x2A2A, 0x7CB4, 0x8D56, 0x9576, 0x9DB6, 0x7CD3, 0x5BAF, 0x6C51,
    0x42EC, 0x326A, 0x5B8E, 0x7472, 0x7C92, 0x3A6A, 0x1987, 0x42CC,
    0x7493, 0x2A09, 0x1946, 0x1925, 0x2146, 0x31A6, 0x3185, 0x31A6,
    0x3186, 0x2965, 0x2965, 0x3186, 0x2965, 0x2965, 0x2945, 0x2944,
    0x2124, 0x18E3, 0x0861, 0x10A2, 0x10C3, 0x1105, 0x19A7, 0x9535,
    0xD73C, 0xBE58, 0x29C7, 0x08C3, 0x2986, 0x5B2C, 0x5AEA, 0x5AEA,
    0x738C, 0x736B, 0x736A, 0x734A, 0x734A, 0x734A, 0x734A, 0x7349,
    0x7369, 0x6B49, 0x630A, 0x4A68, 0x10E3, 0x10E4, 0x3A49, 0x21A7,
    0x0082, 0x5BAF, 0xB67A, 0x7472, 0x1167, 0x11A8, 0x0988, 0x2A4B,
    0x84F5, 0x8515, 0x1166, 0x1966, 0x2186, 0x08A3, 0x0861, 0x0841,
    0x2145, 0x2986, 0x0882, 0x0861, 0x0882, 0x3186, 0x2965, 0x0862,
    0x10C3, 0x0882, 0x2986, 0x2145, 0x0861, 0x0041, 0x42AB, 0x84D3,
    0x4AEC, 0x0904, 0x3ACC, 0x5BAF, 0x2209, 0x00E5, 0x0905, 0x1987,
    0x63CF, 0x8492, 0x3207, 0x31A6, 0x39C7, 0x31A6, 0x39C6, 0x39C6,
    0x39C6, 0x39C6, 0x39C6, 0x39C6, 0x31A6, 0x31A5, 0x31A6, 0x39C6,
    0x39C6, 0x31A6, 0x31A6, 0x39C6, 0x39C6, 0x39C6, 0x39E6, 0x39C6,
    0x39E6, 0x39E6, 0x31A6, 0x31C6, 0x39E6, 0x39E7, 0x39E7, 0x39E7,
    0x39E7, 0x31A6, 0x3185, 0x4207, 0x3A07, 0x39E7, 0x39C6, 0x31A5,
    0x31A6, 0x39E6, 0x39E7, 0x31C6, 0x39C6, 0x39C6, 0x39E7, 0x31A6,
    0x3185, 0x31C6, 0x31A6, 0x31A6, 0x3185, 0x39C6, 0x39E7, 0x2965,
    0x2985, 0x31A6, 0x31A6, 0x31A6, 0x3186, 0x39C6, 0x31A6, 0x31A6,
    0x31C6, 0x39C7, 0x39C6, 0x39C7, 0x39E7, 0x3186, 0x39E7, 0x6B8D,
    0x4AAA, 0x08C2, 0x2186, 0x2186, 0x1125, 0x3A6A, 0x4B2D, 0x1988,
    0x00E5, 0x0926, 0x0927, 0x00E6, 0x0947, 0x00E6, 0x0947, 0x0106,
    0x2A4B, 0x5BB0, 0x5BAF, 0x7431, 0x9D75, 0x7C71, 0x4AEA, 0x532B,
    0x5B2C, 0x8CF2, 0xADB6, 0x8CF3, 0x7451, 0x63F0, 0x2A4A, 0x0967,
    0x0988, 0x0988, 0x0988, 0x0989, 0x11A9, 0x11A9, 0x1188, 0x0988,
    0x0988, 0x0988, 0x0988, 0x0968, 0x0968, 0x0947, 0x0967, 0x32CC,
    0x538F, 0x53AF, 0x5BAF, 0x5B8E, 0x534D, 0x532D, 0x4B2D, 0x42CC,
    0x2A08, 0x21E8, 0x326A, 0x326A, 0x21E8, 0x19A7, 0x2A09, 0x21C7,
    0x1145, 0x2186, 0x3208, 0x2A09, 0x29E8, 0x3249, 0x42CB, 0x3229,
    0x21C7, 0x21A7, 0x1987, 0x1966, 0x1966, 0x1145, 0x00A3, 0x0925,
    0x3AAB, 0x5BAF, 0x4B2D, 0x42CB, 0x534D, 0x4B0C, 0x1167, 0x0967,
    0x11A9, 0x11A9, 0x0967, 0x19E9, 0x2A6B, 0x1A0A, 0x0989, 0x09AA,
    0x09A9, 0x09A9, 0x11A9, 0x0967, 0x7C93, 0xE75D, 0xEF7D, 0xE73C,
    0xBE18, 0x9D34, 0x7C91, 0x42CB, 0x11A8, 0x11A9, 0x11CA, 0x1188,
    0x00E6, 0x00E6, 0x1188, 0x19CA, 0x11A9, 0x11A9, 0x1188, 0x0106,
    0x1168, 0x4B2E, 0x3208, 0x18E3, 0x2965, 0x2985, 0x3186, 0x39C6,
    0x39E7, 0x4228, 0x4A48, 0x4A48, 0x4248, 0x4A69, 0x840F, 0x94B2,
    0xA554, 0x73EE, 0x4A89, 0x5AEB, 0x4227, 0x2123, 0x1081, 0x10A1,
    0x18A1, 0x18A1, 0x18A1, 0x18A1, 0x10A1, 0x1081, 0x3984, 0x6B68,
    0x4222, 0x636A, 0xBE36, 0xADF6, 0x4B0C, 0x11A7, 0x11C8, 0x11C9,
    0x11E9, 0x09C9, 0x09A8, 0x1A29, 0x432B, 0x3B09, 0x32E7, 0x2AE6,
    0x32E6, 0x3307, 0x3307, 0x32E7, 0x2AE7, 0x2AC6, 0x2AC6, 0x2AC6,
    0x2AC6, 0x2AA6, 0x2AA6, 0x2AA6, 0x2AC6, 0x4C0A, 0x64AC, 0x5CAC,
    0x5C8C, 0x5C8C, 0x5CAC, 0x5C8C, 0x5C8C, 0x5C8C, 0x5C8C, 0x5C8C,
    0x5C8B, 0x5C6C, 0x5C6C, 0x5C6C, 0x648D, 0x6C6D, 0x5BAB, 0x3A67,
    0x1944, 0x08A2, 0x0861, 0x0061, 0x0040, 0x0881, 0x10E3, 0x2164,
    0x3227, 0x4B2A, 0x63EC, 0x5C4C, 0x5C4C, 0x5C4C, 0x5C6B, 0x5C6B,
    0x5C6B, 0x5C6B, 0x5C6B, 0x546B, 0x544B, 0x544B, 0x544B, 0x542B,
    0x32E7, 0x19A4, 0x1964, 0x1963, 0x1963, 0x1964, 0x2164, 0x2164,
    0xFFFF, 0xFFFF, 0xFFFF, 0xFFFF, 0xFFFF, 0xFFFF, 0xFFFF, 0xFFFF,
    0xFFFF, 0xFFFF, 0xFFFF, 0xFFFF, 0xFFFF, 0xFFFF, 0xFFFF, 0xFFFF,
    0xFFFF, 0xFFFF, 0xFFFF, 0xFFFF, 0xFFFF, 0xFFFF, 0xFFFF, 0xFFFE,
    0xFFFE, 0xFFFE, 0xFFFE, 0xFFBD, 0xEF5B, 0xE6F9, 0xEF5A, 0xF79B,
    0xF79B, 0xEF3B, 0xE71A, 0xEF3A, 0xF77B, 0xFF9B, 0xF77B, 0xF77B,
    0xF77B, 0xF75B, 0x5A88, 0x1060, 0x18A2, 0x2104, 0x4A69, 0x18C2,
    0x39A5, 0xCE36, 0xCE35, 0xCE35, 0x8C4E, 0x2103, 0x1081, 0x2104,
    0x39E7, 0x10A2, 0x1081, 0x0841, 0x0841, 0x2945, 0x31A6, 0x31C6,
    0x7C0F, 0x840F, 0x6B6C, 0x632C, 0x3A28, 0x1904, 0x1104, 0x1104,
    0x1105, 0x1125, 0x1966, 0x536E, 0x4B0D, 0x1166, 0x3AAB, 0x4B0C,
    0x21C7, 0x0925, 0x0905, 0x1146, 0x42EC, 0x7472, 0x7472, 0x7451,
    0x8D35, 0x4B8F, 0x11A8, 0x1188, 0x0106, 0x2A2A, 0x6C11, 0x8CF4,
    0x63CF, 0x3AAB, 0x3AAB, 0x328A, 0x2A4A, 0x19E8, 0x19C8, 0x2A29,
    0x2A4A, 0x2209, 0x1167, 0x328B, 0x6C72, 0x19C8, 0x1966, 0x1946,
    0x2145, 0x3186, 0x31A6, 0x3186, 0x31A6, 0x31A6, 0x2965, 0x31A6,
    0x2965, 0x2965, 0x2965, 0x2965, 0x31A6, 0x2945, 0x1082, 0x10A3,
    0x08A3, 0x1925, 0x21A7, 0x84D4, 0xD73C, 0xADD7, 0x1945, 0x0082,
    0x4A8A, 0xBE17, 0xAD74, 0x948F, 0xBDD3, 0xBD92, 0xB551, 0xBD71,
    0xBD92, 0xC592, 0xBD72, 0xBD51, 0xB530, 0xAD10, 0xBDD4, 0x9CD1,
    0x1944, 0x1103, 0x4ACB, 0x29C8, 0x0042, 0x63AF, 0xBE9A, 0x6C52,
    0x0926, 0x0968, 0x1189, 0x5C12, 0xAE5A, 0x9DD7, 0x21A7, 0x0062,
    0x10A3, 0x0041, 0x0020, 0x0000, 0x1082, 0x0861, 0x0020, 0x0020,
    0x0020, 0x1082, 0x1082, 0x0020, 0x0000, 0x0020, 0x10A2, 0x0861,
    0x0020, 0x0020, 0x52EC, 0x9D76, 0x63F0, 0x42EC, 0x5BAF, 0x21E9,
    0x00A4, 0x19C8, 0x3AAC, 0x4B2E, 0xA5D7, 0xA5B6, 0x3A28, 0x2985,
    0x39E7, 0x39C7, 0x39C6, 0x3A07, 0x39C6, 0x31A6, 0x31A6, 0x39C6,
    0x39C7, 0x31C6, 0x31C6, 0x39C6, 0x31A6, 0x3185, 0x31A6, 0x39C6,
    0x39C7, 0x31A6, 0x39C6, 0x39C6, 0x39C6, 0x39C6, 0x39C6, 0x31C6,
    0x31C6, 0x39E6, 0x3A07, 0x39E7, 0x31A6, 0x39C6, 0x39C6, 0x39C6,
    0x39C7, 0x39C6, 0x39E7, 0x39C6, 0x31A6, 0x39C6, 0x39C6, 0x39C6,
    0x39C6, 0x31A6, 0x39C6, 0x4207, 0x39C6, 0x3185, 0x39E6, 0x3A07,
    0x3185, 0x39C6, 0x39E6, 0x31A6, 0x31A6, 0x31A6, 0x31A6, 0x31C6,
    0x39C6, 0x39C7, 0x31A6, 0x3186, 0x31A6, 0x4207, 0x39E7, 0x31A6,
    0x39E7, 0x3186, 0x4228, 0x8C71, 0x5B2C, 0x2985, 0x740F, 0x8CF4,
    0x3229, 0x0063, 0x0905, 0x19A8, 0x0926, 0x1126, 0x08E6, 0x1167,
    0x4B0E, 0x4B4F, 0x32AC, 0x328C, 0x2A8B, 0x42ED, 0xA5F8, 0xCF1C,
    0xC6BA, 0xD6FB, 0xA596, 0x42AA, 0x63AE, 0xBE79, 0xCEBA, 0xCEDB,
    0xCEDB, 0x9555, 0x536E, 0x4B4E, 0x432E, 0x434F, 0x4B90, 0x434F,
    0x19EA, 0x0968, 0x0988, 0x0968, 0x0968, 0x0968, 0x0968, 0x0968,
    0x0968, 0x0968, 0x0968, 0x0127, 0x0147, 0x0147, 0x0126, 0x0126,
    0x0126, 0x0947, 0x0947, 0x0926, 0x0906, 0x00C4, 0x0083, 0x0905,
    0x0926, 0x00C4, 0x00C4, 0x21E9, 0x42EC, 0x42EC, 0x42CC, 0x21E9,
    0x0906, 0x00E5, 0x00E5, 0x3AAB, 0x536E, 0x534E, 0x534E, 0x534E,
    0x4B4D, 0x4B2D, 0x536E, 0x538E, 0x536E, 0x536E, 0x538E, 0x5B8F,
    0x5BAF, 0x5BCF, 0x63F1, 0x3AED, 0x11A8, 0x0147, 0x222A, 0x7CD4,
    0x9DB7, 0x7CD4, 0x32AC, 0x09A9, 0x09A9, 0x0989, 0x11A9, 0x11A9,
    0x1188, 0x322A, 0x428B, 0x3A6B, 0x3A6A, 0x4AEC, 0x5B8E, 0x6C51,
    0x6C52, 0x7494, 0x7CD5, 0x7CD4, 0x7493, 0x7453, 0x5BB1, 0x220B,
    0x1169, 0x0948, 0x0927, 0x0927, 0x21E9, 0x63F1, 0x29C8, 0x10C3,
    0x2965, 0x2986, 0x3185, 0x3185, 0x3186, 0x31A6, 0x39E7, 0x4228,
    0x3A07, 0x39E7, 0x4A48, 0x5B0B, 0xA554, 0x8450, 0x4AA9, 0x52AA,
    0x4A89, 0x39C6, 0x10A1, 0x1081, 0x1881, 0x18A1, 0x1881, 0x1081,
    0x18A1, 0x1081, 0x41E5, 0x842B, 0x4AA4, 0x73EC, 0xCEB9, 0xB617,
    0x5BAE, 0x32AA, 0x32CB, 0x32CB, 0x32AB, 0x32CB, 0x32AB, 0x32CB,
    0x434B, 0x4329, 0x32C7, 0x2AE6, 0x32E6, 0x32E7, 0x3307, 0x2AE7,
    0x32E7, 0x2AC6, 0x2AC6, 0x2AC6, 0x2AA6, 0x2AA6, 0x2AA6, 0x2AA6,
    0x2AC6, 0x4BEA, 0x5CAC, 0x5C8C, 0x5C8C, 0x5CAC, 0x5CAC, 0x5C8C,
    0x5C8C, 0x5C8C, 0x5C6C, 0x5C6C, 0x5C6C, 0x5C6C, 0x5C6B, 0x5C6C,
    0x5C6C, 0x648C, 0x648D, 0x6C8E, 0x642D, 0x5BCB, 0x536A, 0x4B6A,
    0x4B6A, 0x538B, 0x5BEC, 0x642D, 0x644D, 0x648D, 0x5C4C, 0x5C4C,
    0x5C6C, 0x5C8C, 0x5C8C, 0x5C6B, 0x5C6B, 0x5C6B, 0x5C6B, 0x546B,
    0x546B, 0x544B, 0x544B, 0x542B, 0x32C6, 0x1163, 0x1943, 0x1943,
    0x1943, 0x1943, 0x1964, 0x1964, 0xFFFF, 0xFFFF, 0xFFFF, 0xFFFF,
    0xFFFF, 0xFFFF, 0xFFFF, 0xFFFF, 0xFFFF, 0xFFFF, 0xFFFF, 0xFFFF,
    0xFFFF, 0xFFFF, 0xFFFF, 0xFFFF, 0xFFFF, 0xFFFF, 0xFFFF, 0xFFFF,
    0xFFFF, 0xFFFF, 0xFFFF, 0xFFFF, 0xFFFF, 0xFFFF, 0xFFFF, 0xFFFE,
    0xF79D, 0xF79C, 0xFFDD, 0xFFFD, 0xFFDD, 0xFFDD, 0xFFDD, 0xFFFD,
    0xFFFD, 0xFFDC, 0xFFDC, 0xF7BC, 0xF7BD, 0xFFDD, 0x5288, 0x0000,
    0x0820, 0x1082, 0x52A9, 0x2103, 0x3185, 0xCE36, 0xD697, 0xBDB3,
    0x7BCD, 0x2944, 0x1081, 0x2965, 0x39C6, 0x10A2, 0x1082, 0x0861,
    0x0861, 0x10A2, 0x18C3, 0x2144, 0x2965, 0x2124, 0x2144, 0x31C7,
    0x29A7, 0x10E4, 0x1926, 0x1946, 0x1967, 0x1967, 0x1988, 0x430D,
    0x328B, 0x1167, 0x1126, 0x00C4, 0x19A8, 0x4B0D, 0x4B2E, 0x63F0,
    0x8D56, 0x9DB7, 0x9576, 0x8D35, 0x6C52, 0x3AEC, 0x11A8, 0x11A8,
    0x0106, 0x0083, 0x0905, 0x324A, 0x0926, 0x00A4, 0x00C4, 0x00C4,
    0x00C5, 0x00E5, 0x0906, 0x1147, 0x1188, 0x1188, 0x0947, 0x2209,
    0x4B4E, 0x1167, 0x1967, 0x1925, 0x29A6, 0x31A6, 0x31A5, 0x39C6,
    0x39C6, 0x39E6, 0x3186, 0x39E7, 0x3185, 0x3185, 0x3185, 0x3185,
    0x39C6, 0x2944, 0x0861, 0x3A08, 0x29C7, 0x2187, 0x21A8, 0x3AAB,
    0x9D96, 0x6BEF, 0x0082, 0x08A2, 0x632C, 0xDEDA, 0xCE57, 0xB552,
    0xDE76, 0xD655, 0xDE75, 0xE6B6, 0xE697, 0xE6B7, 0xE697, 0xE6B7,
    0xD634, 0xCE14, 0xEF3A, 0xB5D5, 0x2164, 0x0081, 0x3A28, 0x29C7,
    0x0041, 0x5BAF, 0xB67A, 0x6C72, 0x3AEC, 0x2A6B, 0x0988, 0x6C73,
    0xB67A, 0x9554, 0x2185, 0x1904, 0x2145, 0x2965, 0x2124, 0x2104,
    0x2124, 0x2945, 0x2945, 0x2945, 0x2965, 0x2945, 0x2965, 0x2965,
    0x2945, 0x2945, 0x2104, 0x2104, 0x2124, 0x10A2, 0x636D, 0xAE18,
    0x7CB3, 0x536E, 0x21C8, 0x00C4, 0x19C8, 0x4B4E, 0x536F, 0x536E,
    0x5BAE, 0x4ACA, 0x2165, 0x2985, 0x31A6, 0x39C6, 0x31C6, 0x39C6,
    0x39E7, 0x39E7, 0x31C6, 0x39C7, 0x31C6, 0x31C6, 0x39C6, 0x39C6,
    0x39E7, 0x39C6, 0x31C6, 0x31C6, 0x39C6, 0x39E6, 0x39E7, 0x31C6,
    0x39C6, 0x39C6, 0x39C6, 0x39C7, 0x31C6, 0x39C6, 0x39E7, 0x39C6,
    0x39C6, 0x39C6, 0x31A6, 0x39C7, 0x39C7, 0x31A6, 0x39C6, 0x39E7,
    0x39E7, 0x39C7, 0x39C7, 0x39C6, 0x39C6, 0x39C6, 0x31C6, 0x39E7,
    0x3A07, 0x39E6, 0x39E7, 0x4227, 0x39E7, 0x39E7, 0x39C6, 0x39C6,
    0x39E7, 0x31C6, 0x39E7, 0x39E7, 0x39C6, 0x39C6, 0x39C7, 0x39C6,
    0x31A6, 0x39E6, 0x39E7, 0x31C6, 0x31C6, 0x31A6, 0x10A2, 0x2165,
    0x3A07, 0x3A28, 0x3A48, 0x7431, 0x7431, 0x2187, 0x1126, 0x19A8,
    0x1167, 0x1147, 0x1988, 0x534F, 0x8515, 0x9576, 0x7CD4, 0x6411,
    0x3B2E, 0x0926, 0x2A29, 0x84D4, 0xA597, 0xAD96, 0xA596, 0x8CF3,
    0x5B6D, 0x8CD3, 0xB618, 0xBE38, 0xC659, 0xB618, 0xA5D7, 0x9DD7,
    0x9576, 0x8D76, 0x8D97, 0x74D4, 0x2AAC, 0x1A0A, 0x0147, 0x0947,
    0x0968, 0x0948, 0x0947, 0x0127, 0x0947, 0x0968, 0x0968, 0x0988,
    0x1189, 0x11A9, 0x11AA, 0x1189, 0x11CA, 0x222B, 0x21EA, 0x1988,
    0x0906, 0x00E5, 0x1967, 0x1147, 0x00C5, 0x0926, 0x1987, 0x534E,
    0x6C31, 0x6C31, 0x63F0, 0x2A09, 0x1146, 0x1146, 0x0905, 0x3AAC,
    0x6C11, 0x6C31, 0x7472, 0x7CB3, 0x7CD3, 0x7CB3, 0x84D3, 0x7CB3,
    0x7CD3, 0x7CD3, 0x7CD3, 0x7CB3, 0x7492, 0x7492, 0x6C72, 0x432E,
    0x0988, 0x0988, 0x6C73, 0xAE18, 0xADF7, 0xAE18, 0x6C31, 0x11A8,
    0x09A9, 0x11A9, 0x09A9, 0x09A9, 0x11C9, 0x11A9, 0x1188, 0x19C9,
    0x19C9, 0x19E9, 0x4B4E, 0x6431, 0x6C32, 0x7453, 0x7493, 0x7CB4,
    0x84D4, 0x7CB4, 0x5BB0, 0x21EA, 0x0948, 0x0927, 0x1167, 0x1188,
    0x0926, 0x19A7, 0x1945, 0x1924, 0x2124, 0x2124, 0x2945, 0x3186,
    0x3185, 0x2965, 0x3185, 0x31A6, 0x2965, 0x31C6, 0x39C6, 0x52AA,
    0xA554, 0x7C0F, 0x4A89, 0x4A89, 0x4227, 0x2965, 0x1081, 0x1081,
    0x1081, 0x18A1, 0x1081, 0x1081, 0x10A1, 0x1081, 0x4A46, 0x94AD,
    0x6347, 0x9D11, 0xD6FA, 0xB637, 0x8D13, 0x8513, 0x7CF3, 0x7492,
    0x6C50, 0x6C70, 0x6C50, 0x5BCE, 0x4B4B, 0x432A, 0x2AA7, 0x32E7,
    0x2AE6, 0x32E7, 0x3307, 0x32E7, 0x2AE7, 0x2AC6, 0x2AC6, 0x2AA6,
    0x2AA6, 0x2AA6, 0x2AA6, 0x2AA6, 0x2AC6, 0x4BEA, 0x5C8C, 0x5C8B,
    0x5C8C, 0x5C8C, 0x5CAC, 0x5C8C, 0x5C8C, 0x5C6C, 0x5C6C, 0x5C6C,
    0x5C6B, 0x5C6B, 0x5C6B, 0x5C6B, 0x5C8C, 0x5CAC, 0x5C8C, 0x648D,
    0x648D, 0x64AD, 0x6CCE, 0x64CD, 0x64AD, 0x648D, 0x648D, 0x5C8C,
    0x5C8C, 0x5CAC, 0x5C8C, 0x5C8C, 0x5C8C, 0x5C8C, 0x5C8B, 0x5C6B,
    0x5C6B, 0x5C6B, 0x5C6B, 0x546B, 0x544B, 0x5C4B, 0x544B, 0x542B,
    0x32C6, 0x1163, 0x1943, 0x1943, 0x1943, 0x1963, 0x1964, 0x1964,
    0xFFFF, 0xFFFF, 0xFFFF, 0xFFFF, 0xFFFF, 0xFFFF, 0xFFFF, 0xFFFF,
    0xFFFF, 0xFFFF, 0xFFFF, 0xFFFF, 0xFFFF, 0xFFFF, 0xFFFF, 0xFFFF,
    0xFFFF, 0xFFFF, 0xFFFF, 0xFFFF, 0xFFFF, 0xFFFF, 0xFFFF, 0xFFFF,
    0xFFFF, 0xFFFF, 0xFFFF, 0xFFFF, 0xFFFF, 0xFFFE, 0xFFFE, 0xFFFE,
    0xFFFD, 0xFFFD, 0xFFFD, 0xFFFE, 0xFFFE, 0xFFFE, 0xFFFE, 0xFFFE,
    0xFFFE, 0xFFFD, 0x4A68, 0x0000, 0x0841, 0x10A2, 0x52AA, 0x2124,
    0x18C2, 0xAD54, 0xC636, 0x7BCD, 0x630B, 0x3185, 0x18E3, 0x4228,
    0x4207, 0x18E3, 0x2124, 0x2124, 0x2944, 0x4227, 0x4207, 0x3A07,
    0x4207, 0x2144, 0x18E3, 0x1924, 0x1105, 0x08E4, 0x08E5, 0x1126,
    0x1147, 0x1967, 0x19A8, 0x5390, 0x430D, 0x1988, 0x1988, 0x0905,
    0x324A, 0x6C11, 0x84D4, 0x84F4, 0x4B0C, 0x19C7, 0x2A29, 0x3A8B,
    0x6C31, 0x53AF, 0x09A8, 0x1A0A, 0x3ACD, 0x2A6B, 0x224A, 0x4B6F,
    0x1A09, 0x19A8, 0x1147, 0x0084, 0x0063, 0x0022, 0x0042, 0x0063,
    0x0084, 0x0906, 0x1147, 0x324B, 0x5BF1, 0x19A8, 0x1126, 0x1946,
    0x4269, 0x4A69, 0x4207, 0x39C6, 0x39C6, 0x4207, 0x4208, 0x4A48,
    0x4207, 0x39C6, 0x31A5, 0x31A6, 0x39E7, 0x2965, 0x1082, 0x8CB2,
    0x7C72, 0x19A7, 0x21E9, 0x3ACC, 0x9DB7, 0x8D34, 0x21A6, 0x0082,
    0x6B8D, 0xDEFA, 0xD678, 0xAD11, 0xC5B3, 0xC5D3, 0xCDD3, 0xCDF4,
    0xC5D4, 0xC5D4, 0xCE14, 0xCE15, 0xBD92, 0xCE15, 0xF75B, 0xA533,
    0x1903, 0x0881, 0x3208, 0x29A7, 0x00A2, 0x6C10, 0xAE59, 0x6430,
    0x434E, 0x3B0E, 0x19E9, 0x74B3, 0xB67A, 0x8CF3, 0x29A6, 0x31C7,
    0x39E7, 0x39E7, 0x39E7, 0x31C6, 0x3186, 0x31A6, 0x39C7, 0x31C7,
    0x31A6, 0x31C6, 0x31C6, 0x2965, 0x3186, 0x31A6, 0x3186, 0x3186,
    0x3186, 0x10A3, 0x6BCF, 0xBE79, 0x7C71, 0x1146, 0x00A4, 0x19A8,
    0x4B4E, 0x326B, 0x0926, 0x1146, 0x2A07, 0x3A48, 0x2164, 0x3185,
    0x31A6, 0x31A6, 0x39E7, 0x39C6, 0x39C7, 0x39E7, 0x39C6, 0x39C7,
    0x39E7, 0x39E7, 0x31C6, 0x39C6, 0x3A07, 0x39E7, 0x39C6, 0x31A6,
    0x31A6, 0x31A6, 0x39C6, 0x39C7, 0x39C7, 0x39C6, 0x31A6, 0x39C6,
    0x39C6, 0x31A6, 0x39C6, 0x31A6, 0x31C6, 0x31C6, 0x31A6, 0x39C6,
    0x39C6, 0x31A6, 0x31A6, 0x39E7, 0x39E7, 0x39C6, 0x39C7, 0x31A6,
    0x39E6, 0x39E6, 0x39E6, 0x31C6, 0x31A5, 0x3185, 0x39C6, 0x3A07,
    0x3A07, 0x39E7, 0x39E6, 0x3185, 0x39E7, 0x39E7, 0x31C6, 0x31A6,
    0x31A6, 0x39C6, 0x39E7, 0x39C6, 0x39C6, 0x39C6, 0x39C6, 0x31C6,
    0x31A6, 0x3185, 0x0861, 0x10A2, 0x10E2, 0x08A2, 0x00A2, 0x1986,
    0x7C72, 0x9556, 0x84F4, 0x5BAF, 0x2209, 0x0947, 0x328C, 0x6432,
    0x2A4A, 0x2209, 0x19A8, 0x0105, 0x00E5, 0x1126, 0x08E5, 0x1146,
    0x2187, 0x2187, 0x21C7, 0x1966, 0x08E4, 0x1966, 0x5B4D, 0x5B2D,
    0x31C7, 0x29E7, 0x21A6, 0x1925, 0x1105, 0x08E4, 0x0905, 0x0905,
    0x3B0D, 0x6473, 0x2A4B, 0x1188, 0x0968, 0x0968, 0x1189, 0x222B,
    0x222B, 0x0989, 0x0968, 0x0988, 0x0988, 0x0989, 0x11A9, 0x11A9,
    0x19EA, 0x222B, 0x19C9, 0x0906, 0x00E5, 0x1988, 0x1967, 0x08C5,
    0x1126, 0x1967, 0x1126, 0x1146, 0x1146, 0x1146, 0x0905, 0x08E4,
    0x2167, 0x2187, 0x2187, 0x08E4, 0x08E4, 0x1966, 0x1945, 0x21A7,
    0x1145, 0x1145, 0x21A7, 0x2187, 0x21A7, 0x1146, 0x1146, 0x1987,
    0x1986, 0x1966, 0x0905, 0x0947, 0x0946, 0x2A6B, 0xAE39, 0xBE9A,
    0xBE38, 0xB617, 0x6C51, 0x11A8, 0x0988, 0x1189, 0x09A9, 0x09A9,
    0x09CA, 0x11CA, 0x11EA, 0x19EA, 0x11A9, 0x1168, 0x0906, 0x00C4,
    0x0083, 0x00A4, 0x00A4, 0x00C4, 0x08E5, 0x00E5, 0x00E5, 0x00E5,
    0x00E6, 0x1168, 0x1188, 0x0927, 0x0126, 0x2A4A, 0x21C7, 0x1924,
    0x1904, 0x1904, 0x2124, 0x2945, 0x2144, 0x2965, 0x2985, 0x2965,
    0x3186, 0x31C6, 0x31A6, 0x4A89, 0xA534, 0x6BAE, 0x31E6, 0x39E7,
    0x2965, 0x18E2, 0x1081, 0x1061, 0x1081, 0x1081, 0x1081, 0x0860,
    0x1081, 0x0861, 0x4206, 0x846C, 0x5B47, 0x94F0, 0xC6B9, 0xB637,
    0x5BAE, 0x21E7, 0x21E7, 0x21C7, 0x21C7, 0x19A7, 0x19A6, 0x2A28,
    0x3ACA, 0x3AE8, 0x2AC6, 0x2AE6, 0x2AE6, 0x32E7, 0x2AE7, 0x32E7,
    0x2AE7, 0x2AC6, 0x2AC6, 0x2AA6, 0x2AA6, 0x22A6, 0x2AA6, 0x2AA6,
    0x2AE6, 0x4C0A, 0x5CAC, 0x5C8B, 0x5C8C, 0x5C8C, 0x5C8C, 0x5C8C,
    0x5C8C, 0x5C6C, 0x5C6C, 0x5C6C, 0x5C6B, 0x546B, 0x546B, 0x546B,
    0x5C6C, 0x5C8C, 0x5C8C, 0x5C8C, 0x648C, 0x64AD, 0x64CD, 0x64AD,
    0x64AC, 0x5C8C, 0x5C8C, 0x5C8C, 0x5C8C, 0x5C8C, 0x5C8C, 0x5C8B,
    0x5C6B, 0x5C6B, 0x5C8B, 0x5C8B, 0x5C6B, 0x5C6C, 0x5C6B, 0x546B,
    0x546B, 0x5C6B, 0x5C4B, 0x542B, 0x32C6, 0x1163, 0x1943, 0x1943,
    0x1943, 0x1963, 0x1964, 0x1964, 0xFFFF, 0xFFFF, 0xFFFF, 0xFFFF,
    0xFFFF, 0xFFFF, 0xFFFF, 0xFFFF, 0xFFFF, 0xFFFF, 0xFFFF, 0xFFFF,
    0xFFFF, 0xFFFF, 0xFFFF, 0xFFFF, 0xFFFF, 0xFFFF, 0xFFFF, 0xFFFF,
    0xFFFF, 0xFFFF, 0xFFFF, 0xFFFF, 0xFFFF, 0xFFFF, 0xFFFF, 0xFFFF,
    0xFFFF, 0xFFFF, 0xFFFE, 0xFFFE, 0xFFFE, 0xFFFE, 0xFFFD, 0xFFDD,
    0xFFFE, 0xFFFE, 0xFFFE, 0xFFFE, 0xFFFE, 0xF7BD, 0x4A47, 0x0000,
    0x0841, 0x0861, 0x4228, 0x2945, 0x0841, 0x4207, 0x630B, 0x52A9,
    0x5289, 0x2944, 0x4228, 0x6B4C, 0x4248, 0x2124, 0x39E7, 0x39C6,
    0x4207, 0x840F, 0x840F, 0x73AD, 0x5AEA, 0x2964, 0x31A6, 0x2145,
    0x1104, 0x0905, 0x0906, 0x0906, 0x1127, 0x1148, 0x1989, 0x53B1,
    0x3AED, 0x0106, 0x08E5, 0x1967, 0x29E8, 0x00C4, 0x0083, 0x00C3,
    0x08E4, 0x00A3, 0x0083, 0x21A7, 0x7CD4, 0x53D0, 0x11A8, 0x32CD,
    0x53B1, 0x53D1, 0x4BB0, 0x5C32, 0x2A8C, 0x11A9, 0x0926, 0x08E5,
    0x1925, 0x2145, 0x2166, 0x1925, 0x0062, 0x00A4, 0x08E5, 0x2A09,
    0x5BF1, 0x11A8, 0x1126, 0x2187, 0x426A, 0x4A89, 0x4207, 0x39E6,
    0x4A48, 0x4A48, 0x4248, 0x4228, 0x4A69, 0x4A69, 0x4A48, 0x4A28,
    0x4228, 0x2944, 0x10C2, 0x8471, 0x5B8E, 0x1187, 0x2209, 0x6C53,
    0xBE9B, 0xC6BB, 0x4B0C, 0x0020, 0x73AD, 0xE6F9, 0xCE56, 0x9CAE,
    0xACEF, 0xACEF, 0xACEF, 0xA4CF, 0xA4AE, 0xA4AE, 0xA4EF, 0xA4F0,
    0x9CAF, 0xD656, 0xFFBC, 0xAD53, 0x10C1, 0x10C2, 0x3A69, 0x1966,
    0x21E8, 0xA5D7, 0xA5F7, 0x53CF, 0x0967, 0x0127, 0x19EA, 0x74D4,
    0xB67A, 0x84B2, 0x2165, 0x31C7, 0x39C7, 0x31A6, 0x31A6, 0x31A6,
    0x31A6, 0x3186, 0x3186, 0x31A6, 0x2986, 0x3186, 0x2965, 0x2965,
    0x31A6, 0x3186, 0x3185, 0x2965, 0x2945, 0x0862, 0x5B2C, 0xADF7,
    0x63EF, 0x00C3, 0x21C9, 0x536F, 0x220A, 0x0105, 0x0926, 0x42AB,
    0x9534, 0x8CD2, 0x31E6, 0x3A07, 0x4208, 0x39E7, 0x39E7, 0x39E7,
    0x39E7, 0x3A07, 0x3A07, 0x39E7, 0x39E7, 0x39E7, 0x39E7, 0x39E7,
    0x39C6, 0x31C6, 0x31A6, 0x31A6, 0x39C6, 0x31A6, 0x31A6, 0x3186,
    0x39C7, 0x39C7, 0x39C6, 0x31A6, 0x31A6, 0x39C6, 0x39E7, 0x39C7,
    0x31C6, 0x31C6, 0x31C6, 0x31C6, 0x39E6, 0x39C6, 0x39C6, 0x39C6,
    0x39C6, 0x39C7, 0x39C6, 0x39C7, 0x39E7, 0x39C6, 0x39C6, 0x3185,
    0x31A5, 0x31A6, 0x39C6, 0x39E7, 0x39E6, 0x3A07, 0x3A07, 0x3185,
    0x31A6, 0x31A6, 0x2965, 0x31A5, 0x2965, 0x3185, 0x39C6, 0x31A6,
    0x39C6, 0x39A6, 0x31A6, 0x31A6, 0x39C6, 0x2965, 0x4A48, 0x8C91,
    0x634C, 0x1944, 0x31E7, 0x08E3, 0x1125, 0x4B0D, 0x5B8F, 0x3AAC,
    0x19A8, 0x0947, 0x326B, 0x5BF1, 0x0966, 0x00C4, 0x00A4, 0x0083,
    0x0083, 0x0063, 0x0062, 0x0083, 0x0041, 0x0062, 0x08A3, 0x08C3,
    0x08E4, 0x08C3, 0x1925, 0x08A3, 0x0000, 0x0000, 0x0021, 0x0000,
    0x0001, 0x0041, 0x00A3, 0x0905, 0x430D, 0x6C94, 0x6453, 0x4BB0,
    0x0988, 0x0968, 0x11A8, 0x32AD, 0x53B0, 0x2A8C, 0x0968, 0x0988,
    0x0988, 0x0988, 0x11C9, 0x11C9, 0x0988, 0x0968, 0x00C5, 0x00C4,
    0x0926, 0x1126, 0x00C4, 0x0905, 0x1987, 0x1146, 0x08C4, 0x10E5,
    0x1104, 0x10C3, 0x08C3, 0x10E3, 0x2145, 0x2166, 0x1925, 0x08A3,
    0x10C4, 0x2186, 0x2986, 0x1924, 0x08C3, 0x10C3, 0x1105, 0x2145,
    0x10E4, 0x08C4, 0x10E4, 0x21A7, 0x1946, 0x08C4, 0x08E4, 0x1126,
    0x0926, 0x1967, 0x8D15, 0xCEBA, 0xC678, 0x9534, 0x3A8A, 0x0126,
    0x0968, 0x0968, 0x1189, 0x11A9, 0x11C9, 0x11CA, 0x11CA, 0x11A9,
    0x1189, 0x0927, 0x0906, 0x1988, 0x324B, 0x328C, 0x3A8C, 0x3A8C,
    0x3A8B, 0x3A6B, 0x326B, 0x326B, 0x2A4B, 0x11A9, 0x0127, 0x0147,
    0x19E9, 0x4B4E, 0x3249, 0x2145, 0x2145, 0x2125, 0x1924, 0x1904,
    0x2124, 0x2945, 0x2965, 0x2965, 0x3165, 0x2965, 0x2965, 0x39E7,
    0x6B4D, 0x4A89, 0x2965, 0x2985, 0x2124, 0x18A2, 0x0840, 0x0861,
    0x0861, 0x1061, 0x18A2, 0x18A1, 0x10A1, 0x10A1, 0x4226, 0x73CA,
    0x52C5, 0x6BAB, 0xB657, 0xA5D6, 0x3269, 0x00C3, 0x00E4, 0x00E4,
    0x00E4, 0x00E4, 0x00E4, 0x0925, 0x2207, 0x32C8, 0x2AC6, 0x2AE6,
    0x2AE6, 0x2AE7, 0x32E7, 0x32E7, 0x2AC6, 0x2AC6, 0x2AA6, 0x2AA6,
    0x2286, 0x2286, 0x2286, 0x2AA6, 0x2AE6, 0x4C0A, 0x5C8C, 0x5C8C,
    0x5C8C, 0x5C8C, 0x5C8C, 0x5C8C, 0x5C6C, 0x5C6C, 0x5C6C, 0x5C6B,
    0x5C6B, 0x546B, 0x546B, 0x5C6B, 0x5C6C, 0x5C8C, 0x5C6C, 0x5C6C,
    0x5C6C, 0x648C, 0x64AD, 0x648D, 0x648C, 0x648C, 0x5C6C, 0x5C6C,
    0x5C6C, 0x5C6C, 0x5C6C, 0x5C6B, 0x5C6B, 0x5C6B, 0x5C6C, 0x5C6C,
    0x5C6C, 0x5C6C, 0x5C4B, 0x544B, 0x546B, 0x5C4B, 0x5C4B, 0x542B,
    0x2AC6, 0x1183, 0x1943, 0x1143, 0x1943, 0x1943, 0x1963, 0x1963,
    0xFFFF, 0xFFFF, 0xFFFF, 0xFFFF, 0xFFFF, 0xFFFF, 0xFFFF, 0xFFFF,
    0xFFFF, 0xFFFF, 0xFFFF, 0xFFFF, 0xFFFF, 0xFFFF, 0xFFFF, 0xFFFF,
    0xFFFF, 0xFFFF, 0xFFFF, 0xFFFF, 0xFFFF, 0xFFFF, 0xFFFF, 0xFFFF,
    0xFFFF, 0xFFFF, 0xFFFF, 0xFFFF, 0xFFFF, 0xFFFF, 0xFFFF, 0xFFFF,
    0xFFFF, 0xFFFE, 0xFFFE, 0xFFFE, 0xFFFE, 0xFFFE, 0xFFFE, 0xFFDE,
    0xF7BE, 0xF7BD, 0x4207, 0x0000, 0x0841, 0x0861, 0x4228, 0x2986,
    0x1082, 0x0841, 0x0861, 0x2944, 0x2944, 0x39E7, 0x630B, 0x632C,
    0x4207, 0x1903, 0x2965, 0x2124, 0x2944, 0x5ACA, 0x5AEA, 0x6B2B,
    0x4A47, 0x4A68, 0x7BCE, 0x31C7, 0x1966, 0x1125, 0x00E5, 0x00E5,
    0x0106, 0x0927, 0x1168, 0x4B90, 0x3B0D, 0x0905, 0x1125, 0x5B6E,
    0x9535, 0x21C7, 0x1105, 0x1966, 0x7451, 0x63AF, 0x08C4, 0x1125,
    0x6C52, 0x4B8F, 0x11C8, 0x11A9, 0x0947, 0x1168, 0x224B, 0x5412,
    0x22AC, 0x19E9, 0x2A4A, 0x8CF4, 0xADD7, 0xB5D6, 0xB5F7, 0xBE18,
    0x52EC, 0x00A3, 0x1105, 0x19A8, 0x53D0, 0x19C8, 0x0906, 0x21A8,
    0x7C51, 0x9D13, 0x94B1, 0x842F, 0x4A48, 0x5B0B, 0x9CF3, 0x840F,
    0x31A6, 0x39E8, 0x4228, 0x4A49, 0x4228, 0x2124, 0x4A89, 0x638D,
    0x21E7, 0x326A, 0x2A2A, 0x6411, 0xCEFD, 0xB5F8, 0x4ACC, 0x10E4,
    0x73AD, 0xEF7B, 0xD697, 0xC5F4, 0xDE96, 0xD655, 0xD635, 0xD655,
    0xD655, 0xD655, 0xD655, 0xC614, 0xBD92, 0xDEB7, 0xFFFE, 0xAD94,
    0x10E2, 0x1104, 0x1945, 0x21E8, 0x7452, 0xAE18, 0xA5F8, 0x430C,
    0x00A4, 0x0968, 0x11A9, 0x7493, 0xB679, 0x84B2, 0x1944, 0x2965,
    0x31A6, 0x39A6, 0x39C6, 0x3186, 0x3186, 0x31A6, 0x3185, 0x3185,
    0x3186, 0x3185, 0x2965, 0x31A6, 0x31A6, 0x2965, 0x2965, 0x2965,
    0x2945, 0x0862, 0x4ACB, 0xA596, 0x63EF, 0x19A7, 0x5390, 0x326B,
    0x0946, 0x4B2E, 0x5BAF, 0x6C10, 0x9534, 0x8470, 0x31C6, 0x39C6,
    0x3A07, 0x3A07, 0x39E7, 0x39E6, 0x39C6, 0x39C6, 0x39C6, 0x39E7,
    0x39E7, 0x39E6, 0x39E6, 0x39C6, 0x39C6, 0x39E7, 0x39C6, 0x39C7,
    0x39C6, 0x31A6, 0x39C6, 0x31A6, 0x39C6, 0x39C7, 0x31A6, 0x31A6,
    0x39C6, 0x39C7, 0x39C6, 0x31C6, 0x39C6, 0x39C6, 0x39C6, 0x39C6,
    0x39E6, 0x39E6, 0x39C6, 0x39C6, 0x31A6, 0x31A6, 0x31A6, 0x31A6,
    0x31A6, 0x39E7, 0x4207, 0x31C6, 0x2985, 0x31A5, 0x31A6, 0x31A5,
    0x31A6, 0x39C6, 0x39E7, 0x31C6, 0x31A6, 0x2965, 0x2964, 0x2965,
    0x3185, 0x39C7, 0x39E7, 0x39C7, 0x39E7, 0x39E7, 0x39E6, 0x31A6,
    0x31A6, 0x31A5, 0x2985, 0x73CE, 0x636C, 0x4289, 0x8492, 0x7430,
    0x1125, 0x0063, 0x00E5, 0x0926, 0x1167, 0x1147, 0x2A4B, 0x5BF1,
    0x1187, 0x00A4, 0x2167, 0x7C52, 0x4ACB, 0x2165, 0x2145, 0x2145,
    0x634D, 0x2986, 0x0041, 0x0082, 0x00A3, 0x00A3, 0x08E3, 0x10E3,
    0x3208, 0x426A, 0x426A, 0x428A, 0x4ACB, 0x29E8, 0x08C4, 0x1146,
    0x1146, 0x538F, 0x4BB0, 0x222A, 0x11C9, 0x11A8, 0x00E6, 0x00C5,
    0x19A8, 0x19C9, 0x0988, 0x0988, 0x0988, 0x11A9, 0x11C9, 0x0968,
    0x2A4B, 0x328C, 0x1988, 0x324A, 0x42EC, 0x1166, 0x0905, 0x1987,
    0x1125, 0x08C4, 0x0883, 0x1905, 0x2145, 0x1082, 0x0882, 0x08A3,
    0x1904, 0x2985, 0x18E3, 0x0882, 0x08A3, 0x1904, 0x18E3, 0x0861,
    0x10A3, 0x0882, 0x1904, 0x10E4, 0x0061, 0x08C3, 0x08A3, 0x1904,
    0x10C3, 0x0062, 0x08C3, 0x1105, 0x1104, 0x0905, 0x3229, 0x6BF0,
    0x7C51, 0x5B4D, 0x2A09, 0x2209, 0x11A8, 0x0968, 0x1189, 0x09A9,
    0x11C9, 0x11CA, 0x11A9, 0x1188, 0x0907, 0x0927, 0x1168, 0x2A2B,
    0x5BD0, 0x6C52, 0x7452, 0x7452, 0x7452, 0x6C31, 0x6C11, 0x6411,
    0x3AAC, 0x0106, 0x0967, 0x1188, 0x0967, 0x2A2A, 0x326A, 0x3208,
    0x3A08, 0x31E8, 0x29A6, 0x2986, 0x31A6, 0x2965, 0x2965, 0x2144,
    0x2104, 0x18E3, 0x1904, 0x2124, 0x2965, 0x2144, 0x2944, 0x3185,
    0x2965, 0x18E3, 0x18C2, 0x3185, 0x39E7, 0x31A5, 0x39E6, 0x3185,
    0x31A5, 0x39E6, 0x632A, 0x8C8E, 0x740B, 0x9511, 0xBE57, 0xA5B6,
    0x6C30, 0x5BF0, 0x53D0, 0x4B6E, 0x4B6E, 0x4B6E, 0x4B4E, 0x538E,
    0x4B8C, 0x3B29, 0x2AC7, 0x2AC7, 0x2AE6, 0x2AE6, 0x2AE7, 0x2AC6,
    0x2AC6, 0x2AA6, 0x2AA6, 0x2AA6, 0x2286, 0x2285, 0x2A86, 0x2AA6,
    0x2AC6, 0x4C0A, 0x5C8C, 0x5C8B, 0x5C8B, 0x5C8B, 0x5C8C, 0x5C6C,
    0x5C6C, 0x5C6C, 0x5C6B, 0x5C6B, 0x546B, 0x5C6B, 0x546B, 0x544B,
    0x5C6C, 0x5C8C, 0x5C8C, 0x5C6C, 0x5C6C, 0x5C6C, 0x5C6C, 0x5C6C,
    0x5C8C, 0x5C8C, 0x5C6C, 0x5C6B, 0x5C6B, 0x5C6B, 0x5C6C, 0x5C6B,
    0x546B, 0x5C6B, 0x546B, 0x546B, 0x546B, 0x546B, 0x544B, 0x544B,
    0x546B, 0x544B, 0x544B, 0x540B, 0x2AA6, 0x1162, 0x1143, 0x1143,
    0x1943, 0x1943, 0x1943, 0x1943, 0xFFFF, 0xFFFF, 0xFFFF, 0xFFFF,
    0xFFFF, 0xFFFF, 0xFFFF, 0xFFFF, 0xFFFF, 0xFFFF, 0xFFFF, 0xFFFF,
    0xFFFF, 0xFFFF, 0xFFFF, 0xFFFF, 0xFFFF, 0xFFFF, 0xFFFF, 0xFFFF,
    0xFFFF, 0xFFFF, 0xFFFF, 0xFFFF, 0xFFFF, 0xFFFF, 0xFFFF, 0xFFFF,
    0xFFFF, 0xFFFF, 0xFFFF, 0xFFFF, 0xFFFF, 0xFFFF, 0xFFFF, 0xFFFF,
    0xFFFF, 0xFFFF, 0xFFFF, 0xFFFF, 0xFFFF, 0xFFFE, 0x5289, 0x0000,
    0x1061, 0x10A2, 0x39E7, 0x2965, 0x1082, 0x1082, 0x1082, 0x39E7,
    0x52A9, 0x52AA, 0x5ACA, 0x5AEB, 0x39C6, 0x18E3, 0x2944, 0x2924,
    0x31A5, 0x6B2C, 0x6B2C, 0x630A, 0x4A68, 0x7BEE, 0xB5B5, 0x636D,
    0x6BCF, 0x324A, 0x42CC, 0x326B, 0x0926, 0x0906, 0x0948, 0x4B90,
    0x430E, 0x1187, 0x3208, 0x6BF0, 0x9D76, 0x532D, 0x3A8A, 0x42CC,
    0x9535, 0x7C72, 0x1987, 0x29E9, 0x6411, 0x434E, 0x11C8, 0x0968,
    0x00C5, 0x00A5, 0x222A, 0x6473, 0x228C, 0x1A4A, 0x328B, 0x9DB7,
    0xC679, 0xBE17, 0xBE17, 0xCE9A, 0x6B8E, 0x10E4, 0x21A7, 0x2A2A,
    0x4B6F, 0x11A8, 0x00E5, 0x1105, 0x3A6A, 0x73EF, 0x8C92, 0x73EF,
    0x2165, 0x6B8E, 0xD6BA, 0xA534, 0x18C3, 0x10A3, 0x2145, 0x3A08,
    0x634D, 0x7C10, 0x9D34, 0x94F3, 0x5B6D, 0x4B2D, 0x328B, 0x2A29,
    0x9535, 0x638E, 0x3A6A, 0x532C, 0x5B0B, 0xDEDA, 0xDEB9, 0xD677,
    0xDEB8, 0xDEB8, 0xE6D8, 0xE6F9, 0xEF1A, 0xEF1A, 0xE6F9, 0xE6F9,
    0xDE97, 0xE719, 0xFFFF, 0xA533, 0x0060, 0x08C3, 0x0904, 0x534E,
    0x6411, 0x8514, 0xB69A, 0x42EC, 0x0126, 0x19CA, 0x1189, 0x7493,
    0xBE7A, 0x84D2, 0x1944, 0x2965, 0x3186, 0x31A6, 0x31A6, 0x3185,
    0x3186, 0x3186, 0x3186, 0x3186, 0x31A6, 0x31A6, 0x3185, 0x3185,
    0x3185, 0x2965, 0x3186, 0x3186, 0x2965, 0x10A3, 0x52EB, 0xA5B6,
    0x6C50, 0x19A8, 0x2A0A, 0x1167, 0x222A, 0x4B4E, 0x4B0D, 0x4AEB,
    0x4ACA, 0x3A48, 0x29A5, 0x39E6, 0x39E6, 0x39E7, 0x39C6, 0x3185,
    0x2965, 0x2964, 0x2964, 0x31A5, 0x39C6, 0x39C6, 0x39C6, 0x39C6,
    0x39C6, 0x39E7, 0x39C6, 0x39C6, 0x39C7, 0x31A6, 0x31A6, 0x39C7,
    0x39C6, 0x39C7, 0x39C6, 0x31A6, 0x39C7, 0x39C6, 0x31A6, 0x31C6,
    0x31C6, 0x31C6, 0x39E7, 0x39E6, 0x39C6, 0x39C6, 0x31A6, 0x31A6,
    0x31A5, 0x31A6, 0x31C6, 0x31A6, 0x39C7, 0x39C7, 0x39E7, 0x39E7,
    0x31A6, 0x39C6, 0x39E7, 0x39C6, 0x31A6, 0x39C6, 0x39C6, 0x39E6,
    0x31A5, 0x3185, 0x31C6, 0x31A6, 0x31A6, 0x39E6, 0x39E7, 0x39E7,
    0x39C6, 0x31C6, 0x39C6, 0x31A6, 0x31A6, 0x39C6, 0x0861, 0x0040,
    0x1923, 0x29A6, 0x52EB, 0x8CF4, 0x6BF0, 0x1126, 0x0906, 0x1147,
    0x1167, 0x1127, 0x326C, 0x5C12, 0x1A09, 0x19A7, 0x42AB, 0xB618,
    0x636D, 0x4269, 0x3A28, 0x5B2C, 0xC659, 0x5B4D, 0x2165, 0x63AF,
    0x8492, 0x7C72, 0x428A, 0x2186, 0x8492, 0x9534, 0x6BEF, 0x6BEF,
    0xB618, 0x7C30, 0x0082, 0x08E4, 0x0925, 0x2229, 0x0967, 0x00C5,
    0x11A9, 0x19CA, 0x0927, 0x0064, 0x00A4, 0x1168, 0x11A9, 0x1189,
    0x19CA, 0x19EA, 0x11A8, 0x2A6B, 0x8556, 0x9DB7, 0x9576, 0xA5D8,
    0x9576, 0x7431, 0x63AF, 0x428B, 0x08E4, 0x08A3, 0x0862, 0x31A7,
    0x4A8A, 0x1904, 0x0882, 0x0882, 0x31A6, 0x528A, 0x2104, 0x0862,
    0x0862, 0x2986, 0x39E7, 0x10C3, 0x08A2, 0x0882, 0x39E8, 0x4249,
    0x10C3, 0x0882, 0x08A2, 0x39E8, 0x31E7, 0x08A2, 0x08A2, 0x10C4,
    0x3A49, 0x63CF, 0x6BF0, 0x7430, 0x7C92, 0x7C92, 0x7C92, 0x7CD3,
    0x53B0, 0x11A8, 0x0989, 0x11A9, 0x11A9, 0x0989, 0x0988, 0x0927,
    0x0947, 0x1989, 0x1148, 0x00E6, 0x0906, 0x0926, 0x1146, 0x1166,
    0x1186, 0x1186, 0x1187, 0x1987, 0x1187, 0x19A8, 0x19C9, 0x0947,
    0x0126, 0x19C8, 0x2A09, 0x3A8A, 0x5B6D, 0x636E, 0x4AAB, 0x31E7,
    0x2986, 0x39E7, 0x4A69, 0x4A48, 0x4228, 0x39E7, 0x31A6, 0x39C7,
    0x39C7, 0x2944, 0x2124, 0x39C7, 0x3185, 0x31A6, 0x31C6, 0x3A08,
    0x3A69, 0x4289, 0x52EB, 0x532C, 0x5B4D, 0x4AEA, 0x8490, 0xAE15,
    0x8CD1, 0x9D53, 0xBE98, 0xBE58, 0x6C51, 0x3AEC, 0x32CB, 0x2A6A,
    0x32AA, 0x328A, 0x32AA, 0x430B, 0x4B6B, 0x3B08, 0x2AE7, 0x2AE7,
    0x2AE6, 0x2AE6, 0x2AE6, 0x2AC6, 0x2AC6, 0x2AC6, 0x2AA6, 0x2AA6,
    0x2285, 0x2285, 0x2AA6, 0x2AA6, 0x2AE6, 0x4C2A, 0x5CAC, 0x5C6B,
    0x548B, 0x548B, 0x5C8B, 0x5C6B, 0x546B, 0x5C6B, 0x5C6C, 0x5C6C,
    0x5C6B, 0x5C6C, 0x5C6B, 0x544B, 0x5C6C, 0x5C6B, 0x5C6C, 0x5C6C,
    0x5C6C, 0x5C6C, 0x5C6C, 0x5C6C, 0x5C6B, 0x5C6B, 0x5C6B, 0x5C6B,
    0x5C6B, 0x546B, 0x546C, 0x544B, 0x544B, 0x5C6B, 0x546B, 0x546B,
    0x546B, 0x544B, 0x544B, 0x544B, 0x544B, 0x544B, 0x542A, 0x540A,
    0x2AA6, 0x1162, 0x1143, 0x1143, 0x1143, 0x1943, 0x1943, 0x1943,
    0xFFFF, 0xFFFF, 0xFFFF, 0xFFFF, 0xFFFF, 0xFFFF, 0xFFFF, 0xFFFF,
    0xFFFF, 0xFFFF, 0xFFFF, 0xFFFF, 0xFFFF, 0xFFFF, 0xFFFF, 0xFFFF,
    0xFFFF, 0xFFFF, 0xFFFF, 0xFFFF, 0xFFFF, 0xFFFF, 0xFFFF, 0xFFFF,
    0xFFFF, 0xFFFF, 0xFFFF, 0xFFFF, 0xFFFF, 0xFFFF, 0xFFFF, 0xFFFF,
    0xFFFF, 0xFFFF, 0xFFFF, 0xFFFF, 0xFFFF, 0xFFFF, 0xFFFF, 0xFFFF,
    0xFFFF, 0xFFFE, 0x5AA9, 0x0000, 0x1061, 0x10A2, 0x39C7, 0x2945,
    0x1082, 0x0861, 0x1082, 0x39E7, 0x52AA, 0x52AA, 0x52A9, 0x52AA,
    0x39C6, 0x18E3, 0x2124, 0x2103, 0x2124, 0x39E7, 0x5289, 0x630B,
    0x6B2B, 0x840F, 0x94B1, 0x94D2, 0x7C51, 0x6BF0, 0x4B0D, 0x21E9,
    0x11A8, 0x0947, 0x0927, 0x4B6F, 0x3B0E, 0x1146, 0x3249, 0x63CF,
    0x6C31, 0x42CC, 0x532D, 0x4B0C, 0x7CB3, 0x63F0, 0x19A7, 0x21E9,
    0x6452, 0x3B2E, 0x11C9, 0x1A0A, 0x19A9, 0x1188, 0x32CD, 0x6CD5,
    0x330E, 0x3B0D, 0x6411, 0x6C10, 0x6BEF, 0x7C31, 0x9514, 0x8471,
    0x3A49, 0x4B0D, 0x5BB0, 0x3B0D, 0x3B0D, 0x0946, 0x00A4, 0x08C4,
    0x00A3, 0x0062, 0x0082, 0x0062, 0x0082, 0x1945, 0x634C, 0x52EA,
    0x0061, 0x0041, 0x08A3, 0x1925, 0x1945, 0x428A, 0x8492, 0x9D75,
    0x8CD3, 0x6C10, 0x7C92, 0x534D, 0x3249, 0x4AEB, 0x6BEF, 0x8492,
    0x8CD1, 0xAD74, 0xA512, 0x9CF1, 0x9CF1, 0x9CB0, 0x8C4E, 0x6B6B,
    0x632B, 0x6B6B, 0x6B6C, 0x736B, 0x840D, 0xB593, 0xD698, 0x94F2,
    0x638D, 0x63AE, 0x7C72, 0x8D35, 0x7CB3, 0x9DB7, 0x8D55, 0x32AB,
    0x32CD, 0x222B, 0x1189, 0x74B3, 0xBE9A, 0x84D2, 0x1944, 0x2985,
    0x2965, 0x3186, 0x31A6, 0x31A6, 0x2965, 0x2965, 0x3186, 0x2965,
    0x2945, 0x3186, 0x3185, 0x2965, 0x2945, 0x2965, 0x2965, 0x3185,
    0x2965, 0x08A2, 0x530C, 0xA5B6, 0x7C91, 0x1166, 0x0927, 0x19C9,
    0x19C8, 0x1167, 0x1146, 0x1125, 0x3207, 0x3227, 0x29A5, 0x39C6,
    0x39C6, 0x39E7, 0x39C6, 0x3185, 0x3185, 0x3185, 0x3185, 0x2964,
    0x31A6, 0x39E7, 0x31A6, 0x31A6, 0x31A6, 0x39C6, 0x39C6, 0x39E6,
    0x39C6, 0x39C6, 0x39C6, 0x39E7, 0x39C6, 0x31A6, 0x3185, 0x31A6,
    0x31A6, 0x39C6, 0x39C7, 0x39E7, 0x39E7, 0x31C6, 0x39C6, 0x4207,
    0x39E7, 0x39E7, 0x39E6, 0x31A5, 0x31A6, 0x39C6, 0x39E7, 0x39C7,
    0x39E7, 0x39C6, 0x39E7, 0x39C6, 0x31A6, 0x31A6, 0x39C6, 0x39C6,
    0x31A6, 0x39C6, 0x39C6, 0x31A6, 0x3185, 0x3185, 0x31A6, 0x39E7,
    0x39C6, 0x3A07, 0x39E7, 0x31C6, 0x31A6, 0x31A6, 0x39C6, 0x39E7,
    0x39C6, 0x39C6, 0x18C2, 0x2965, 0x31E7, 0x08E3, 0x00A2, 0x29E8,
    0x4B0D, 0x19A8, 0x0906, 0x1147, 0x1147, 0x0927, 0x2A4B, 0x5C11,
    0x11A7, 0x21C8, 0x42AB, 0x7430, 0x3A69, 0x52CB, 0x4A8A, 0x5AEB,
    0x94F3, 0x2165, 0x1965, 0x4ACC, 0x4AEC, 0x532D, 0x21C7, 0x29E7,
    0x7C71, 0x7430, 0x7430, 0x84B2, 0xBE59, 0x84B2, 0x29E8, 0x21E8,
    0x5BF0, 0x538F, 0x1187, 0x11A9, 0x21EA, 0x220B, 0x220A, 0x19C9,
    0x19E9, 0x19EA, 0x19CA, 0x1A0A, 0x1A0A, 0x222B, 0x1168, 0x3AAC,
    0x95B7, 0xA638, 0xB679, 0x84F3, 0x4AEB, 0x3A49, 0x3228, 0x2145,
    0x0882, 0x0862, 0x0041, 0x31A7, 0x5ACB, 0x1904, 0x0841, 0x0861,
    0x31C6, 0x52AA, 0x1904, 0x0841, 0x0041, 0x31A7, 0x4A89, 0x18C3,
    0x0841, 0x0861, 0x31E7, 0x4228, 0x10A2, 0x0041, 0x1082, 0x39E7,
    0x31C6, 0x0882, 0x0861, 0x0882, 0x2166, 0x3208, 0x3208, 0x31E7,
    0x31E7, 0x428A, 0x7471, 0x8D55, 0x7493, 0x19E9, 0x0968, 0x0989,
    0x0968, 0x0948, 0x0927, 0x0947, 0x1989, 0x1168, 0x0927, 0x0947,
    0x2A4A, 0x63F1, 0x6C52, 0x6C31, 0x7472, 0x7C93, 0x7C93, 0x7C93,
    0x6C52, 0x42ED, 0x1167, 0x0926, 0x1167, 0x1988, 0x4B2E, 0x8CD4,
    0xA5B7, 0xA5D7, 0xA596, 0x8491, 0x7C30, 0x94B2, 0x94F3, 0xA534,
    0x94D2, 0x9CF3, 0xCE78, 0xCE99, 0xC617, 0xA533, 0x4A89, 0x10E3,
    0x2986, 0x29C7, 0x3A49, 0x4B2D, 0x430D, 0x3ACC, 0x3ACB, 0x430D,
    0x32CB, 0x430D, 0x640F, 0x536C, 0x1985, 0x63CE, 0xBE78, 0xB617,
    0x3ACB, 0x00C4, 0x00E4, 0x00E5, 0x00E5, 0x00E4, 0x00E4, 0x0924,
    0x19E5, 0x32C7, 0x2AC7, 0x2AE6, 0x2AE6, 0x2AE7, 0x2AE7, 0x2AE6,
    0x2AC6, 0x2AA6, 0x2AA6, 0x2AA6, 0x22A6, 0x2AA6, 0x2AA6, 0x2AA6,
    0x2AE6, 0x4C0A, 0x5C8C, 0x5C6B, 0x5C8B, 0x546B, 0x546B, 0x5C6B,
    0x546B, 0x546B, 0x5C6B, 0x5C6B, 0x5C6B, 0x5C8C, 0x5C8C, 0x5C6C,
    0x5C6C, 0x5C8C, 0x5C8C, 0x5C8C, 0x5C8C, 0x5C8C, 0x5C8D, 0x64AD,
    0x64CD, 0x64AD, 0x5C6C, 0x5C4B, 0x5C6C, 0x5C6C, 0x5C6C, 0x544B,
    0x544B, 0x544B, 0x544B, 0x544B, 0x544B, 0x544B, 0x544B, 0x542B,
    0x542B, 0x4C2A, 0x4C2A, 0x540A, 0x2AA6, 0x1162, 0x1143, 0x1143,
    0x1123, 0x1943, 0x1943, 0x1943, 0xFFFF, 0xFFFF, 0xFFFF, 0xFFFF,
    0xFFFF, 0xFFFF, 0xFFFF, 0xFFFF, 0xFFFF, 0xFFFF, 0xFFFF, 0xFFFF,
    0xFFFF, 0xFFFF, 0xFFFF, 0xFFFF, 0xFFFF, 0xFFFF, 0xFFFF, 0xFFFF,
    0xFFFF, 0xFFFF, 0xFFFF, 0xFFFF, 0xFFFF, 0xFFFF, 0xFFFF, 0xFFFF,
    0xFFFF, 0xFFFF, 0xFFFF, 0xFFFF, 0xFFFF, 0xFFFF, 0xFFFF, 0xFFFF,
    0xFFFF, 0xFFFF, 0xFFFF, 0xFFFF, 0xFFFF, 0xFFDE, 0x5AA9, 0x0000,
    0x0841, 0x0861, 0x31A7, 0x2965, 0x0861, 0x0861, 0x1082, 0x2124,
    0x2965, 0x2985, 0x2985, 0x3185, 0x2944, 0x1082, 0x1082, 0x1081,
    0x0841, 0x0861, 0x10C2, 0x2123, 0x52CA, 0x73AD, 0x5B2C, 0x638D,
    0x7410, 0x7C72, 0x534D, 0x19A7, 0x11A7, 0x19A9, 0x0948, 0x32AD,
    0x32CD, 0x0926, 0x322A, 0x4B0D, 0x3A8B, 0x21E9, 0x2A09, 0x2209,
    0x2A2A, 0x2A4B, 0x2209, 0x11A8, 0x53B0, 0x330D, 0x11E9, 0x1A0A,
    0x19EA, 0x19EA, 0x1A2A, 0x330E, 0x1A4B, 0x1209, 0x4B6E, 0x7493,
    0x63F0, 0x6C10, 0x6BF0, 0x4B0C, 0x326A, 0x328B, 0x224A, 0x222A,
    0x32AC, 0x1187, 0x1947, 0x1946, 0x1967, 0x1987, 0x1987, 0x1987,
    0x1966, 0x08E4, 0x3A48, 0x5B4B, 0x1923, 0x0061, 0x10E4, 0x1105,
    0x08E4, 0x00A3, 0x29C7, 0x7C30, 0xA596, 0xB5F7, 0xB617, 0xB5F8,
    0xADD7, 0xB618, 0xBE79, 0xCEDB, 0xE75B, 0xE73B, 0xDEFA, 0xDEFA,
    0xE71A, 0xDED9, 0xBDF5, 0x6B6B, 0x2164, 0x4AA9, 0x73CD, 0x634B,
    0xA512, 0xDEF9, 0xDEFA, 0xE75B, 0xE75C, 0xD6FB, 0xCF1C, 0xCF1C,
    0xAE59, 0x7472, 0x2A29, 0x32AB, 0x5C12, 0x3AEE, 0x11C9, 0x74B4,
    0xBEBA, 0x8CF2, 0x2165, 0x2965, 0x2965, 0x3186, 0x3186, 0x2986,
    0x2965, 0x2965, 0x2965, 0x2945, 0x2965, 0x3186, 0x2965, 0x2945,
    0x2144, 0x2144, 0x2945, 0x3185, 0x3186, 0x10A2, 0x5B4C, 0xADF6,
    0x7CB2, 0x1186, 0x1167, 0x21E9, 0x11A8, 0x1168, 0x1988, 0x3229,
    0x9514, 0x8CB2, 0x31E7, 0x31A6, 0x3186, 0x39C6, 0x4207, 0x2985,
    0x2964, 0x3185, 0x3184, 0x2964, 0x31C6, 0x39E6, 0x39C6, 0x31A6,
    0x39C6, 0x39C6, 0x31A6, 0x31A6, 0x31C6, 0x39E6, 0x39C6, 0x39C6,
    0x39C6, 0x39C6, 0x31C6, 0x39C6, 0x31A6, 0x31A6, 0x39C6, 0x39E7,
    0x39C7, 0x31A6, 0x39C6, 0x39C6, 0x39C6, 0x39C6, 0x39E7, 0x39E7,
    0x31A6, 0x39C6, 0x39E7, 0x31A6, 0x31A6, 0x39C7, 0x39E7, 0x31A6,
    0x31C6, 0x31A6, 0x3185, 0x31A5, 0x31A6, 0x31A6, 0x39C6, 0x31A6,
    0x31A6, 0x3185, 0x3185, 0x39C6, 0x31A6, 0x39C7, 0x39C6, 0x39C6,
    0x31C6, 0x39C6, 0x39E7, 0x31C6, 0x31A6, 0x39C6, 0x2944, 0x5B2C,
    0x5B2C, 0x21C6, 0x1965, 0x1966, 0x21A8, 0x19A8, 0x0926, 0x1147,
    0x1147, 0x00E6, 0x2A4B, 0x6C93, 0x2A6B, 0x21E8, 0x4AEB, 0x3A69,
    0x21A7, 0x29C7, 0x29A6, 0x31E8, 0x4AAB, 0x3208, 0x2A08, 0x1987,
    0x00A3, 0x1145, 0x3249, 0x5B8E, 0x63AE, 0x42CA, 0x7430, 0x8D14,
    0x9514, 0x9D75, 0x84B2, 0x42EC, 0x6C72, 0x7D15, 0x222A, 0x11A8,
    0x1A0A, 0x224C, 0x2A6C, 0x2A8C, 0x226C, 0x222B, 0x2A8D, 0x2A6C,
    0x220A, 0x19A9, 0x00A4, 0x3AAC, 0xA5F8, 0xB659, 0x6C10, 0x0082,
    0x0000, 0x0000, 0x0000, 0x0020, 0x0020, 0x0020, 0x0020, 0x0862,
    0x10A2, 0x0020, 0x0020, 0x0020, 0x0841, 0x1082, 0x0020, 0x0020,
    0x0000, 0x0861, 0x1082, 0x0020, 0x0000, 0x0000, 0x0021, 0x0040,
    0x0000, 0x0000, 0x0000, 0x0841, 0x0020, 0x0000, 0x0020, 0x0020,
    0x0000, 0x0000, 0x0000, 0x0000, 0x0000, 0x0000, 0x21A7, 0x84D3,
    0x7CB3, 0x2209, 0x0968, 0x0148, 0x0948, 0x0927, 0x0947, 0x1189,
    0x1148, 0x0106, 0x0927, 0x0947, 0x1187, 0x326B, 0x2A2A, 0x19A7,
    0x1987, 0x1987, 0x1987, 0x1987, 0x1146, 0x00E4, 0x00C5, 0x1167,
    0x1167, 0x1147, 0x1146, 0x1146, 0x1146, 0x1966, 0x29E7, 0x3228,
    0x3207, 0x2165, 0x1103, 0x2165, 0x2986, 0x3A28, 0x8450, 0xA512,
    0xAD52, 0xA533, 0x3A07, 0x0882, 0x1946, 0x1166, 0x1167, 0x0967,
    0x0967, 0x0147, 0x0167, 0x0167, 0x0167, 0x0988, 0x0167, 0x0125,
    0x00E4, 0x536E, 0xB658, 0xA5B5, 0x328A, 0x0967, 0x0988, 0x0988,
    0x1188, 0x0968, 0x0967, 0x1187, 0x19E7, 0x2AC8, 0x2AC7, 0x2AE7,
    0x2B07, 0x2AE7, 0x2AE7, 0x2AE7, 0x2AC6, 0x2AC6, 0x2AC6, 0x2AA6,
    0x2AA6, 0x2AA6, 0x2AC6, 0x2AC6, 0x2AE6, 0x4C0A, 0x5C8C, 0x5C6B,
    0x546B, 0x546B, 0x546B, 0x546B, 0x546B, 0x544B, 0x546B, 0x544B,
    0x5C6B, 0x5C8C, 0x5C8C, 0x648C, 0x5C6C, 0x4BEA, 0x43C9, 0x3B48,
    0x2AC7, 0x2AE7, 0x3B89, 0x542B, 0x648D, 0x6CCE, 0x7D50, 0x6CEE,
    0x5C6C, 0x5C4C, 0x5C6C, 0x544B, 0x544B, 0x544B, 0x542B, 0x542A,
    0x542B, 0x542B, 0x542B, 0x542B, 0x4C2A, 0x4C2A, 0x4C2A, 0x4C0A,
    0x2AA5, 0x1162, 0x1122, 0x1122, 0x1123, 0x1123, 0x1943, 0x1943,
    0xFFFF, 0xFFFF, 0xFFFF, 0xFFFF, 0xFFFF, 0xFFFF, 0xFFFF, 0xFFFF,
    0xFFFF, 0xFFFF, 0xFFFF, 0xFFFF, 0xFFFF, 0xFFFF, 0xFFFF, 0xFFFF,
    0xFFFF, 0xFFFF, 0xFFFF, 0xFFFF, 0xFFFF, 0xFFFF, 0xFFFF, 0xFFFF,
    0xFFFF, 0xFFFF, 0xFFFF, 0xFFFF, 0xFFFF, 0xFFFF, 0xFFFF, 0xFFFF,
    0xFFFF, 0xFFFF, 0xFFFF, 0xFFFF, 0xFFFF, 0xFFFF, 0xFFFF, 0xFFFF,
    0xFFFF, 0xFFFF, 0x5AA9, 0x0000, 0x1081, 0x0861, 0x2104, 0x18E3,
    0x0861, 0x0861, 0x0861, 0x0841, 0x0841, 0x0841, 0x0840, 0x0841,
    0x0861, 0x1082, 0x1082, 0x0861, 0x0841, 0x1082, 0x10A2, 0x1903,
    0x2124, 0x1903, 0x29A6, 0x31E7, 0x29E8, 0x4AEC, 0x7C92, 0x63F0,
    0x21E9, 0x1188, 0x19C9, 0x32AD, 0x224B, 0x0126, 0x1147, 0x1147,
    0x1988, 0x1188, 0x1168, 0x1188, 0x1188, 0x1988, 0x0926, 0x19A8,
    0x5BD0, 0x32ED, 0x09C9, 0x1A0A, 0x224B, 0x1A0A, 0x1A2B, 0x3B4F,
    0x1A2A, 0x0988, 0x1188, 0x1187, 0x1166, 0x19C8, 0x1146, 0x1166,
    0x21E9, 0x19C8, 0x19A8, 0x328C, 0x4B4F, 0x19A8, 0x0926, 0x1126,
    0x1126, 0x0946, 0x1166, 0x1166, 0x1166, 0x21C7, 0x6BCE, 0xA553,
    0x844F, 0x08A1, 0x08C3, 0x1125, 0x1146, 0x0926, 0x00A3, 0x1945,
    0x52EC, 0x6BCF, 0x7C30, 0x8471, 0x8472, 0x8492, 0x8492, 0x94F3,
    0xADB6, 0xBE18, 0xBE17, 0xD6FA, 0xEF9D, 0xF7BD, 0xEF7D, 0xC658,
    0x8491, 0x7C91, 0x8CF2, 0xADD6, 0xDF3B, 0xE75C, 0xE77C, 0xEF7D,
    0xA575, 0x63AE, 0xAE18, 0xB679, 0x4B2C, 0x19C7, 0x1187, 0x00E5,
    0x1187, 0x0968, 0x19EA, 0x7CD4, 0xC6BA, 0x9513, 0x2165, 0x2965,
    0x2965, 0x2965, 0x2965, 0x31A6, 0x3186, 0x3186, 0x2965, 0x2965,
    0x2965, 0x2985, 0x31A6, 0x2965, 0x2965, 0x2945, 0x2985, 0x31A6,
    0x31A6, 0x10E3, 0x636D, 0xADD6, 0x7CB2, 0x1186, 0x1167, 0x19E9,
    0x11A8, 0x1168, 0x2A0A, 0x536E, 0x9514, 0x7C50, 0x31C6, 0x39C6,
    0x39A6, 0x39C6, 0x4227, 0x39E7, 0x2944, 0x2964, 0x3164, 0x31A5,
    0x39E6, 0x39E7, 0x39C7, 0x31A6, 0x39C7, 0x39C7, 0x31A6, 0x39C6,
    0x39C6, 0x39E6, 0x39E6, 0x3185, 0x31A6, 0x39E6, 0x3A07, 0x39E7,
    0x39C6, 0x39C6, 0x31A6, 0x39C6, 0x39E7, 0x31C6, 0x39E7, 0x39C6,
    0x39C6, 0x31C6, 0x39C6, 0x39C6, 0x39C6, 0x39C6, 0x39C7, 0x39C6,
    0x31A6, 0x39C7, 0x39C6, 0x31A6, 0x3185, 0x2985, 0x3185, 0x3185,
    0x3185, 0x39C6, 0x39C6, 0x31C6, 0x3186, 0x3185, 0x3185, 0x3185,
    0x3185, 0x31A6, 0x39C6, 0x31A6, 0x39C7, 0x39C7, 0x39C6, 0x31A6,
    0x31A6, 0x3185, 0x10C3, 0x29C6, 0x1144, 0x0904, 0x2187, 0x1987,
    0x19A9, 0x11A8, 0x0926, 0x1127, 0x1147, 0x1167, 0x2A2A, 0x6C31,
    0x8514, 0x8D14, 0x8CF3, 0x8D14, 0x8CD3, 0x530C, 0x4ACB, 0x84B2,
    0x8CF3, 0x8CF3, 0x84D3, 0x7451, 0x534D, 0x7451, 0x9D75, 0x8D13,
    0x7450, 0x7CB2, 0x6C10, 0x7430, 0x9514, 0x9D75, 0x9534, 0x8D14,
    0x8514, 0x6C31, 0x4B4E, 0x538F, 0x4B4E, 0x2A6B, 0x2A6C, 0x2A6C,
    0x226C, 0x2AAD, 0x2A8C, 0x222B, 0x19A9, 0x00C5, 0x1147, 0x8D36,
    0xC6DB, 0xA5D7, 0x21A6, 0x0000, 0x0041, 0x0021, 0x0020, 0x0020,
    0x0020, 0x0020, 0x0020, 0x0020, 0x0020, 0x0020, 0x0020, 0x0020,
    0x0020, 0x0020, 0x0020, 0x0021, 0x0020, 0x0020, 0x0020, 0x0020,
    0x0841, 0x0020, 0x0841, 0x0841, 0x0841, 0x0841, 0x0841, 0x0841,
    0x0841, 0x0841, 0x0841, 0x0841, 0x0861, 0x0861, 0x0861, 0x1082,
    0x1082, 0x0861, 0x1904, 0x7430, 0x7CB2, 0x2209, 0x0947, 0x0107,
    0x0927, 0x1168, 0x1188, 0x1168, 0x0106, 0x11A8, 0x6412, 0x7494,
    0x7C93, 0x84D4, 0x5BD0, 0x3ACC, 0x536E, 0x5BAF, 0x63D0, 0x63F0,
    0x6C10, 0x6C11, 0x534E, 0x21E9, 0x0946, 0x00E5, 0x00C4, 0x08C4,
    0x21C8, 0x5BCF, 0x8D14, 0x9D75, 0x9534, 0x7C30, 0x3207, 0x10E3,
    0x08C3, 0x08C3, 0x31C6, 0x630A, 0x738A, 0x5AE9, 0x2143, 0x08C3,
    0x0905, 0x1167, 0x11A9, 0x09A9, 0x09A9, 0x09A9, 0x09A9, 0x09A9,
    0x0989, 0x0989, 0x0988, 0x11A9, 0x0127, 0x53AF, 0xB679, 0xA5B6,
    0x3ACB, 0x11C9, 0x11C9, 0x11C9, 0x11CA, 0x11A9, 0x11A9, 0x19C8,
    0x2228, 0x32E9, 0x2AE7, 0x2AE7, 0x2AE7, 0x2AE7, 0x2AE7, 0x2AE7,
    0x2AC6, 0x2AC6, 0x2AC6, 0x2AA6, 0x2AA6, 0x2AA6, 0x2AA6, 0x2AC6,
    0x3307, 0x4C2B, 0x5C8C, 0x5C6B, 0x546B, 0x546B, 0x546B, 0x546B,
    0x544B, 0x544B, 0x544B, 0x544B, 0x5C6B, 0x5C6C, 0x542B, 0x4389,
    0x2AC6, 0x5C2C, 0x9DD4, 0x9553, 0x7C90, 0x5BCC, 0x4329, 0x32C7,
    0x32E7, 0x32E7, 0x4B8A, 0x750F, 0x8571, 0x6CEF, 0x5C8D, 0x5C6C,
    0x5C6C, 0x544B, 0x542B, 0x542B, 0x544B, 0x544B, 0x4C2A, 0x4C2A,
    0x4C0A, 0x4C2A, 0x4C0A, 0x4BEA, 0x2285, 0x1182, 0x1122, 0x1122,
    0x1123, 0x1123, 0x1943, 0x1943, 0xFFFF, 0xFFFF, 0xFFFF, 0xFFFF,
    0xFFFF, 0xFFFF, 0xFFFF, 0xFFFF, 0xFFFF, 0xFFFF, 0xFFFF, 0xFFFF,
    0xFFFF, 0xFFFF, 0xFFFF, 0xFFFF, 0xFFFF, 0xFFFF, 0xFFFF, 0xFFFF,
    0xFFFF, 0xFFFF, 0xFFFF, 0xFFFF, 0xFFFF, 0xFFFF, 0xFFFF, 0xFFFF,
    0xFFFF, 0xFFFF, 0xFFFF, 0xFFFF, 0xFFFF, 0xFFFF, 0xFFFF, 0xFFFF,
    0xFFFF, 0xFFFF, 0xFFFF, 0xFFFF, 0xFFFF, 0xFFFF, 0xB5B6, 0x0841,
    0x0000, 0x0000, 0x0000, 0x0000, 0x0000, 0x0000, 0x0000, 0x0000,
    0x0000, 0x0841, 0x0841, 0x0841, 0x1062, 0x18E3, 0x2124, 0x18E3,
    0x18E3, 0x3165, 0x3186, 0x3A08, 0x39E7, 0x18E3, 0x10C2, 0x10E4,
    0x1125, 0x08E4, 0x21C8, 0x6C11, 0x6C11, 0x19C8, 0x11A8, 0x4B90,
    0x2AAC, 0x00E6, 0x21CA, 0x29EA, 0x1968, 0x1168, 0x1168, 0x1968,
    0x0906, 0x1126, 0x1126, 0x2A2A, 0x6411, 0x3B0D, 0x11C8, 0x434F,
    0x6C73, 0x5C32, 0x3B2E, 0x5412, 0x2AAC, 0x09A8, 0x1168, 0x0106,
    0x00E4, 0x08E4, 0x08E4, 0x08C4, 0x0905, 0x1146, 0x42CC, 0x84F4,
    0x9D96, 0x7C92, 0x63CF, 0x63AF, 0x63AF, 0x63CF, 0x63EF, 0x5BAF,
    0x5B8E, 0x7410, 0xC658, 0xEFBD, 0xA533, 0x0881, 0x08C4, 0x1146,
    0x1126, 0x0905, 0x08C4, 0x00A3, 0x00A3, 0x08C4, 0x08C3, 0x00A3,
    0x00A3, 0x08A3, 0x08A3, 0x08C3, 0x1104, 0x1104, 0x3A49, 0xA575,
    0xA575, 0x94D2, 0x8471, 0x7C30, 0x6BCF, 0x7430, 0x8D13, 0xA595,
    0xAD96, 0xA554, 0xADD6, 0xD6FB, 0x9514, 0x0924, 0x21E8, 0x2A09,
    0x1167, 0x222A, 0x222A, 0x0906, 0x00C5, 0x1188, 0x220A, 0x7CD4,
    0xC6FB, 0x94F3, 0x2165, 0x2986, 0x2945, 0x2124, 0x3185, 0x3186,
    0x2965, 0x2985, 0x2985, 0x2965, 0x2945, 0x3165, 0x3186, 0x3185,
    0x3186, 0x3186, 0x2965, 0x2965, 0x2985, 0x1924, 0x740F, 0xB617,
    0x7C92, 0x1186, 0x1167, 0x19EA, 0x11A9, 0x1167, 0x1988, 0x19C8,
    0x534D, 0x8471, 0x31E6, 0x31C6, 0x31A6, 0x31A6, 0x39E6, 0x4207,
    0x31C6, 0x3185, 0x31A6, 0x39C6, 0x31A6, 0x39C6, 0x39E7, 0x31C6,
    0x39C6, 0x39C6, 0x31C6, 0x39E7, 0x39E7, 0x39C6, 0x39E6, 0x39E6,
    0x39C6, 0x39C6, 0x31A6, 0x39C6, 0x39E7, 0x31C6, 0x39C6, 0x39C6,
    0x39C6, 0x31A6, 0x39C6, 0x39E7, 0x39C6, 0x39C6, 0x31C6, 0x39C6,
    0x39C6, 0x39E6, 0x39E7, 0x39E7, 0x31C6, 0x39E6, 0x39E6, 0x39E6,
    0x39E6, 0x31C6, 0x39E7, 0x39C6, 0x31A6, 0x39C6, 0x31A6, 0x31C6,
    0x39C6, 0x39C6, 0x39C6, 0x39E7, 0x31A6, 0x39C6, 0x39C6, 0x31A6,
    0x39C7, 0x31A6, 0x39C6, 0x39C6, 0x39C6, 0x3185, 0x1904, 0x3A49,
    0x3A69, 0x0904, 0x00A3, 0x1106, 0x1188, 0x1188, 0x0926, 0x0906,
    0x2A2A, 0x7C93, 0xADD8, 0xC6BA, 0xCF1C, 0xCEDB, 0xB638, 0xB618,
    0xB638, 0xB638, 0xB617, 0xB617, 0xB638, 0xB618, 0xB618, 0xADD7,
    0xA5D7, 0xB638, 0xC69A, 0xCEFB, 0xC6B9, 0xB658, 0xB659, 0xC6DB,
    0xD71B, 0xCEFB, 0xCEDB, 0xD6FB, 0xCEFB, 0xCEDB, 0xCEFB, 0xCEFB,
    0xBEBA, 0x7493, 0x222A, 0x222A, 0x224B, 0x224B, 0x220A, 0x1168,
    0x00C6, 0x0927, 0x2A0A, 0x9DD8, 0xC6BB, 0x9D95, 0x2186, 0x08A2,
    0x18E3, 0x18E3, 0x20E3, 0x18E3, 0x2104, 0x2104, 0x2104, 0x2104,
    0x2104, 0x2104, 0x2104, 0x2104, 0x2924, 0x2124, 0x2104, 0x2104,
    0x2124, 0x2124, 0x2124, 0x2124, 0x2104, 0x2945, 0x2945, 0x2125,
    0x2124, 0x2124, 0x2945, 0x2945, 0x2965, 0x2945, 0x2124, 0x2124,
    0x2945, 0x2965, 0x2945, 0x2944, 0x2945, 0x18C3, 0x1925, 0x7410,
    0x7493, 0x2209, 0x0947, 0x0907, 0x0927, 0x19A9, 0x0968, 0x0927,
    0x1188, 0x4B4F, 0x8D36, 0x9DB8, 0x9DD8, 0x8D35, 0x63F0, 0x430D,
    0x6411, 0x9D97, 0xB65A, 0xB639, 0xB659, 0xC6BB, 0xB639, 0x42CC,
    0x0926, 0x1987, 0x19A7, 0x42AB, 0x8D14, 0xB658, 0xBE79, 0xBE79,
    0xC679, 0xC679, 0x9D54, 0x42AA, 0x4AEB, 0x29C7, 0x2144, 0x6B09,
    0x7348, 0x7349, 0x41E5, 0x08A2, 0x1125, 0x3ACD, 0x3B0E, 0x1A2A,
    0x11A9, 0x09A9, 0x0989, 0x0989, 0x0988, 0x0989, 0x0989, 0x0989,
    0x0127, 0x5BD0, 0xB679, 0xAE17, 0x4B2D, 0x11EA, 0x120A, 0x11EA,
    0x11EA, 0x11CA, 0x11CA, 0x19E9, 0x2269, 0x32E9, 0x32E7, 0x32E7,
    0x2AE7, 0x2AE7, 0x2AE7, 0x2AE7, 0x2AC6, 0x2AC6, 0x2AC6, 0x2AA6,
    0x2AA6, 0x2AA6, 0x2AC6, 0x2AC6, 0x3307, 0x542B, 0x5C8C, 0x546B,
    0x546B, 0x546B, 0x546B, 0x546B, 0x544B, 0x544B, 0x544B, 0x544B,
    0x540B, 0x4BEA, 0x540C, 0x2A66, 0x0983, 0x9DB4, 0xFFFF, 0xFFFF,
    0xFFFF, 0xFFFF, 0xE7BD, 0xBEB8, 0xC719, 0xCF3A, 0x8D52, 0x3B09,
    0x3B08, 0x648D, 0x750F, 0x6CCE, 0x648D, 0x5C8C, 0x5C6B, 0x544B,
    0x4C2A, 0x4C2B, 0x4C2A, 0x4C0A, 0x4C0A, 0x4C0A, 0x4C0A, 0x43C9,
    0x2285, 0x1182, 0x1143, 0x1122, 0x1123, 0x1123, 0x1943, 0x1943,
    0xFFFF, 0xFFFF, 0xFFFF, 0xFFFF, 0xFFFF, 0xFFFF, 0xFFFF, 0xFFFF,
    0xFFFF, 0xFFFF, 0xFFFF, 0xFFFF, 0xFFFF, 0xFFFF, 0xFFFF, 0xFFFF,
    0xFFFF, 0xFFFF, 0xFFFF, 0xFFFF, 0xFFFF, 0xFFFF, 0xFFFF, 0xFFFF,
    0xFFFF, 0xFFFF, 0xFFFF, 0xFFFF, 0xFFFF, 0xFFFF, 0xFFFF, 0xFFFF,
    0xFFFF, 0xFFFF, 0xFFFF, 0xFFFF, 0xFFFF, 0xFFFF, 0xFFFF, 0xFFFF,
    0xFFFF, 0xFFFF, 0xFFFF, 0xBDF7, 0x5ACB, 0x4208, 0x39C7, 0x41E7,
    0x4228, 0x31A6, 0x3185, 0x3186, 0x3186, 0x10A2, 0x0000, 0x0861,
    0x2945, 0x3186, 0x31A6, 0x3185, 0x4228, 0x73AE, 0x73AE, 0x6B4D,
    0x4228, 0x18E3, 0x2145, 0x2165, 0x1945, 0x10E5, 0x08E4, 0x324A,
    0x7CB3, 0x5BF0, 0x19E9, 0x4B6F, 0x434E, 0x1167, 0x29EA, 0x1968,
    0x00A4, 0x00A4, 0x0083, 0x08C4, 0x08C5, 0x0083, 0x08E4, 0x1946,
    0x63D0, 0x432D, 0x11C8, 0x220A, 0x2A6B, 0x2A6B, 0x32CC, 0x5C32,
    0x228C, 0x11C9, 0x1167, 0x08E5, 0x00A3, 0x0062, 0x0041, 0x1105,
    0x10E4, 0x0083, 0x29C8, 0x7410, 0xADD7, 0x9D96, 0x9D75, 0x9D54,
    0x9D34, 0x9534, 0x9534, 0x9534, 0x9D55, 0x9514, 0xA554, 0xBE37,
    0x5B0B, 0x1904, 0x1925, 0x08E5, 0x1147, 0x21E9, 0x19A8, 0x0905,
    0x0905, 0x08E5, 0x08E5, 0x08E5, 0x08E5, 0x08E5, 0x08E5, 0x08E5,
    0x08C4, 0x00A3, 0x2187, 0x4AEC, 0x2186, 0x2145, 0x10E3, 0x0021,
    0x0061, 0x08A3, 0x08E3, 0x00A2, 0x08C3, 0x2186, 0x3A69, 0x7C71,
    0x7451, 0x21E9, 0x11A8, 0x1188, 0x222A, 0x224B, 0x2A6C, 0x2A6C,
    0x224B, 0x2A6C, 0x2A4B, 0x8515, 0xCEFB, 0x8CB2, 0x2185, 0x31C6,
    0x3186, 0x3186, 0x3186, 0x2965, 0x2985, 0x2965, 0x2965, 0x2945,
    0x3186, 0x31A6, 0x2965, 0x3186, 0x3186, 0x2965, 0x2985, 0x39E7,
    0x39C7, 0x2165, 0x6BCE, 0xB617, 0x7C92, 0x19A7, 0x1167, 0x21EA,
    0x19C9, 0x0947, 0x326B, 0x21E9, 0x63CF, 0x9D55, 0x3A07, 0x39E6,
    0x31A6, 0x39C7, 0x39C6, 0x39C6, 0x39C6, 0x39C6, 0x39C6, 0x31C6,
    0x39C6, 0x31C6, 0x39C6, 0x39E7, 0x39C6, 0x31C6, 0x31C6, 0x31C6,
    0x39E7, 0x39C6, 0x39C6, 0x39E7, 0x39C6, 0x39C6, 0x39C6, 0x39C6,
    0x39C6, 0x39C6, 0x39E7, 0x39C6, 0x39C6, 0x39C6, 0x31C6, 0x39C7,
    0x39C7, 0x31C6, 0x39C6, 0x31C6, 0x31C6, 0x39C6, 0x39C6, 0x39E7,
    0x39E7, 0x31C6, 0x31A6, 0x39E7, 0x39E7, 0x39C7, 0x39C7, 0x39C6,
    0x39C6, 0x39C6, 0x39E7, 0x31C6, 0x31A6, 0x31A6, 0x31C6, 0x39C7,
    0x31A6, 0x31A6, 0x39C6, 0x31A6, 0x39C7, 0x31A6, 0x31C6, 0x39E7,
    0x39C7, 0x3185, 0x2965, 0x638E, 0x8492, 0x63AF, 0x1125, 0x00C5,
    0x1168, 0x1188, 0x0906, 0x0905, 0x534E, 0x9DB7, 0xAE18, 0xB617,
    0xA595, 0x9D54, 0xA5B6, 0xA596, 0x9D55, 0x9D34, 0x9D75, 0xA575,
    0x9D55, 0x9D55, 0xA5B6, 0xB638, 0xB618, 0xA575, 0x94F3, 0x8CB2,
    0xA575, 0xB5F7, 0x8CB2, 0x6BEF, 0x8492, 0xA595, 0xADD7, 0xADD6,
    0xADD6, 0xADD7, 0xB5F7, 0xC679, 0xD73C, 0xAE38, 0x2A2A, 0x19E9,
    0x11A8, 0x0947, 0x0927, 0x00E6, 0x1168, 0x19C9, 0x1167, 0x7493,
    0xC6DB, 0x9D95, 0x29C7, 0x1925, 0x2125, 0x2124, 0x2944, 0x2945,
    0x2985, 0x2965, 0x2945, 0x2965, 0x2965, 0x2945, 0x2945, 0x2965,
    0x2965, 0x2945, 0x2945, 0x2965, 0x2965, 0x2965, 0x2965, 0x2945,
    0x2944, 0x2965, 0x2945, 0x2945, 0x2965, 0x2945, 0x2965, 0x2965,
    0x2945, 0x2945, 0x2965, 0x2945, 0x2945, 0x2965, 0x2965, 0x2945,
    0x2945, 0x18E3, 0x2145, 0x7C92, 0x84F4, 0x2A4A, 0x0947, 0x0907,
    0x1127, 0x19A9, 0x0968, 0x0927, 0x19C9, 0x5C12, 0x3ACC, 0x19A8,
    0x19C8, 0x00E4, 0x00A3, 0x00C4, 0x00C4, 0x1146, 0x1987, 0x21A7,
    0x2A08, 0x63AF, 0x8D15, 0x328B, 0x0946, 0x63F1, 0x9D96, 0xA5D8,
    0xBE79, 0xBE78, 0xC699, 0xCEB9, 0xC698, 0xC678, 0xBE58, 0x8491,
    0x532C, 0x1945, 0x39C6, 0x9C8E, 0xA46C, 0xACAD, 0x736A, 0x10C2,
    0x08A3, 0x2A29, 0x432E, 0x1A2A, 0x09A9, 0x09A9, 0x0989, 0x0989,
    0x0988, 0x0988, 0x0968, 0x0988, 0x0127, 0x5BD0, 0xB679, 0xB638,
    0x53AE, 0x120A, 0x120B, 0x120B, 0x120A, 0x11EA, 0x11CA, 0x1A09,
    0x2269, 0x32E9, 0x32E7, 0x3307, 0x2AE7, 0x32E7, 0x32E7, 0x2AE7,
    0x2AC6, 0x2AC6, 0x2AC6, 0x2AC6, 0x2AC6, 0x2AC6, 0x2AC6, 0x2AC6,
    0x3307, 0x542B, 0x5C8C, 0x546B, 0x546B, 0x5C6B, 0x5C6B, 0x546B,
    0x546B, 0x544B, 0x544B, 0x4BEA, 0x3B89, 0x5C4D, 0x8552, 0x8532,
    0x536C, 0x84B1, 0xADB6, 0xCE79, 0xEF7D, 0xF7BE, 0xE73C, 0xB617,
    0x9DB5, 0xD73B, 0xFFFF, 0xD75B, 0x642E, 0x0983, 0x32C7, 0x6CAE,
    0x64AE, 0x5C6C, 0x5C8C, 0x544B, 0x4C2A, 0x4C2A, 0x4C2A, 0x4C0A,
    0x4C0A, 0x4C0A, 0x4C0A, 0x43C9, 0x2285, 0x1162, 0x1143, 0x1123,
    0x1123, 0x1123, 0x1943, 0x1943, 0xFFFF, 0xFFFF, 0xFFFF, 0xFFFF,
    0xFFFF, 0xFFFF, 0xFFFF, 0xFFFF, 0xFFFF, 0xFFFF, 0xFFFF, 0xFFFF,
    0xFFFF, 0xFFFF, 0xFFFF, 0xFFFF, 0xFFFF, 0xFFFF, 0xFFFF, 0xFFFF,
    0xFFFF, 0xFFFF, 0xFFFF, 0xFFFF, 0xFFFF, 0xFFFF, 0xFFFF, 0xFFFF,
    0xFFFF, 0xFFFF, 0xFFFF, 0xFFFF, 0xFFFF, 0xFFFF, 0xFFFF, 0xFFFF,
    0xFFFF, 0xFFFF, 0xFFFF, 0xFFFF, 0xFFFF, 0xFFFF, 0xFFFF, 0xFFFF,
    0xFFFF, 0xFFFF, 0xFFDF, 0xFFDF, 0xFFFF, 0xF7BE, 0xF79E, 0xF79E,
    0xF77D, 0xCE59, 0x4228, 0x0020, 0x2965, 0x2965, 0x2944, 0x2103,
    0x2944, 0x52AA, 0x6B6C, 0x632C, 0x4A69, 0x6B6C, 0x5B0B, 0x2165,
    0x1945, 0x1104, 0x08E4, 0x00E4, 0x326A, 0x74B3, 0x6411, 0x5BF0,
    0x4B4E, 0x0925, 0x1126, 0x6BF1, 0x6BD0, 0x08C4, 0x10E4, 0x3208,
    0x7C72, 0x3A4A, 0x1105, 0x0905, 0x6C11, 0x74B3, 0x224A, 0x00C4,
    0x0043, 0x0083, 0x222A, 0x6452, 0x228B, 0x0967, 0x430D, 0x5B8F,
    0x08C4, 0x10E4, 0x10C3, 0x636E, 0x5B4D, 0x10E4, 0x10E4, 0x29E8,
    0x63CF, 0x29C7, 0x1124, 0x1904, 0x10E4, 0x10E4, 0x08E4, 0x1124,
    0x21A6, 0x3A28, 0x4AAA, 0x5B2C, 0x4AAA, 0x2166, 0x08C4, 0x08C4,
    0x29E9, 0x3A8C, 0x3A6B, 0x2188, 0x0906, 0x0906, 0x0906, 0x1126,
    0x1126, 0x1126, 0x1126, 0x1126, 0x1126, 0x0905, 0x21C8, 0x42CC,
    0x1104, 0x0083, 0x29E8, 0x3A29, 0x0882, 0x0082, 0x08C3, 0x3A49,
    0x1125, 0x0062, 0x00A3, 0x534E, 0x538F, 0x19C9, 0x222B, 0x222B,
    0x224C, 0x226C, 0x2A8C, 0x2AAD, 0x32ED, 0x2AAD, 0x2A8C, 0x7CF5,
    0xBEBA, 0x8471, 0x2144, 0x31C7, 0x31A6, 0x31A6, 0x39C7, 0x3185,
    0x3185, 0x3186, 0x2985, 0x3186, 0x31A6, 0x3185, 0x2965, 0x31A6,
    0x3185, 0x2945, 0x31A6, 0x39E7, 0x3186, 0x0882, 0x4289, 0xA595,
    0x7C71, 0x19A7, 0x1167, 0x21EA, 0x19C9, 0x0947, 0x2A2B, 0x2A09,
    0x6C10, 0x9D55, 0x4228, 0x4208, 0x39C7, 0x31C6, 0x39C6, 0x31C6,
    0x39C6, 0x39C7, 0x39C6, 0x39C6, 0x31C6, 0x31C6, 0x39C7, 0x39C7,
    0x31A6, 0x31C6, 0x31C6, 0x31A6, 0x39C6, 0x31A6, 0x31A6, 0x39A6,
    0x39C6, 0x39C6, 0x39C6, 0x39C6, 0x31C6, 0x39E7, 0x39C7, 0x31A6,
    0x31C6, 0x31C6, 0x31C6, 0x31C6, 0x39C7, 0x31A6, 0x31A6, 0x31A6,
    0x31A6, 0x31C6, 0x31A6, 0x31A6, 0x31C6, 0x39C6, 0x31A6, 0x39C6,
    0x31A6, 0x39C6, 0x39E7, 0x39E7, 0x39C7, 0x39E7, 0x39E7, 0x39E7,
    0x39C7, 0x31A6, 0x31A6, 0x31A6, 0x39C7, 0x39E7, 0x39C6, 0x39C6,
    0x39C6, 0x39C6, 0x39E7, 0x4208, 0x39E7, 0x2965, 0x2986, 0x7430,
    0x63CF, 0x63AF, 0x42AC, 0x00E5, 0x1188, 0x1988, 0x0106, 0x1146,
    0x6C11, 0x8D35, 0x3A8A, 0x2A07, 0x3208, 0x1945, 0x1124, 0x1945,
    0x1145, 0x1124, 0x1145, 0x2186, 0x1986, 0x0904, 0x08E3, 0x1965,
    0x1945, 0x08E3, 0x0082, 0x0041, 0x08C3, 0x4269, 0x428A, 0x1924,
    0x0061, 0x08E3, 0x29A6, 0x29A6, 0x29A6, 0x2186, 0x2186, 0x4269,
    0xA596, 0xA5B7, 0x21C8, 0x11A8, 0x0968, 0x00E6, 0x00E6, 0x1148,
    0x19C9, 0x19A9, 0x0126, 0x7C93, 0xCF1C, 0xADD7, 0x3208, 0x1924,
    0x2125, 0x2124, 0x2124, 0x2124, 0x2945, 0x2965, 0x2965, 0x2965,
    0x2965, 0x2965, 0x2945, 0x2945, 0x2944, 0x2944, 0x2945, 0x2945,
    0x2945, 0x2945, 0x2944, 0x2944, 0x2944, 0x2944, 0x2945, 0x2965,
    0x2965, 0x2964, 0x2965, 0x2965, 0x2945, 0x2965, 0x2945, 0x2945,
    0x2965, 0x2965, 0x2945, 0x2945, 0x2945, 0x18C3, 0x2986, 0x9D55,
    0x8D35, 0x2A4A, 0x0967, 0x0907, 0x1148, 0x19C9, 0x1188, 0x0947,
    0x11C9, 0x53F1, 0x32AC, 0x00E5, 0x0905, 0x08E5, 0x1926, 0x0083,
    0x0062, 0x0042, 0x0083, 0x0083, 0x0062, 0x1146, 0x63F0, 0x3A8B,
    0x0105, 0x21C8, 0x8CF4, 0xBE79, 0xC679, 0xC699, 0xCEB9, 0xCEB9,
    0xCE99, 0xC678, 0xBE58, 0xA5B5, 0x3228, 0x0000, 0x842F, 0xFFBB,
    0xFF99, 0xFFBA, 0xDED6, 0x4246, 0x0060, 0x00C4, 0x1188, 0x11C9,
    0x09A9, 0x09A9, 0x09A9, 0x0989, 0x0988, 0x0988, 0x0148, 0x0168,
    0x0106, 0x53AF, 0xB679, 0xB638, 0x538E, 0x1209, 0x0A0A, 0x11EA,
    0x11EA, 0x09CA, 0x11C9, 0x11E9, 0x2A8A, 0x3309, 0x32E7, 0x3307,
    0x3307, 0x32E7, 0x32E7, 0x2AE7, 0x2AC6, 0x2AC6, 0x2AC6, 0x2AC6,
    0x2AC6, 0x2AC6, 0x2AE7, 0x2AC6, 0x3307, 0x542B, 0x5C6B, 0x544B,
    0x544B, 0x544B, 0x546B, 0x5C6B, 0x5C6B, 0x5C6B, 0x542B, 0x43A9,
    0x43AA, 0x5C2D, 0x8532, 0x9DF6, 0x8D13, 0xBE79, 0xCEDB, 0x7C10,
    0x8410, 0x9CF3, 0xAD96, 0xADB6, 0x7410, 0x5B6D, 0xADF7, 0xFFFF,
    0xDF9D, 0x63ED, 0x0121, 0x1A24, 0x646D, 0x648D, 0x5C6C, 0x546B,
    0x544B, 0x542B, 0x4C2A, 0x4C0A, 0x4C0A, 0x4C0A, 0x4C0A, 0x4BCA,
    0x2265, 0x1162, 0x1143, 0x1123, 0x1123, 0x1123, 0x1943, 0x1943,
    0xFFFF, 0xFFFF, 0xFFFF, 0xFFFF, 0xFFFF, 0xFFFF, 0xFFFF, 0xFFFF,
    0xFFFF, 0xFFFF, 0xFFFF, 0xFFFF, 0xFFFF, 0xFFFF, 0xFFFF, 0xFFFF,
    0xFFFF, 0xFFFF, 0xFFFF, 0xFFFF, 0xFFFF, 0xFFFF, 0xFFFF, 0xFFFF,
    0xFFFF, 0xFFFF, 0xFFFF, 0xFFFF, 0xFFFF, 0xFFFF, 0xFFFF, 0xFFFF,
    0xFFFF, 0xFFFF, 0xFFFF, 0xFFFF, 0xFFFF, 0xFFFF, 0xFFFF, 0xFFFF,
    0xFFFF, 0xFFFF, 0xFFFF, 0xFFFF, 0xFFFF, 0xFFFF, 0xFFFF, 0xFFFF,
    0xFFFF, 0xFFFF, 0xFFFF, 0xFFFF, 0xFFFF, 0xFFFF, 0x9CD3, 0x0020,
    0x2944, 0x2944, 0x2965, 0x2103, 0x2985, 0x5ACA, 0x52A9, 0x5ACA,
    0x5AEA, 0x94D2, 0x8C91, 0x3A28, 0x3A6A, 0x21C8, 0x2A09, 0x19C8,
    0x00C4, 0x2A2A, 0x6C31, 0x8515, 0x6431, 0x1186, 0x1986, 0x8D35,
    0xA5B7, 0x1966, 0x1125, 0x42AB, 0xADF7, 0x5B6E, 0x1125, 0x1125,
    0x63F0, 0x9DB7, 0x7CB3, 0x4B0D, 0x1146, 0x1126, 0x326A, 0x5C11,
    0x3AEC, 0x11A8, 0x5BAF, 0x84D4, 0x21C7, 0x29C7, 0x2986, 0x6BCF,
    0x6BAE, 0x08A2, 0x2145, 0x3209, 0x3209, 0x08C4, 0x0062, 0x0083,
    0x0083, 0x00A3, 0x00A3, 0x0083, 0x0062, 0x0082, 0x08A3, 0x08A3,
    0x08A3, 0x00A3, 0x0083, 0x08C5, 0x08E5, 0x0083, 0x00A4, 0x1146,
    0x1126, 0x1126, 0x1126, 0x0926, 0x1126, 0x1146, 0x1146, 0x1146,
    0x1126, 0x1105, 0x21C8, 0x42CB, 0x08C4, 0x0083, 0x7410, 0x6BAF,
    0x0082, 0x10C3, 0x2165, 0x9514, 0x5B4D, 0x08C4, 0x08C4, 0x5B8E,
    0x5BD0, 0x19E9, 0x222B, 0x2A6C, 0x32CE, 0x32CE, 0x32CE, 0x330E,
    0x3B4F, 0x4350, 0x2AAD, 0x74D4, 0xB699, 0x7C71, 0x1924, 0x2986,
    0x2965, 0x2945, 0x31A6, 0x31C6, 0x31A6, 0x31C6, 0x3166, 0x2965,
    0x3186, 0x3186, 0x3185, 0x2965, 0x2944, 0x31A6, 0x3186, 0x2965,
    0x2145, 0x0861, 0x4269, 0x9D75, 0x7C71, 0x1987, 0x0946, 0x19C9,
    0x11A9, 0x1147, 0x1168, 0x00C5, 0x4B0D, 0x9534, 0x31E7, 0x31A6,
    0x31C6, 0x31A6, 0x39C6, 0x39C6, 0x39C6, 0x39C6, 0x39C7, 0x31A6,
    0x3186, 0x3185, 0x31A6, 0x31A6, 0x2965, 0x31A6, 0x39E6, 0x31A6,
    0x31A6, 0x39C6, 0x39C7, 0x39C6, 0x31A6, 0x39E7, 0x31A6, 0x31C6,
    0x39C6, 0x39C6, 0x31A6, 0x31A6, 0x39E7, 0x4207, 0x31C6, 0x31A6,
    0x31A6, 0x31A6, 0x31A6, 0x39C6, 0x31A6, 0x39C6, 0x39C6, 0x31A6,
    0x3186, 0x39C6, 0x31A6, 0x39A6, 0x39C6, 0x3186, 0x3186, 0x39E7,
    0x39E7, 0x39C7, 0x31A6, 0x39C7, 0x39C7, 0x31A6, 0x31A6, 0x31A6,
    0x39C6, 0x39E7, 0x39C6, 0x39C6, 0x39C6, 0x39C6, 0x39E7, 0x31A6,
    0x31C7, 0x2165, 0x3A28, 0xA596, 0x5B8E, 0x0925, 0x21E8, 0x0926,
    0x1188, 0x1188, 0x0906, 0x1146, 0x6411, 0x84F4, 0x21C7, 0x42CB,
    0x42CB, 0x1104, 0x0083, 0x1104, 0x1125, 0x08E3, 0x10E3, 0x1925,
    0x29C7, 0x1104, 0x0062, 0x0062, 0x0082, 0x08A3, 0x08A3, 0x0882,
    0x0041, 0x0061, 0x10C3, 0x10E4, 0x08A2, 0x0062, 0x08A2, 0x08A2,
    0x0882, 0x0061, 0x0061, 0x0041, 0x6BCF, 0x8CF4, 0x19A7, 0x11A8,
    0x0968, 0x0906, 0x1168, 0x1148, 0x1148, 0x1148, 0x0106, 0x6C11,
    0xCF1C, 0xA5D7, 0x29C6, 0x1924, 0x2145, 0x2124, 0x2945, 0x2965,
    0x2965, 0x2965, 0x2965, 0x2945, 0x2965, 0x2965, 0x2945, 0x2945,
    0x2945, 0x2965, 0x2945, 0x2945, 0x2965, 0x2945, 0x2944, 0x2944,
    0x2945, 0x2965, 0x2965, 0x2945, 0x2965, 0x2965, 0x2965, 0x2965,
    0x2965, 0x2965, 0x2965, 0x2965, 0x2965, 0x2965, 0x2965, 0x2965,
    0x2965, 0x18C3, 0x2145, 0x8CF4, 0x6C31, 0x11A7, 0x0946, 0x0906,
    0x1147, 0x19C9, 0x1188, 0x0967, 0x19E9, 0x53F1, 0x3AED, 0x19C8,
    0x1987, 0x6BF0, 0x8492, 0x2186, 0x1105, 0x1945, 0x7C71, 0x63AF,
    0x0904, 0x1145, 0x5BAF, 0x2209, 0x00A4, 0x0063, 0x534E, 0xB638,
    0xBE58, 0xBE58, 0xC678, 0xC699, 0xCE99, 0xCE99, 0xC658, 0xADD6,
    0x742F, 0x18E3, 0xAD32, 0xFFFE, 0xFFFC, 0xFFFC, 0xFFFC, 0x7BCB,
    0x0060, 0x08C4, 0x1147, 0x11A9, 0x0989, 0x0989, 0x0989, 0x0989,
    0x0989, 0x11A9, 0x224B, 0x224B, 0x0147, 0x53D0, 0xB679, 0xB637,
    0x4B8E, 0x09C9, 0x09CA, 0x11EA, 0x09EA, 0x09C9, 0x09A9, 0x11C9,
    0x2A89, 0x3309, 0x32E8, 0x3307, 0x3307, 0x3307, 0x3307, 0x2AE7,
    0x2AE6, 0x2AE6, 0x2AE6, 0x2AE7, 0x2AE7, 0x2AE6, 0x2AE7, 0x2AE6,
    0x3327, 0x544B, 0x5C6C, 0x544B, 0x544B, 0x544B, 0x546B, 0x544B,
    0x546B, 0x5C6C, 0x3B48, 0x3327, 0x540C, 0x4BAB, 0x53CC, 0x74B1,
    0x9534, 0xD71B, 0xFFFF, 0xE77D, 0xBDF8, 0x9CF4, 0xA575, 0xB5F7,
    0x9514, 0x6BEE, 0x5B6C, 0x9D95, 0xF7FF, 0xEFDE, 0x7CB0, 0x0921,
    0x1A24, 0x5C6C, 0x5C8C, 0x5C6C, 0x544B, 0x542A, 0x4C2A, 0x4C2A,
    0x4C2A, 0x4C09, 0x4C0A, 0x43CA, 0x2265, 0x0962, 0x1143, 0x1123,
    0x1123, 0x1943, 0x1143, 0x1143, 0xFFFF, 0xFFFF, 0xFFFF, 0xFFFF,
    0xFFFF, 0xFFFF, 0xFFFF, 0xFFFF, 0xFFFF, 0xFFFF, 0xFFFF, 0xFFFF,
    0xFFFF, 0xFFFF, 0xFFFF, 0xFFFF, 0xFFFF, 0xFFFF, 0xFFFF, 0xFFFF,
    0xFFFF, 0xFFFF, 0xFFFF, 0xFFFF, 0xFFFF, 0xFFFF, 0xFFFF, 0xFFFF,
    0xFFFF, 0xFFFF, 0xFFFF, 0xFFFF, 0xFFFF, 0xFFFF, 0xFFFF, 0xFFFF,
    0xFFFF, 0xFFFF, 0xFFFF, 0xFFFF, 0xFFFF, 0xFFFF, 0xFFFF, 0xFFFF,
    0xFFFF, 0xFFFF, 0xFFFF, 0xFFFF, 0xFFFF, 0xFFFF, 0xFFFF, 0xFFFF,
    0xFFDF, 0xFFFF, 0xBDD7, 0x1082, 0x2104, 0x2124, 0x2124, 0x20E3,
    0x39C7, 0x6B6D, 0x73CE, 0x842F, 0x7C0F, 0x8C91, 0x73EF, 0x7430,
    0x638F, 0x42AB, 0x4B4E, 0x326B, 0x1167, 0x00E5, 0x2A29, 0x8D35,
    0x9576, 0x6C51, 0x42EC, 0x6C10, 0xA5D7, 0x3A69, 0x3249, 0x42EC,
    0x9535, 0x63AF, 0x3A49, 0x29E8, 0x5B8F, 0x84F4, 0x8514, 0x9535,
    0x7C93, 0x2A4A, 0x32CB, 0x7CF4, 0x432E, 0x3ACC, 0x5BAF, 0x6C31,
    0x42CB, 0x3229, 0x3208, 0x42AA, 0x3208, 0x0000, 0x0882, 0x29A7,
    0x3209, 0x1125, 0x08E4, 0x1105, 0x10E5, 0x1105, 0x1105, 0x10E5,
    0x08A3, 0x08A3, 0x08A3, 0x10E5, 0x1105, 0x08A4, 0x08A3, 0x10E5,
    0x08C4, 0x0062, 0x0083, 0x1105, 0x1947, 0x1947, 0x1146, 0x1126,
    0x1126, 0x1146, 0x1146, 0x1967, 0x1946, 0x1106, 0x21A8, 0x3A6A,
    0x21C8, 0x1945, 0x638E, 0x6BEF, 0x1104, 0x10E4, 0x2186, 0x9514,
    0x63CF, 0x3249, 0x29C8, 0x5B8F, 0x5BD0, 0x222A, 0x222B, 0x226B,
    0x2A8C, 0x2A8C, 0x2A8C, 0x2A8C, 0x2A8C, 0x2A8C, 0x2A8C, 0x7CF4,
    0xB699, 0x7C71, 0x2144, 0x3186, 0x2965, 0x2965, 0x2965, 0x2986,
    0x2965, 0x2965, 0x2965, 0x3186, 0x2986, 0x2986, 0x2985, 0x2144,
    0x2945, 0x2945, 0x2965, 0x3186, 0x2965, 0x0861, 0x428A, 0x9D75,
    0x7C71, 0x19A7, 0x0926, 0x19A9, 0x11A9, 0x1148, 0x1147, 0x00C5,
    0x5B6E, 0xADD7, 0x4269, 0x31A6, 0x3A07, 0x31E7, 0x2985, 0x2986,
    0x2985, 0x2985, 0x2985, 0x3186, 0x3186, 0x3186, 0x2986, 0x31A6,
    0x31C7, 0x31A6, 0x31C6, 0x31A6, 0x31A6, 0x31A6, 0x31A6, 0x2965,
    0x2965, 0x2985, 0x2985, 0x31A6, 0x31A6, 0x3165, 0x31A6, 0x31A6,
    0x3186, 0x2965, 0x3186, 0x2945, 0x2124, 0x2985, 0x31A6, 0x2965,
    0x2965, 0x3185, 0x39C6, 0x39C6, 0x39E7, 0x2965, 0x3186, 0x3186,
    0x31A6, 0x2965, 0x3185, 0x31A6, 0x3185, 0x3186, 0x3186, 0x3165,
    0x2965, 0x2985, 0x2986, 0x4228, 0x39E7, 0x3186, 0x31A5, 0x31A6,
    0x2965, 0x3186, 0x31A6, 0x39E7, 0x4249, 0x4249, 0x7C30, 0xADF7,
    0x42CB, 0x0105, 0x19A8, 0x0927, 0x0968, 0x11A8, 0x0947, 0x1147,
    0x63F1, 0x84F4, 0x1966, 0x21C7, 0x2186, 0x0082, 0x10E4, 0x0062,
    0x0021, 0x0000, 0x0000, 0x0021, 0x0861, 0x0021, 0x0020, 0x0020,
    0x0020, 0x0020, 0x0020, 0x0000, 0x0000, 0x1082, 0x10A3, 0x0000,
    0x0000, 0x0020, 0x0841, 0x0861, 0x0041, 0x0882, 0x0882, 0x0020,
    0x638E, 0x9514, 0x21E8, 0x1188, 0x0947, 0x0927, 0x1188, 0x0907,
    0x0907, 0x0927, 0x0927, 0x1967, 0x4AED, 0x42CB, 0x1945, 0x2124,
    0x2945, 0x2945, 0x2965, 0x2965, 0x2945, 0x2945, 0x2965, 0x2965,
    0x2945, 0x2945, 0x2945, 0x2945, 0x2965, 0x2945, 0x2945, 0x2945,
    0x2965, 0x2965, 0x2965, 0x2944, 0x2965, 0x31A6, 0x3185, 0x2945,
    0x2945, 0x2965, 0x2965, 0x2965, 0x2965, 0x2965, 0x3185, 0x39C6,
    0x39E6, 0x31A5, 0x2965, 0x2965, 0x2124, 0x2986, 0x636D, 0x8CD3,
    0x7C92, 0x6410, 0x3ACC, 0x0926, 0x1147, 0x19A9, 0x1168, 0x0947,
    0x11C9, 0x53D1, 0x432D, 0x21E8, 0x3229, 0x9555, 0x8CF3, 0x21C7,
    0x1966, 0x29E7, 0x9D96, 0x84D3, 0x21A6, 0x2A29, 0x7451, 0x538E,
    0x430D, 0x534E, 0x8D35, 0xC69A, 0xC699, 0xBE58, 0xBE37, 0xC678,
    0xC699, 0xCEBA, 0xC679, 0xA575, 0x63CE, 0x08A2, 0x9CF2, 0xFFFE,
    0xFFDC, 0xFFFC, 0xFFFD, 0x8C4D, 0x0040, 0x08A4, 0x0946, 0x1188,
    0x0989, 0x0989, 0x0989, 0x0989, 0x0989, 0x0968, 0x2A6C, 0x432F,
    0x11A9, 0x4B8F, 0xB659, 0xB638, 0x538E, 0x09E9, 0x09EA, 0x11EA,
    0x09EA, 0x09A9, 0x11A9, 0x11C9, 0x2A89, 0x3B09, 0x3308, 0x3307,
    0x3307, 0x3307, 0x3307, 0x32E7, 0x32E7, 0x32E7, 0x32E7, 0x32E7,
    0x2AE7, 0x2AE7, 0x2AE6, 0x2AE6, 0x3327, 0x5C6C, 0x5C8C, 0x544B,
    0x544B, 0x544B, 0x544B, 0x544B, 0x546C, 0x4BCA, 0x09C2, 0x11A3,
    0x4349, 0x5BEC, 0x53CC, 0x7490, 0xC6DA, 0xEFDE, 0xF7FF, 0xFFFF,
    0xFFFF, 0xFFFF, 0xF7DF, 0xF7DF, 0xFFFF, 0xDF5C, 0x84B1, 0x63CE,
    0xAE17, 0xFFFF, 0xCED9, 0x2A66, 0x00C0, 0x2245, 0x5C6D, 0x5C6C,
    0x542B, 0x4C0A, 0x4C2A, 0x4C2A, 0x4C2A, 0x4C0A, 0x4409, 0x43C9,
    0x2265, 0x1162, 0x1142, 0x1123, 0x1123, 0x1143, 0x1143, 0x1143,
    0xFFFF, 0xFFFF, 0xFFFF, 0xFFFF, 0xFFFF, 0xFFFF, 0xFFFF, 0xFFFF,
    0xFFFF, 0xFFFF, 0xFFFF, 0xFFFF, 0xFFFF, 0xFFFF, 0xFFFF, 0xFFFF,
    0xFFFF, 0xFFFF, 0xFFFF, 0xFFFF, 0xFFFF, 0xFFFF, 0xFFFF, 0xFFFF,
    0xFFFF, 0xFFFF, 0xFFFF, 0xFFFF, 0xFFFF, 0xFFFF, 0xFFFF, 0xFFFF,
    0xFFFF, 0xFFFF, 0xFFFF, 0xFFFF, 0xFFFF, 0xFFFF, 0xFFFF, 0xFFFF,
    0xFFFF, 0xFFFF, 0xFFFF, 0xFFFF, 0xFFFF, 0xFFFF, 0xFFFF, 0xFFFF,
    0xFFFF, 0xFFFF, 0xFFFF, 0xFFFF, 0xFFFF, 0xFFFF, 0xCE79, 0x18C3,
    0x1082, 0x10A2, 0x10A2, 0x10A3, 0x1082, 0x10A3, 0x2165, 0x52EB,
    0x7C30, 0x5B6D, 0x3A6A, 0x326A, 0x21E9, 0x19C9, 0x19C9, 0x19C9,
    0x19E9, 0x1188, 0x0967, 0x7C72, 0xADF8, 0x7C92, 0x42EC, 0x3ACC,
    0x7452, 0x4B2D, 0x536E, 0x5BCF, 0x7472, 0x8D14, 0x8D35, 0x6C31,
    0x5BAF, 0x3AEC, 0x5B8F, 0x9515, 0x9556, 0x7CB3, 0x5BAE, 0xA5F8,
    0x8514, 0x7472, 0x84D3, 0x7CB3, 0x6C10, 0x4AEB, 0x4AEB, 0x29C7,
    0x2186, 0x2986, 0x2186, 0x426A, 0x4ACC, 0x1105, 0x00A4, 0x08C4,
    0x08E5, 0x0905, 0x10E5, 0x1105, 0x1105, 0x10E4, 0x1966, 0x31E9,
    0x3209, 0x29C8, 0x1105, 0x1105, 0x1125, 0x10E5, 0x1105, 0x2167,
    0x1966, 0x1126, 0x1967, 0x29E9, 0x2A09, 0x21C8, 0x1966, 0x1125,
    0x1146, 0x1106, 0x1987, 0x324A, 0x1966, 0x1104, 0x4AEC, 0x7C71,
    0x29C7, 0x29E8, 0x3208, 0x6BF0, 0x7452, 0x2A29, 0x1146, 0x5BAF,
    0x538F, 0x19C9, 0x1A0A, 0x19EA, 0x1A0A, 0x1A0B, 0x1A0A, 0x1A0A,
    0x1A0A, 0x19EA, 0x1A0A, 0x7CD4, 0xB679, 0x7C71, 0x2144, 0x31A6,
    0x39C7, 0x39C7, 0x2965, 0x2945, 0x2986, 0x2945, 0x2944, 0x3186,
    0x2985, 0x2965, 0x2965, 0x2965, 0x2986, 0x2965, 0x2986, 0x31A6,
    0x2966, 0x0861, 0x428A, 0x9D75, 0x7451, 0x1986, 0x0946, 0x19A9,
    0x11A9, 0x0927, 0x0106, 0x19C8, 0x6C11, 0x9555, 0x7C50, 0x6BAE,
    0x6BCF, 0x740F, 0x5B4C, 0x2185, 0x4ACA, 0x73EE, 0x29A5, 0x2985,
    0x8451, 0x8C92, 0x2986, 0x3A29, 0x9D34, 0x8C92, 0x2165, 0x39E8,
    0x8CB2, 0x73EF, 0x2125, 0x3A28, 0x73EF, 0x530B, 0x1924, 0x3A28,
    0x6B6D, 0x4228, 0x1904, 0x4A6A, 0x8C92, 0x52EC, 0x1904, 0x426A,
    0x638E, 0x31E7, 0x10E3, 0x530B, 0x8451, 0x3A28, 0x10C3, 0x6B8E,
    0x9D14, 0x3A29, 0x1904, 0x5B2D, 0x8451, 0x31A6, 0x2145, 0x8451,
    0x8451, 0x2125, 0x2125, 0x7C10, 0x7C10, 0x2145, 0x31C6, 0xBDF7,
    0x94F3, 0x2124, 0x31A6, 0x73AE, 0x4228, 0x18E3, 0x39E7, 0x7C10,
    0x9D35, 0xA576, 0xADF8, 0x84F4, 0x1146, 0x0106, 0x19A8, 0x0947,
    0x0968, 0x1188, 0x0106, 0x1146, 0x6C11, 0x84F4, 0x21C7, 0x3228,
    0x2166, 0x2165, 0x10E3, 0x0020, 0x1082, 0x10A2, 0x1082, 0x1081,
    0x1081, 0x0861, 0x0861, 0x0861, 0x0861, 0x0861, 0x0861, 0x0861,
    0x0861, 0x1081, 0x10A2, 0x1061, 0x0861, 0x0861, 0x0861, 0x0020,
    0x0862, 0x18E3, 0x18E3, 0x0041, 0x636D, 0x9514, 0x21C7, 0x0967,
    0x0947, 0x0927, 0x1168, 0x0907, 0x0907, 0x1127, 0x1127, 0x1126,
    0x0906, 0x1946, 0x2166, 0x2145, 0x2944, 0x2124, 0x2965, 0x2945,
    0x2945, 0x2965, 0x3185, 0x2965, 0x2965, 0x2965, 0x2965, 0x2965,
    0x2945, 0x2945, 0x2945, 0x2945, 0x2965, 0x2965, 0x2965, 0x2965,
    0x2965, 0x3185, 0x2965, 0x2945, 0x2965, 0x2965, 0x3185, 0x2965,
    0x2965, 0x2965, 0x31A5, 0x39C6, 0x39C6, 0x3185, 0x2965, 0x2965,
    0x2124, 0x3A07, 0x8492, 0x8CD3, 0x84D3, 0x7CB3, 0x4B0D, 0x1167,
    0x1167, 0x1189, 0x0968, 0x0947, 0x11A8, 0x5BF1, 0x32AB, 0x0105,
    0x3A8A, 0x63AF, 0x4B0C, 0x3229, 0x42AB, 0x1145, 0x5B8E, 0x4AEB,
    0x1965, 0x534D, 0x9555, 0x6C10, 0x536E, 0x6410, 0x8D14, 0xCEFB,
    0xDF5C, 0xD6FB, 0xC699, 0xBE57, 0xC678, 0xC699, 0xC699, 0x8491,
    0x1124, 0x0000, 0x9CD2, 0xFFFF, 0xFFDC, 0xFFFD, 0xFFFD, 0x8C2C,
    0x0860, 0x08C3, 0x1126, 0x1188, 0x0989, 0x0989, 0x09A9, 0x11A9,
    0x1189, 0x00C6, 0x00E6, 0x0968, 0x0127, 0x3B0D, 0xAE38, 0xB618,
    0x4B6E, 0x09E9, 0x09EA, 0x09EA, 0x09CA, 0x09A9, 0x11CA, 0x11C9,
    0x2AAA, 0x3B29, 0x32E7, 0x3307, 0x3307, 0x3307, 0x3307, 0x32E7,
    0x32E7, 0x3307, 0x32E7, 0x32E7, 0x2AE7, 0x2AE7, 0x2AC6, 0x2AE6,
    0x3327, 0x544B, 0x546B, 0x544B, 0x544B, 0x544B, 0x544B, 0x544B,
    0x540B, 0x1A04, 0x00C0, 0x00E0, 0x1183, 0x4309, 0x5BCD, 0x6C4F,
    0x7C70, 0xD6FB, 0xEFDE, 0xFFFF, 0xFFFF, 0xFFFF, 0xFFFF, 0xFFFF,
    0xFFFF, 0xFFFF, 0xD73B, 0x9D53, 0x744F, 0xA594, 0xCEF9, 0x42E9,
    0x0101, 0x00C0, 0x4369, 0x5C6C, 0x544B, 0x542A, 0x544B, 0x4C2A,
    0x4C2A, 0x4C0A, 0x43E9, 0x3BA9, 0x2AA6, 0x2205, 0x1143, 0x1123,
    0x1123, 0x1123, 0x1143, 0x1143, 0xFFFF, 0xFFFF, 0xFFFF, 0xFFFF,
    0xFFFF, 0xFFFF, 0xFFFF, 0xFFFF, 0xFFFF, 0xFFFF, 0xFFFF, 0xFFFF,
    0xFFFF, 0xFFFF, 0xFFFF, 0xFFFF, 0xFFFF, 0xFFFF, 0xFFFF, 0xFFFF,
    0xFFFF, 0xFFFF, 0xFFFF, 0xFFFF, 0xFFFF, 0xFFFF, 0xFFFF, 0xFFFF,
    0xFFFF, 0xFFFF, 0xFFFF, 0xFFFF, 0xFFFF, 0xFFFF, 0xFFFF, 0xFFFF,
    0xFFFF, 0xFFFF, 0xFFFF, 0xFFFF, 0xFFFF, 0xFFFF, 0xFFFF, 0xFFFF,
    0xFFFF, 0xFFFF, 0xFFFF, 0xFFFF, 0xFFFF, 0xFFFF, 0xFFFF, 0xFFFF,
    0xFFDF, 0xFFFF, 0xD6BA, 0x18E3, 0x1082, 0x10A2, 0x10A2, 0x10A2,
    0x0882, 0x10C3, 0x10C3, 0x1925, 0x2186, 0x1987, 0x1987, 0x11A8,
    0x19C9, 0x19EA, 0x1A0A, 0x1A0A, 0x1A0A, 0x1A0A, 0x11A8, 0x2A4A,
    0x6BF0, 0x3AAB, 0x2A29, 0x2A2A, 0x21E9, 0x1146, 0x1146, 0x21C8,
    0x19A7, 0x21C7, 0x4B0C, 0x7C93, 0x6431, 0x19C8, 0x00C3, 0x534E,
    0x9514, 0x9D55, 0x9555, 0x9575, 0x9D95, 0x9DB6, 0x9D96, 0x9575,
    0x7451, 0x2186, 0x0021, 0x29A7, 0x73F0, 0x7C10, 0x6BCF, 0x63CF,
    0x532D, 0x29C8, 0x2167, 0x1105, 0x08C4, 0x08E4, 0x10E5, 0x1105,
    0x1105, 0x1105, 0x10E4, 0x0062, 0x0062, 0x1105, 0x1926, 0x1125,
    0x1946, 0x1966, 0x1966, 0x1987, 0x1986, 0x3209, 0x530D, 0x5B8F,
    0x5B8F, 0x5B8F, 0x4B0C, 0x2A09, 0x1125, 0x08E5, 0x21C8, 0x7431,
    0x6BF0, 0x6BEF, 0x84B2, 0x84B2, 0x532D, 0x21A7, 0x42AB, 0x84D3,
    0x9555, 0x8CF4, 0x84D4, 0xAE39, 0x7C93, 0x19A8, 0x220A, 0x19EA,
    0x19EA, 0x19EA, 0x19EA, 0x19EA, 0x19EA, 0x11EA, 0x19E9, 0x7CB3,
    0xB679, 0x7C70, 0x1924, 0x2965, 0x31C6, 0x31A6, 0x3186, 0x31A6,
    0x31A6, 0x3186, 0x3185, 0x31A6, 0x3186, 0x2965, 0x2965, 0x2965,
    0x31A6, 0x39C7, 0x31A6, 0x3186, 0x3186, 0x0882, 0x428A, 0xA576,
    0x7431, 0x1166, 0x0947, 0x19A9, 0x11A9, 0x0126, 0x1188, 0x328B,
    0x326B, 0x2A08, 0x63CF, 0x9D55, 0x9D55, 0x63AE, 0x21C7, 0x1985,
    0x7C70, 0xB5F6, 0x4288, 0x31E6, 0x9D14, 0x8492, 0x1946, 0x3229,
    0xA5B7, 0xA596, 0x1945, 0x3A29, 0xADB7, 0x8CD3, 0x1125, 0x428B,
    0x9514, 0x6C10, 0x1104, 0x52EB, 0x9514, 0x530C, 0x08C4, 0x638E,
    0xC69A, 0x63CF, 0x08E4, 0x530D, 0xA5D7, 0x4B2C, 0x0103, 0x7C91,
    0xA5B6, 0x3A49, 0x08A3, 0x7410, 0xB639, 0x3A6A, 0x10E4, 0x8492,
    0x9D55, 0x21A7, 0x2186, 0xADD7, 0x9514, 0x2186, 0x3208, 0xB618,
    0x8CF3, 0x1965, 0x3208, 0xBE38, 0x9D14, 0x1944, 0x4AAA, 0xADB6,
    0x530B, 0x1104, 0x1925, 0x1966, 0x21A8, 0x29E8, 0x4B2D, 0x5BD0,
    0x19C8, 0x0926, 0x19A8, 0x0947, 0x1188, 0x1188, 0x00E5, 0x1126,
    0x6BF1, 0x84D3, 0x21C7, 0x3A49, 0x29A7, 0x10E3, 0x31C6, 0x7BEE,
    0x630A, 0x4A26, 0x5AA8, 0x5AA7, 0x5A87, 0x5267, 0x5AA7, 0x5AA7,
    0x62E8, 0x62E8, 0x62C8, 0x62E8, 0x62E8, 0x62C8, 0x62C8, 0x5A66,
    0x5266, 0x4A26, 0x4A27, 0x5289, 0x2123, 0x10A2, 0x2966, 0x10E3,
    0x638D, 0x8D14, 0x19A7, 0x0967, 0x0967, 0x0127, 0x1988, 0x0906,
    0x0927, 0x21C9, 0x21A8, 0x1126, 0x1105, 0x10E5, 0x1904, 0x2145,
    0x2945, 0x2944, 0x2965, 0x2985, 0x3185, 0x2965, 0x2944, 0x2944,
    0x2965, 0x2985, 0x2965, 0x2965, 0x2945, 0x2965, 0x2965, 0x2965,
    0x2965, 0x2965, 0x2965, 0x2965, 0x2965, 0x3185, 0x2965, 0x2964,
    0x2965, 0x3185, 0x2965, 0x2965, 0x2965, 0x2945, 0x2965, 0x2985,
    0x2965, 0x2965, 0x2965, 0x2965, 0x2965, 0x2124, 0x10C3, 0x08A3,
    0x08C3, 0x08E4, 0x1967, 0x19A8, 0x0906, 0x1148, 0x1168, 0x0947,
    0x1188, 0x6C52, 0x7CD4, 0x536E, 0x63AE, 0x638E, 0x532D, 0x42CC,
    0x326A, 0x326A, 0x534D, 0x5BAF, 0x63CF, 0x84D3, 0x84D3, 0x21C7,
    0x00C4, 0x00C4, 0x0904, 0x7430, 0xD71C, 0xE77D, 0xDF3C, 0xD6FA,
    0xC699, 0xBE58, 0x8D13, 0x29E8, 0x08E4, 0x0000, 0x9491, 0xFFFE,
    0xFFDC, 0xFFFC, 0xFFFC, 0x8C2C, 0x0860, 0x08A3, 0x0926, 0x11A9,
    0x11CA, 0x11CA, 0x11A9, 0x11C9, 0x11A9, 0x0107, 0x00C6, 0x0927,
    0x0906, 0x434E, 0xAE59, 0xAE17, 0x4B6D, 0x09E9, 0x09EA, 0x09EA,
    0x11EA, 0x09CA, 0x11CA, 0x11C9, 0x2AAA, 0x3B29, 0x32E7, 0x3307,
    0x3307, 0x3307, 0x32E7, 0x32E7, 0x2AE7, 0x32E7, 0x32E7, 0x32E7,
    0x2AE7, 0x2AE6, 0x2AE7, 0x2AE6, 0x3327, 0x542B, 0x544B, 0x542B,
    0x544B, 0x544B, 0x4C2A, 0x544B, 0x3327, 0x0941, 0x2A06, 0x19A4,
    0x00C1, 0x1984, 0x3AA9, 0x5B8C, 0x7C70, 0xB637, 0xD73C, 0xEFBE,
    0xF7FF, 0xFFFF, 0xFFFF, 0xFFFF, 0xE77D, 0xCEBA, 0xEFBD, 0xADD6,
    0x6BEE, 0x84B1, 0xA5B5, 0x538C, 0x1143, 0x0080, 0x1183, 0x4BCB,
    0x544B, 0x542A, 0x546B, 0x544B, 0x4C2A, 0x4C0A, 0x4C0A, 0x43C9,
    0x2265, 0x19A3, 0x1143, 0x1123, 0x1123, 0x1123, 0x1143, 0x1143,
    0xFFFF, 0xFFFF, 0xFFFF, 0xFFFF, 0xFFFF, 0xFFFF, 0xFFFF, 0xFFFF,
    0xFFFF, 0xFFFF, 0xFFFF, 0xFFFF, 0xFFFF, 0xFFFF, 0xFFFF, 0xFFFF,
    0xFFFF, 0xFFFF, 0xFFFF, 0xFFFF, 0xFFFF, 0xFFFF, 0xFFFF, 0xFFFF,
    0xFFFF, 0xFFFF, 0xFFFF, 0xFFFF, 0xFFFF, 0xFFFF, 0xFFFF, 0xFFFF,
    0xFFFF, 0xFFFF, 0xFFFF, 0xFFFF, 0xFFFF, 0xFFFF, 0xFFFF, 0xFFFF,
    0xFFFF, 0xFFFF, 0xFFFF, 0xFFFF, 0xFFFF, 0xFFFF, 0xFFFF, 0xFFFF,
    0xFFFF, 0xFFFF, 0xFFFF, 0xFFFF, 0xFFFF, 0xFFFF, 0xCE59, 0x10A2,
    0x10A2, 0x0882, 0x08A2, 0x0882, 0x0882, 0x10E3, 0x1105, 0x08E5,
    0x08E5, 0x0947, 0x1188, 0x19EA, 0x1A0A, 0x1A0A, 0x1A0A, 0x1A0B,
    0x1A2B, 0x1A0B, 0x1A0A, 0x32AC, 0x224A, 0x0946, 0x21E9, 0x19C8,
    0x1147, 0x08C5, 0x08C4, 0x00A4, 0x0083, 0x0062, 0x0083, 0x3229,
    0x8514, 0x7CD4, 0x1986, 0x0062, 0x4AEC, 0x9555, 0xA596, 0x9534,
    0x8CF3, 0x84B2, 0x6C10, 0x5B8E, 0x3A8A, 0x1965, 0x1124, 0x1924,
    0x10E4, 0x08A2, 0x0882, 0x0061, 0x08C3, 0x1945, 0x2166, 0x2166,
    0x08A3, 0x08A3, 0x08C4, 0x10E4, 0x1105, 0x1105, 0x08A3, 0x0041,
    0x0041, 0x0882, 0x10E5, 0x1905, 0x1925, 0x1925, 0x1926, 0x1946,
    0x3209, 0x3A4A, 0x3229, 0x29A7, 0x1925, 0x21A7, 0x4B0D, 0x530D,
    0x29E8, 0x08E4, 0x08E4, 0x3208, 0x42AB, 0x534D, 0x638F, 0x7C72,
    0x638F, 0x0905, 0x3A8B, 0x84F4, 0x7451, 0x7CB3, 0x8D14, 0x8CF4,
    0x7452, 0x3A8B, 0x19A8, 0x19C9, 0x11C9, 0x11A9, 0x11A9, 0x11A9,
    0x11A9, 0x1188, 0x19C8, 0x7CD4, 0xBE9A, 0x7C71, 0x1924, 0x2986,
    0x3186, 0x3185, 0x31A6, 0x39E7, 0x31A6, 0x2965, 0x31A6, 0x31A6,
    0x2965, 0x2965, 0x2986, 0x2986, 0x2965, 0x31A6, 0x31A6, 0x3186,
    0x2965, 0x0882, 0x4ACB, 0xA596, 0x7451, 0x1167, 0x0947, 0x19C9,
    0x11A9, 0x0967, 0x19C9, 0x0967, 0x0946, 0x42CC, 0xADF8, 0xBE79,
    0xBE58, 0x9D95, 0x3249, 0x1125, 0x4B0B, 0x5B4B, 0x21A5, 0x2A08,
    0x4AEC, 0x3A4A, 0x1146, 0x21C8, 0x42EC, 0x3229, 0x21A7, 0x29E8,
    0x534D, 0x42CC, 0x1146, 0x2A09, 0x3AAC, 0x21E8, 0x1946, 0x2A08,
    0x5B8E, 0x2A09, 0x1147, 0x3A8C, 0x534E, 0x21C8, 0x19A7, 0x2A2A,
    0x538F, 0x2A29, 0x0925, 0x430C, 0x53AF, 0x0925, 0x1125, 0x3A6A,
    0x5BAF, 0x1966, 0x1126, 0x3AAC, 0x4B2E, 0x0925, 0x21A7, 0x4B0D,
    0x324A, 0x1966, 0x29E8, 0x536E, 0x2A29, 0x0945, 0x2186, 0x3A6A,
    0x29C7, 0x1965, 0x29E8, 0x4AAB, 0x1965, 0x1966, 0x1947, 0x1126,
    0x1127, 0x1127, 0x1167, 0x19E9, 0x19C9, 0x1167, 0x19C9, 0x0947,
    0x1188, 0x19A8, 0x0906, 0x0906, 0x63D0, 0x84F4, 0x1145, 0x2186,
    0x740F, 0x6B8D, 0x9D12, 0xB593, 0x83EC, 0xAD10, 0xC5D3, 0xCE14,
    0xCE14, 0xCE14, 0xCE13, 0xCDF3, 0xCDF3, 0xCE13, 0xCDF3, 0xCDD2,
    0xC5B2, 0xC5B1, 0xC591, 0xBD50, 0xAD0F, 0x9C6D, 0x7B6A, 0x7B8B,
    0x83CC, 0x2103, 0x2124, 0x10C3, 0x636D, 0x8CD3, 0x19A7, 0x1167,
    0x0947, 0x0927, 0x1188, 0x0927, 0x00E6, 0x0906, 0x1947, 0x1946,
    0x1945, 0x10C3, 0x10C3, 0x2945, 0x3165, 0x2965, 0x2965, 0x2965,
    0x2985, 0x31A5, 0x2985, 0x2965, 0x2965, 0x2965, 0x2965, 0x2965,
    0x2965, 0x2965, 0x2965, 0x2965, 0x2965, 0x2965, 0x2965, 0x2965,
    0x2985, 0x3185, 0x2965, 0x2944, 0x2965, 0x2985, 0x2985, 0x2965,
    0x2965, 0x2965, 0x2965, 0x2965, 0x2965, 0x2965, 0x2945, 0x2965,
    0x2965, 0x18E3, 0x0882, 0x4269, 0x428A, 0x10E4, 0x1105, 0x1126,
    0x0926, 0x1188, 0x1168, 0x1188, 0x1188, 0x2A4A, 0x9576, 0xC6DB,
    0xC6BB, 0xCEDB, 0xB639, 0x42AB, 0x08E5, 0x7452, 0xA618, 0xAE18,
    0xADF8, 0x84D3, 0x326A, 0x0925, 0x0125, 0x0126, 0x00E5, 0x00E4,
    0x42AB, 0x9D55, 0xCEBA, 0xD71B, 0xCEDA, 0x7451, 0x1166, 0x00E4,
    0x08E5, 0x0000, 0x8C50, 0xFFFE, 0xFFDC, 0xFFFC, 0xFFFC, 0x8C4C,
    0x0860, 0x08A3, 0x0906, 0x11A9, 0x19EA, 0x11CA, 0x11CA, 0x11CA,
    0x19CA, 0x11A9, 0x0948, 0x1188, 0x0927, 0x4B6F, 0xAE59, 0xAE38,
    0x4B8E, 0x09E9, 0x11EA, 0x11EA, 0x09EA, 0x11CA, 0x11CA, 0x11E9,
    0x32EB, 0x3B4A, 0x3307, 0x3307, 0x3307, 0x3307, 0x32E7, 0x32E7,
    0x32E7, 0x32E7, 0x32E7, 0x2AC7, 0x2AE7, 0x2AE7, 0x2AE7, 0x2AE6,
    0x3B47, 0x542B, 0x544B, 0x544B, 0x542B, 0x4C4B, 0x4C4B, 0x544B,
    0x1A24, 0x2A26, 0x7CB0, 0x8CF1, 0x4B0A, 0x1943, 0x4AEA, 0x9554,
    0xB637, 0xBE78, 0xCEFB, 0xD73C, 0xE7BE, 0xF7FF, 0xF7DF, 0xFFFF,
    0xE73C, 0xC658, 0xD6FA, 0xB616, 0x6C0E, 0x84D1, 0x9D53, 0x6C0E,
    0x21A5, 0x00A1, 0x0060, 0x3287, 0x542B, 0x542A, 0x544A, 0x4C2A,
    0x4C2A, 0x4C0A, 0x4409, 0x43C9, 0x2265, 0x0942, 0x1122, 0x1123,
    0x1123, 0x1143, 0x1943, 0x1943, 0xFFFF, 0xFFFF, 0xFFFF, 0xFFFF,
    0xFFFF, 0xFFFF, 0xFFFF, 0xFFFF, 0xFFFF, 0xFFFF, 0xFFFF, 0xFFFF,
    0xFFFF, 0xFFFF, 0xFFFF, 0xFFFF, 0xFFFF, 0xFFFF, 0xFFFF, 0xFFFF,
    0xFFFF, 0xFFFF, 0xFFFF, 0xFFFF, 0xFFFF, 0xFFFF, 0xFFFF, 0xFFFF,
    0xFFFF, 0xFFFF, 0xFFFF, 0xFFFF, 0xFFFF, 0xFFFF, 0xFFFF, 0xFFFF,
    0xFFFF, 0xFFFF, 0xFFFF, 0xFFFF, 0xFFFF, 0xFFFF, 0xFFFF, 0xFFFF,
    0xFFFF, 0xFFFF, 0xFFFF, 0xFFFF, 0xFFFF, 0xFFFF, 0xFFFF, 0xFFFF,
    0xFFDF, 0xFFFF, 0xC638, 0x0861, 0x10A2, 0x10A3, 0x10A3, 0x0882,
    0x0882, 0x0882, 0x10E3, 0x29E8, 0x1987, 0x0105, 0x0106, 0x0127,
    0x09A9, 0x1A0B, 0x120A, 0x120A, 0x1A0B, 0x1A0B, 0x19EA, 0x4B70,
    0x4B8F, 0x19C9, 0x21C9, 0x0083, 0x0042, 0x0042, 0x0021, 0x0021,
    0x0022, 0x0062, 0x08A3, 0x1125, 0x7451, 0x9576, 0x6C31, 0x21A7,
    0x0062, 0x3A8B, 0x84B3, 0x9D96, 0xA5D7, 0x9D96, 0x9535, 0x4AEC,
    0x08E4, 0x08C3, 0x10E4, 0x10E3, 0x10C3, 0x0882, 0x0062, 0x0862,
    0x0061, 0x0000, 0x0000, 0x0862, 0x0882, 0x0862, 0x0882, 0x0883,
    0x10A3, 0x10C3, 0x10A3, 0x0862, 0x0841, 0x0882, 0x08A3, 0x08A3,
    0x08A3, 0x08A3, 0x08A3, 0x10E4, 0x1904, 0x10C3, 0x0062, 0x0000,
    0x0000, 0x0001, 0x08A3, 0x29A7, 0x31C7, 0x10E4, 0x0082, 0x0041,
    0x0041, 0x0083, 0x08C4, 0x08E4, 0x08C4, 0x1105, 0x1106, 0x42CC,
    0x63F0, 0x21C7, 0x0082, 0x0905, 0x532D, 0x84F4, 0x7CD3, 0x74B3,
    0x74B3, 0x7493, 0x7493, 0x7493, 0x7CB4, 0x7473, 0x7493, 0x9D96,
    0xC6DA, 0x94F3, 0x2145, 0x2165, 0x2986, 0x3186, 0x31A6, 0x31A6,
    0x2965, 0x2965, 0x2985, 0x3185, 0x2965, 0x2965, 0x2965, 0x2985,
    0x2945, 0x2965, 0x3186, 0x3186, 0x2145, 0x08A2, 0x5B4D, 0xA5B6,
    0x7451, 0x1166, 0x0947, 0x19CA, 0x11C9, 0x1188, 0x19EA, 0x0967,
    0x0947, 0x6C31, 0xCEFC, 0xD6FB, 0xCEBA, 0xBE58, 0x4AEC, 0x00A3,
    0x2208, 0x3249, 0x1145, 0x19A7, 0x2A2A, 0x21C9, 0x1167, 0x21C9,
    0x2209, 0x1167, 0x1167, 0x19A8, 0x21C9, 0x1167, 0x1147, 0x19A8,
    0x21E9, 0x1167, 0x1947, 0x21C8, 0x326B, 0x11A8, 0x1167, 0x2A0A,
    0x2A4A, 0x1187, 0x21E9, 0x324B, 0x19E9, 0x0946, 0x1167, 0x19C9,
    0x21E9, 0x0946, 0x19A8, 0x2A2A, 0x19A8, 0x0906, 0x1167, 0x19E9,
    0x21EA, 0x0926, 0x19A8, 0x4B0D, 0x21A8, 0x00C4, 0x1987, 0x326A,
    0x11A7, 0x0925, 0x1987, 0x21C8, 0x1146, 0x1125, 0x21A7, 0x29E9,
    0x2187, 0x1967, 0x1147, 0x1147, 0x1148, 0x1968, 0x1168, 0x19A9,
    0x11A9, 0x0947, 0x19A9, 0x0967, 0x19A9, 0x11A8, 0x0906, 0x0926,
    0x6411, 0x8D14, 0x1125, 0x1945, 0x8CD2, 0xA572, 0xCE76, 0xC614,
    0xE6F7, 0xEF38, 0xE6D7, 0xE6D8, 0xE6D8, 0xEEF8, 0xE6F8, 0xE6D8,
    0xEEF8, 0xEEF8, 0xEF18, 0xEEF8, 0xEED8, 0xEEF8, 0xEEF7, 0xEEF8,
    0xEEF8, 0xEEF8, 0xE6B7, 0x9C6E, 0xBD73, 0x5227, 0x18E2, 0x08A3,
    0x6BAF, 0x9514, 0x21C7, 0x1167, 0x1147, 0x0926, 0x1988, 0x1127,
    0x1127, 0x1987, 0x8492, 0xCEFA, 0xDF3A, 0x8470, 0x31A5, 0x2945,
    0x2965, 0x3185, 0x2965, 0x2965, 0x3185, 0x3185, 0x31A5, 0x3185,
    0x2965, 0x2965, 0x2965, 0x2965, 0x2965, 0x2965, 0x2965, 0x3185,
    0x3186, 0x3185, 0x2965, 0x2965, 0x3185, 0x3185, 0x31A6, 0x3185,
    0x3185, 0x3185, 0x3185, 0x2965, 0x2965, 0x2985, 0x2965, 0x2965,
    0x2965, 0x2965, 0x2965, 0x2965, 0x2965, 0x18E3, 0x39E7, 0xA595,
    0x8CD3, 0x3A28, 0x3229, 0x536E, 0x5BD0, 0x2A4A, 0x1167, 0x1188,
    0x19C9, 0x19C8, 0x2A29, 0x6BF0, 0x8CD3, 0x9514, 0x63D0, 0x1966,
    0x0905, 0x19A7, 0x4B2D, 0x63F0, 0x534D, 0x21E8, 0x2209, 0x19C8,
    0x0967, 0x0947, 0x0947, 0x0947, 0x00E5, 0x0905, 0x3229, 0x4AEC,
    0x63AF, 0x7C72, 0x3A8B, 0x0925, 0x08E5, 0x0000, 0x8C50, 0xFFFF,
    0xFFDC, 0xFFFC, 0xFFFD, 0x9CCF, 0x0860, 0x08C4, 0x0906, 0x11A9,
    0x11AA, 0x11CA, 0x11CA, 0x11CA, 0x11CA, 0x19EB, 0x222B, 0x19EA,
    0x0147, 0x4BB0, 0xAE59, 0xAE38, 0x4B8E, 0x09E9, 0x11EA, 0x11EA,
    0x09EA, 0x09CA, 0x11CA, 0x11E9, 0x3B2B, 0x3B29, 0x2AE7, 0x2AE7,
    0x32E7, 0x32E7, 0x32E7, 0x2AE7, 0x2AE7, 0x2AE7, 0x2AE6, 0x2AC7,
    0x2AE7, 0x2AE7, 0x2AE6, 0x2AC6, 0x3B48, 0x542B, 0x4C2B, 0x4C2A,
    0x542A, 0x4C2A, 0x4C4B, 0x4BEA, 0x0982, 0x3287, 0x536B, 0x7C90,
    0x84D1, 0x31E6, 0x10E2, 0x5B6C, 0xBE79, 0xC6B9, 0xC6BA, 0xCEFB,
    0xCEFB, 0xE79D, 0xEFDE, 0xF7FF, 0xFFFF, 0xCEB9, 0xA5B5, 0xCEF9,
    0x84B1, 0x84B1, 0x9533, 0x742F, 0x21C5, 0x00A1, 0x0040, 0x19A4,
    0x53CA, 0x544B, 0x544A, 0x544B, 0x4C2B, 0x4C0A, 0x4409, 0x43C9,
    0x2265, 0x1162, 0x1143, 0x1123, 0x1123, 0x1143, 0x1943, 0x1943,
    0xFFDE, 0xFFFF, 0xFFFF, 0xFFFF, 0xFFFF, 0xFFFF, 0xFFFF, 0xFFFF,
    0xFFFF, 0xFFFF, 0xFFFF, 0xFFFF, 0xFFFF, 0xFFFF, 0xFFFF, 0xFFFF,
    0xFFFF, 0xFFFF, 0xFFFF, 0xFFFF, 0xFFFF, 0xFFFF, 0xFFFF, 0xFFFF,
    0xFFFF, 0xFFFF, 0xFFFF, 0xFFFF, 0xFFFF, 0xFFFF, 0xFFFF, 0xFFFF,
    0xFFFF, 0xFFFF, 0xFFFF, 0xFFFF, 0xFFFF, 0xFFFF, 0xFFDE, 0xFFBE,
    0xFFFF, 0xFFFF, 0xFFFF, 0xFFFF, 0xFFFF, 0xFFDE, 0xFFFF, 0xFFFF,
    0xFFDE, 0xFFBE, 0xFFFF, 0xFFFF, 0xFFFF, 0xFFFF, 0xCE59, 0x0841,
    0x1082, 0x18C3, 0x18C3, 0x10A3, 0x2124, 0x31C7, 0x5B2C, 0x530B,
    0x3A69, 0x42AB, 0x0926, 0x0106, 0x0127, 0x0989, 0x11EA, 0x11EA,
    0x11EA, 0x11CA, 0x19EA, 0x4B90, 0x4BB0, 0x0927, 0x1126, 0x2A09,
    0x4ACB, 0x5B4D, 0x636D, 0x52EC, 0x426A, 0x1925, 0x1104, 0x1946,
    0x5BAF, 0x5BAF, 0x6C31, 0x7CB3, 0x29E8, 0x0062, 0x1126, 0x29E8,
    0x29E8, 0x21C7, 0x2187, 0x10E4, 0x0041, 0x0041, 0x0021, 0x0020,
    0x0021, 0x0841, 0x0021, 0x0041, 0x0020, 0x0020, 0x0021, 0x0021,
    0x0021, 0x0021, 0x0841, 0x0041, 0x0041, 0x0041, 0x0841, 0x0841,
    0x0041, 0x0841, 0x0041, 0x0041, 0x0041, 0x0041, 0x0041, 0x0041,
    0x0020, 0x0021, 0x0021, 0x0041, 0x0861, 0x0041, 0x0000, 0x0021,
    0x0041, 0x0041, 0x0041, 0x0862, 0x10A3, 0x10C4, 0x1105, 0x1105,
    0x08E5, 0x1126, 0x1106, 0x21C9, 0x7472, 0x7C93, 0x2209, 0x00A4,
    0x1987, 0x536E, 0x84F4, 0x8D55, 0x8D55, 0x8D35, 0x9555, 0x9555,
    0x9555, 0x9555, 0x9575, 0xAE18, 0xCEDA, 0x9D34, 0x2165, 0x2145,
    0x2965, 0x2965, 0x31A6, 0x31A6, 0x2945, 0x2945, 0x2144, 0x2965,
    0x3185, 0x3185, 0x2965, 0x2985, 0x2985, 0x2985, 0x2965, 0x2965,
    0x2965, 0x10C3, 0x638E, 0xA5B6, 0x7430, 0x19C7, 0x1188, 0x19EA,
    0x11C9, 0x1188, 0x19EA, 0x0988, 0x1167, 0x538F, 0xC6DB, 0xDF5C,
    0xE77D, 0xADD7, 0x21A7, 0x00E5, 0x32AC, 0x4B4E, 0x2209, 0x1167,
    0x19A9, 0x11A9, 0x1147, 0x0947, 0x11A8, 0x11A8, 0x0947, 0x0907,
    0x19C9, 0x19A9, 0x0907, 0x0906, 0x2A0A, 0x21EA, 0x1168, 0x19A9,
    0x220A, 0x1188, 0x1168, 0x21EA, 0x2A2B, 0x0946, 0x1167, 0x19C9,
    0x19A9, 0x0927, 0x1168, 0x19A9, 0x19A9, 0x1147, 0x21A9, 0x21EA,
    0x19A9, 0x0927, 0x1168, 0x19C9, 0x19EA, 0x0927, 0x1168, 0x6C32,
    0x6BF1, 0x0905, 0x0105, 0x538F, 0x3ACC, 0x00A4, 0x0946, 0x5B8F,
    0x3AAB, 0x00A3, 0x00A3, 0x00C4, 0x00A4, 0x00E5, 0x1147, 0x1147,
    0x1148, 0x1148, 0x1168, 0x1989, 0x1188, 0x0947, 0x19C9, 0x0947,
    0x1188, 0x11A8, 0x0906, 0x1146, 0x6411, 0x8CF4, 0x0904, 0x1966,
    0x9512, 0x94CF, 0xE6F7, 0xF759, 0xEF18, 0xE6D7, 0xDEB7, 0xDE97,
    0xDE76, 0xDE96, 0xDEB7, 0xDE76, 0xDE76, 0xDE76, 0xDE76, 0xDE96,
    0xE6B7, 0xE6B7, 0xDE96, 0xDE96, 0xE6B7, 0xE6B7, 0xEEF8, 0xD615,
    0xD5F5, 0x5A68, 0x18E3, 0x10E3, 0x7410, 0x9D55, 0x2A08, 0x1167,
    0x0947, 0x0106, 0x1188, 0x0947, 0x0947, 0x21E9, 0x4B0C, 0x8CD2,
    0x8491, 0x4289, 0x29A6, 0x2965, 0x2945, 0x2965, 0x2965, 0x2944,
    0x2965, 0x3185, 0x31A5, 0x2985, 0x3185, 0x2965, 0x2965, 0x2965,
    0x3185, 0x2965, 0x3185, 0x3186, 0x3186, 0x2965, 0x2965, 0x2965,
    0x2965, 0x2965, 0x2965, 0x3165, 0x2965, 0x2965, 0x2965, 0x2945,
    0x2965, 0x2985, 0x2965, 0x2965, 0x2965, 0x3185, 0x2985, 0x2965,
    0x2965, 0x2124, 0x2165, 0x636D, 0x4ACB, 0x29E7, 0x21A7, 0x326A,
    0x42EC, 0x19A8, 0x0967, 0x1168, 0x1188, 0x4B6F, 0x32AC, 0x1167,
    0x2A09, 0x1166, 0x0083, 0x0083, 0x0083, 0x0083, 0x0042, 0x0083,
    0x00C4, 0x1987, 0x5BD0, 0x328B, 0x0947, 0x0967, 0x1188, 0x1188,
    0x0968, 0x0947, 0x00C5, 0x0083, 0x00A4, 0x42EC, 0x84F4, 0x538F,
    0x19A8, 0x0041, 0x8450, 0xFFFF, 0xFFFD, 0xFFFE, 0xFFFE, 0x946E,
    0x0880, 0x08C3, 0x0926, 0x19A9, 0x11A9, 0x11CA, 0x11CA, 0x11EA,
    0x11CA, 0x1A2B, 0x4B91, 0x53B1, 0x1A0A, 0x53F1, 0xB659, 0xAE17,
    0x4BAE, 0x1209, 0x09EA, 0x11EA, 0x11EA, 0x11EA, 0x11EA, 0x11E9,
    0x3B4C, 0x3B09, 0x2AE7, 0x2AE7, 0x2AE7, 0x2AE7, 0x2AC6, 0x2AC6,
    0x2AC6, 0x2AC6, 0x2AC6, 0x2AC7, 0x2AC6, 0x2AC6, 0x2AC6, 0x2AE6,
    0x3B48, 0x544B, 0x544B, 0x544A, 0x542A, 0x4C2A, 0x4C4A, 0x43CA,
    0x0101, 0x3AA8, 0x63ED, 0x746F, 0x84B1, 0x8CD2, 0x530B, 0x1124,
    0x638D, 0xBE38, 0xBE79, 0xB658, 0xBE79, 0xC69A, 0xDF5D, 0xE79D,
    0xEF9D, 0xCEB9, 0xB636, 0x9553, 0x6C0E, 0x742F, 0x742F, 0x7C90,
    0x29E6, 0x0081, 0x0040, 0x1102, 0x4B49, 0x542B, 0x4C4A, 0x4C2A,
    0x4C2A, 0x4C0A, 0x4C0A, 0x43C9, 0x2265, 0x1162, 0x1123, 0x1123,
    0x1123, 0x1123, 0x1943, 0x1923, 0x840F, 0x9CD2, 0x94B1, 0x8C30,
    0x8C70, 0x9CD2, 0x9CD2, 0x8C50, 0x8C70, 0x842F, 0x7BCE, 0x8C2F,
    0x83EE, 0x83EE, 0x9CB2, 0xB574, 0xA4D2, 0x8C50, 0x9CD2, 0xA513,
    0xA4F3, 0x9471, 0x8C50, 0xA4F3, 0xA513, 0x8C50, 0x83EF, 0x840F,
    0x8C30, 0xA4F2, 0xAD34, 0xA4D2, 0x9C91, 0x9CB1, 0x9450, 0x840F,
    0x9450, 0x840F, 0x83EE, 0x8C2F, 0x8C2F, 0xA4D2, 0xAD13, 0xA4F3,
    0x9470, 0x83EE, 0x8C2F, 0x840E, 0x83CE, 0x9471, 0xB595, 0xC617,
    0xD699, 0xDEDB, 0x7BCE, 0x0820, 0x1082, 0x18E3, 0x2945, 0x18E3,
    0x2944, 0x6B6D, 0xBDF6, 0xCE78, 0xA574, 0x5B2C, 0x21C7, 0x0905,
    0x0106, 0x0127, 0x11A9, 0x11EA, 0x11CA, 0x11CA, 0x11EA, 0x4B90,
    0x4BB0, 0x2A0A, 0x3A6B, 0x9535, 0x84B2, 0x8471, 0x84B1, 0x7C71,
    0x9D75, 0x3A49, 0x10E4, 0x1125, 0x4B0D, 0x32AB, 0x21E9, 0x7452,
    0x84F4, 0x42AC, 0x1946, 0x1126, 0x1125, 0x08E4, 0x0021, 0x0000,
    0x0020, 0x0020, 0x0020, 0x0020, 0x0841, 0x0841, 0x0841, 0x0841,
    0x0841, 0x0841, 0x0841, 0x0841, 0x0841, 0x0861, 0x0861, 0x0861,
    0x0861, 0x0861, 0x0841, 0x0861, 0x0861, 0x0861, 0x0861, 0x0861,
    0x0861, 0x0861, 0x0861, 0x0861, 0x0861, 0x0861, 0x0841, 0x0841,
    0x1082, 0x0862, 0x0841, 0x0841, 0x0021, 0x0021, 0x0021, 0x0862,
    0x10C4, 0x08A3, 0x10E5, 0x1105, 0x08E5, 0x1106, 0x1126, 0x1106,
    0x2A09, 0x6C32, 0x7473, 0x21E9, 0x0063, 0x0083, 0x00A4, 0x08E4,
    0x08E4, 0x00C4, 0x08E4, 0x0904, 0x0905, 0x00E4, 0x1166, 0x84F4,
    0xC6DA, 0x94F3, 0x2165, 0x2145, 0x2985, 0x31A6, 0x3185, 0x2965,
    0x2945, 0x2945, 0x2965, 0x3186, 0x2965, 0x2965, 0x2965, 0x2965,
    0x2965, 0x2965, 0x2965, 0x2965, 0x2965, 0x08A3, 0x532C, 0x9514,
    0x63AE, 0x42EC, 0x19C9, 0x19EA, 0x11C9, 0x1188, 0x19EA, 0x0968,
    0x1188, 0x19C9, 0x5B8F, 0xA5B6, 0xADB6, 0x4ACB, 0x08E4, 0x326A,
    0x53D0, 0x4B6F, 0x2209, 0x0105, 0x19A8, 0x220A, 0x0926, 0x00E6,
    0x32AC, 0x3ACD, 0x00E6, 0x1188, 0x432E, 0x19CA, 0x00E6, 0x326C,
    0x536F, 0x2A4B, 0x1168, 0x19A9, 0x19EA, 0x0988, 0x0127, 0x326C,
    0x6C33, 0x21E9, 0x00A4, 0x3A8C, 0x4B2F, 0x0106, 0x00E6, 0x2A2B,
    0x220A, 0x00E6, 0x1147, 0x21C9, 0x1188, 0x00E6, 0x1168, 0x2A4B,
    0x19C9, 0x0106, 0x0106, 0x2A4A, 0x7CB4, 0x63D0, 0x0905, 0x2A6A,
    0x7CD4, 0x42EC, 0x00C4, 0x42EC, 0x7CD4, 0x538F, 0x3AAB, 0x3A8B,
    0x3A8B, 0x19A8, 0x00C5, 0x0927, 0x1148, 0x1148, 0x1168, 0x19A9,
    0x1189, 0x0947, 0x19A9, 0x0947, 0x1188, 0x1188, 0x0906, 0x1126,
    0x63F0, 0x84F4, 0x1125, 0x7451, 0xD73B, 0xA551, 0xE717, 0xF739,
    0xE6D8, 0xE6B7, 0xE6B7, 0xDE76, 0xD655, 0xDE76, 0xDE76, 0xD656,
    0xDE96, 0xE6B7, 0xD676, 0xD655, 0xDE96, 0xDE76, 0xDE96, 0xDE97,
    0xDE76, 0xDE97, 0xE6D7, 0xD635, 0xD615, 0x5A47, 0x4207, 0x2165,
    0x638E, 0x8CD3, 0x21C7, 0x1187, 0x0947, 0x0927, 0x19A9, 0x00E6,
    0x0106, 0x21E9, 0x2A29, 0x29E8, 0x21A7, 0x3208, 0x31E7, 0x2165,
    0x2965, 0x2965, 0x2965, 0x2965, 0x2965, 0x3185, 0x3185, 0x2965,
    0x3185, 0x2965, 0x2965, 0x2985, 0x3186, 0x2985, 0x2965, 0x2965,
    0x3185, 0x2965, 0x2965, 0x3185, 0x3185, 0x3186, 0x3185, 0x2965,
    0x2985, 0x3185, 0x3185, 0x2965, 0x2965, 0x2985, 0x2965, 0x2965,
    0x2965, 0x2965, 0x2985, 0x2965, 0x2945, 0x2124, 0x1904, 0x2145,
    0x2987, 0x3208, 0x29E8, 0x21A7, 0x1146, 0x1147, 0x0927, 0x00E6,
    0x1988, 0x6412, 0x3B0D, 0x1167, 0x2A09, 0x08C4, 0x0062, 0x0063,
    0x0042, 0x0042, 0x0042, 0x0062, 0x08E4, 0x1987, 0x63F0, 0x3ACC,
    0x0967, 0x0988, 0x224B, 0x3AEE, 0x224B, 0x0968, 0x0967, 0x0926,
    0x00E5, 0x00A4, 0x3A8B, 0x7CD4, 0x3AED, 0x0082, 0x52EB, 0xDED9,
    0xD697, 0xCE35, 0xC5F4, 0x5267, 0x0880, 0x08C3, 0x1126, 0x11A9,
    0x11A9, 0x11A9, 0x19EA, 0x19EB, 0x11AA, 0x0127, 0x19EA, 0x3B0E,
    0x1A0A, 0x53D0, 0xB659, 0xB617, 0x538E, 0x1209, 0x11EA, 0x11EA,
    0x11EA, 0x11EA, 0x11EA, 0x19E9, 0x432C, 0x3B29, 0x2AC7, 0x2AE7,
    0x2AE7, 0x2AC6, 0x2AC6, 0x2AC6, 0x2AC6, 0x2AC6, 0x2AC6, 0x2AC6,
    0x2AC6, 0x2AC6, 0x2AC6, 0x2AC6, 0x3348, 0x544B, 0x544B, 0x544A,
    0x4C4A, 0x4C2A, 0x544B, 0x4389, 0x00C0, 0x1163, 0x42E9, 0x742F,
    0x9533, 0x8CF2, 0xADD6, 0x7C10, 0x1103, 0x29C6, 0x8CF3, 0xB638,
    0x9D95, 0xA5B6, 0xBE79, 0xCEFB, 0xDF7D, 0xE7BE, 0xE79C, 0xC6D9,
    0x84B1, 0x84D1, 0x742E, 0x7C6F, 0x29E6, 0x0081, 0x0040, 0x08C2,
    0x4329, 0x544B, 0x544B, 0x4C2A, 0x4C2A, 0x4C0A, 0x4C0A, 0x43C9,
    0x2245, 0x1162, 0x1143, 0x1143, 0x1123, 0x1143, 0x1943, 0x1943,
    0x10A1, 0x10A1, 0x1081, 0x1060, 0x1081, 0x10A1, 0x18A1, 0x18C2,
    0x1881, 0x1080, 0x1080, 0x1080, 0x1060, 0x1881, 0x18C2, 0x20E2,
    0x20C2, 0x18A1, 0x18C1, 0x18A1, 0x18A1, 0x18A2, 0x18C2, 0x18A1,
    0x1081, 0x1081, 0x1061, 0x1881, 0x2903, 0x2903, 0x1881, 0x18A1,
    0x18A1, 0x20A2, 0x20E2, 0x18A1, 0x1881, 0x18A1, 0x20E2, 0x20E2,
    0x20C2, 0x18A1, 0x18A1, 0x18A1, 0x20E2, 0x2923, 0x28E2, 0x18A1,
    0x3123, 0x49E6, 0x62CA, 0x7BAD, 0x9CB1, 0x944F, 0x3144, 0x1081,
    0x0861, 0x18E3, 0x2124, 0x18C2, 0x4228, 0x9CF2, 0xC657, 0xE73B,
    0xE75B, 0x73EE, 0x42CA, 0x1986, 0x0106, 0x0127, 0x0968, 0x11EA,
    0x11EA, 0x11EA, 0x11EA, 0x53B1, 0x53D0, 0x19A8, 0x63D0, 0xBE7A,
    0xA595, 0x7C50, 0x8491, 0x8CD2, 0xA5B6, 0x42AA, 0x29C7, 0x42AB,
    0x4B2E, 0x2A6B, 0x0926, 0x21E9, 0x6C10, 0x9555, 0x8CF5, 0x9535,
    0x8CF4, 0x428A, 0x0021, 0x0021, 0x0841, 0x0841, 0x0840, 0x0020,
    0x0020, 0x0000, 0x0000, 0x0000, 0x0000, 0x0000, 0x0020, 0x0000,
    0x0000, 0x0000, 0x0000, 0x0000, 0x0020, 0x0020, 0x0020, 0x0000,
    0x0000, 0x0000, 0x0000, 0x0000, 0x0020, 0x0000, 0x0020, 0x0000,
    0x0020, 0x0841, 0x0841, 0x0820, 0x0841, 0x0020, 0x0021, 0x0021,
    0x0020, 0x0021, 0x1082, 0x18E4, 0x10C3, 0x0883, 0x08C4, 0x1105,
    0x08E5, 0x10E5, 0x10E5, 0x1126, 0x08E5, 0x1187, 0x6411, 0x6C32,
    0x3AAB, 0x326B, 0x324A, 0x326B, 0x3A6B, 0x326A, 0x326A, 0x324A,
    0x322A, 0x324A, 0x326A, 0x7CB3, 0xC6BB, 0x8492, 0x1924, 0x2165,
    0x2985, 0x2965, 0x2945, 0x3186, 0x2965, 0x2965, 0x39C7, 0x39C7,
    0x2965, 0x2965, 0x2986, 0x2965, 0x2965, 0x2945, 0x2965, 0x31A6,
    0x2945, 0x0882, 0x532C, 0x9D55, 0x63AE, 0x21E8, 0x19C9, 0x220A,
    0x11C9, 0x1168, 0x19E9, 0x0968, 0x1168, 0x1189, 0x1167, 0x1987,
    0x1125, 0x0925, 0x326A, 0x4B4E, 0x430E, 0x11A9, 0x0926, 0x19A8,
    0x4B4E, 0x2A6B, 0x00E5, 0x328B, 0x538F, 0x19A8, 0x1187, 0x538F,
    0x3ACD, 0x0926, 0x3A8C, 0x5BD1, 0x3AAD, 0x1188, 0x1168, 0x19A9,
    0x19C9, 0x0968, 0x0927, 0x1188, 0x5BB1, 0x7494, 0x21C9, 0x21E9,
    0x7493, 0x536F, 0x00E5, 0x326B, 0x7473, 0x2A2A, 0x00A4, 0x3ACD,
    0x536F, 0x0926, 0x0927, 0x6412, 0x63F1, 0x1187, 0x00E5, 0x0105,
    0x2A2A, 0x7C93, 0x63F0, 0x0945, 0x2A29, 0x7CB3, 0x4B2D, 0x00C4,
    0x326A, 0x7472, 0x7CB3, 0x7CB3, 0x84F4, 0x84D4, 0x3AAC, 0x00C5,
    0x0906, 0x1148, 0x1148, 0x1189, 0x1189, 0x0968, 0x19A9, 0x0967,
    0x1188, 0x1188, 0x0906, 0x0926, 0x5BAF, 0x8D35, 0x29E8, 0x8CF4,
    0x9513, 0x73EC, 0xEF59, 0xF739, 0xE6B7, 0xDE97, 0xDE76, 0xD655,
    0xE697, 0xF719, 0xF739, 0xE6F8, 0xF739, 0xEEF8, 0xDE96, 0xF759,
    0xFF7A, 0xE6D7, 0xEF39, 0xFF7A, 0xEF19, 0xDE76, 0xE6B7, 0xDE76,
    0xDE35, 0x5206, 0x18C2, 0x08C3, 0x638E, 0x8CD3, 0x19C7, 0x1188,
    0x0907, 0x1988, 0x6C32, 0x326B, 0x00A5, 0x0906, 0x1126, 0x08E4,
    0x08C4, 0x08C3, 0x1904, 0x2145, 0x2945, 0x2965, 0x2965, 0x2965,
    0x3185, 0x2985, 0x2985, 0x2985, 0x2965, 0x2965, 0x2985, 0x2985,
    0x3185, 0x3185, 0x2985, 0x3185, 0x3185, 0x2965, 0x2965, 0x2965,
    0x2965, 0x2965, 0x2985, 0x3185, 0x31A5, 0x3185, 0x31A6, 0x3185,
    0x2965, 0x2965, 0x2965, 0x2985, 0x2965, 0x2965, 0x2965, 0x2965,
    0x2965, 0x2104, 0x0861, 0x0882, 0x08A3, 0x08C4, 0x1925, 0x1104,
    0x00A3, 0x00A4, 0x00C5, 0x0906, 0x2A2A, 0x6C93, 0x32EC, 0x00E5,
    0x0905, 0x3229, 0x7C72, 0x6BCF, 0x73EF, 0x8451, 0x6BCF, 0x21A7,
    0x1146, 0x1166, 0x5BD0, 0x32AC, 0x11A8, 0x0126, 0x0968, 0x224B,
    0x1A2B, 0x0989, 0x0968, 0x0947, 0x0927, 0x00E5, 0x00A4, 0x19C8,
    0x19C8, 0x0083, 0x2165, 0x5B0A, 0x73AB, 0x9CCF, 0x7BCB, 0x2142,
    0x08A1, 0x08C3, 0x1126, 0x1189, 0x11A9, 0x11A9, 0x19CA, 0x1A0B,
    0x11A9, 0x00E6, 0x00C6, 0x0107, 0x0968, 0x5BF1, 0xAE59, 0xAE17,
    0x4B6E, 0x09E9, 0x11EA, 0x11EA, 0x11EA, 0x11EA, 0x11EA, 0x1A09,
    0x3B2B, 0x3B29, 0x2AE7, 0x2AE7, 0x2AE6, 0x2AE6, 0x2AE7, 0x2AE7,
    0x2AC6, 0x2AC6, 0x2AC6, 0x2AC6, 0x2AC6, 0x2AC6, 0x2AC6, 0x2AC6,
    0x3B68, 0x5C6C, 0x544B, 0x4C4A, 0x4C4A, 0x542B, 0x546B, 0x3327,
    0x00A0, 0x0922, 0x2A26, 0x42C9, 0x742F, 0x8CF2, 0x8CB2, 0xA595,
    0x8471, 0x08A2, 0x29E7, 0x8D13, 0x9554, 0xA5D6, 0xBEB9, 0xBE58,
    0xC699, 0xDF5C, 0xE79D, 0xE7BD, 0xBE78, 0x84B1, 0x742F, 0x6C0E,
    0x1984, 0x0060, 0x0040, 0x08A1, 0x3AE8, 0x542B, 0x544B, 0x4C2A,
    0x4C2A, 0x4C0A, 0x4C0A, 0x43C9, 0x1A24, 0x1163, 0x1163, 0x1143,
    0x1143, 0x1143, 0x1143, 0x1143, 0x2923, 0x2943, 0x3164, 0x2923,
    0x2923, 0x3164, 0x3185, 0x39A5, 0x39A5, 0x39A5, 0x3985, 0x3144,
    0x3144, 0x39A5, 0x39A5, 0x39A5, 0x39C6, 0x39A5, 0x3164, 0x3164,
    0x3185, 0x3185, 0x3165, 0x3185, 0x3185, 0x3185, 0x3164, 0x3985,
    0x39A5, 0x39A5, 0x39A5, 0x41E6, 0x39C6, 0x39C5, 0x39C5, 0x41E6,
    0x39C5, 0x3985, 0x3184, 0x39A5, 0x39A5, 0x3984, 0x3164, 0x3164,
    0x3164, 0x3144, 0x3143, 0x20E2, 0x18A1, 0x1881, 0x18A1, 0x3964,
    0x62C9, 0x62C9, 0x41E6, 0x2103, 0x0861, 0x2104, 0x2104, 0x2944,
    0x8C90, 0xDEF9, 0xFFDD, 0xFFDD, 0xFFFF, 0xADB4, 0x740E, 0x3A69,
    0x0906, 0x0928, 0x0948, 0x19CA, 0x11EA, 0x120A, 0x11EA, 0x3B2F,
    0x438F, 0x1188, 0x42EC, 0x8D14, 0x6BEF, 0x530B, 0x94F3, 0x84B2,
    0x9534, 0x7450, 0x5B8D, 0x63CF, 0x5BAF, 0x19C8, 0x0947, 0x2A2A,
    0x2209, 0x324A, 0x324A, 0x428A, 0x8CB3, 0x8492, 0x636D, 0x4A69,
    0x31A6, 0x31A6, 0x39C7, 0x31A6, 0x2985, 0x2985, 0x2985, 0x2965,
    0x2965, 0x2945, 0x2124, 0x2124, 0x2945, 0x3186, 0x2965, 0x2944,
    0x2965, 0x2965, 0x2965, 0x39C7, 0x4208, 0x4208, 0x39E7, 0x39C7,
    0x31A6, 0x3186, 0x31A6, 0x31A6, 0x2945, 0x18E3, 0x31A6, 0x4228,
    0x4A28, 0x4A49, 0x4A8A, 0x528A, 0x52CA, 0x3A07, 0x10C3, 0x0882,
    0x0062, 0x0062, 0x0883, 0x08A3, 0x08C4, 0x1947, 0x29C9, 0x29C8,
    0x1126, 0x1146, 0x7CB4, 0xA5F7, 0x8D34, 0x8D14, 0x8D14, 0x8D35,
    0x8D34, 0x8514, 0x9576, 0x9DB7, 0x9576, 0x9576, 0x9575, 0xAE17,
    0xD71B, 0xA574, 0x2165, 0x2986, 0x3186, 0x2944, 0x2965, 0x31A6,
    0x31A6, 0x31A6, 0x31C7, 0x31A6, 0x31A6, 0x2965, 0x2986, 0x3186,
    0x2986, 0x2986, 0x31A6, 0x31A6, 0x2965, 0x10C3, 0x5B6D, 0xADF7,
    0x6BEF, 0x0946, 0x1988, 0x19C9, 0x11A8, 0x1168, 0x19C9, 0x0968,
    0x1168, 0x1168, 0x1189, 0x1168, 0x1167, 0x220A, 0x32AC, 0x2A8C,
    0x19A9, 0x0927, 0x19A9, 0x5390, 0x3ACD, 0x0127, 0x328C, 0x4B4E,
    0x0987, 0x0967, 0x536F, 0x3ACC, 0x0106, 0x32AC, 0x5BD1, 0x326C,
    0x1168, 0x1988, 0x19A9, 0x4B0F, 0x5390, 0x11A8, 0x00A4, 0x00C5,
    0x0926, 0x536F, 0x6C73, 0x21C8, 0x1167, 0x7473, 0x5BD0, 0x0947,
    0x42ED, 0x7CB4, 0x326B, 0x1188, 0x63F2, 0x432E, 0x00E6, 0x328B,
    0x8D36, 0x6C52, 0x19A7, 0x0106, 0x0926, 0x21E9, 0x74B3, 0x6C72,
    0x0966, 0x21E8, 0x84F4, 0x5BCF, 0x1186, 0x1166, 0x1986, 0x1166,
    0x0925, 0x324A, 0x7CB4, 0x430D, 0x00C5, 0x08E6, 0x1148, 0x1189,
    0x1188, 0x0968, 0x19C9, 0x0967, 0x11A8, 0x11A9, 0x0926, 0x0926,
    0x536F, 0xA5F7, 0x4AEC, 0x1105, 0x1104, 0x632A, 0xF79A, 0xEF39,
    0xDE97, 0xDE76, 0xDE76, 0xDE75, 0xDE96, 0xF739, 0xF739, 0xDE96,
    0xF759, 0xF759, 0xDE75, 0xEEF8, 0xFF9A, 0xF739, 0xFF7A, 0xEF19,
    0xF73A, 0xDE76, 0xDE96, 0xDE56, 0xDE15, 0x49C5, 0x0000, 0x08C3,
    0x7C72, 0x9535, 0x2208, 0x0967, 0x0947, 0x00E5, 0x4B0E, 0x7CB4,
    0x3ACD, 0x1147, 0x4AEC, 0x8472, 0x94D3, 0x636D, 0x2145, 0x2944,
    0x2965, 0x2965, 0x2965, 0x2965, 0x3185, 0x31A5, 0x3185, 0x3185,
    0x3185, 0x2965, 0x2965, 0x2985, 0x3185, 0x3185, 0x31A5, 0x31A6,
    0x2965, 0x2945, 0x2965, 0x2965, 0x2965, 0x3185, 0x31A5, 0x31A5,
    0x3185, 0x2985, 0x3185, 0x2985, 0x2965, 0x2965, 0x2965, 0x2985,
    0x2965, 0x2965, 0x2985, 0x3185, 0x3165, 0x2104, 0x18E3, 0x5B2C,
    0x5B4D, 0x1924, 0x1945, 0x3A49, 0x3A6A, 0x3A8A, 0x326A, 0x21C8,
    0x21C8, 0x5C11, 0x3B0D, 0x0926, 0x0904, 0x5B6E, 0xC6DB, 0xADF7,
    0xB5F7, 0xCEBA, 0xC699, 0x5B8E, 0x19C7, 0x2A49, 0x8515, 0x538F,
    0x2209, 0x00E5, 0x0084, 0x00C5, 0x0968, 0x09A9, 0x0989, 0x0968,
    0x1168, 0x0947, 0x0106, 0x00E5, 0x19A8, 0x1967, 0x08C3, 0x3A47,
    0xCE97, 0xEF5A, 0x8C6E, 0x1922, 0x08A1, 0x08C3, 0x1126, 0x19A9,
    0x11A9, 0x11C9, 0x11EA, 0x1A0B, 0x1A0B, 0x1189, 0x0948, 0x1189,
    0x1188, 0x5BF1, 0xAE59, 0xAE17, 0x4B8E, 0x1209, 0x11EA, 0x11EA,
    0x11EA, 0x11EA, 0x11C9, 0x1A29, 0x3B2B, 0x3B09, 0x32E7, 0x2AE7,
    0x2AE7, 0x2AE7, 0x2AE7, 0x2AE6, 0x2AE6, 0x2AE7, 0x2AE7, 0x2AE7,
    0x2AE7, 0x2AE7, 0x2AE6, 0x2AE6, 0x4389, 0x5C6B, 0x544B, 0x544B,
    0x544A, 0x544B, 0x544B, 0x3347, 0x00A0, 0x1122, 0x3247, 0x2A06,
    0x3247, 0x5B6C, 0x9533, 0xBE58, 0xCEBA, 0x6BAE, 0x08A2, 0x3207,
    0x7C91, 0xA5B5, 0xB638, 0xAE17, 0xA5D6, 0xB617, 0xCED9, 0xE79C,
    0xE77C, 0xB637, 0x9512, 0x8490, 0x1964, 0x0060, 0x0040, 0x08C1,
    0x3AE8, 0x542B, 0x4C4B, 0x4C2A, 0x4C2A, 0x4C0A, 0x4C2A, 0x43C9,
    0x2245, 0x1163, 0x1143, 0x1123, 0x1123, 0x1143, 0x1143, 0x1123,
    0x83EE, 0x7BCD, 0x83EE, 0x840E, 0x83EE, 0x83EE, 0x83EE, 0x83EE,
    0x83EE, 0x7BCD, 0x83EE, 0x83EE, 0x83EE, 0x840E, 0x83EE, 0x8C0E,
    0x8C2E, 0x8C2F, 0x8C2F, 0x840F, 0x842F, 0x840F, 0x840E, 0x83EE,
    0x8C0E, 0x840E, 0x7BAD, 0x7BCD, 0x7BCD, 0x7BCD, 0x83EE, 0x83EE,
    0x7BCD, 0x738D, 0x7BAD, 0x8C2F, 0x8C2F, 0x8C0E, 0x83EE, 0x83CD,
    0x83CD, 0x83CD, 0x83CD, 0x7BAC, 0x83EE, 0x840E, 0x840E, 0x83EE,
    0x6B4B, 0x5268, 0x4A27, 0x4A27, 0x4A27, 0x5268, 0x5288, 0x2924,
    0x1082, 0x3186, 0x3A07, 0x634B, 0xC616, 0xDED9, 0xFFFE, 0xFFDD,
    0xE73B, 0xE71A, 0xBDF6, 0x3A69, 0x1187, 0x0948, 0x0127, 0x11C9,
    0x1A0A, 0x11EA, 0x11CA, 0x0988, 0x224B, 0x74B4, 0x9597, 0x9D76,
    0x8CF3, 0x4B0C, 0x3229, 0x3A6A, 0x9535, 0xC69A, 0xBE59, 0xAE18,
    0x6C31, 0x1167, 0x0946, 0x21C9, 0x21C8, 0x00A3, 0x0041, 0x0881,
    0xA575, 0xE77C, 0x9CF2, 0x39E6, 0x2103, 0x1903, 0x18E2, 0x39C6,
    0xCE58, 0xEF7C, 0xEF5C, 0xEF5B, 0xEF7C, 0xEF5C, 0xE75B, 0xEF5C,
    0xEF7C, 0xF79D, 0xEF7C, 0xEF7C, 0xEF9C, 0xEF7C, 0xEF7C, 0xF7DD,
    0xFFDE, 0xF7DD, 0xF7BD, 0xF7BD, 0xF79D, 0xF7BD, 0xF7BD, 0xF7BD,
    0xE73B, 0xC638, 0x5289, 0x2944, 0x3185, 0x3185, 0x3165, 0x3185,
    0x52CA, 0x634C, 0x10A2, 0x0000, 0x0000, 0x0000, 0x0041, 0x0041,
    0x0082, 0x10E4, 0x1105, 0x10E5, 0x1105, 0x1146, 0x7493, 0xB679,
    0xA5D7, 0x9D75, 0x9D75, 0x9D96, 0xA5B6, 0x9555, 0x534D, 0x2A08,
    0x21E8, 0x19A7, 0x2A09, 0x9D76, 0xD71B, 0x9513, 0x2165, 0x2985,
    0x2965, 0x2945, 0x2965, 0x31C6, 0x39C7, 0x2965, 0x31A6, 0x39A6,
    0x3186, 0x2965, 0x2985, 0x2965, 0x2985, 0x31A6, 0x31A6, 0x2965,
    0x2945, 0x10C2, 0x530C, 0xA5B6, 0x6BF0, 0x0946, 0x1188, 0x19A9,
    0x11A8, 0x0968, 0x19C9, 0x0968, 0x1168, 0x1168, 0x1168, 0x1189,
    0x19C9, 0x19EA, 0x0988, 0x19A9, 0x19C9, 0x19C9, 0x220B, 0x2A6C,
    0x11A9, 0x2A6B, 0x430E, 0x0967, 0x11C8, 0x4B4F, 0x2A6B, 0x0106,
    0x328C, 0x5BB0, 0x2A4B, 0x1168, 0x19A9, 0x1989, 0x1969, 0x3AAD,
    0x8536, 0x6C72, 0x430D, 0x63F0, 0x7473, 0x6C52, 0x8D56, 0x9596,
    0x2A4A, 0x0946, 0x6C32, 0x63F1, 0x1167, 0x430E, 0x7473, 0x19C9,
    0x11A9, 0x32AD, 0x1188, 0x0106, 0x3ACD, 0x7493, 0x3ACC, 0x0927,
    0x1147, 0x1146, 0x2209, 0x7CD4, 0x7CD3, 0x21E8, 0x1A08, 0x74B3,
    0x9576, 0x8D35, 0x8D55, 0x8D55, 0x6C11, 0x0945, 0x19C8, 0x7CB3,
    0x4B2E, 0x00E5, 0x0906, 0x19A9, 0x1188, 0x0968, 0x19A9, 0x0947,
    0x11A8, 0x11A9, 0x0926, 0x0926, 0x5BB0, 0xAE59, 0x5BAF, 0x00C4,
    0x08C3, 0x632B, 0xFFBB, 0xEF39, 0xDE97, 0xDE97, 0xD676, 0xD655,
    0xD634, 0xEEF8, 0xEF18, 0xCDF3, 0xEEF7, 0xF759, 0xD634, 0xEEF7,
    0xFF7A, 0xEEF8, 0xF75A, 0xEF19, 0xF75A, 0xDE97, 0xDE76, 0xD635,
    0xDE35, 0x49C5, 0x0000, 0x1124, 0x7C72, 0x9555, 0x2A29, 0x0946,
    0x0947, 0x00C5, 0x00A4, 0x3AAD, 0x6C12, 0x326B, 0x9D76, 0xDF5D,
    0xDF1C, 0xAD75, 0x4A49, 0x2124, 0x2945, 0x2965, 0x2985, 0x3185,
    0x2985, 0x3185, 0x3185, 0x2985, 0x2965, 0x2965, 0x3185, 0x3185,
    0x2965, 0x3185, 0x2965, 0x2965, 0x2965, 0x2965, 0x2965, 0x3185,
    0x3185, 0x31A6, 0x31A5, 0x31A5, 0x31A5, 0x31A5, 0x3185, 0x3185,
    0x3185, 0x3185, 0x3165, 0x2965, 0x2965, 0x2965, 0x2985, 0x3185,
    0x3185, 0x1904, 0x29A6, 0x8CB2, 0x7C30, 0x2186, 0x1965, 0x6BCF,
    0x9514, 0x8CF3, 0x63F0, 0x21E8, 0x19A8, 0x6C53, 0x432E, 0x0125,
    0x2A29, 0x5BAF, 0x7430, 0x638D, 0x638E, 0x7430, 0x63AE, 0x1986,
    0x3249, 0x8CF4, 0xA5F8, 0x9576, 0x8515, 0x5BAF, 0x21E9, 0x1167,
    0x11A9, 0x11A9, 0x0989, 0x0989, 0x0988, 0x0968, 0x0968, 0x00E6,
    0x326B, 0x536F, 0x08C3, 0x8CD1, 0xFFFF, 0xFFFE, 0xA553, 0x2163,
    0x10C2, 0x10E4, 0x1967, 0x19C9, 0x11C9, 0x11C9, 0x11EA, 0x1A0A,
    0x1A2B, 0x222B, 0x1A0B, 0x1A0B, 0x11A9, 0x6452, 0xB659, 0xAE17,
    0x4B6E, 0x11E9, 0x11EA, 0x11EA, 0x120A, 0x11EA, 0x11EA, 0x1A09,
    0x3B2B, 0x3309, 0x2AE7, 0x2AE7, 0x32E7, 0x3307, 0x2AE7, 0x2AE7,
    0x2AE7, 0x32E7, 0x32E7, 0x32E7, 0x2AE7, 0x2AE7, 0x2AE7, 0x2AE6,
    0x43A9, 0x6CED, 0x64CD, 0x546B, 0x4C4A, 0x4C2B, 0x544B, 0x3B88,
    0x00E0, 0x08E2, 0x29E6, 0x21C5, 0x29E5, 0x3A68, 0x638D, 0x8491,
    0xC658, 0xBE38, 0x634C, 0x10E3, 0x29C6, 0x84B2, 0x9533, 0x6C0F,
    0x740F, 0xADF6, 0x94F2, 0xBE57, 0xDF5B, 0xD71B, 0xDF7C, 0xADF6,
    0x1923, 0x0040, 0x0040, 0x1123, 0x3B08, 0x542B, 0x4C2A, 0x4C2B,
    0x4C2A, 0x4C0A, 0x4C0A, 0x43CA, 0x2245, 0x1163, 0x1143, 0x1143,
    0x1923, 0x1143, 0x1943, 0x1123, 0x8C2E, 0x8C4F, 0x8C4F, 0x8C2E,
    0x738C, 0x62E9, 0x5AA9, 0x5267, 0x5268, 0x5268, 0x5A88, 0x62E9,
    0x62EA, 0x62E9, 0x6B2A, 0x6B4B, 0x6B2A, 0x6B2A, 0x6B4B, 0x6B2A,
    0x6B2A, 0x736C, 0x7BAD, 0x73AC, 0x736C, 0x630A, 0x630A, 0x62EA,
    0x5ACA, 0x5AC9, 0x5AEA, 0x5AC9, 0x5AA9, 0x5AA9, 0x630A, 0x6B2B,
    0x734B, 0x736C, 0x736B, 0x7B6C, 0x7B8C, 0x738C, 0x736B, 0x6B4B,
    0x62E9, 0x6B0A, 0x6B2A, 0x6B4B, 0x5268, 0x2103, 0x1061, 0x2123,
    0x4A68, 0x5288, 0x4A48, 0x2124, 0x1081, 0x634C, 0xB5B5, 0xD6B9,
    0xE71A, 0xF77C, 0xFFFD, 0xE71A, 0xDED9, 0xFFBD, 0xC637, 0x3228,
    0x21E9, 0x0968, 0x11A8, 0x11C9, 0x1A0B, 0x11EB, 0x11CA, 0x0968,
    0x0147, 0x2AAC, 0x538F, 0x5BAF, 0x4B2D, 0x1187, 0x00C5, 0x0926,
    0x42AC, 0x5B4E, 0x5B6E, 0x534E, 0x2A09, 0x0946, 0x1147, 0x08E5,
    0x08E4, 0x636D, 0xB5D6, 0xAD95, 0xD6B9, 0xC616, 0x6B6B, 0x6B4B,
    0x6B6C, 0x630A, 0x4A47, 0x31C5, 0xBDF5, 0xFFFF, 0xFFFE, 0xFFFE,
    0xFFFE, 0xFFFE, 0xFFFE, 0xFFFE, 0xFFFE, 0xFFFD, 0xFFFD, 0xFFFD,
    0xF7BC, 0xFFFD, 0xFFFD, 0xFFFD, 0xFFFD, 0xFFFD, 0xFFFD, 0xFFFE,
    0xFFFE, 0xFFFE, 0xFFFE, 0xFFFE, 0xFFFE, 0xEF7C, 0x7BAD, 0x5288,
    0x62C9, 0x630A, 0x62EA, 0x41E6, 0x18C1, 0x4A48, 0x4A48, 0x39A5,
    0x6B2B, 0x9470, 0xA513, 0x9CD2, 0x2985, 0x0041, 0x0062, 0x0083,
    0x08E4, 0x0926, 0x6411, 0xAE18, 0xBE59, 0xBE59, 0xBE59, 0xBE9A,
    0xC6BA, 0xAE18, 0x3A6A, 0x00A4, 0x00E5, 0x00A4, 0x00E4, 0x84D3,
    0xC6BA, 0x7C50, 0x1924, 0x2965, 0x2945, 0x2104, 0x2124, 0x2985,
    0x39E7, 0x39C7, 0x31A6, 0x31A6, 0x2965, 0x2965, 0x2986, 0x2985,
    0x3186, 0x3186, 0x3186, 0x31A6, 0x2144, 0x0882, 0x52EB, 0xA596,
    0x6C10, 0x0946, 0x1188, 0x19EA, 0x11C9, 0x0968, 0x11A9, 0x0968,
    0x1168, 0x1168, 0x1189, 0x1168, 0x1188, 0x11C9, 0x0927, 0x0947,
    0x19A9, 0x222B, 0x1A0A, 0x0968, 0x220A, 0x220A, 0x0988, 0x11C9,
    0x432E, 0x222A, 0x0126, 0x3ACD, 0x5390, 0x21EA, 0x0927, 0x1147,
    0x1127, 0x1148, 0x1968, 0x1168, 0x430D, 0x9576, 0xAE39, 0xA5D7,
    0x8514, 0x8D35, 0x8D55, 0x8514, 0x9576, 0x42CC, 0x0946, 0x6C32,
    0x5BB0, 0x0946, 0x3ACD, 0x328C, 0x0947, 0x19C9, 0x1188, 0x0947,
    0x0927, 0x19C9, 0x220A, 0x0947, 0x0926, 0x1167, 0x0926, 0x2209,
    0x7472, 0x7CB3, 0x2A49, 0x0945, 0x2209, 0x2A4A, 0x2A2A, 0x326B,
    0x7472, 0x7CB3, 0x21E8, 0x2A4A, 0x7473, 0x3ACC, 0x00E5, 0x11A8,
    0x11A9, 0x0948, 0x19A9, 0x0947, 0x1188, 0x11A8, 0x0926, 0x1147,
    0x63F1, 0xAE59, 0x4B2D, 0x2209, 0x42CB, 0x636B, 0xEF59, 0xEF18,
    0xDE97, 0xD676, 0xD655, 0xDE55, 0xD654, 0xE6D7, 0xEF18, 0xD654,
    0xEEF7, 0xEEF7, 0xDE55, 0xFF79, 0xFF7A, 0xE697, 0xE6D8, 0xFF7B,
    0xDEB8, 0xD656, 0xDE96, 0xD615, 0xD615, 0x41A4, 0x0840, 0x1125,
    0x7C72, 0x9555, 0x2A29, 0x0946, 0x19C9, 0x0947, 0x00C5, 0x00C5,
    0x0947, 0x0926, 0x21C8, 0x4ACB, 0x4269, 0x31E7, 0x2965, 0x2124,
    0x2965, 0x2965, 0x2965, 0x3185, 0x3185, 0x31A5, 0x3185, 0x2985,
    0x2965, 0x2965, 0x3185, 0x2985, 0x2965, 0x3185, 0x2965, 0x2965,
    0x2965, 0x2965, 0x2945, 0x2965, 0x3185, 0x3185, 0x3185, 0x31A5,
    0x31A5, 0x3185, 0x2985, 0x2985, 0x2985, 0x2965, 0x2965, 0x2965,
    0x3165, 0x2965, 0x2985, 0x3185, 0x3185, 0x2144, 0x2165, 0x4289,
    0x3228, 0x21C7, 0x1965, 0x2166, 0x21A7, 0x21A7, 0x1986, 0x1126,
    0x1147, 0x430E, 0x2A6B, 0x2A0A, 0x5BAF, 0x7C92, 0x4AEC, 0x1125,
    0x1125, 0x19A7, 0x324A, 0x3A8B, 0x4B2D, 0x7451, 0x7C92, 0x538E,
    0x7C93, 0x9DB7, 0x8535, 0x434D, 0x1A0A, 0x19EA, 0x11A9, 0x11A9,
    0x11A9, 0x0989, 0x1188, 0x0106, 0x21E9, 0x534E, 0x08E4, 0xB617,
    0xFFFF, 0xFFFF, 0xA554, 0x2164, 0x1904, 0x1946, 0x21E9, 0x19EA,
    0x11C9, 0x11C9, 0x11CA, 0x11EA, 0x11EA, 0x11EA, 0x19EA, 0x11EA,
    0x0989, 0x6452, 0xB679, 0xADF7, 0x4B6D, 0x11E9, 0x11EA, 0x11EA,
    0x120A, 0x11EA, 0x11EA, 0x1A09, 0x32EA, 0x3309, 0x2AE7, 0x2AE7,
    0x2AE7, 0x2AE7, 0x2AE7, 0x2AE7, 0x2AE7, 0x2AE7, 0x2AE6, 0x2AE6,
    0x2AE6, 0x2AC6, 0x2AE6, 0x2AE6, 0x43A9, 0x6CEE, 0x64AD, 0x544B,
    0x544A, 0x544B, 0x546B, 0x4BEA, 0x0941, 0x0040, 0x10E2, 0x1964,
    0x29E6, 0x3A67, 0x4AA9, 0x52EA, 0x8470, 0xBE37, 0xADD6, 0x5B2C,
    0x10E3, 0x29C6, 0x638D, 0x5B4C, 0x4288, 0x6BEE, 0x9D54, 0x8CD2,
    0xB617, 0xBE58, 0x6BEE, 0x2184, 0x0040, 0x0040, 0x0061, 0x21A5,
    0x4329, 0x542A, 0x4C2A, 0x4C2B, 0x4C2A, 0x4C0A, 0x4C2A, 0x43CA,
    0x2245, 0x1142, 0x1943, 0x1943, 0x1123, 0x1943, 0x1943, 0x1123,
    0x8C4F, 0x5B0A, 0x52A9, 0x4248, 0x840F, 0xBDD5, 0xB594, 0xAD53,
    0xAD33, 0xA4F1, 0x9490, 0x8C0E, 0x7BCD, 0x738C, 0x736B, 0x738B,
    0x7BAC, 0x7BAC, 0x83EC, 0x83ED, 0x840D, 0x83EE, 0x73CD, 0x73CD,
    0x73CD, 0x738D, 0x634B, 0x5B0B, 0x5AEB, 0x5B0B, 0x6B8E, 0x6BAE,
    0x6B8D, 0x6B8D, 0x6B6C, 0x5B2B, 0x5B0B, 0x6B4C, 0x6B6B, 0x738C,
    0x6B4B, 0x5AC9, 0x5B0A, 0x94B1, 0xB594, 0xC5F6, 0xC616, 0xBDB5,
    0xB554, 0xC5F6, 0x9CD2, 0x83EE, 0x840F, 0x7BEE, 0x840F, 0x73AD,
    0x94B1, 0xDF1B, 0xFFFD, 0xFFFE, 0xFFFE, 0xFFBD, 0xF77B, 0xEF3A,
    0xFFDD, 0xDEF9, 0x5B0A, 0x3228, 0x4B0C, 0x328B, 0x2209, 0x19EA,
    0x19EA, 0x19EB, 0x11EA, 0x11AA, 0x11A9, 0x0148, 0x0106, 0x0106,
    0x00C5, 0x0127, 0x0968, 0x1188, 0x1188, 0x1188, 0x0947, 0x0926,
    0x1168, 0x1168, 0x0926, 0x08E5, 0x1966, 0xADB6, 0xFFFF, 0xFFFF,
    0xEF9B, 0xB594, 0xBDB4, 0xD697, 0xD677, 0xCE56, 0xC615, 0x946F,
    0xC615, 0xFFFE, 0xFFFC, 0xFFFD, 0xFFDD, 0xFFDD, 0xFFFD, 0xFFFD,
    0xFFFE, 0xF7BC, 0xEF7C, 0xFFFE, 0xFFFE, 0xFFFD, 0xFFFD, 0xFFFC,
    0xF7BB, 0xFFFD, 0xFFFD, 0xFFDC, 0xF7BC, 0xFFFD, 0xFFFD, 0xFFFD,
    0xFFFD, 0xE719, 0xBDB4, 0xCE56, 0xD656, 0xD677, 0xCE56, 0xB594,
    0x4A26, 0x41E6, 0x83ED, 0x8C2E, 0xE6F9, 0xFF9B, 0xFFBC, 0xFFBC,
    0x6B8C, 0x0040, 0x08A2, 0x08A3, 0x08E4, 0x1967, 0x7CB4, 0x9D96,
    0x4AEB, 0x324A, 0x3A8B, 0x3AAB, 0x3A8B, 0x2A09, 0x0925, 0x1167,
    0x3AAD, 0x3AAD, 0x2A0A, 0x7C92, 0xBE9A, 0x7C51, 0x2165, 0x2965,
    0x2945, 0x2104, 0x1904, 0x3186, 0x39C6, 0x39C6, 0x39C7, 0x3186,
    0x2965, 0x3186, 0x3186, 0x3186, 0x3186, 0x3166, 0x31A6, 0x3186,
    0x2945, 0x0882, 0x4ACB, 0xA5B6, 0x63CF, 0x0925, 0x1988, 0x19EA,
    0x11A8, 0x1188, 0x19CA, 0x0968, 0x1168, 0x19C9, 0x21EA, 0x3ACD,
    0x432F, 0x32AC, 0x3AED, 0x3AEE, 0x1A0A, 0x1A0A, 0x1A0A, 0x11A8,
    0x222A, 0x1188, 0x11C9, 0x224B, 0x19C9, 0x0967, 0x326C, 0x4B4F,
    0x220A, 0x2A2A, 0x42CD, 0x3AAD, 0x42CD, 0x3AAD, 0x21C9, 0x3ACD,
    0x430D, 0x4B2D, 0x6C11, 0x29E8, 0x0062, 0x0083, 0x08C3, 0x3229,
    0x84F4, 0x9597, 0x222A, 0x1187, 0x3AED, 0x19A8, 0x19C9, 0x220A,
    0x0968, 0x19EA, 0x1189, 0x1188, 0x430E, 0x5BD1, 0x432E, 0x432E,
    0x5390, 0x220A, 0x1167, 0x19A8, 0x538F, 0x9DB7, 0xAE18, 0x7492,
    0x5BEF, 0x6410, 0x63D0, 0x2A09, 0x0945, 0x5BD0, 0x7473, 0x19C8,
    0x21E9, 0x3AAD, 0x0947, 0x1188, 0x11A9, 0x0968, 0x19C9, 0x0968,
    0x11A9, 0x1188, 0x0906, 0x1147, 0x5BD0, 0x9DB7, 0x2A49, 0x430C,
    0x63CF, 0x5B4B, 0xDED7, 0xEEF8, 0xDE76, 0xDE76, 0xD655, 0xD635,
    0xD655, 0xD655, 0xD655, 0xDE55, 0xDE96, 0xE6D6, 0xE696, 0xE6B7,
    0xEEF8, 0xDEB8, 0xDE97, 0xD677, 0xD677, 0xD676, 0xDE76, 0xCDD3,
    0xD5D4, 0x49A4, 0x0000, 0x1986, 0x8CF4, 0x8D35, 0x2A29, 0x2A4A,
    0x4B6F, 0x430E, 0x1188, 0x0927, 0x00E6, 0x00E6, 0x1167, 0x1987,
    0x2186, 0x29C7, 0x2186, 0x2145, 0x2945, 0x2965, 0x2985, 0x2985,
    0x3185, 0x2985, 0x3185, 0x3185, 0x3186, 0x2985, 0x2985, 0x3185,
    0x2965, 0x3185, 0x2985, 0x2965, 0x2965, 0x2965, 0x2965, 0x2965,
    0x3185, 0x31A5, 0x31A5, 0x31C6, 0x31A6, 0x31A6, 0x3185, 0x2965,
    0x2985, 0x3185, 0x2965, 0x2965, 0x3165, 0x2985, 0x3185, 0x3185,
    0x3185, 0x2145, 0x08C2, 0x10E3, 0x1124, 0x1945, 0x2187, 0x1925,
    0x08E4, 0x08E4, 0x0905, 0x1105, 0x08E5, 0x00C5, 0x0946, 0x5B8F,
    0x7C93, 0x8D35, 0x9556, 0x2A29, 0x00C4, 0x19C8, 0x4B2D, 0x538F,
    0x4B6F, 0x3ACB, 0x1186, 0x00C4, 0x0904, 0x4B0D, 0x9556, 0x8D35,
    0x432D, 0x1A0A, 0x19EA, 0x11CA, 0x11CA, 0x11C9, 0x1189, 0x0947,
    0x0947, 0x19C8, 0x3249, 0x636D, 0x9D54, 0x8470, 0x3A07, 0x1924,
    0x2186, 0x1966, 0x19A8, 0x19E9, 0x11CA, 0x11CA, 0x11CA, 0x11CA,
    0x09CA, 0x09CA, 0x11CA, 0x11CA, 0x0168, 0x53D0, 0xAE59, 0xADF7,
    0x4B6D, 0x11E9, 0x11EA, 0x120B, 0x120A, 0x11EA, 0x11EA, 0x222A,
    0x3B0B, 0x32E8, 0x2AE7, 0x2AE7, 0x2AE7, 0x2AE7, 0x2AE7, 0x2AE7,
    0x2AC7, 0x2AC7, 0x2AC6, 0x2AC6, 0x2AC6, 0x2AC6, 0x2AC6, 0x2AE6,
    0x43A9, 0x5C6C, 0x542B, 0x544B, 0x544A, 0x544B, 0x546B, 0x5C6B,
    0x2245, 0x0040, 0x0881, 0x1123, 0x21A4, 0x2A06, 0x4AC9, 0x4ACA,
    0x4AA9, 0x6BAD, 0x8470, 0x8491, 0x636D, 0x08C2, 0x29A6, 0x5B4B,
    0x5B4B, 0x63AD, 0x8470, 0x9D33, 0xADD5, 0x7C70, 0x3247, 0x00A1,
    0x0060, 0x0040, 0x0881, 0x29E5, 0x4369, 0x4C2A, 0x4C2A, 0x4C2A,
    0x4C2A, 0x4C0A, 0x4C0A, 0x43CA, 0x2245, 0x1163, 0x1963, 0x1943,
    0x1943, 0x1143, 0x1943, 0x1943, 0x8C70, 0x2165, 0x1924, 0x1104,
    0x73CE, 0xFFFF, 0xFFFF, 0xFFFF, 0xFFFF, 0xFFFF, 0xFFFE, 0xEF5B,
    0xD6B8, 0xC616, 0xB5B4, 0xB594, 0xB594, 0xBDD5, 0xC615, 0xBDD5,
    0x8C90, 0x52CA, 0x4A89, 0x5B4C, 0x7C0F, 0x740F, 0x4AEA, 0x3228,
    0x3269, 0x2A49, 0x2A4A, 0x2A4A, 0x2A4A, 0x2A4A, 0x2A4A, 0x326A,
    0x326A, 0x3A6A, 0x326A, 0x532C, 0x7C2F, 0x4AA9, 0x4248, 0x8CB1,
    0xF7BE, 0xFFFF, 0xFFFF, 0xFFFF, 0xFFFF, 0xFFFF, 0xFFFF, 0xFFFF,
    0xEF9D, 0xE73C, 0xEF5C, 0xE75C, 0xEFBD, 0xF7DD, 0xDF1A, 0xC657,
    0xDEF9, 0xE75B, 0xF77C, 0xF75B, 0xBDB4, 0x5AE9, 0x4268, 0x8CF3,
    0xB638, 0xA5F8, 0x4B2D, 0x11A8, 0x1A0B, 0x1A0B, 0x1A0A, 0x19EA,
    0x19EA, 0x19EB, 0x3AEE, 0x4B70, 0x3AAD, 0x19A9, 0x11A9, 0x1A0A,
    0x3B0E, 0x4B90, 0x432F, 0x220B, 0x1189, 0x1188, 0x1147, 0x1146,
    0x3208, 0xA574, 0xF7BC, 0xFFDC, 0xDEF9, 0xBDD4, 0xD677, 0xE6F9,
    0xE719, 0xE719, 0xCE56, 0xC635, 0xFFDC, 0xFFFD, 0xFFFD, 0xFFFD,
    0xFFFE, 0xFFFE, 0xFFFE, 0xF7BC, 0xD697, 0x94B0, 0x6B4B, 0xA532,
    0xD698, 0xEF5A, 0xEF7B, 0xEF7A, 0xFFFD, 0xFFFE, 0xFFFD, 0xFFFE,
    0xFFFE, 0xFFFD, 0xFFDC, 0xFFFD, 0xFFFD, 0xF79B, 0xCE56, 0xCE76,
    0xE719, 0xEF3A, 0xDED8, 0xCE56, 0x738B, 0x41E5, 0x734A, 0x9C6F,
    0xDE96, 0xE6D7, 0xF739, 0xF75A, 0xD6B8, 0x2964, 0x0882, 0x10C4,
    0x0905, 0x21C8, 0x9597, 0xA5F8, 0x19A7, 0x0105, 0x0946, 0x0926,
    0x0105, 0x0946, 0x1167, 0x1988, 0x19A9, 0x326C, 0x2A4B, 0x7C93,
    0xC6BA, 0x8491, 0x2144, 0x2985, 0x31A6, 0x3186, 0x39C6, 0x31C6,
    0x3165, 0x31A6, 0x31A6, 0x39C6, 0x3186, 0x31A6, 0x31A6, 0x3186,
    0x2965, 0x2965, 0x31A6, 0x2945, 0x2124, 0x1082, 0x6BCF, 0xCEDA,
    0x63AE, 0x00A3, 0x1968, 0x19C9, 0x11A8, 0x1188, 0x19EA, 0x0947,
    0x11A9, 0x3ACD, 0x2A4B, 0x7494, 0x95B8, 0x7D15, 0x8516, 0x8516,
    0x436F, 0x32ED, 0x11C9, 0x0968, 0x220A, 0x11A8, 0x19E9, 0x11C9,
    0x0947, 0x19E9, 0x19C9, 0x2A4B, 0x32AC, 0x5BF1, 0x9597, 0x9597,
    0x9DB8, 0x9577, 0x4B0E, 0x7473, 0x84D4, 0x1966, 0x00A3, 0x0042,
    0x0082, 0x0062, 0x0042, 0x1105, 0x2A29, 0x6452, 0x2A6B, 0x0106,
    0x19E9, 0x11A9, 0x1188, 0x19EA, 0x0968, 0x11A9, 0x2A8C, 0x3B0E,
    0x5C12, 0x8515, 0x74B4, 0x6432, 0x7473, 0x32AC, 0x0926, 0x2209,
    0x6C52, 0x8D35, 0x9D76, 0xAE39, 0x9DB7, 0x8514, 0x8D35, 0x8D55,
    0x3AAB, 0x0925, 0x3ACC, 0x21E9, 0x0946, 0x19C9, 0x0968, 0x11A8,
    0x11A9, 0x1168, 0x19CA, 0x0968, 0x11A9, 0x11A8, 0x0106, 0x0946,
    0x53AF, 0x84F4, 0x21C7, 0x19C7, 0x1124, 0x52E9, 0xEF39, 0xEED8,
    0xD615, 0xD635, 0xDE76, 0xDE76, 0xE6B7, 0xEF39, 0xE6B7, 0xF739,
    0xF739, 0xFF59, 0xF738, 0xF759, 0xFF9B, 0xE6F9, 0xEF3A, 0xE6D9,
    0xEF3A, 0xD677, 0xDE76, 0xD5F4, 0xD5B4, 0x4164, 0x10C3, 0x29E8,
    0x63D0, 0x84F4, 0x2209, 0x0905, 0x19C9, 0x3AAD, 0x220A, 0x1189,
    0x1189, 0x0947, 0x1126, 0x3A6A, 0x3A89, 0x29E7, 0x2985, 0x2124,
    0x2945, 0x2965, 0x2965, 0x2965, 0x2965, 0x2965, 0x2965, 0x2965,
    0x2965, 0x2965, 0x2985, 0x31A6, 0x31A6, 0x3185, 0x2985, 0x2985,
    0x2985, 0x2985, 0x3185, 0x3185, 0x2985, 0x3185, 0x3185, 0x2985,
    0x2985, 0x2985, 0x2985, 0x2965, 0x2985, 0x3185, 0x2965, 0x2965,
    0x2965, 0x2985, 0x3185, 0x2965, 0x3186, 0x2144, 0x1924, 0x3A28,
    0x2186, 0x10E4, 0x2186, 0x1925, 0x08C4, 0x08E4, 0x08E5, 0x08E5,
    0x00C5, 0x00C5, 0x08E5, 0x1146, 0x0905, 0x21C8, 0x42CB, 0x21E8,
    0x0926, 0x0946, 0x0926, 0x0946, 0x0946, 0x0946, 0x0966, 0x1146,
    0x08E5, 0x00C3, 0x328A, 0x7CB3, 0x7CD4, 0x328B, 0x09A8, 0x09A9,
    0x09A9, 0x11A9, 0x1189, 0x0128, 0x0127, 0x21E9, 0x7451, 0x534C,
    0x29E6, 0x3228, 0x42AB, 0x29E8, 0x1966, 0x1967, 0x1988, 0x11A9,
    0x11CA, 0x11CA, 0x11CA, 0x11CA, 0x09CA, 0x09A9, 0x09A9, 0x09A9,
    0x0968, 0x53B0, 0xAE59, 0xADF7, 0x4B4D, 0x11C9, 0x11EA, 0x11EA,
    0x11EA, 0x11EA, 0x11C9, 0x224A, 0x434C, 0x32E8, 0x2AE7, 0x2AE7,
    0x2AE7, 0x2AE7, 0x2AE7, 0x2AE7, 0x2AE7, 0x2AC6, 0x2AC6, 0x2AC6,
    0x2AC6, 0x2AC6, 0x2AC6, 0x2AE6, 0x43C9, 0x5C8C, 0x544B, 0x544B,
    0x544B, 0x544B, 0x544B, 0x5C6C, 0x4369, 0x00C1, 0x0040, 0x0081,
    0x1103, 0x2184, 0x3226, 0x4288, 0x4288, 0x5B2B, 0x5B4C, 0x638D,
    0x8C91, 0x636C, 0x1903, 0x1923, 0x4288, 0x4AEA, 0x4AC9, 0x636C,
    0x532B, 0x3227, 0x29C5, 0x1944, 0x0040, 0x0060, 0x08E2, 0x3267,
    0x53EB, 0x4C2A, 0x4C0A, 0x4C0A, 0x4C0A, 0x4C0A, 0x4C0A, 0x43A9,
    0x2A66, 0x19A4, 0x1964, 0x1944, 0x1944, 0x1143, 0x1143, 0x1123,
    0x7C10, 0x2166, 0x1966, 0x1125, 0x1966, 0x5B4D, 0xA554, 0xAD95,
    0xB5B5, 0xB5B5, 0xB595, 0x9D12, 0x8C90, 0x842F, 0x73ED, 0x73AD,
    0x73AC, 0x7BED, 0x73CD, 0x5B2B, 0x4289, 0x4ACA, 0x5B6D, 0x6BCF,
    0x8CD2, 0x9D54, 0x4AEB, 0x21C8, 0x224A, 0x222A, 0x224B, 0x222B,
    0x1A2B, 0x1A2B, 0x1A2B, 0x1A2B, 0x1A2B, 0x222B, 0x224B, 0x432D,
    0xA5B6, 0x9534, 0x638E, 0x4289, 0x5B4C, 0x8CB2, 0x9D34, 0x9D34,
    0x8471, 0x5B0C, 0x530C, 0x8491, 0x9D33, 0x8C91, 0x7C0F, 0x73EE,
    0x73EE, 0x740F, 0x638C, 0x4288, 0x4AC9, 0x634B, 0x636B, 0x5B2A,
    0x4A88, 0x6BAD, 0xADB6, 0xC69A, 0xC69A, 0xA5D7, 0x3AAB, 0x11C9,
    0x1A2B, 0x1A2B, 0x1A0B, 0x1A2B, 0x222C, 0x224C, 0x222B, 0x328C,
    0x328C, 0x220A, 0x220A, 0x19EA, 0x11C9, 0x220A, 0x2A4B, 0x2A4B,
    0x11A9, 0x0968, 0x1168, 0x1146, 0x29C8, 0x9D13, 0xEF5A, 0xF7BC,
    0xDED9, 0xBDD4, 0xD697, 0xE719, 0xE6F9, 0xCE56, 0xC635, 0xF79B,
    0xFFFD, 0xFFFD, 0xFFFE, 0xFFFE, 0xDEB8, 0x9CB0, 0x62E9, 0x41E5,
    0x20E1, 0x0820, 0x0800, 0x0840, 0x18A0, 0x3163, 0x3184, 0x3184,
    0x5247, 0x5A88, 0x5A88, 0x6B4A, 0xA4F1, 0xD677, 0xF7BC, 0xFFFE,
    0xF79B, 0xF7DC, 0xF79B, 0xD6B8, 0xD6B8, 0xE71A, 0xEF3A, 0xD697,
    0x7BCC, 0x4A06, 0x83CC, 0xA4F0, 0xCE35, 0xC614, 0xE6F8, 0xF79B,
    0xC656, 0x29A5, 0x1924, 0x1925, 0x1146, 0x2A09, 0x6C52, 0x538F,
    0x2A29, 0x3AAC, 0x3ACC, 0x328B, 0x220A, 0x19A8, 0x19C9, 0x0947,
    0x0043, 0x0043, 0x1146, 0x9D96, 0xD71C, 0x8CD2, 0x1904, 0x2965,
    0x2965, 0x31A6, 0x31C6, 0x31A6, 0x3185, 0x3165, 0x3186, 0x2965,
    0x2985, 0x2985, 0x2945, 0x3185, 0x2965, 0x2965, 0x2945, 0x2944,
    0x2104, 0x2145, 0xADD6, 0xDF7D, 0x8CF3, 0x00C4, 0x1127, 0x19CA,
    0x11A9, 0x1188, 0x19EA, 0x0927, 0x220A, 0x6432, 0x328B, 0x19C8,
    0x19E9, 0x1187, 0x1187, 0x19C8, 0x4B6F, 0x6C73, 0x11C8, 0x0947,
    0x19E9, 0x1188, 0x11C9, 0x19C9, 0x0968, 0x19EA, 0x0126, 0x3AEE,
    0x5C12, 0x2A6B, 0x4B2E, 0x21E9, 0x1987, 0x19C8, 0x19A8, 0x7CB3,
    0x7CB3, 0x08E4, 0x0062, 0x08A3, 0x10C3, 0x08C3, 0x0082, 0x0021,
    0x0905, 0x432D, 0x19C9, 0x0927, 0x19C9, 0x0988, 0x0968, 0x11C9,
    0x0947, 0x11A9, 0x4B90, 0x53D1, 0x11A8, 0x11A8, 0x0946, 0x0105,
    0x1146, 0x29E9, 0x1167, 0x0926, 0x2A09, 0x29E8, 0x10C4, 0x21A7,
    0x328A, 0x4B2D, 0x6C51, 0x6431, 0x4B4E, 0x0946, 0x1188, 0x19A8,
    0x0947, 0x19C9, 0x1168, 0x11A9, 0x11A9, 0x0988, 0x19EA, 0x0968,
    0x11A9, 0x11A8, 0x0926, 0x1167, 0x538F, 0x7CD4, 0x1186, 0x0904,
    0x0041, 0x52C9, 0xF79A, 0xEEF8, 0xD656, 0xD655, 0xEF19, 0xFF9B,
    0xFF9B, 0xF75A, 0xF75A, 0xF75A, 0xF719, 0xEEF7, 0xEED7, 0xE6D7,
    0xEF39, 0xEF5A, 0xEF5B, 0xF77C, 0xEF3A, 0xD677, 0xDE76, 0xD615,
    0xD5D4, 0x4183, 0x31C7, 0x2A09, 0x430D, 0x7CF4, 0x2209, 0x0084,
    0x00A4, 0x00E5, 0x19A9, 0x11A9, 0x0968, 0x3ACC, 0xA5B6, 0xE77D,
    0xE77C, 0x9D53, 0x52EB, 0x2124, 0x2945, 0x2965, 0x2985, 0x2985,
    0x2965, 0x2965, 0x2965, 0x2965, 0x2965, 0x2965, 0x2965, 0x2985,
    0x31A5, 0x3185, 0x3185, 0x3185, 0x2985, 0x2965, 0x2965, 0x3186,
    0x3186, 0x3185, 0x2965, 0x2965, 0x2965, 0x2965, 0x2985, 0x2965,
    0x3185, 0x2965, 0x2965, 0x2965, 0x2965, 0x2965, 0x2985, 0x2985,
    0x3186, 0x2124, 0x5B2C, 0x9514, 0x7C71, 0x4AAA, 0x3A28, 0x532C,
    0x530C, 0x4B0C, 0x4B0D, 0x4B2D, 0x532E, 0x534E, 0x4B0D, 0x21E8,
    0x0905, 0x1986, 0x1987, 0x19C8, 0x1187, 0x1987, 0x21C8, 0x21E8,
    0x21C8, 0x21C8, 0x19A7, 0x1187, 0x1166, 0x0905, 0x2209, 0x53CF,
    0x7CD3, 0x7473, 0x4B6F, 0x2A8C, 0x224B, 0x224B, 0x11C9, 0x0948,
    0x0927, 0x1188, 0x2209, 0x42CC, 0x4B0D, 0x536E, 0x534E, 0x2A09,
    0x1146, 0x0906, 0x1168, 0x11A9, 0x09A9, 0x09AA, 0x11CA, 0x11CA,
    0x09AA, 0x09A9, 0x09A9, 0x09A9, 0x0147, 0x4B90, 0xAE58, 0xADF7,
    0x4B4D, 0x09C8, 0x11C9, 0x11CA, 0x11EA, 0x11EA, 0x11E9, 0x2A6A,
    0x4B8C, 0x3309, 0x32E7, 0x2AE7, 0x2AE7, 0x2AE7, 0x2AE7, 0x2AE6,
    0x2AE7, 0x2AC6, 0x2AC6, 0x2AE7, 0x2AC6, 0x2AC6, 0x2AE7, 0x2AE6,
    0x43C9, 0x5CAD, 0x544B, 0x544B, 0x544B, 0x544B, 0x544B, 0x544B,
    0x544B, 0x1A04, 0x0060, 0x0040, 0x0861, 0x08A2, 0x1123, 0x21A4,
    0x4AC9, 0x740E, 0x7C2F, 0x6BAD, 0x6BCE, 0x8CB1, 0x6BCE, 0x1923,
    0x08C1, 0x2164, 0x2185, 0x1102, 0x08E2, 0x1102, 0x08E2, 0x0081,
    0x0040, 0x08A2, 0x1984, 0x4B69, 0x542B, 0x4C2A, 0x542B, 0x542A,
    0x4C2A, 0x4C0A, 0x4C09, 0x4BCA, 0x4B69, 0x42E8, 0x3267, 0x3206,
    0x21A5, 0x21A5, 0x2184, 0x1984, 0x7C30, 0x2186, 0x1987, 0x0946,
    0x1167, 0x0904, 0x0903, 0x29E6, 0x3A28, 0x3207, 0x3227, 0x3207,
    0x3228, 0x3228, 0x3228, 0x3229, 0x3249, 0x3249, 0x3A8B, 0x4B2C,
    0x5B6D, 0x63AE, 0x7C71, 0x9D54, 0xADD7, 0x7430, 0x21E8, 0x2A2A,
    0x222B, 0x222B, 0x224B, 0x224B, 0x1A4B, 0x1A4B, 0x1A4B, 0x1A4B,
    0x1A4B, 0x1A4B, 0x222B, 0x3ACC, 0x9D76, 0xCEDB, 0xBE58, 0xA575,
    0x7C71, 0x532C, 0x3228, 0x1124, 0x0082, 0x0082, 0x00C3, 0x1124,
    0x29E7, 0x3A48, 0x3A69, 0x42AA, 0x4ACA, 0x6BEF, 0x84B2, 0x84B1,
    0x8490, 0x7C4F, 0x7C6F, 0x8CD1, 0xADB5, 0xC699, 0xCE9A, 0xBE59,
    0x9534, 0x42CB, 0x19C8, 0x1A0A, 0x1A0B, 0x1A2B, 0x1A2B, 0x226C,
    0x2A8D, 0x222A, 0x00A4, 0x0083, 0x00E5, 0x19EA, 0x32AC, 0x2A4B,
    0x0083, 0x0042, 0x00E5, 0x2209, 0x21E9, 0x0947, 0x1147, 0x1126,
    0x1966, 0x9D33, 0xFFFD, 0xFFFD, 0xDED8, 0xB5B4, 0xDEB8, 0xDEF8,
    0xC635, 0xCE35, 0xF79B, 0xFFFD, 0xFFFD, 0xFFFF, 0xE73A, 0x83EC,
    0x3183, 0x2921, 0x3983, 0x4A05, 0x5226, 0x5A46, 0x5226, 0x4A05,
    0x49C4, 0x3963, 0x3122, 0x3102, 0x20C1, 0x1880, 0x1840, 0x0800,
    0x0800, 0x18A1, 0x6B0A, 0xCE35, 0xFFDC, 0xFFFD, 0xFFFD, 0xFFFD,
    0xEF3A, 0xD698, 0xE719, 0xE6F9, 0x7BAC, 0x5267, 0x8C4E, 0x946F,
    0xCE56, 0xD676, 0xDED8, 0xEF5A, 0x634B, 0x0861, 0x1104, 0x1946,
    0x1946, 0x21A8, 0x2A4A, 0x4B6E, 0x9DB7, 0xB69A, 0xBE9B, 0xB67A,
    0x9DB7, 0x536E, 0x1988, 0x324B, 0x2A0A, 0x29C8, 0x532D, 0xB638,
    0xDF5D, 0xA575, 0x2145, 0x2986, 0x3A08, 0x2965, 0x2965, 0x2985,
    0x2965, 0x39E7, 0x2965, 0x2945, 0x2965, 0x29A6, 0x31E6, 0x1923,
    0x2985, 0x2965, 0x39E7, 0x3A07, 0x2144, 0x2144, 0x8491, 0xADF7,
    0x532C, 0x0905, 0x1147, 0x19CA, 0x11A9, 0x1188, 0x19EA, 0x0927,
    0x2A4B, 0x7CD5, 0x328B, 0x0946, 0x1146, 0x08E5, 0x00E4, 0x00A3,
    0x4B4E, 0x6C93, 0x1187, 0x0947, 0x19C9, 0x0968, 0x11A9, 0x11A9,
    0x0968, 0x19C9, 0x0927, 0x4B8F, 0x74B4, 0x19A8, 0x21C8, 0x08E4,
    0x08C4, 0x1966, 0x2A08, 0x9D76, 0x8CD3, 0x1924, 0x10E3, 0x1904,
    0x2124, 0x1924, 0x10E3, 0x0062, 0x1105, 0x432D, 0x19C9, 0x0906,
    0x19A9, 0x0968, 0x0968, 0x11C9, 0x0947, 0x11A9, 0x5C12, 0x5C12,
    0x0966, 0x19C8, 0x1146, 0x1105, 0x00A4, 0x08E5, 0x08E5, 0x00C5,
    0x1967, 0x1126, 0x0083, 0x08C4, 0x0904, 0x3AAB, 0x7CD4, 0x2A6A,
    0x19A8, 0x1188, 0x11A8, 0x19C9, 0x1188, 0x19C9, 0x0968, 0x11A9,
    0x11A9, 0x0968, 0x19EA, 0x0967, 0x11A9, 0x1188, 0x0947, 0x1167,
    0x5BD0, 0x8515, 0x19A7, 0x1966, 0x1945, 0x5ACA, 0xFFBB, 0xEF39,
    0xD656, 0xCE35, 0xE6D7, 0xF739, 0xE6F8, 0xEF39, 0xF75B, 0xEF3A,
    0xEF19, 0xF75A, 0xF739, 0xE6F8, 0xEF5A, 0xEF5A, 0xEF3A, 0xE6FA,
    0xEF3A, 0xDE97, 0xDE97, 0xD615, 0xD5F5, 0x49C5, 0x2144, 0x1167,
    0x536F, 0x8515, 0x2A6B, 0x0947, 0x0906, 0x1147, 0x19C9, 0x2A6C,
    0x32ED, 0x6C51, 0xBE78, 0xC698, 0xB656, 0x9512, 0x5B0B, 0x2145,
    0x2945, 0x2965, 0x2985, 0x2985, 0x2965, 0x2965, 0x2965, 0x2965,
    0x2965, 0x2965, 0x2965, 0x2965, 0x2965, 0x3185, 0x31A6, 0x31A6,
    0x31A5, 0x2965, 0x2965, 0x3185, 0x2965, 0x2965, 0x3185, 0x31A5,
    0x2985, 0x2965, 0x3165, 0x3165, 0x2965, 0x2965, 0x2965, 0x2965,
    0x2965, 0x3185, 0x3185, 0x2965, 0x2965, 0x2104, 0x31C7, 0x52EB,
    0x3A69, 0x2165, 0x2165, 0x7410, 0x9D55, 0x9514, 0x8D14, 0x8D14,
    0x8CF4, 0xA596, 0xBE7A, 0xB639, 0xA596, 0x9D96, 0x8D35, 0x42EC,
    0x5BCF, 0x9DD7, 0xAE18, 0xADF8, 0xB618, 0xB618, 0x84D3, 0x3249,
    0x1166, 0x21E8, 0x4B2D, 0x5C10, 0x7CF4, 0x8D56, 0x7CF5, 0x53B0,
    0x5C11, 0x5411, 0x1A2A, 0x0947, 0x0106, 0x00E6, 0x00E6, 0x0927,
    0x0947, 0x0926, 0x0947, 0x1168, 0x0947, 0x0106, 0x0947, 0x0988,
    0x09A9, 0x09AA, 0x11AA, 0x11CA, 0x09AA, 0x09A9, 0x11A9, 0x09A9,
    0x0148, 0x53B0, 0xAE59, 0xADF7, 0x432D, 0x09C8, 0x09C9, 0x11CA,
    0x11CA, 0x11EA, 0x11E9, 0x226A, 0x4BAC, 0x3329, 0x32E7, 0x32E7,
    0x2AE7, 0x2AE7, 0x2AE7, 0x2AC7, 0x2AE7, 0x2AC6, 0x2AE7, 0x2AE7,
    0x2AE7, 0x2AC6, 0x2AE7, 0x2AE7, 0x4BCA, 0x64AD, 0x546B, 0x544B,
    0x544B, 0x544B, 0x544B, 0x546B, 0x5C8C, 0x4369, 0x00E1, 0x0020,
    0x0840, 0x0061, 0x00A1, 0x10E2, 0x1903, 0x3206, 0x52EA, 0x530B,
    0x52EA, 0x6BAD, 0x8CB1, 0x4ACA, 0x08E2, 0x00A1, 0x00A1, 0x08A1,
    0x08C2, 0x08A1, 0x0040, 0x0020, 0x0881, 0x1103, 0x3267, 0x53EB,
    0x542B, 0x542A, 0x542B, 0x542B, 0x4C2A, 0x4C2A, 0x4C0A, 0x4BCA,
    0x53CB, 0x5BAB, 0x534B, 0x530A, 0x4AC9, 0x4AC9, 0x42A9, 0x42A9,
    0x8450, 0x1945, 0x1167, 0x0947, 0x2A4A, 0x6C31, 0x5BAE, 0x3AAA,
    0x42EB, 0x536D, 0x534E, 0x4B2D, 0x4B4E, 0x4B6E, 0x4B6F, 0x4B8F,
    0x538F, 0x538F, 0x538F, 0x6C31, 0x84D3, 0x9555, 0xADD6, 0x9D75,
    0x6BAE, 0x29E8, 0x2209, 0x222A, 0x222A, 0x222A, 0x222A, 0x1A2A,
    0x1A2A, 0x1A2B, 0x1A2B, 0x1A2B, 0x1A2B, 0x1A4B, 0x1A2B, 0x224A,
    0x4B0D, 0x8D14, 0xB618, 0xC679, 0xC699, 0xBE59, 0xADF8, 0x9D75,
    0x9514, 0x8D14, 0x8CD3, 0x8CD3, 0x9D96, 0xB617, 0xADF7, 0xB5F7,
    0xADF7, 0xBE79, 0xCEDA, 0xCEBA, 0xCEBA, 0xC6B9, 0xC699, 0xC679,
    0xBE37, 0xA595, 0x9D75, 0x7451, 0x2A29, 0x11A8, 0x1A0A, 0x1A0A,
    0x1A0B, 0x1A2B, 0x224B, 0x2AAD, 0x4B90, 0x6411, 0x3AAC, 0x1987,
    0x324B, 0x536F, 0x5BD0, 0x6C32, 0x42EC, 0x2A09, 0x3AAC, 0x42ED,
    0x328B, 0x326B, 0x2A0A, 0x1968, 0x29E8, 0x8491, 0xCE98, 0xC656,
    0xB5B4, 0xBDB4, 0xD6B7, 0xD696, 0xCE56, 0xF79B, 0xFFFD, 0xFFFD,
    0xFFFF, 0xB593, 0x41E4, 0x41E3, 0x7369, 0x8C0B, 0x9C4C, 0xA48E,
    0xA48E, 0x9C6D, 0x9C6D, 0x9C6D, 0x9C4D, 0x942C, 0x940C, 0x8BCC,
    0x8BCB, 0x836A, 0x6AC8, 0x5A46, 0x4183, 0x20C0, 0x1020, 0x20A1,
    0x8C2E, 0xFFFD, 0xFFFD, 0xFFFD, 0xFFFE, 0xF79B, 0xDEF9, 0xD677,
    0x944F, 0x3184, 0x2102, 0x18A1, 0x39E6, 0x844F, 0xAD73, 0xA513,
    0x634C, 0x4249, 0x29A7, 0x2187, 0x3229, 0x2A09, 0x5BAF, 0xB659,
    0xBE7A, 0xADF8, 0xBE59, 0xD6FB, 0xD73C, 0x9D96, 0x4B0D, 0x7CD4,
    0xA5F8, 0xA5D7, 0x9555, 0x84B2, 0x9D55, 0x73F0, 0x08C3, 0x52CB,
    0xCEBA, 0x6B8E, 0x10E4, 0x2145, 0x7BEF, 0xDF1C, 0x634D, 0x1904,
    0x1944, 0x8491, 0xE79C, 0x4AE9, 0x10E3, 0x39E7, 0xBE17, 0xE73C,
    0x5B0B, 0x5B2C, 0x532C, 0x4ACA, 0x42AA, 0x2A2A, 0x21A9, 0x19CA,
    0x1189, 0x1168, 0x19EA, 0x0107, 0x3AED, 0x8D76, 0x32AB, 0x00C4,
    0x08C4, 0x0083, 0x00A4, 0x0062, 0x5BAF, 0x7CD4, 0x1187, 0x0126,
    0x19C9, 0x1168, 0x11A9, 0x11A9, 0x1188, 0x19EA, 0x0947, 0x6C52,
    0x7D15, 0x0946, 0x0042, 0x0062, 0x08C3, 0x08C3, 0x63AE, 0xE77D,
    0xC679, 0x52CA, 0x842F, 0xB5B6, 0xB5B6, 0xA514, 0x3A08, 0x0021,
    0x29A7, 0x5BF0, 0x224A, 0x0906, 0x19C9, 0x0988, 0x0967, 0x11C9,
    0x0127, 0x19C9, 0x7494, 0x6432, 0x0125, 0x08C4, 0x00A3, 0x0042,
    0x0062, 0x00A4, 0x1146, 0x1967, 0x08E4, 0x0082, 0x00C3, 0x00A3,
    0x0041, 0x42CB, 0x8515, 0x2A4A, 0x11A8, 0x1188, 0x1188, 0x19E9,
    0x11A9, 0x19EA, 0x0968, 0x11A9, 0x11C9, 0x0968, 0x19C9, 0x0967,
    0x11A9, 0x11A8, 0x0106, 0x1188, 0x7493, 0x84F4, 0x1145, 0x1104,
    0x4AAB, 0x7BAD, 0xFFBB, 0xF79B, 0xC615, 0xC614, 0xCDF4, 0xCE14,
    0xCE14, 0xD676, 0xD676, 0xD676, 0xD656, 0xDE97, 0xDE76, 0xD676,
    0xDE97, 0xD656, 0xD656, 0xD656, 0xD677, 0xD676, 0xE6D7, 0xCDD4,
    0xD615, 0x49E5, 0x10A2, 0x1146, 0x6C32, 0x8515, 0x2A8B, 0x220A,
    0x220A, 0x220A, 0x220B, 0x2A6D, 0x4B91, 0x6C32, 0x63AE, 0x5B6C,
    0x5B6C, 0x5B4C, 0x3A28, 0x2124, 0x2945, 0x2945, 0x2965, 0x2985,
    0x2965, 0x2945, 0x2965, 0x2965, 0x2965, 0x2965, 0x2965, 0x2965,
    0x3185, 0x2985, 0x3185, 0x31A5, 0x31A6, 0x2985, 0x2965, 0x3185,
    0x31A6, 0x39C7, 0x39C7, 0x39C6, 0x31A6, 0x3185, 0x3185, 0x3186,
    0x2965, 0x2945, 0x2965, 0x3185, 0x3185, 0x3186, 0x2985, 0x2965,
    0x2965, 0x2124, 0x2124, 0x2186, 0x2186, 0x2986, 0x2986, 0x29A7,
    0x29A7, 0x2187, 0x1986, 0x1966, 0x29E8, 0x63CF, 0x84B2, 0x8CF4,
    0x84D3, 0x84B3, 0x5B6E, 0x1166, 0x3AAB, 0x7451, 0x7C71, 0x73F0,
    0x7C71, 0xB618, 0xC69A, 0x9534, 0x4B0C, 0x19C7, 0x0945, 0x00A3,
    0x08E4, 0x08E4, 0x08A3, 0x00E4, 0x328B, 0x4B6F, 0x1A0A, 0x0968,
    0x0967, 0x0947, 0x0127, 0x0107, 0x0927, 0x0948, 0x0947, 0x0948,
    0x0968, 0x0948, 0x0968, 0x1189, 0x09A9, 0x09A9, 0x11AA, 0x11CA,
    0x11CA, 0x09AA, 0x11A9, 0x11A9, 0x0968, 0x5BF1, 0xAE79, 0xA5D6,
    0x430C, 0x09C8, 0x09C9, 0x09C9, 0x11C9, 0x11EA, 0x11E9, 0x2A6A,
    0x4BAD, 0x3329, 0x3307, 0x3307, 0x32E7, 0x2AE7, 0x2AE7, 0x2AE7,
    0x2AE7, 0x2AE7, 0x2AE7, 0x2AE7, 0x2AE7, 0x2AC7, 0x2AC6, 0x2AE7,
    0x4BEA, 0x64AD, 0x546B, 0x544B, 0x544B, 0x544B, 0x544B, 0x546B,
    0x544B, 0x5C6C, 0x3B08, 0x00C0, 0x0020, 0x0040, 0x0061, 0x10C2,
    0x08A2, 0x0881, 0x08A1, 0x1103, 0x1923, 0x2185, 0x3207, 0x21A5,
    0x1102, 0x0081, 0x0081, 0x0081, 0x0061, 0x0040, 0x0040, 0x0861,
    0x08E2, 0x2A05, 0x4B8A, 0x4C0A, 0x4C0A, 0x4C2A, 0x542A, 0x542A,
    0x4C2A, 0x4C0A, 0x4C0A, 0x4BCA, 0x53CB, 0x5BAB, 0x536B, 0x532A,
    0x532B, 0x530A, 0x4B0A, 0x530A, 0x8450, 0x1945, 0x1167, 0x1187,
    0x32CC, 0x74D4, 0x8D96, 0x7CD3, 0x7471, 0x84F4, 0x8D35, 0x84F4,
    0x6C51, 0x7492, 0x8534, 0x8D55, 0x8D56, 0x7CF4, 0x6451, 0x74B3,
    0x7CD4, 0x6C51, 0x5B8E, 0x3A6A, 0x29E8, 0x2A2A, 0x2209, 0x19E9,
    0x19E9, 0x1A09, 0x19E9, 0x11E9, 0x11EA, 0x1A0B, 0x1A0B, 0x1A2B,
    0x1A2B, 0x1A4B, 0x224B, 0x224A, 0x2229, 0x2A6A, 0x4B2D, 0x5B6E,
    0x7C51, 0x9D35, 0xA576, 0xADD6, 0xADF7, 0xADF7, 0xAE18, 0xB5F8,
    0xB617, 0xADF7, 0xA595, 0x9D55, 0x9534, 0x9534, 0x9D35, 0x9535,
    0x8CD3, 0x7C72, 0x7C92, 0x7C92, 0x63F0, 0x534D, 0x430C, 0x2209,
    0x19E9, 0x1A0A, 0x1A0A, 0x1A0B, 0x1A2B, 0x224B, 0x222B, 0x2A8C,
    0x6432, 0x9576, 0x9576, 0x9515, 0x9535, 0x8D35, 0x8514, 0x8D14,
    0x9555, 0x9555, 0x9576, 0x8D35, 0x430D, 0x19C8, 0x2209, 0x1967,
    0x1966, 0x29C7, 0x3207, 0x52A9, 0xCE98, 0xF79C, 0xE719, 0xE73A,
    0xFFDD, 0xFFFD, 0xFFFD, 0xFFFE, 0xA512, 0x41E4, 0x7369, 0x9C8D,
    0xAD0F, 0xACEE, 0xACEF, 0xB530, 0xB530, 0xB510, 0xACEF, 0xACEF,
    0xACEF, 0xACEF, 0xB50F, 0xACEF, 0xACEF, 0xACEF, 0xA48E, 0x940C,
    0x838A, 0x62A7, 0x4183, 0x1880, 0x0820, 0x7BCC, 0xFFFE, 0xFFFD,
    0xF7DC, 0xF7DC, 0xF7BC, 0xEF7B, 0xEF7B, 0x7BCD, 0x0840, 0x2103,
    0x39E7, 0x29A5, 0x08A2, 0x0881, 0x08A3, 0x1105, 0x1946, 0x1126,
    0x1966, 0x21C8, 0x9575, 0xBE79, 0x6BEF, 0x5B8F, 0x4AEC, 0x42AB,
    0x7C92, 0xA5F7, 0x6C10, 0x63F0, 0x7452, 0x7472, 0x5B8E, 0x3229,
    0x21C8, 0x21A8, 0x1946, 0x7C51, 0xF7FF, 0x84B2, 0x1925, 0x2166,
    0xAD97, 0xFFFF, 0x634D, 0x08A3, 0x29A7, 0xADF6, 0xF7FF, 0x5B8B,
    0x08C2, 0x52CA, 0xE73B, 0xFFFF, 0x840F, 0x8C91, 0xB5F7, 0xA5B6,
    0x84D3, 0x42AC, 0x1168, 0x1168, 0x11A9, 0x0968, 0x19C9, 0x00E6,
    0x4B4F, 0x9DD8, 0x3AAB, 0x1146, 0x428B, 0x530C, 0x21A7, 0x00A3,
    0x84D4, 0x9597, 0x11A8, 0x0926, 0x19E9, 0x0968, 0x11A9, 0x11A9,
    0x1188, 0x19EA, 0x1187, 0x7CF5, 0x8536, 0x2209, 0x324A, 0x5B6E,
    0x428A, 0x00A2, 0x7410, 0xEF9D, 0xBDF6, 0x4A89, 0x840E, 0xBDB5,
    0xBD94, 0x8C70, 0x31C6, 0x0861, 0x3229, 0x53D0, 0x224A, 0x0927,
    0x19C9, 0x0988, 0x1188, 0x19C9, 0x0127, 0x19E9, 0x7CD5, 0x6411,
    0x1166, 0x3A6B, 0x6BD0, 0x6BCF, 0x08C3, 0x3A6A, 0x84F4, 0x7C93,
    0x326A, 0x534D, 0x84B3, 0x6BAF, 0x08E4, 0x63AF, 0x84F5, 0x2209,
    0x19A9, 0x1188, 0x11A8, 0x19E9, 0x0967, 0x19EA, 0x1188, 0x11A9,
    0x11C9, 0x0968, 0x19EA, 0x0968, 0x11A9, 0x11A8, 0x0106, 0x21E9,
    0x9597, 0x7C92, 0x0082, 0x1945, 0x31C7, 0x630A, 0xFFBB, 0xFFDC,
    0xD656, 0xC5D3, 0xC5D3, 0xCDD3, 0xCDD3, 0xC5B3, 0xCDD3, 0xCDF4,
    0xC5F4, 0xC5D4, 0xCDF4, 0xC5D4, 0xC5D3, 0xCE14, 0xD614, 0xD635,
    0xD615, 0xCE35, 0xD676, 0xC593, 0xD615, 0x3984, 0x10C3, 0x1105,
    0x5BAF, 0x7D14, 0x2A6B, 0x222B, 0x222B, 0x222B, 0x19CA, 0x0128,
    0x19AA, 0x21C9, 0x1105, 0x1104, 0x1945, 0x1924, 0x1924, 0x2965,
    0x2965, 0x2965, 0x2965, 0x2985, 0x2985, 0x2965, 0x2965, 0x2965,
    0x2965, 0x3185, 0x2965, 0x2965, 0x2965, 0x2965, 0x3186, 0x3185,
    0x31A5, 0x31A5, 0x3185, 0x31A6, 0x31A6, 0x31A6, 0x3185, 0x3185,
    0x3185, 0x3185, 0x3185, 0x3185, 0x3185, 0x2965, 0x3185, 0x3185,
    0x3185, 0x3186, 0x3185, 0x2944, 0x2944, 0x2124, 0x0882, 0x08A2,
    0x10C3, 0x08A3, 0x2166, 0x1925, 0x0083, 0x00A3, 0x0905, 0x1125,
    0x19A7, 0x5BD0, 0x328B, 0x2A29, 0x324A, 0x00E5, 0x0062, 0x0062,
    0x0082, 0x0082, 0x0061, 0x0021, 0x0061, 0x3208, 0x8492, 0x9D75,
    0xA5D7, 0x3AAB, 0x00C3, 0x0082, 0x0042, 0x0042, 0x0042, 0x0021,
    0x1125, 0x4B0D, 0x21EA, 0x1188, 0x0988, 0x0988, 0x220A, 0x220B,
    0x1189, 0x0988, 0x0988, 0x0989, 0x0989, 0x0989, 0x1189, 0x11A9,
    0x11A9, 0x09A9, 0x11CA, 0x11CA, 0x11CA, 0x09CA, 0x11AA, 0x11A9,
    0x0968, 0x53D0, 0xAE59, 0xA5F6, 0x430C, 0x11C9, 0x11C9, 0x09A9,
    0x11C9, 0x11E9, 0x1A2A, 0x2AAA, 0x4BAC, 0x3B29, 0x3307, 0x3307,
    0x3307, 0x2AE7, 0x2AE7, 0x2AE7, 0x2AE7, 0x2AE7, 0x2AE7, 0x2AE6,
    0x2AC6, 0x2AC6, 0x2AE6, 0x2AE6, 0x542B, 0x64CD, 0x544B, 0x544B,
    0x544B, 0x544B, 0x544B, 0x544B, 0x546B, 0x548C, 0x5C8C, 0x3B28,
    0x0902, 0x0020, 0x0040, 0x0040, 0x0061, 0x08A1, 0x08A1, 0x0881,
    0x08A1, 0x0081, 0x0881, 0x08A1, 0x0081, 0x0060, 0x0061, 0x0061,
    0x0040, 0x0040, 0x0861, 0x10C2, 0x21E5, 0x4B8A, 0x4C0A, 0x4C0A,
    0x4C0A, 0x4C0A, 0x4C0A, 0x4C0A, 0x4C0A, 0x4C0A, 0x4BEA, 0x4BAA,
    0x53CB, 0x5B8B, 0x536A, 0x532A, 0x532A, 0x530A, 0x4AE9, 0x4AE9,
    0x7C30, 0x1966, 0x1167, 0x11A8, 0x224B, 0x226B, 0x2AAC, 0x32EC,
    0x434E, 0x6431, 0x84F4, 0x9D75, 0x9D75, 0x9534, 0x84D3, 0x7451,
    0x536E, 0x432D, 0x432E, 0x3AED, 0x2A6B, 0x2229, 0x19E9, 0x222A,
    0x2A4A, 0x1A0A, 0x1A09, 0x1A09, 0x19E9, 0x1A09, 0x1A0A, 0x220A,
    0x1A2B, 0x224B, 0x224B, 0x1A0A, 0x1A0B, 0x1A4B, 0x1A2B, 0x224B,
    0x226B, 0x224A, 0x2A4A, 0x2A4A, 0x42EC, 0x5BCF, 0x6C30, 0x6C10,
    0x63EF, 0x6BF0, 0x7C92, 0x7C92, 0x7C71, 0x7410, 0x5B8D, 0x534D,
    0x42CB, 0x326A, 0x326A, 0x2A4A, 0x2A2A, 0x222A, 0x222A, 0x222A,
    0x1A09, 0x19E9, 0x11E9, 0x1A0A, 0x222B, 0x1A0B, 0x1A2B, 0x1A2B,
    0x1A2B, 0x1A0A, 0x32CD, 0x5BF1, 0x7CB3, 0x9575, 0x9D76, 0xA596,
    0x9D76, 0x9D96, 0x9D96, 0x9D75, 0x9D76, 0x9D76, 0xA596, 0xA596,
    0x7C92, 0x42CC, 0x3209, 0x322A, 0x3229, 0x3228, 0x29C6, 0x5B0A,
    0xEF7C, 0xFFFF, 0xFFFE, 0xFFFE, 0xFFFE, 0xFFFD, 0xFFFF, 0xBDD4,
    0x5244, 0x8C0B, 0xAD10, 0xB550, 0xB530, 0xB50F, 0xB550, 0xBD51,
    0xB530, 0xB550, 0xB510, 0xACEF, 0xACEF, 0xACEF, 0xB510, 0xB510,
    0xACEF, 0xB530, 0xB530, 0xACEF, 0xA4AE, 0x942C, 0x7B49, 0x5225,
    0x20C0, 0x1040, 0x944E, 0xFFFE, 0xFFDC, 0xFFFC, 0xFFFD, 0xFFFD,
    0xFFFF, 0x9CF2, 0x1081, 0x2985, 0x4AAA, 0x4289, 0x4AAA, 0x5B0C,
    0x5B2C, 0x5B4D, 0x5B4E, 0x534E, 0x5B6E, 0x6C30, 0xB639, 0xB638,
    0x534D, 0x42CB, 0x00E4, 0x0021, 0x3A8A, 0xAE38, 0x7471, 0x2208,
    0x21C8, 0x21C9, 0x21E9, 0x2A2A, 0x29EA, 0x21C9, 0x29E9, 0x5B4D,
    0x8CF3, 0x3AAA, 0x1125, 0x2187, 0x6BD0, 0x9534, 0x29A6, 0x1105,
    0x29C8, 0x8491, 0xADF6, 0x5B6C, 0x1965, 0x428A, 0xBE17, 0xE73B,
    0x73AE, 0x6BAE, 0x8CD3, 0x7451, 0x532D, 0x1167, 0x00E5, 0x326C,
    0x3ACD, 0x0947, 0x11A9, 0x0927, 0x220A, 0x5BD0, 0x21C8, 0x3A8B,
    0xA5B7, 0xBE79, 0x5B6E, 0x0082, 0x63AF, 0x5BD0, 0x1187, 0x0947,
    0x19C9, 0x0967, 0x11A9, 0x11A9, 0x0968, 0x19E9, 0x0947, 0x3AED,
    0x6411, 0x2A4A, 0x6411, 0xBE9B, 0x8D35, 0x08C3, 0x3A28, 0x94D2,
    0x634C, 0x3185, 0x630A, 0x83ED, 0x83EC, 0x6B2A, 0x31A5, 0x0881,
    0x08E4, 0x2209, 0x19A9, 0x0927, 0x19A9, 0x1188, 0x0988, 0x19C9,
    0x0947, 0x11A8, 0x2A6B, 0x222A, 0x0106, 0x63F0, 0xC6DB, 0xB638,
    0x1986, 0x21E8, 0x534E, 0x538F, 0x430C, 0x8D55, 0xD71C, 0x9D35,
    0x08C3, 0x29C8, 0x3AAC, 0x0947, 0x19C9, 0x1188, 0x11A9, 0x19C9,
    0x0968, 0x220A, 0x1188, 0x19C9, 0x19C9, 0x11A9, 0x220A, 0x0967,
    0x11A8, 0x11A8, 0x00E6, 0x21E9, 0xA5F8, 0xAE38, 0x7430, 0x42AA,
    0x1924, 0x4A67, 0xF77A, 0xFFFE, 0xFFFE, 0xFFBC, 0xF79B, 0xF77A,
    0xEF39, 0xEF39, 0xF759, 0xEF39, 0xEF39, 0xEF39, 0xF77A, 0xF77A,
    0xEF19, 0xEF39, 0xF77A, 0xF77B, 0xF77B, 0xFFBC, 0xFFDC, 0xF75A,
    0xD636, 0x3143, 0x1904, 0x1125, 0x538E, 0x8514, 0x224A, 0x19EA,
    0x1A0A, 0x19EA, 0x1189, 0x0927, 0x0106, 0x00A4, 0x3A6A, 0x7410,
    0x7C31, 0x636E, 0x31C7, 0x2965, 0x2985, 0x2985, 0x2985, 0x2985,
    0x3185, 0x3185, 0x3185, 0x3185, 0x3185, 0x3185, 0x2965, 0x2965,
    0x3185, 0x3186, 0x31A6, 0x31A6, 0x3185, 0x31A6, 0x3185, 0x31A6,
    0x31A6, 0x3185, 0x2965, 0x3185, 0x3185, 0x3185, 0x2985, 0x2985,
    0x3185, 0x3185, 0x3185, 0x2965, 0x2965, 0x2965, 0x2965, 0x2965,
    0x2944, 0x2104, 0x18E3, 0x4A8A, 0x5B2D, 0x4249, 0x29A6, 0x3A29,
    0x3229, 0x29C8, 0x1105, 0x08E4, 0x21C8, 0x6C52, 0x3AED, 0x1167,
    0x0926, 0x2A09, 0x6BF0, 0x3249, 0x08C4, 0x0883, 0x3A29, 0x52EC,
    0x00A3, 0x08E3, 0x5B4D, 0x7C92, 0x8D35, 0x21E8, 0x0062, 0x0082,
    0x0083, 0x0083, 0x0062, 0x0021, 0x08E4, 0x42CC, 0x220A, 0x1188,
    0x1188, 0x11A8, 0x328C, 0x53D1, 0x32CD, 0x11A9, 0x09A9, 0x09A9,
    0x0989, 0x09A9, 0x11A9, 0x11A9, 0x11CA, 0x11CA, 0x11EA, 0x11EA,
    0x11CA, 0x11CA, 0x11CA, 0x11CA, 0x0968, 0x6432, 0xB69A, 0xADF6,
    0x430C, 0x11C8, 0x11C9, 0x09A9, 0x11C9, 0x11C8, 0x1A09, 0x2AAA,
    0x438B, 0x3328, 0x3328, 0x3307, 0x3307, 0x3307, 0x2AE7, 0x2AE7,
    0x2AE7, 0x2AE6, 0x2AE7, 0x2AE7, 0x2AE7, 0x2AE6, 0x2AE6, 0x2AE6,
    0x542B, 0x6CEE, 0x5C6B, 0x544B, 0x544B, 0x544B, 0x546B, 0x546B,
    0x546B, 0x546B, 0x546B, 0x64AD, 0x53EB, 0x19A3, 0x0040, 0x0040,
    0x0060, 0x0081, 0x0881, 0x08A1, 0x08A1, 0x08A1, 0x08A1, 0x0081,
    0x0080, 0x0060, 0x0060, 0x0060, 0x0060, 0x0081, 0x10E2, 0x2A26,
    0x53AB, 0x542C, 0x4C0A, 0x43EA, 0x4C0A, 0x4C0A, 0x4C0A, 0x4C0A,
    0x4C0A, 0x4C0A, 0x4BEA, 0x4BCA, 0x53AB, 0x5B8B, 0x534A, 0x532A,
    0x532A, 0x532A, 0x4B0A, 0x4B09, 0x7C30, 0x1966, 0x1167, 0x1188,
    0x1A2B, 0x1A2B, 0x1A2B, 0x222B, 0x2A6C, 0x2A8C, 0x53AF, 0x8534,
    0x9D76, 0x9514, 0x63F0, 0x430D, 0x2A8B, 0x224B, 0x224B, 0x224B,
    0x226C, 0x226C, 0x224B, 0x1A4B, 0x222A, 0x53B0, 0x7CF4, 0x8535,
    0x8535, 0x8535, 0x8D55, 0x8D76, 0x9576, 0x9596, 0x9576, 0x5BF0,
    0x224A, 0x1A4B, 0x224B, 0x224B, 0x1A2A, 0x224A, 0x6C52, 0x9DD7,
    0x9DB7, 0x9D75, 0x9D75, 0x9D75, 0x9D75, 0x9D76, 0x9D96, 0x9D96,
    0x9D75, 0x9514, 0x63CF, 0x3AAB, 0x2A8B, 0x224A, 0x222A, 0x222B,
    0x224B, 0x1A2B, 0x1A2B, 0x1A2B, 0x1A2B, 0x1A2B, 0x1A2B, 0x1A0B,
    0x1A2B, 0x1A2B, 0x1A2B, 0x1A2B, 0x222B, 0x434F, 0x8516, 0x9DB7,
    0x9556, 0x9D56, 0x9D56, 0x9D55, 0x9D55, 0x9D55, 0x9D55, 0x9535,
    0x9555, 0x9D76, 0x9D76, 0x9D56, 0x9D76, 0x9D96, 0x9556, 0x9535,
    0x9515, 0x9514, 0x94F3, 0x9D33, 0xEF7C, 0xFFFE, 0xFFFE, 0xFFFE,
    0xFFFD, 0xFFFF, 0xE73B, 0x6B29, 0x83EA, 0xACCE, 0xB50F, 0xBD71,
    0xBD71, 0xB550, 0xB551, 0xBD51, 0xB551, 0xB551, 0xB530, 0xAD10,
    0xB530, 0xB530, 0xB530, 0xAD0F, 0xB510, 0xB530, 0xB530, 0xB530,
    0xB530, 0xB50F, 0xA48D, 0x838A, 0x5A45, 0x20A0, 0x20C1, 0xCE36,
    0xFFFE, 0xFFFD, 0xFFFD, 0xFFDC, 0xFFFE, 0x94B1, 0x10A1, 0x31C6,
    0x5B2C, 0x636D, 0x7C71, 0x8CF3, 0x8CF3, 0x9514, 0x9515, 0x8D14,
    0x8CF4, 0x8D14, 0xB659, 0xC6DA, 0x7C71, 0x2A08, 0x08E4, 0x3A8A,
    0x9DB6, 0xBE7A, 0x536E, 0x19C8, 0x220A, 0x21EA, 0x220A, 0x2A0A,
    0x21CA, 0x19A9, 0x21E9, 0x532D, 0x5B6D, 0x5B8E, 0x3A6A, 0x2187,
    0x3AAB, 0x3228, 0x1104, 0x1105, 0x1946, 0x3A4A, 0x4AEC, 0x324A,
    0x1146, 0x2167, 0x52EC, 0x5B0C, 0x31E8, 0x2166, 0x1966, 0x1146,
    0x08E5, 0x00E5, 0x3A8C, 0x5BB1, 0x19C9, 0x1167, 0x4B2E, 0x2A4B,
    0x0947, 0x1188, 0x0926, 0x1988, 0x7411, 0x8CF3, 0x3A8A, 0x00A3,
    0x29E8, 0x326B, 0x19C9, 0x0947, 0x19C9, 0x0967, 0x11A9, 0x1189,
    0x0968, 0x19E9, 0x0947, 0x0967, 0x11A8, 0x00E5, 0x2A4A, 0x8CF4,
    0x638E, 0x0082, 0x0061, 0x29A6, 0x2144, 0x2964, 0x7BAD, 0x9C8F,
    0x9C6F, 0x83CC, 0x39C5, 0x0861, 0x0062, 0x0946, 0x19C9, 0x0927,
    0x19A9, 0x1168, 0x1168, 0x19C9, 0x0947, 0x11A8, 0x11A9, 0x1188,
    0x1167, 0x3AAB, 0x84D3, 0x7430, 0x1104, 0x0083, 0x08E5, 0x0905,
    0x0125, 0x4B4D, 0x8D13, 0x5B6D, 0x0062, 0x08E5, 0x21C8, 0x0947,
    0x19C9, 0x0968, 0x11A9, 0x19C9, 0x1188, 0x220A, 0x1188, 0x19C9,
    0x19C9, 0x11A9, 0x19EA, 0x0968, 0x11C9, 0x11A9, 0x00E6, 0x21C9,
    0x9DD8, 0xA5F7, 0x7450, 0x3A49, 0x29A5, 0x39E6, 0xAD72, 0xEF3A,
    0xF79C, 0xFFBD, 0xF7BD, 0xFFDD, 0xFFFE, 0xFFFE, 0xFFFE, 0xFFFE,
    0xFFFE, 0xFFFD, 0xFFDD, 0xFFFE, 0xFFFE, 0xFFFD, 0xF7BC, 0xFFFD,
    0xFFFD, 0xFFDD, 0xF79C, 0xEF19, 0x838B, 0x20E2, 0x1904, 0x08E4,
    0x6C31, 0x8535, 0x2209, 0x11A8, 0x11C9, 0x11A9, 0x1188, 0x0948,
    0x1147, 0x3A6B, 0xAE18, 0xCEDB, 0xD71C, 0xBE59, 0x632C, 0x2144,
    0x2985, 0x3185, 0x3185, 0x3185, 0x3185, 0x2985, 0x2985, 0x3185,
    0x2965, 0x2965, 0x2965, 0x2965, 0x3186, 0x31A6, 0x3186, 0x3186,
    0x3186, 0x3185, 0x3185, 0x3185, 0x3186, 0x31A6, 0x31C6, 0x31A6,
    0x31A6, 0x39C6, 0x31A5, 0x2985, 0x3185, 0x3185, 0x2985, 0x2965,
    0x2985, 0x3185, 0x2965, 0x2965, 0x2985, 0x18E3, 0x39E7, 0x8C92,
    0x8CB2, 0x52EC, 0x2166, 0x6BCF, 0xA5B7, 0xA596, 0x638E, 0x08E4,
    0x1987, 0x6C32, 0x3ACC, 0x0925, 0x1146, 0x6BF0, 0xB639, 0x5B4E,
    0x1104, 0x08C3, 0x5B6D, 0xADF7, 0x2A08, 0x1925, 0x63F0, 0x6C51,
    0x4B4D, 0x0905, 0x29C7, 0x3208, 0x29C7, 0x29A7, 0x29C7, 0x29C7,
    0x1986, 0x3AAB, 0x2209, 0x1188, 0x19A9, 0x0127, 0x0127, 0x222B,
    0x2A6C, 0x11C9, 0x09A9, 0x09A9, 0x11A9, 0x11A9, 0x11C9, 0x11CA,
    0x11CA, 0x11CA, 0x11EA, 0x11EA, 0x11EA, 0x11EA, 0x11CA, 0x11CA,
    0x0988, 0x6452, 0xBEBA, 0xADF7, 0x4B4D, 0x09A8, 0x0988, 0x0987,
    0x0987, 0x0987, 0x11C7, 0x330B, 0x4BEC, 0x3B8A, 0x3B69, 0x3B68,
    0x3B48, 0x3328, 0x3327, 0x3327, 0x3307, 0x3327, 0x3307, 0x2B07,
    0x2B07, 0x2AE7, 0x2B07, 0x2B07, 0x4C0A, 0x64AD, 0x544B, 0x544B,
    0x544B, 0x544B, 0x546B, 0x546B, 0x546B, 0x546B, 0x546B, 0x5C8B,
    0x64AD, 0x646D, 0x4309, 0x1122, 0x0060, 0x0040, 0x0060, 0x0881,
    0x08A1, 0x0881, 0x0881, 0x0881, 0x0081, 0x0081, 0x0081, 0x0061,
    0x08A1, 0x1984, 0x42E9, 0x5C0C, 0x5C6C, 0x546C, 0x544B, 0x4C0B,
    0x4BEA, 0x4BEA, 0x4C0A, 0x4C0A, 0x4C0A, 0x4C0A, 0x4BEA, 0x4BCA,
    0x53AB, 0x5B8B, 0x534B, 0x532A, 0x532A, 0x532A, 0x532A, 0x534A,
    0x7C30, 0x1966, 0x1167, 0x11A8, 0x224B, 0x1A4B, 0x1A2B, 0x1A2A,
    0x1A2A, 0x1A2A, 0x2A8B, 0x430D, 0x538F, 0x5B8F, 0x3ACC, 0x2A4B,
    0x226B, 0x226C, 0x224C, 0x224B, 0x1A4B, 0x224C, 0x224B, 0x1A4B,
    0x5C11, 0xB659, 0xD71C, 0xDF5C, 0xDF5D, 0xDF7D, 0xDF7D, 0xDF7D,
    0xDF5D, 0xDF3C, 0xDF7D, 0xB679, 0x3AEC, 0x224A, 0x226B, 0x228B,
    0x32CD, 0x4B6F, 0x9D97, 0xCF1C, 0xDF1C, 0xDF3C, 0xDF1C, 0xD71C,
    0xD73C, 0xD73C, 0xD71B, 0xD71B, 0xD73C, 0xD71B, 0xA596, 0x3AAB,
    0x2A4B, 0x224B, 0x224C, 0x224B, 0x224C, 0x224C, 0x224C, 0x1A2C,
    0x1A2B, 0x1A0B, 0x1A0A, 0x1A0A, 0x1A2A, 0x222B, 0x1A2B, 0x222B,
    0x4B90, 0x7CD5, 0x7CB4, 0x4B0D, 0x3229, 0x29E9, 0x29C8, 0x29C8,
    0x29E8, 0x29C8, 0x21A7, 0x21A7, 0x21A7, 0x2A08, 0x29C8, 0x21A7,
    0x21C7, 0x21A7, 0x1987, 0x1146, 0x1125, 0x1124, 0x10E3, 0x4268,
    0xE75B, 0xFFFF, 0xFFFE, 0xFFFD, 0xFFFE, 0xF7BD, 0x8C2D, 0x7B69,
    0xACEE, 0xB50F, 0xB530, 0xBD51, 0xBD51, 0xBD51, 0xBD51, 0xBD71,
    0xBD51, 0xB551, 0xBD71, 0xBD71, 0xBD51, 0xB550, 0xB550, 0xB530,
    0xB530, 0xB530, 0xB550, 0xB550, 0xB530, 0xB530, 0xB530, 0xA48D,
    0x7B69, 0x49C4, 0x1040, 0x62E9, 0xFFDD, 0xFFFD, 0xFFDC, 0xF7DC,
    0xFFFE, 0x94D1, 0x1081, 0x2985, 0x5B0C, 0x3A48, 0x0020, 0x0020,
    0x0041, 0x0041, 0x0062, 0x0062, 0x0041, 0x0082, 0x4AEB, 0xB638,
    0xC6BA, 0x9D96, 0x9555, 0xC69A, 0xDF7D, 0x9D96, 0x2A49, 0x19C9,
    0x220A, 0x21EA, 0x220A, 0x220A, 0x220A, 0x19A9, 0x42CD, 0xADF8,
    0xBE59, 0xADD7, 0x7C71, 0x21A7, 0x63CF, 0x9555, 0x4AEC, 0x08E5,
    0x08C4, 0x00C4, 0x00C4, 0x00A4, 0x00C4, 0x00C4, 0x00A3, 0x00A3,
    0x00C4, 0x00C4, 0x00C4, 0x00E5, 0x1146, 0x42CD, 0x5390, 0x19A8,
    0x1167, 0x5BB0, 0x63D1, 0x1188, 0x19A8, 0x6411, 0x21C9, 0x1146,
    0x638F, 0x63AE, 0x21C7, 0x08C4, 0x42AC, 0x6411, 0x19E9, 0x0947,
    0x21E9, 0x1168, 0x19C9, 0x1188, 0x0948, 0x19CA, 0x0927, 0x42ED,
    0x53B0, 0x00E5, 0x2A08, 0x7431, 0x532C, 0x08A2, 0x08A2, 0x6BCF,
    0x6BAE, 0x2985, 0x7BEE, 0xA4F1, 0x9C8F, 0x83CC, 0x39C5, 0x0861,
    0x08C4, 0x2A4A, 0x19EA, 0x0947, 0x19A9, 0x1188, 0x1168, 0x19C9,
    0x0947, 0x19C9, 0x5390, 0x4B4F, 0x0946, 0x324A, 0x6BEF, 0x5B6D,
    0x08C3, 0x0083, 0x08E6, 0x08E5, 0x00C5, 0x326A, 0x6BEF, 0x4AEB,
    0x0062, 0x29E8, 0x63F1, 0x19A9, 0x11A9, 0x1168, 0x19C9, 0x19C9,
    0x0968, 0x220A, 0x1188, 0x11A9, 0x11A9, 0x0968, 0x19EA, 0x1188,
    0x11A9, 0x1188, 0x0906, 0x1167, 0x7CB3, 0x7451, 0x0904, 0x08C3,
    0x10E3, 0x2144, 0x4247, 0x7BCB, 0xAD72, 0xBDF4, 0xC615, 0xB593,
    0x844D, 0x738B, 0x73AC, 0x738B, 0x7BEC, 0xB593, 0xC656, 0x9CD0,
    0x6B4A, 0x840D, 0xE6F9, 0xFFBC, 0xF7BD, 0xF79C, 0xE73A, 0xDE97,
    0x838B, 0x20C1, 0x0861, 0x1105, 0x6C31, 0x8535, 0x2209, 0x0147,
    0x1188, 0x11A8, 0x0968, 0x0927, 0x1148, 0x21C9, 0x42CC, 0x4B0C,
    0x63AE, 0x636D, 0x3207, 0x2144, 0x3185, 0x3185, 0x3186, 0x3186,
    0x3185, 0x2985, 0x31C6, 0x3186, 0x3185, 0x2965, 0x2965, 0x2965,
    0x3165, 0x2965, 0x3185, 0x3185, 0x3186, 0x3165, 0x3185, 0x3186,
    0x3186, 0x3185, 0x3185, 0x3185, 0x31A6, 0x31C6, 0x3185, 0x2965,
    0x3185, 0x3185, 0x2985, 0x2985, 0x3185, 0x3185, 0x3165, 0x2965,
    0x3186, 0x2124, 0x31A6, 0x5B0C, 0x4ACB, 0x29A7, 0x2186, 0x21A7,
    0x3A6A, 0x63AE, 0x9555, 0x5B8E, 0x1987, 0x538F, 0x326B, 0x1166,
    0x322A, 0x63AF, 0x8CD3, 0x4AEC, 0x29E8, 0x1145, 0x6BF0, 0x9534,
    0x21C6, 0x21A7, 0x5B8E, 0x7493, 0x6431, 0x21E8, 0x9534, 0xD71C,
    0xCEDA, 0xC679, 0xBE58, 0x9D34, 0x4ACB, 0x534E, 0x326A, 0x19C8,
    0x19C9, 0x0927, 0x00A5, 0x00C5, 0x0968, 0x11AA, 0x11AA, 0x11CA,
    0x11AA, 0x11AA, 0x11CA, 0x11CA, 0x11CA, 0x11CA, 0x11EA, 0x11EA,
    0x11EA, 0x11EA, 0x11CA, 0x11EA, 0x0168, 0x6432, 0xBEDB, 0xBE58,
    0x9D75, 0x7472, 0x6C72, 0x6C71, 0x7492, 0x74D2, 0x74D2, 0x6CB0,
    0x646E, 0x4BEB, 0x43AA, 0x4389, 0x4369, 0x3B68, 0x3328, 0x3347,
    0x3347, 0x3327, 0x3347, 0x3347, 0x3327, 0x3307, 0x2B07, 0x3327,
    0x4BEA, 0x64AD, 0x5C6C, 0x542A, 0x544B, 0x546B, 0x546B, 0x546B,
    0x546B, 0x546B, 0x546C, 0x546B, 0x5C8C, 0x64AD, 0x6CEE, 0x646D,
    0x4B29, 0x21C5, 0x0902, 0x00A1, 0x00A1, 0x00A1, 0x0081, 0x0081,
    0x0081, 0x08A1, 0x1102, 0x21A4, 0x3AC8, 0x5BEC, 0x644D, 0x648D,
    0x5C8D, 0x5CAC, 0x5C8C, 0x546C, 0x544B, 0x4C0A, 0x4C0A, 0x4C0A,
    0x4C0A, 0x43EA, 0x4BEA, 0x4BCA, 0x53AB, 0x5B8B, 0x5B6B, 0x5B6B,
    0x5B6B, 0x5B6B, 0x5B6B, 0x638C, 0x7C30, 0x1966, 0x1167, 0x11A9,
    0x224B, 0x1A2B, 0x1A0A, 0x1A0A, 0x1A0A, 0x1A2B, 0x1A0B, 0x1A0A,
    0x1A0A, 0x1A2A, 0x2A6B, 0x226B, 0x1A4B, 0x224B, 0x224B, 0x1A4B,
    0x226B, 0x1A2B, 0x1A0A, 0x5BF1, 0xA619, 0xBEBA, 0xADF7, 0x9D34,
    0x9D34, 0x9D55, 0x9D55, 0x9513, 0x8CD3, 0x9514, 0x9534, 0x6C10,
    0x2209, 0x1A0A, 0x224B, 0x4B90, 0x8D56, 0x9DD7, 0xA5D7, 0xADD6,
    0xADB5, 0xADD6, 0xADB6, 0xADD6, 0xADD6, 0xADD6, 0xADD6, 0xA5B5,
    0xB617, 0xD73B, 0xBE79, 0x42EB, 0x2A6B, 0x32AD, 0x2A8C, 0x2A6C,
    0x224B, 0x224C, 0x1A4B, 0x1A2B, 0x222B, 0x222B, 0x222B, 0x222B,
    0x224B, 0x1A2A, 0x224B, 0x5390, 0x7493, 0x6C11, 0x19A8, 0x0063,
    0x08E5, 0x1126, 0x1146, 0x1126, 0x1126, 0x1946, 0x1967, 0x1966,
    0x1966, 0x1946, 0x1966, 0x1966, 0x1146, 0x1125, 0x1126, 0x1125,
    0x1125, 0x1125, 0x08C3, 0x4289, 0xEF7C, 0xFFFE, 0xFFFE, 0xFFFE,
    0xFFFF, 0xC636, 0x6B29, 0xACCE, 0xBD50, 0xBD50, 0xBD71, 0xBD50,
    0xBD51, 0xBD71, 0xBD71, 0xBD71, 0xB550, 0xBD71, 0xC591, 0xBD91,
    0xBD91, 0xC592, 0xBD71, 0xBD71, 0xBD71, 0xB550, 0xB550, 0xB530,
    0xB530, 0xB530, 0xB530, 0xB530, 0x942C, 0x6AE7, 0x28E1, 0x28E1,
    0xD697, 0xFFFE, 0xFFFD, 0xFFFD, 0xFFFE, 0x9CF1, 0x1081, 0x2124,
    0x4249, 0x31E7, 0x2145, 0x29A6, 0x29C7, 0x31C7, 0x31E7, 0x3208,
    0x3A29, 0x3228, 0x3A49, 0x7C51, 0xA5B6, 0xC69A, 0xD71C, 0xCEDA,
    0xA596, 0x42AA, 0x19A7, 0x220A, 0x21EA, 0x220A, 0x220A, 0x220A,
    0x220A, 0x21C9, 0x5B8F, 0xC6DB, 0xD71C, 0xD6FB, 0x84B2, 0x00C3,
    0x2A08, 0x7C93, 0x9535, 0x8CD4, 0x84B3, 0x84B3, 0x84D4, 0x84F4,
    0x84B3, 0x84D4, 0x8D15, 0x8D35, 0x8CF4, 0x8D15, 0x84F5, 0x84F5,
    0x8D16, 0x63F1, 0x1187, 0x19A8, 0x6411, 0x6411, 0x19A8, 0x00A4,
    0x3AAC, 0x9576, 0x2A29, 0x3209, 0xB639, 0xC69A, 0x4B0C, 0x0062,
    0x5B6E, 0x74B4, 0x19C9, 0x0967, 0x21EA, 0x1188, 0x19C9, 0x11A9,
    0x0968, 0x19C9, 0x0927, 0x5BB0, 0x7CB4, 0x0925, 0x4B0D, 0x9D96,
    0x9534, 0x1965, 0x08C3, 0x84B3, 0x94F3, 0x29A5, 0x7C0F, 0xA512,
    0x948F, 0x8C4E, 0x39C5, 0x0040, 0x1925, 0x538F, 0x224B, 0x0127,
    0x19C9, 0x1188, 0x1189, 0x21EA, 0x0947, 0x19E9, 0x6433, 0x6412,
    0x0063, 0x42CC, 0xBE79, 0xB617, 0x2186, 0x0083, 0x1127, 0x1147,
    0x00E5, 0x7C72, 0xD73C, 0xA5B6, 0x08C3, 0x2A29, 0x7CB4, 0x220A,
    0x11A9, 0x1188, 0x19C9, 0x19CA, 0x0968, 0x19EA, 0x0968, 0x11A9,
    0x19C9, 0x0968, 0x19EA, 0x0968, 0x1188, 0x11A8, 0x0906, 0x1168,
    0x7473, 0x6C51, 0x0904, 0x21A6, 0x2165, 0x1924, 0x3206, 0x8C6F,
    0xC676, 0xCE77, 0xC656, 0xAD93, 0x842E, 0x18E1, 0x0880, 0x2143,
    0x31A5, 0x7C0E, 0x9D12, 0x634B, 0x10E1, 0xA533, 0xFFFF, 0xFFFF,
    0xFFFF, 0xFFFF, 0xFFDE, 0xD657, 0x7B8B, 0x39A5, 0x2944, 0x1925,
    0x536E, 0x7CD4, 0x434E, 0x6411, 0x7493, 0x6C73, 0x430E, 0x1188,
    0x1989, 0x21E9, 0x29E8, 0x21C7, 0x1965, 0x2186, 0x2185, 0x2144,
    0x2965, 0x2965, 0x3165, 0x3186, 0x3185, 0x2985, 0x31A6, 0x3186,
    0x3186, 0x3185, 0x2965, 0x3186, 0x31A6, 0x31A6, 0x31A5, 0x31C6,
    0x31A6, 0x3185, 0x3185, 0x3185, 0x3186, 0x3186, 0x31A6, 0x3185,
    0x3185, 0x31A5, 0x3185, 0x2965, 0x2985, 0x2985, 0x2985, 0x2985,
    0x2965, 0x3185, 0x3185, 0x3185, 0x2965, 0x2965, 0x2124, 0x1924,
    0x1925, 0x2165, 0x3208, 0x3209, 0x1146, 0x1146, 0x4AEC, 0x7C92,
    0x3ACC, 0x6431, 0x3AAC, 0x1146, 0x3229, 0x2A08, 0x1986, 0x2A29,
    0x3AAB, 0x21E8, 0x7CB3, 0x63AE, 0x21A6, 0x3A69, 0x6C31, 0x84F4,
    0x84F4, 0x3249, 0x8471, 0xCEB9, 0xCE79, 0xC658, 0xB5F7, 0x73EF,
    0x4ACA, 0x7471, 0x4B2D, 0x19E8, 0x19EA, 0x19A9, 0x1168, 0x1188,
    0x19C9, 0x11EA, 0x11CA, 0x11CA, 0x11CA, 0x11CA, 0x11CA, 0x11CA,
    0x11CA, 0x11CA, 0x11EA, 0x11EA, 0x11CA, 0x11EA, 0x11CA, 0x11EA,
    0x0168, 0x6411, 0xCF3D, 0xD6FB, 0xD6DA, 0xCEDA, 0xC6DB, 0xC6DA,
    0xCEDA, 0xCEDA, 0xC6DA, 0xB657, 0x9593, 0x7D11, 0x7CF0, 0x74EF,
    0x6CAF, 0x5C4C, 0x540B, 0x4BCA, 0x43A9, 0x3B89, 0x3B68, 0x3B88,
    0x3348, 0x3327, 0x3327, 0x2B07, 0x4BEA, 0x9613, 0x9E34, 0x752F,
    0x5C6B, 0x548B, 0x546B, 0x5C8C, 0x5C8C, 0x5C8C, 0x5C8C, 0x5C8C,
    0x5CAC, 0x64AC, 0x64AD, 0x6CEE, 0x7D2F, 0x74CF, 0x640C, 0x536B,
    0x42C9, 0x3267, 0x3227, 0x3247, 0x3AA8, 0x4B2A, 0x5BCC, 0x6C4E,
    0x6C8E, 0x64AD, 0x648D, 0x648D, 0x5C8D, 0x5C8C, 0x5C8C, 0x5C8C,
    0x5C6C, 0x542B, 0x4C0A, 0x4BEA, 0x4C0A, 0x4C09, 0x4BEA, 0x4BAA,
    0x53CB, 0x5BAB, 0x5BAB, 0x5BAC, 0x5B8B, 0x5B8B, 0x63AC, 0x63AC,
    0x7C30, 0x1987, 0x1188, 0x0988, 0x1A2B, 0x120A, 0x120A, 0x1A0A,
    0x19EA, 0x11EA, 0x11EA, 0x11EA, 0x1A0A, 0x1A0A, 0x1A2B, 0x1A4B,
    0x224C, 0x224B, 0x226C, 0x4BB1, 0x8D77, 0x84F5, 0x4B6E, 0x8D55,
    0xAE39, 0x6BEF, 0x21E8, 0x1145, 0x0904, 0x1145, 0x0945, 0x0925,
    0x0105, 0x0905, 0x0905, 0x00C5, 0x0927, 0x1188, 0x11A9, 0x220A,
    0x3ACC, 0x6C10, 0x6C10, 0x636D, 0x5B4C, 0x6BEE, 0x740F, 0x73EF,
    0x6BCE, 0x638E, 0x6BEF, 0x8492, 0x7C71, 0xBE79, 0xB638, 0x3ACB,
    0x2A4A, 0x32AC, 0x2AAC, 0x2AAC, 0x226B, 0x224B, 0x224B, 0x224B,
    0x224B, 0x2A6C, 0x224B, 0x222B, 0x1A2A, 0x32CD, 0x5BF1, 0x7CB4,
    0x6C32, 0x1987, 0x00A4, 0x42CD, 0x84B4, 0x84F5, 0x7CD4, 0x7CD4,
    0x7CD4, 0x84D4, 0x84D4, 0x84F4, 0x84D4, 0x84D4, 0x84F4, 0x84D4,
    0x7CB3, 0x7C93, 0x7CB3, 0x7C93, 0x7C93, 0x7C72, 0x7431, 0x8CD2,
    0xF7BD, 0xFFFE, 0xFFFE, 0xFFFE, 0xFFFE, 0x9CD0, 0x942C, 0xBD50,
    0xBD30, 0xB570, 0xBD91, 0xBD91, 0xBD71, 0xBD71, 0xBD71, 0xBD71,
    0xBD71, 0xBD71, 0xBD91, 0xBDB1, 0xBD91, 0xBD91, 0xBD71, 0xBD51,
    0xBD91, 0xBD71, 0xB550, 0xB550, 0xB550, 0xB551, 0xB551, 0xB550,
    0xACCE, 0x838A, 0x49E4, 0x1860, 0x9CD0, 0xFFFE, 0xFFFD, 0xFFFD,
    0xFFFD, 0x9490, 0x0881, 0x2965, 0x4AAA, 0x52EB, 0x6BEF, 0x8492,
    0x8492, 0x8492, 0x84B2, 0x84B2, 0x84B3, 0x84D3, 0x84B3, 0x7C71,
    0x7C92, 0x8CF4, 0x9D34, 0x7430, 0x3249, 0x0945, 0x21E9, 0x21EA,
    0x21EA, 0x21EA, 0x220A, 0x21EA, 0x21EA, 0x19A9, 0x42ED, 0xAE39,
    0xDF5C, 0xEF9D, 0xB638, 0x3249, 0x0062, 0x08E4, 0x2A08, 0x42AB,
    0x42EC, 0x4AEC, 0x4B0C, 0x4B0C, 0x4B0C, 0x4AEC, 0x4B0C, 0x4B0C,
    0x42EC, 0x42CC, 0x42CB, 0x3AAB, 0x324A, 0x0905, 0x1987, 0x6411,
    0x6411, 0x21E9, 0x00E5, 0x1146, 0x7472, 0xA5F8, 0x42EC, 0x5B6E,
    0x9535, 0x8CD3, 0x42CB, 0x1946, 0x6BD0, 0x84F4, 0x19E8, 0x1187,
    0x222A, 0x1188, 0x19EA, 0x19A9, 0x1188, 0x21EA, 0x0947, 0x5BB0,
    0x7CB3, 0x21E8, 0x5BAE, 0x8D14, 0x63AE, 0x08E3, 0x1945, 0x9514,
    0x8CD2, 0x2144, 0x4A89, 0x73AC, 0x736B, 0x6309, 0x2964, 0x0061,
    0x1945, 0x53AF, 0x224B, 0x0947, 0x19E9, 0x1188, 0x1188, 0x220A,
    0x0967, 0x2209, 0x6C52, 0x6C31, 0x00C4, 0x3229, 0x7451, 0x63AE,
    0x1966, 0x0905, 0x1147, 0x1147, 0x328B, 0x84F4, 0x9D55, 0x534D,
    0x08C3, 0x3AAB, 0x7CD4, 0x222A, 0x19C9, 0x1188, 0x19C9, 0x19EA,
    0x0968, 0x19EA, 0x1188, 0x19C9, 0x1A0A, 0x1168, 0x19EA, 0x0968,
    0x11A9, 0x11A9, 0x0906, 0x1188, 0x7CB4, 0x8D55, 0x3249, 0x29E7,
    0x29C7, 0x2186, 0x2185, 0x5B4C, 0x73EE, 0x5B0B, 0x3A47, 0x31E5,
    0x31E6, 0x2144, 0x52CA, 0x5B2C, 0x4ACA, 0x4ACA, 0x4ACA, 0x4289,
    0x29A6, 0x6B8D, 0xA533, 0xAD55, 0xAD55, 0xA514, 0x9CF2, 0xAD53,
    0xA512, 0x7BCD, 0x4A68, 0x31E8, 0x7431, 0x8514, 0x4B6E, 0x430D,
    0x3AAC, 0x430D, 0x3AAC, 0x1988, 0x1147, 0x0906, 0x21A7, 0x4ACC,
    0x3A29, 0x1945, 0x1924, 0x2165, 0x2965, 0x2965, 0x3185, 0x3185,
    0x2985, 0x3185, 0x2985, 0x3185, 0x3185, 0x3185, 0x3185, 0x3186,
    0x31A6, 0x31A6, 0x31A6, 0x31A5, 0x3185, 0x3185, 0x2985, 0x3185,
    0x3185, 0x31A6, 0x31A6, 0x3185, 0x3185, 0x31A5, 0x31A5, 0x3185,
    0x2965, 0x2965, 0x2985, 0x2965, 0x2965, 0x2965, 0x3185, 0x2965,
    0x2965, 0x2965, 0x0861, 0x18E4, 0x1925, 0x1904, 0x1965, 0x1966,
    0x21A7, 0x1988, 0x1167, 0x326A, 0x2209, 0x536F, 0x8D56, 0x84D4,
    0x84B3, 0x84D3, 0x7CB2, 0x42CC, 0x00E4, 0x430D, 0x84D3, 0x7CB2,
    0x8D13, 0x9D96, 0x84D3, 0x3249, 0x21E8, 0x21A7, 0x52EB, 0x7C2F,
    0x7C0E, 0x840F, 0x73CE, 0x4A89, 0x29A6, 0x42AA, 0x2A29, 0x19C8,
    0x1A0A, 0x220A, 0x21EA, 0x1A0A, 0x1A0B, 0x11EA, 0x11EA, 0x11CA,
    0x11CA, 0x11CA, 0x11CA, 0x11CA, 0x11CA, 0x11CA, 0x11CA, 0x11CA,
    0x11CA, 0x11CA, 0x11CA, 0x11CA, 0x0989, 0x1A0A, 0x8D35, 0xC6BA,
    0xC699, 0xB638, 0xAE17, 0xADD6, 0xA5B6, 0xA5B6, 0xA5B6, 0x9DB5,
    0x9DD5, 0x9DD5, 0x95D5, 0x95B4, 0x9594, 0x8552, 0x7D31, 0x74F0,
    0x5C6D, 0x544C, 0x4C0C, 0x4C0B, 0x43CA, 0x3B89, 0x3B88, 0x3327,
    0x648D, 0xAE96, 0xA635, 0x9DF3, 0x6CCD, 0x5C6B, 0x5C6C, 0x5CAC,
    0x5CAC, 0x5C8C, 0x5C8C, 0x5CAC, 0x64CD, 0x64CD, 0x6CCD, 0x6CCD,
    0x6CEE, 0x74EE, 0x750F, 0x7D10, 0x7D10, 0x74F0, 0x74D0, 0x74F0,
    0x7510, 0x7511, 0x7510, 0x6CEF, 0x6CCE, 0x6CCE, 0x6CCE, 0x64AD,
    0x5C8C, 0x5C6C, 0x5C6C, 0x5C6C, 0x5C8C, 0x546B, 0x4C2B, 0x4BEA,
    0x4BEA, 0x4C0A, 0x4BEA, 0x4BAA, 0x5BCB, 0x5BCB, 0x63EC, 0x63EC,
    0x6C2D, 0x7C6F, 0x7CAF, 0x84AF, 0x6BCF, 0x1987, 0x1187, 0x0988,
    0x1A2B, 0x122B, 0x122B, 0x1A0A, 0x11EA, 0x120A, 0x11EA, 0x11EA,
    0x120A, 0x1A0B, 0x1A2B, 0x224C, 0x224C, 0x1A2B, 0x226C, 0x74D5,
    0xB6BB, 0xAE38, 0x7471, 0x9576, 0xAE38, 0x42EB, 0x2208, 0x63F0,
    0x532D, 0x21C7, 0x2A08, 0x42CC, 0x4AEC, 0x21C7, 0x00C4, 0x00A4,
    0x08E5, 0x1167, 0x1186, 0x0925, 0x0904, 0x1145, 0x2186, 0x29A6,
    0x31E7, 0x4AA9, 0x4AA9, 0x3A27, 0x4ACA, 0x740F, 0x638D, 0x2186,
    0x4ACA, 0xB618, 0xB638, 0x4B2C, 0x4B6E, 0x7493, 0x7CD4, 0x7CD4,
    0x7CB4, 0x7493, 0x7493, 0x7493, 0x6C52, 0x7472, 0x7CB3, 0x7CB4,
    0x7CB3, 0x7CB3, 0x8D15, 0x84D4, 0x2209, 0x00E5, 0x4AED, 0x7C94,
    0x5BB0, 0x2A29, 0x21E8, 0x21C8, 0x21C8, 0x21C8, 0x21C7, 0x21C7,
    0x19C7, 0x19A7, 0x19A7, 0x19A7, 0x19A7, 0x19A7, 0x19C7, 0x19A7,
    0x19A7, 0x1986, 0x1945, 0x530B, 0xEF9D, 0xFFFF, 0xFFFE, 0xFFFF,
    0xEF7B, 0x7BAB, 0xA4AE, 0xBD70, 0xBD71, 0xBD91, 0xC5B2, 0xC591,
    0xBD71, 0xBD71, 0xBD71, 0xBD91, 0xBD91, 0xBD91, 0xBD91, 0xC5B2,
    0xBD91, 0xBD71, 0xBD71, 0xBD51, 0xBD71, 0xBD91, 0xB550, 0xB550,
    0xBD71, 0xBD91, 0xB571, 0xAD30, 0xAD0F, 0x942C, 0x6286, 0x2080,
    0x7B8B, 0xFFFE, 0xFFDC, 0xFFDD, 0xFFFF, 0x94B0, 0x0881, 0x2965,
    0x4ACB, 0x3A49, 0x1124, 0x1124, 0x1924, 0x1945, 0x1965, 0x1966,
    0x1966, 0x1966, 0x1145, 0x326A, 0x8CF4, 0xBE79, 0xC6BA, 0xBE59,
    0x9D75, 0x42EC, 0x1167, 0x21C9, 0x21CA, 0x21CA, 0x21EA, 0x21CA,
    0x21CA, 0x21CA, 0x21E9, 0x4B0D, 0x94F4, 0x9D14, 0x9534, 0x9555,
    0x63CF, 0x4B0C, 0x4AEB, 0x42CB, 0x4B0C, 0x4AEC, 0x42CC, 0x4AEC,
    0x4AEC, 0x42CC, 0x4AEC, 0x4B0C, 0x4B0C, 0x4AEC, 0x4AEC, 0x4AEC,
    0x4B0C, 0x5B8F, 0x7452, 0x63F1, 0x2A4A, 0x19A8, 0x1987, 0x0905,
    0x6C11, 0x84D3, 0x21C7, 0x4AEC, 0x52EC, 0x31C8, 0x08E4, 0x1125,
    0x7431, 0xA5D7, 0x2A4A, 0x1187, 0x2A4B, 0x11A8, 0x21EA, 0x19C9,
    0x11A8, 0x222B, 0x0947, 0x6C52, 0x8D55, 0x4AEB, 0x6BCF, 0x638E,
    0x4B0C, 0x21A6, 0x1965, 0x8CD3, 0x9D34, 0x3A48, 0xA554, 0xE73B,
    0xF77C, 0xC636, 0x4207, 0x0041, 0x21C7, 0x5BD0, 0x1A09, 0x0947,
    0x19C9, 0x1188, 0x1188, 0x220A, 0x0947, 0x21C9, 0x7CB4, 0x7452,
    0x0925, 0x2A09, 0x534D, 0x4B0C, 0x326A, 0x1987, 0x1147, 0x1167,
    0x3ACC, 0x6C52, 0x63AF, 0x42AB, 0x19A7, 0x3ACC, 0x6C73, 0x1A0A,
    0x19EA, 0x1188, 0x19A9, 0x19EA, 0x0988, 0x220A, 0x1188, 0x19EA,
    0x220A, 0x1188, 0x220A, 0x0968, 0x11A9, 0x19C9, 0x0927, 0x1188,
    0x8515, 0xCEFC, 0xB638, 0x9D75, 0x9D54, 0x9D55, 0xADD6, 0xC699,
    0xBE58, 0xA595, 0xA594, 0x9D53, 0x94F2, 0xADB5, 0xC699, 0xBE58,
    0xBE58, 0xC699, 0xBE58, 0xB617, 0xADD6, 0x9D54, 0xA554, 0xAD95,
    0xAD95, 0xAD95, 0xADB5, 0xB5D5, 0xBDF6, 0xB5B5, 0xAD75, 0xB5F7,
    0xBE7A, 0x95B7, 0x19E8, 0x00C4, 0x0926, 0x00C4, 0x00C5, 0x1167,
    0x1147, 0x1146, 0x9D76, 0xDF3D, 0xE75D, 0xCEDB, 0x8451, 0x2986,
    0x2965, 0x2965, 0x31A6, 0x31A6, 0x3185, 0x3185, 0x3185, 0x3185,
    0x3185, 0x3185, 0x3185, 0x3186, 0x3185, 0x3185, 0x3185, 0x3185,
    0x3185, 0x3185, 0x2985, 0x3185, 0x31A6, 0x31A6, 0x3186, 0x3185,
    0x3185, 0x31A5, 0x31A6, 0x3185, 0x2965, 0x2965, 0x2985, 0x2965,
    0x2965, 0x2965, 0x3186, 0x3185, 0x3165, 0x2124, 0x2104, 0x6B8E,
    0x73CF, 0x6B8E, 0x3A49, 0x1125, 0x1987, 0x1988, 0x1968, 0x21C9,
    0x19A8, 0x0926, 0x6C11, 0xBE9A, 0xCEDB, 0xC6DB, 0xA5F8, 0x534E,
    0x2209, 0x6411, 0x9D96, 0x9DB6, 0xB618, 0x9555, 0x3249, 0x00A3,
    0x00E4, 0x1145, 0x634D, 0x94D1, 0x8C6F, 0x842E, 0x73AD, 0x52CA,
    0x1904, 0x0083, 0x1146, 0x11A8, 0x11C9, 0x19CA, 0x19EA, 0x1A0B,
    0x1A0B, 0x11EA, 0x11EA, 0x11CA, 0x11CA, 0x11CA, 0x11CA, 0x11EA,
    0x11EA, 0x11CA, 0x11CA, 0x11EA, 0x11EA, 0x11EA, 0x11CA, 0x09C9,
    0x11C9, 0x0988, 0x11A8, 0x326A, 0x328A, 0x2A49, 0x2229, 0x2208,
    0x19E8, 0x2209, 0x2208, 0x1A08, 0x2249, 0x2269, 0x226A, 0x2249,
    0x2249, 0x2269, 0x2268, 0x2289, 0x22A9, 0x2AA9, 0x2AEA, 0x3B4B,
    0x43AB, 0x4BEB, 0x4C0B, 0x4BEA, 0x7D70, 0xB6D6, 0xAE75, 0x95D2,
    0x8590, 0x754F, 0x750E, 0x754E, 0x752E, 0x6CED, 0x6D0D, 0x6D0E,
    0x750E, 0x752E, 0x752F, 0x750E, 0x752E, 0x752E, 0x750F, 0x750F,
    0x750F, 0x7510, 0x7510, 0x7510, 0x7510, 0x74F0, 0x6CEF, 0x6CEF,
    0x6CEF, 0x74EE, 0x6CEE, 0x6CCD, 0x64CD, 0x5C8C, 0x5C6C, 0x5C6C,
    0x5C8C, 0x5C8C, 0x544B, 0x4C0A, 0x4BEA, 0x4C0A, 0x4BEA, 0x4BCA,
    0x5C0B, 0x6C4D, 0x748E, 0x7CAF, 0x744E, 0x63CC, 0x5BAC, 0x6C0D,
    0x6BCF, 0x1966, 0x1167, 0x11A8, 0x1A2B, 0x1A2B, 0x1A4B, 0x1A4B,
    0x1A2B, 0x120A, 0x120B, 0x1A2B, 0x1A2B, 0x1A4B, 0x226C, 0x226C,
    0x1A4C, 0x224B, 0x228C, 0x7D15, 0xBE9A, 0xB638, 0x7451, 0x9555,
    0xAE38, 0x430B, 0x2208, 0x84B2, 0xB617, 0xB5F7, 0xCEDA, 0xDF1B,
    0xE75C, 0xAD96, 0x08A2, 0x0020, 0x0041, 0x0062, 0x0061, 0x0061,
    0x0041, 0x0020, 0x29A6, 0x5B2B, 0x634C, 0x634C, 0x8470, 0xADB5,
    0xAD95, 0x8CD2, 0x3A28, 0x0061, 0x4289, 0xBE59, 0xC6B9, 0x84B2,
    0x9575, 0x9DB7, 0xA5D7, 0xA5B7, 0xA5D7, 0xADD7, 0xADD7, 0xA5B7,
    0xA596, 0xA5B7, 0xADF8, 0xAE18, 0xADF8, 0xA5B7, 0x7CB3, 0x2A29,
    0x1126, 0x534E, 0x7C73, 0x42CD, 0x0905, 0x3A8B, 0x6C31, 0x6C32,
    0x6C31, 0x6C51, 0x7451, 0x7451, 0x7431, 0x6C31, 0x6C31, 0x7472,
    0x7452, 0x7452, 0x7452, 0x7452, 0x7472, 0x7451, 0x7410, 0x94F2,
    0xEF9D, 0xFFFE, 0xFFFE, 0xFFFF, 0xE71A, 0x7B8A, 0xAD0F, 0xBD70,
    0xBD71, 0xC591, 0xBD91, 0xBD71, 0xBD71, 0xBD91, 0xC591, 0xBD91,
    0xBD71, 0xBD91, 0xC5B2, 0xC591, 0xBD71, 0xBD71, 0xBD91, 0xC5B2,
    0xC5B2, 0xC591, 0xBD71, 0xBD71, 0xBD91, 0xBD71, 0xBD71, 0xB551,
    0xAD0F, 0x944C, 0x6AC7, 0x28C0, 0x6B09, 0xFFDD, 0xFFFD, 0xFFDC,
    0xFFFF, 0x9CD1, 0x0881, 0x2985, 0x4AAA, 0x4ACB, 0x6BEF, 0x7C71,
    0x7C51, 0x8472, 0x8492, 0x84B2, 0x84B3, 0x84B3, 0x7C72, 0xA5D7,
    0xBE79, 0x9D55, 0x9D54, 0xB638, 0xCEFB, 0xA5B6, 0x2A2A, 0x1168,
    0x19A9, 0x19A9, 0x21CA, 0x21CA, 0x21AA, 0x21A9, 0x21CA, 0x1988,
    0x1988, 0x1967, 0x29E9, 0x63D0, 0x9535, 0x9DB6, 0x9D96, 0x9D75,
    0x9D96, 0xA596, 0x9D96, 0x9D96, 0x9D76, 0x9D76, 0x9DB7, 0x9DB7,
    0x9DB7, 0xA5B7, 0xA5B7, 0x9D96, 0x9D76, 0x9555, 0x6C11, 0x2A2A,
    0x19C9, 0x328C, 0x538F, 0x42AC, 0x1987, 0x2A08, 0x4AEC, 0x63CF,
    0x5B6E, 0x5B6E, 0x530C, 0x63AE, 0xADF7, 0x9555, 0x21E8, 0x1167,
    0x2A4B, 0x11A8, 0x222A, 0x19EA, 0x11A9, 0x2A4B, 0x0946, 0x5BD0,
    0x8514, 0x4B2D, 0x6C10, 0x8D14, 0x9575, 0x6BEF, 0x5B6D, 0x9D55,
    0xA5B6, 0x7430, 0xB5F7, 0xD6BA, 0xC657, 0xAD94, 0x4248, 0x08A3,
    0x534E, 0x7CB3, 0x19E8, 0x0946, 0x21C9, 0x1188, 0x1188, 0x19EA,
    0x0947, 0x19C8, 0x6C52, 0x6C31, 0x42EC, 0x63D0, 0x9576, 0x9D96,
    0x7493, 0x5BAF, 0x2A4A, 0x326B, 0x32AC, 0x536F, 0x8D15, 0x8D14,
    0x5BD0, 0x430D, 0x32AC, 0x11C9, 0x220A, 0x1188, 0x11A9, 0x19C9,
    0x0988, 0x222A, 0x1188, 0x19EA, 0x1A0A, 0x0988, 0x222B, 0x1188,
    0x11C9, 0x19C9, 0x0947, 0x0947, 0x536F, 0xBE5A, 0xCEDB, 0xD6FB,
    0xD71B, 0xCEDB, 0xCEBA, 0xD6FB, 0xDF3C, 0xDF3C, 0xCEBA, 0xBE38,
    0xB5F7, 0xBE38, 0xC658, 0xC679, 0xC679, 0xC679, 0xC679, 0xC678,
    0xC679, 0xC699, 0xCEBA, 0xCEBA, 0xCEDA, 0xCEB9, 0xCEB9, 0xCE99,
    0xCE99, 0xCEB9, 0xD6BA, 0xBE38, 0x9D75, 0x5BF0, 0x0926, 0x19A8,
    0x3AAD, 0x2A4B, 0x0906, 0x0927, 0x1147, 0x21C8, 0x84D4, 0xADF7,
    0xADD7, 0x9D34, 0x5B2C, 0x2144, 0x2144, 0x2945, 0x3186, 0x31A6,
    0x31A5, 0x3185, 0x2985, 0x2965, 0x3186, 0x2965, 0x2965, 0x3165,
    0x3185, 0x3185, 0x2985, 0x3185, 0x3185, 0x31A6, 0x31A5, 0x31A6,
    0x31A6, 0x31A6, 0x31A6, 0x31A6, 0x39C6, 0x31A6, 0x3185, 0x2965,
    0x2965, 0x2965, 0x2985, 0x2985, 0x2965, 0x2965, 0x3185, 0x3185,
    0x2965, 0x2124, 0x2104, 0x31C7, 0x3A28, 0x4249, 0x2186, 0x1126,
    0x1988, 0x1147, 0x1148, 0x19A9, 0x19A9, 0x21C8, 0x19A7, 0x3A8A,
    0x5B6E, 0x4B0C, 0x42CB, 0x7452, 0x8D56, 0x8D35, 0x63CF, 0x42CB,
    0x3A8A, 0x3229, 0x3249, 0x324A, 0x2A4A, 0x1146, 0x5B4C, 0x9CF2,
    0x8C6F, 0x8C6F, 0x7BED, 0x52A9, 0x2145, 0x21C7, 0x19A8, 0x1167,
    0x1168, 0x0968, 0x11A9, 0x11AA, 0x11CA, 0x11EA, 0x11EA, 0x11EA,
    0x11EA, 0x11CA, 0x11CA, 0x11CA, 0x11EA, 0x11EA, 0x11EA, 0x11EA,
    0x11EA, 0x11EA, 0x11CA, 0x11CA, 0x0989, 0x0989, 0x0968, 0x0947,
    0x0947, 0x0147, 0x0147, 0x0948, 0x0968, 0x0968, 0x0988, 0x0988,
    0x09A9, 0x11C9, 0x11C9, 0x11E9, 0x11EA, 0x09E9, 0x09E9, 0x09E9,
    0x09E9, 0x11E9, 0x11E9, 0x1209, 0x1209, 0x1A49, 0x22A9, 0x332A,
    0x540D, 0x74D0, 0x7D11, 0x7D51, 0x8571, 0x8591, 0x7D70, 0x7D70,
    0x7D4F, 0x750E, 0x750E, 0x7D4F, 0x8590, 0x8570, 0x8590, 0x8591,
    0x8570, 0x8570, 0x8570, 0x7D70, 0x8571, 0x8591, 0x8571, 0x7D51,
    0x8551, 0x8571, 0x7D50, 0x7D30, 0x752F, 0x752F, 0x750E, 0x6D0E,
    0x6D0E, 0x6CED, 0x64CD, 0x64AD, 0x64CD, 0x6CEE, 0x64AD, 0x648C,
    0x64AC, 0x6CCD, 0x6CAD, 0x646C, 0x74CE, 0x6C8E, 0x538B, 0x3AC8,
    0x19A5, 0x0903, 0x0903, 0x19A5, 0x7410, 0x1966, 0x1167, 0x11A9,
    0x224B, 0x1A4B, 0x1A6B, 0x1A6C, 0x1A4B, 0x1A4B, 0x1A4C, 0x1A4C,
    0x1A4C, 0x226C, 0x228D, 0x22AD, 0x228D, 0x228D, 0x2AAD, 0x7CF4,
    0xBE9A, 0xB638, 0x7430, 0x9534, 0xAE38, 0x42EB, 0x19C7, 0x4AEB,
    0x638D, 0x94F2, 0x9D33, 0xA513, 0x9D32, 0x73AD, 0x3A06, 0x4A68,
    0x4A69, 0x4A69, 0x4A89, 0x4A89, 0x4A69, 0x52A9, 0x632B, 0x738C,
    0x840E, 0x738C, 0x632B, 0x7BEE, 0x634C, 0x4268, 0x29A5, 0x18E3,
    0x4289, 0xBE58, 0xC699, 0xA5B6, 0x9D96, 0x63CF, 0x5B4D, 0x3A6A,
    0x3208, 0x42AA, 0x5B6D, 0x5B4D, 0x3A69, 0x3A49, 0x4AEC, 0x63CF,
    0x7472, 0x7452, 0x19A7, 0x0905, 0x5B6F, 0x7C53, 0x42AC, 0x0926,
    0x42ED, 0x84F4, 0x6411, 0x4B2D, 0x4B0D, 0x42EC, 0x4AEC, 0x4AEC,
    0x42CC, 0x42CB, 0x42EC, 0x42EC, 0x42CB, 0x42CB, 0x42CB, 0x42CC,
    0x3AAB, 0x3A8A, 0x3A49, 0x638D, 0xEF9C, 0xFFFF, 0xFFFE, 0xFFFF,
    0xDED9, 0x7BAB, 0xB550, 0xBD70, 0xC591, 0xC5B1, 0xBD91, 0xBD91,
    0xBD91, 0xBD91, 0xBD91, 0xC591, 0xC5B1, 0xC591, 0xC5B1, 0xBD91,
    0xBD91, 0xBD91, 0xC5B1, 0xC591, 0xBD91, 0xBD71, 0xBD71, 0xBD71,
    0xBD91, 0xBD71, 0xBD71, 0xB551, 0xAD10, 0x9C4D, 0x6AC7, 0x3100,
    0x736A, 0xFFDC, 0xFFFD, 0xFFFD, 0xFFFF, 0x8C90, 0x0881, 0x29A6,
    0x5B4D, 0x42AA, 0x1986, 0x21A6, 0x21A6, 0x21A6, 0x29C7, 0x21C7,
    0x21A6, 0x3249, 0x8D14, 0xB618, 0x8CD3, 0x7C71, 0x42AA, 0x1145,
    0x7C71, 0xB659, 0x63F0, 0x1147, 0x19A8, 0x19A9, 0x19A9, 0x19C9,
    0x19CA, 0x19A9, 0x19C9, 0x21CA, 0x21C9, 0x21C9, 0x21C8, 0x19A8,
    0x2A09, 0x326A, 0x324A, 0x3229, 0x322A, 0x3A6B, 0x3A6B, 0x3A6B,
    0x3A6B, 0x326B, 0x326B, 0x326B, 0x326A, 0x326A, 0x326A, 0x324A,
    0x2A29, 0x2A2A, 0x21E9, 0x21E9, 0x21C9, 0x326B, 0x7CB4, 0x9515,
    0x7C92, 0x84B2, 0x9D96, 0xC69A, 0xC69A, 0xADF8, 0x9DB6, 0x9535,
    0x63F0, 0x324A, 0x2A29, 0x21E9, 0x220A, 0x11A8, 0x2A2B, 0x220A,
    0x11A9, 0x2A4B, 0x1187, 0x21C8, 0x2A29, 0x6411, 0x7CD4, 0x6410,
    0x7CB2, 0x8D34, 0x84D3, 0xADF7, 0xA5F7, 0x5BCF, 0x5BAE, 0x5B8D,
    0x5B4A, 0x3247, 0x1144, 0x1966, 0x6BF0, 0x9D96, 0x2A29, 0x1146,
    0x29E9, 0x1988, 0x11A8, 0x220A, 0x0947, 0x19C8, 0x1187, 0x2209,
    0x4B2E, 0x324B, 0x7472, 0x5B8F, 0x6C31, 0x7CD4, 0x42ED, 0x4B6E,
    0x3ACC, 0x2A4A, 0x6C52, 0x4B2D, 0x7472, 0x326B, 0x0106, 0x19C9,
    0x220A, 0x1168, 0x11A9, 0x19C9, 0x0968, 0x220A, 0x1188, 0x19C9,
    0x19EA, 0x1188, 0x222B, 0x1188, 0x220A, 0x19C9, 0x0106, 0x1147,
    0x1147, 0x21E9, 0x324A, 0x3229, 0x3249, 0x324A, 0x3A6A, 0x428B,
    0x530C, 0x8492, 0x9D54, 0x7410, 0x3A69, 0x42AA, 0x638E, 0x9534,
    0x9513, 0x5B6D, 0x532C, 0x534D, 0x5B6D, 0x5B6D, 0x42EB, 0x3A69,
    0x3269, 0x3249, 0x3229, 0x3209, 0x3229, 0x3249, 0x3A49, 0x21A7,
    0x1987, 0x2A4A, 0x21E9, 0x0084, 0x0085, 0x1168, 0x0947, 0x0927,
    0x0927, 0x21A8, 0x326A, 0x3A8A, 0x3A8A, 0x42AB, 0x29C6, 0x2145,
    0x2965, 0x2965, 0x3165, 0x3185, 0x3185, 0x3185, 0x2985, 0x3185,
    0x3185, 0x2965, 0x2965, 0x2965, 0x3185, 0x31A6, 0x3185, 0x2985,
    0x3185, 0x3185, 0x3185, 0x31A6, 0x3186, 0x3185, 0x31A6, 0x31A6,
    0x31A5, 0x3185, 0x2965, 0x2965, 0x2965, 0x2965, 0x2965, 0x2965,
    0x2985, 0x3185, 0x2965, 0x2965, 0x2965, 0x2945, 0x10A2, 0x10A2,
    0x2986, 0x29A7, 0x1946, 0x1106, 0x1127, 0x1147, 0x1147, 0x19C9,
    0x21E9, 0x4B4E, 0x328B, 0x1166, 0x1146, 0x08E4, 0x0083, 0x1125,
    0x2187, 0x21A7, 0x1145, 0x0082, 0x00C3, 0x21A7, 0x5BAF, 0x6C52,
    0x53B0, 0x0966, 0x5B4C, 0x9D12, 0x8C4F, 0x946F, 0x842E, 0x5288,
    0x2185, 0x4B0C, 0x328A, 0x19A7, 0x328B, 0x32AD, 0x19EA, 0x09A9,
    0x09C9, 0x11CA, 0x11CA, 0x11EA, 0x11EA, 0x11EA, 0x11CA, 0x11CA,
    0x11EA, 0x11EA, 0x120A, 0x11EA, 0x11EA, 0x11EA, 0x11CA, 0x11CA,
    0x1A2B, 0x1A2B, 0x11CA, 0x11AA, 0x11AA, 0x11CA, 0x19EA, 0x11CA,
    0x0989, 0x0989, 0x0989, 0x11A9, 0x11CA, 0x11EA, 0x1A0B, 0x1A2B,
    0x120B, 0x120B, 0x120A, 0x120B, 0x120B, 0x120B, 0x120B, 0x120B,
    0x11EA, 0x11EA, 0x09E9, 0x09C8, 0x09A7, 0x09A7, 0x11A6, 0x1A27,
    0x1A47, 0x1A26, 0x1A06, 0x1A26, 0x1A26, 0x1A46, 0x1A46, 0x2267,
    0x2AA8, 0x2AA8, 0x2AA8, 0x2AA8, 0x2AA7, 0x32C8, 0x32E9, 0x2AC8,
    0x32E8, 0x32E8, 0x32E9, 0x32E9, 0x32E8, 0x32E8, 0x3B49, 0x3329,
    0x2AA7, 0x22A6, 0x542C, 0x648D, 0x540B, 0x4BEA, 0x542A, 0x5C8C,
    0x5C6C, 0x648D, 0x6CAD, 0x64AD, 0x4BA9, 0x4389, 0x4B6A, 0x4329,
    0x3B09, 0x2247, 0x11A5, 0x0986, 0x0945, 0x0945, 0x0945, 0x21C7,
    0x73EF, 0x1967, 0x1167, 0x11A8, 0x224B, 0x1A4B, 0x226C, 0x226C,
    0x226C, 0x226C, 0x226C, 0x226C, 0x1A6C, 0x228C, 0x22AD, 0x2AAD,
    0x2ACD, 0x228D, 0x2ACD, 0x74D4, 0xBE99, 0xAE17, 0x7C71, 0x9575,
    0xAE38, 0x4B2D, 0x1166, 0x4AEC, 0x8CB2, 0x8CB1, 0x634C, 0x9D32,
    0xC676, 0x8CCF, 0xA552, 0xDEF9, 0xDEF9, 0xDED8, 0xDED8, 0xDED9,
    0xE6FA, 0xE71A, 0xDE98, 0xCE36, 0xFFBC, 0xEF5B, 0x4227, 0x18E2,
    0x31A5, 0x29A5, 0x3A07, 0x1924, 0x4269, 0xB638, 0xB618, 0x8CF3,
    0x63CF, 0x1145, 0x08E4, 0x2186, 0x1925, 0x0082, 0x0062, 0x0082,
    0x08C3, 0x0083, 0x08C4, 0x08C4, 0x324A, 0x538F, 0x1167, 0x534E,
    0x6C32, 0x324A, 0x0926, 0x4B2D, 0x7472, 0x2A49, 0x0946, 0x2A49,
    0x3AAB, 0x42AB, 0x3AAB, 0x3AAB, 0x42AB, 0x42CC, 0x4AEC, 0x42CB,
    0x42EB, 0x4AEC, 0x4AEC, 0x42EC, 0x42CB, 0x42CB, 0x42AA, 0x73EE,
    0xEF9D, 0xFFFF, 0xFFFE, 0xFFFF, 0xDED9, 0x7B8A, 0xB550, 0xBD90,
    0xC5B1, 0xC591, 0xBD91, 0xC591, 0xC5B1, 0xC5B2, 0xC591, 0xBD91,
    0xC5B1, 0xC5B1, 0xC5B1, 0xC5B1, 0xBD91, 0xBD91, 0xBD91, 0xBD91,
    0xBD91, 0xBD91, 0xBD71, 0xC592, 0xC5B2, 0xBD91, 0xBD71, 0xB551,
    0xAD0F, 0x9C6D, 0x6AC7, 0x3121, 0x944E, 0xFFFD, 0xFFFD, 0xFFFD,
    0xFFFF, 0x8C90, 0x08A1, 0x2985, 0x73EF, 0x5B4D, 0x530C, 0x638D,
    0x63AE, 0x63AE, 0x63AE, 0x63AE, 0x63AE, 0x63CF, 0xA596, 0x84B2,
    0x0904, 0x42CB, 0x7CB2, 0x3269, 0x3269, 0xA5F7, 0x7472, 0x1167,
    0x1988, 0x1988, 0x1989, 0x19A9, 0x21CA, 0x21CA, 0x21CA, 0x21CA,
    0x21EA, 0x21EA, 0x21EA, 0x21EA, 0x21EA, 0x21C9, 0x21EA, 0x21C9,
    0x21C9, 0x2A0A, 0x2A2B, 0x2A2B, 0x2A0A, 0x2A0A, 0x21EA, 0x2A0A,
    0x21EA, 0x21EA, 0x2A0A, 0x21CA, 0x21C9, 0x21C9, 0x21EA, 0x21EA,
    0x2A0A, 0x2A2A, 0x63D0, 0x9555, 0xADD7, 0xADD6, 0x9534, 0x9514,
    0x7431, 0x42AB, 0x29E8, 0x0925, 0x0905, 0x4B0D, 0x4B4E, 0x1167,
    0x2A6B, 0x2A6B, 0x220A, 0x19C9, 0x11A9, 0x2A4B, 0x1167, 0x1187,
    0x19C8, 0x2229, 0x1167, 0x0083, 0x00E4, 0x21C8, 0x19A7, 0x536E,
    0x9DB6, 0x7CD3, 0xA5F7, 0xC6DA, 0xCEFA, 0xBE78, 0x8CD2, 0x63CE,
    0x534D, 0x42CB, 0x21C7, 0x1166, 0x2209, 0x1188, 0x1188, 0x19C9,
    0x0926, 0x2A09, 0x1987, 0x3AAB, 0x538F, 0x1146, 0x0905, 0x0105,
    0x2A29, 0x3AAB, 0x3AEC, 0x5BAF, 0x2A6A, 0x00E4, 0x0905, 0x0966,
    0x2A2A, 0x0967, 0x0926, 0x19A8, 0x19E9, 0x1168, 0x19A9, 0x19A9,
    0x0947, 0x19E9, 0x1168, 0x11A8, 0x19A9, 0x0968, 0x220A, 0x1168,
    0x42ED, 0x3AED, 0x00E5, 0x00E5, 0x00E5, 0x00C5, 0x0926, 0x1126,
    0x1167, 0x1988, 0x1988, 0x1988, 0x1166, 0x21A7, 0x5B8E, 0x8D14,
    0x8D14, 0x5B6E, 0x6C31, 0x8D14, 0x8D14, 0x9D96, 0x9555, 0x8534,
    0x8D35, 0x8514, 0x536E, 0x2208, 0x19E8, 0x19C8, 0x19A8, 0x19A8,
    0x19C8, 0x19A8, 0x19A8, 0x0947, 0x00C5, 0x430E, 0x74B4, 0x3A8C,
    0x1967, 0x1988, 0x0906, 0x0907, 0x1147, 0x1167, 0x1147, 0x1167,
    0x3AAC, 0x324A, 0x1125, 0x2145, 0x2966, 0x2965, 0x2965, 0x3185,
    0x3185, 0x3185, 0x3185, 0x3185, 0x3185, 0x2965, 0x2985, 0x3185,
    0x2985, 0x3185, 0x3185, 0x2965, 0x3185, 0x2965, 0x3185, 0x3186,
    0x3186, 0x3186, 0x31A6, 0x3186, 0x3185, 0x3185, 0x3185, 0x2965,
    0x2965, 0x2965, 0x2965, 0x2965, 0x2985, 0x3185, 0x2985, 0x2965,
    0x2965, 0x2945, 0x10C3, 0x29A6, 0x3209, 0x1946, 0x1126, 0x0906,
    0x0906, 0x0927, 0x0906, 0x3AAC, 0x6411, 0x5BF0, 0x326A, 0x0904,
    0x1987, 0x08E5, 0x08C4, 0x0082, 0x0041, 0x0041, 0x0082, 0x00A3,
    0x1125, 0x19A7, 0x538E, 0x6C51, 0x4B8F, 0x0925, 0x3A69, 0x73AC,
    0x6B4A, 0x632A, 0x5AE9, 0x4227, 0x29A5, 0x5B6D, 0x42AB, 0x1166,
    0x2A29, 0x4B6F, 0x32CD, 0x11C9, 0x09A9, 0x11C9, 0x11EA, 0x11EA,
    0x11CA, 0x11CA, 0x11EA, 0x11EA, 0x11EA, 0x11EA, 0x11EA, 0x11EA,
    0x11EA, 0x09EA, 0x11EA, 0x11EA, 0x2AAD, 0x53F2, 0x4350, 0x1A0B,
    0x11CA, 0x11EA, 0x3B0F, 0x434F, 0x1A0B, 0x0989, 0x0989, 0x11A9,
    0x11CA, 0x11EA, 0x120A, 0x120B, 0x120B, 0x120B, 0x120A, 0x120A,
    0x120B, 0x122B, 0x120B, 0x120A, 0x120A, 0x120B, 0x11EB, 0x11EA,
    0x11EA, 0x11CA, 0x0989, 0x32CD, 0x436F, 0x224A, 0x09C8, 0x09A8,
    0x09A8, 0x09C8, 0x11E8, 0x11C8, 0x11C8, 0x11C8, 0x11A8, 0x09C8,
    0x09C8, 0x09C8, 0x09C8, 0x09C8, 0x09C8, 0x09C8, 0x09C8, 0x09C8,
    0x09A7, 0x0146, 0x2A8B, 0x432D, 0x19E8, 0x0986, 0x1A28, 0x3B2A,
    0x4BCB, 0x4BCA, 0x542B, 0x5C6B, 0x5C6C, 0x5C6C, 0x648C, 0x6CEE,
    0x3328, 0x0983, 0x1184, 0x1185, 0x0986, 0x0987, 0x11C8, 0x11C9,
    0x0968, 0x0146, 0x0946, 0x21C8, 0x6BCF, 0x1987, 0x1188, 0x11C9,
    0x226C, 0x226C, 0x228C, 0x228D, 0x228C, 0x226C, 0x226C, 0x226C,
    0x1A6C, 0x1A4C, 0x1A6C, 0x228C, 0x228D, 0x226C, 0x228C, 0x7CF5,
    0xBE9A, 0xADF7, 0x7450, 0x9575, 0xAE38, 0x4B2C, 0x1146, 0x532C,
    0x9D54, 0x7C4F, 0x5B2B, 0xCE77, 0xFFFF, 0xCEB7, 0xADD3, 0xF7BC,
    0xFFFD, 0xFFDD, 0xFFDD, 0xE71A, 0xEF3A, 0xFFDC, 0xF79B, 0xDEB7,
    0xFFBC, 0xFFFF, 0x5AC9, 0x31A5, 0x5AEA, 0x1923, 0x29A5, 0x31E7,
    0x4289, 0x9D55, 0x8CF3, 0x534C, 0x42EC, 0x1966, 0x21C7, 0x8CD3,
    0x7C72, 0x21A7, 0x2186, 0x31E8, 0x7C31, 0x532D, 0x1946, 0x1966,
    0x4AEC, 0x63D0, 0x536F, 0x63D0, 0x21E8, 0x0946, 0x538E, 0x6C31,
    0x2208, 0x0966, 0x5BAF, 0x8D35, 0x8D14, 0x8D15, 0x8D35, 0x8D35,
    0x9535, 0x8D35, 0x8D35, 0x9535, 0x9555, 0x9576, 0x9555, 0x9535,
    0x9556, 0x9555, 0x9514, 0xA574, 0xEFBD, 0xFFFE, 0xFFFE, 0xFFFF,
    0xEF7B, 0x7BAB, 0xAD0F, 0xBD70, 0xBD71, 0xC5B1, 0xC5B2, 0xC591,
    0xBD91, 0xC5B1, 0xC5B1, 0xBD71, 0xBD91, 0xBD71, 0xBD71, 0xC591,
    0xC591, 0xC591, 0xC591, 0xBD91, 0xBD91, 0xC591, 0xBD91, 0xBD71,
    0xBD71, 0xBD71, 0xBD51, 0xB530, 0xACEF, 0x944C, 0x6286, 0x41A3,
    0xBD93, 0xFFFE, 0xFFFD, 0xFFDD, 0xFFFF, 0x94D1, 0x0860, 0x2986,
    0x8471, 0x7410, 0x6BCF, 0x7C51, 0x7C51, 0x7451, 0x7451, 0x7C51,
    0x7C72, 0x7C92, 0xB659, 0xC6BA, 0x532C, 0x08E3, 0x4B2C, 0x7C92,
    0x63EF, 0x9575, 0x4B2D, 0x00C4, 0x0906, 0x0906, 0x08E6, 0x08E6,
    0x0907, 0x0907, 0x0906, 0x0906, 0x0907, 0x0927, 0x1127, 0x0927,
    0x0947, 0x1127, 0x0907, 0x0907, 0x0907, 0x0907, 0x1127, 0x0927,
    0x0907, 0x1147, 0x1147, 0x1147, 0x0907, 0x0907, 0x0927, 0x0907,
    0x0906, 0x0906, 0x0906, 0x1148, 0x1147, 0x0926, 0x1167, 0x29E8,
    0x3249, 0x3A8A, 0x3228, 0x1966, 0x00E4, 0x08E5, 0x00E5, 0x0905,
    0x4B2E, 0x538F, 0x1188, 0x2A4A, 0x53D0, 0x2A4B, 0x11A8, 0x32AC,
    0x19C9, 0x19E9, 0x21E9, 0x2A4A, 0x21E8, 0x222A, 0x2209, 0x0905,
    0x0925, 0x21E8, 0x2A09, 0x326A, 0x5B8E, 0x7C92, 0x9555, 0xADF8,
    0xB618, 0xBE38, 0xA596, 0x4AEB, 0x3228, 0x3A49, 0x21A7, 0x0925,
    0x19C7, 0x1187, 0x1188, 0x19C8, 0x2209, 0x326B, 0x19A7, 0x432D,
    0x74B3, 0x3AAB, 0x0905, 0x2209, 0x430D, 0x538F, 0x6C72, 0x8D55,
    0x7CB3, 0x42EC, 0x2A08, 0x2A6A, 0x32AC, 0x11A7, 0x0946, 0x326B,
    0x2A2A, 0x0926, 0x1188, 0x19C9, 0x0947, 0x19C9, 0x11A9, 0x220A,
    0x19C9, 0x1188, 0x19EA, 0x0967, 0x3AED, 0x6C52, 0x2A6A, 0x19C8,
    0x2A4B, 0x1988, 0x0106, 0x1168, 0x19A9, 0x19C9, 0x21CA, 0x21C9,
    0x21E9, 0x21C8, 0x42CC, 0x5BAF, 0x84F4, 0x5B6E, 0x08E4, 0x08C3,
    0x21A7, 0x4B0C, 0x3A8B, 0x19A7, 0x19A7, 0x21E8, 0x2A6A, 0x4B8F,
    0x2A6B, 0x19E9, 0x19EA, 0x19EA, 0x19EA, 0x1A0A, 0x1A0A, 0x11C9,
    0x0106, 0x19C9, 0x7CD4, 0x9597, 0x9576, 0x84F5, 0x3AAC, 0x00C5,
    0x0927, 0x1968, 0x1147, 0x3ACC, 0x9D97, 0x8492, 0x2186, 0x2145,
    0x2965, 0x2945, 0x2965, 0x2965, 0x3185, 0x3185, 0x3185, 0x3185,
    0x2965, 0x3185, 0x2965, 0x2965, 0x3185, 0x3185, 0x3185, 0x2965,
    0x2965, 0x2965, 0x2965, 0x3185, 0x2965, 0x3185, 0x31A6, 0x31A6,
    0x3186, 0x2965, 0x2965, 0x2965, 0x2965, 0x2965, 0x3185, 0x3185,
    0x2965, 0x2965, 0x2965, 0x2965, 0x2965, 0x2945, 0x1904, 0x5B4D,
    0x8493, 0x324A, 0x4B2E, 0x5BB0, 0x21C9, 0x0926, 0x08E6, 0x19A8,
    0x6C52, 0x9D97, 0x5BAF, 0x3229, 0x1986, 0x21A7, 0x7411, 0x63AF,
    0x5B2C, 0x638E, 0x7C51, 0x3A8A, 0x1145, 0x1125, 0x536D, 0x6431,
    0x53F0, 0x19C7, 0x6BEF, 0xB5D5, 0xBDD4, 0xAD32, 0x94B0, 0x7BEE,
    0x4268, 0x740F, 0x42EB, 0x08E5, 0x00E5, 0x1167, 0x220A, 0x11C9,
    0x11A9, 0x11CA, 0x11CA, 0x11CA, 0x11EA, 0x11EA, 0x11EA, 0x11EA,
    0x11EA, 0x11CA, 0x11CA, 0x11EA, 0x11EA, 0x11EA, 0x11CA, 0x0168,
    0x0127, 0x222B, 0x32AD, 0x1A0B, 0x0989, 0x0127, 0x11C9, 0x32AD,
    0x224B, 0x09A9, 0x09A9, 0x09A9, 0x09CA, 0x09EA, 0x09EA, 0x11EA,
    0x120B, 0x120A, 0x11EA, 0x09EA, 0x11EA, 0x120B, 0x120A, 0x120B,
    0x120B, 0x120B, 0x120B, 0x11EA, 0x11EA, 0x1189, 0x0127, 0x11A9,
    0x32AD, 0x226C, 0x11EA, 0x09EA, 0x09CA, 0x11CA, 0x11EA, 0x11EA,
    0x11EA, 0x11EB, 0x120B, 0x11EA, 0x11EA, 0x11EA, 0x11EA, 0x11EA,
    0x120A, 0x122B, 0x1A2B, 0x1A2B, 0x11C9, 0x0127, 0x11A9, 0x2A6C,
    0x1A0A, 0x11A9, 0x0988, 0x0166, 0x2ACA, 0x540C, 0x5C6C, 0x5C4B,
    0x5C6B, 0x648C, 0x648C, 0x6CCE, 0x53EB, 0x11C5, 0x11A6, 0x11A8,
    0x11A8, 0x11A8, 0x09A9, 0x09A9, 0x0968, 0x0147, 0x0946, 0x21E8,
    0x6BAF, 0x1967, 0x11A8, 0x11C9, 0x2A8C, 0x226C, 0x226C, 0x226C,
    0x224C, 0x224C, 0x1A4C, 0x1A4C, 0x1A6C, 0x1A6C, 0x1A4C, 0x1A4C,
    0x1A4B, 0x1A4C, 0x1A4B, 0x74B4, 0xB699, 0xA5D6, 0x6C0F, 0x9555,
    0xAE17, 0x4B0B, 0x0904, 0x3A49, 0x8470, 0x5B0B, 0x4268, 0xA532,
    0xFFFE, 0xEF7B, 0xB5F4, 0xE739, 0xFFFD, 0xFFFD, 0xFFFD, 0xE73A,
    0xE6F9, 0xFFFD, 0xFFDC, 0xE718, 0xFFDC, 0xFFFE, 0x5AA9, 0x2965,
    0x73CE, 0x4AAA, 0x31E7, 0x8492, 0x8D13, 0xAE18, 0xADF7, 0x7C71,
    0x9555, 0x6C30, 0x42AB, 0xA596, 0x8492, 0x3A49, 0x3A69, 0x4ACB,
    0x9534, 0x7C30, 0x21A6, 0x4AEC, 0x9555, 0x9576, 0x63F0, 0x1187,
    0x0946, 0x536E, 0x5BAF, 0x11A7, 0x1187, 0x5BCF, 0x6431, 0x326B,
    0x1167, 0x1167, 0x1987, 0x1987, 0x1967, 0x1146, 0x1146, 0x1967,
    0x1166, 0x1146, 0x1146, 0x1126, 0x1126, 0x1125, 0x1104, 0x4ACA,
    0xEF9D, 0xFFFF, 0xFFFE, 0xFFFE, 0xFFFE, 0x8C4D, 0x9C6D, 0xC591,
    0xBD91, 0xC5B2, 0xC5B1, 0xC5B1, 0xC5B1, 0xC591, 0xBD70, 0xBD70,
    0xC591, 0xC591, 0xBD70, 0xBD70, 0xC591, 0xC591, 0xC5B1, 0xC5B1,
    0xC5B1, 0xBD91, 0xBD91, 0xBD71, 0xB550, 0xBD50, 0xBD71, 0xB510,
    0xACEF, 0x940C, 0x5A25, 0x6AE8, 0xEF19, 0xFFFE, 0xFFFD, 0xFFDC,
    0xFFFE, 0x94B0, 0x0020, 0x10A2, 0x31C7, 0x2145, 0x0061, 0x0082,
    0x0082, 0x0082, 0x0082, 0x0083, 0x00A3, 0x00C3, 0x6BF0, 0xD73C,
    0xCEFB, 0x9D75, 0x9D75, 0xB679, 0xC6DB, 0xA5F7, 0x3229, 0x1125,
    0x1127, 0x1147, 0x1967, 0x1147, 0x1147, 0x1147, 0x1147, 0x1967,
    0x1967, 0x1967, 0x29E9, 0x3A8C, 0x1988, 0x1147, 0x1988, 0x1988,
    0x1968, 0x21C9, 0x3AAC, 0x29E9, 0x21C8, 0x3A8B, 0x42CC, 0x21E9,
    0x1988, 0x21C9, 0x21E9, 0x21C9, 0x21C8, 0x19A8, 0x3A8B, 0x532E,
    0x324B, 0x21A8, 0x1967, 0x1146, 0x29E8, 0x4AEB, 0x63CF, 0x5BAF,
    0x3A8B, 0x1167, 0x19A8, 0x4B2E, 0x42ED, 0x0947, 0x2A4A, 0x5390,
    0x222A, 0x0946, 0x432E, 0x4B4E, 0x1187, 0x430D, 0x9576, 0xA5F8,
    0x7C92, 0x3ACC, 0x536E, 0x538E, 0x536E, 0x534D, 0x6C51, 0x9DD6,
    0xA5F7, 0x8D13, 0x63CF, 0x2A28, 0x21C7, 0x21E7, 0x21E7, 0x536D,
    0x9D75, 0xB618, 0x8492, 0x6C10, 0x430C, 0x0946, 0x1988, 0x536F,
    0x9597, 0x84D3, 0x6C10, 0x7CD3, 0x8514, 0x7C92, 0x63CF, 0x7451,
    0x7493, 0x7472, 0x6C52, 0x6C52, 0x8D14, 0x9576, 0x7CB3, 0x74B3,
    0x7CF4, 0x2209, 0x3A8B, 0xA5F8, 0x8D35, 0x536E, 0x2A4A, 0x1188,
    0x1188, 0x19C9, 0x4B6F, 0x8D56, 0x6C52, 0x42ED, 0x19E9, 0x0947,
    0x19E9, 0x3AED, 0x222A, 0x0947, 0x21C9, 0x21C9, 0x0906, 0x1148,
    0x1168, 0x1189, 0x19A9, 0x19A9, 0x1188, 0x2A2A, 0x7452, 0x3A8B,
    0x1986, 0x1146, 0x0062, 0x0001, 0x0001, 0x0000, 0x0001, 0x0022,
    0x00A3, 0x21E9, 0x430E, 0x6C73, 0x2AAC, 0x11E9, 0x11EA, 0x19EA,
    0x1A0A, 0x1A0B, 0x1A0B, 0x19EA, 0x0968, 0x00E6, 0x19C9, 0x4B2E,
    0x6411, 0x8515, 0x8D36, 0x3AAC, 0x00C5, 0x1126, 0x1147, 0x6C32,
    0xBE5A, 0x9D75, 0x31E7, 0x2124, 0x2965, 0x2965, 0x2965, 0x2965,
    0x2985, 0x3185, 0x3185, 0x3185, 0x3185, 0x2965, 0x2965, 0x2985,
    0x2965, 0x2965, 0x2965, 0x3185, 0x2965, 0x2965, 0x2965, 0x2965,
    0x2965, 0x2965, 0x3185, 0x31A6, 0x3186, 0x2965, 0x2965, 0x2965,
    0x2965, 0x2965, 0x3185, 0x3185, 0x2965, 0x2965, 0x2965, 0x2945,
    0x2965, 0x2124, 0x1904, 0x7C30, 0x8CF4, 0x2A09, 0x326B, 0x7CD4,
    0x6411, 0x2209, 0x0906, 0x00A4, 0x3A8B, 0xB65A, 0x9DB7, 0x7C92,
    0x326A, 0x534D, 0xB638, 0xADD7, 0xA575, 0xADF7, 0xBE79, 0x63AE,
    0x1145, 0x19C7, 0x5BEF, 0x7492, 0x7CF4, 0x536E, 0xA5B6, 0xF7DD,
    0xF7BD, 0xE6FA, 0xCE78, 0x94B1, 0x5B2B, 0x9D75, 0x534D, 0x0926,
    0x00C5, 0x00E6, 0x1188, 0x11A9, 0x11CA, 0x11C9, 0x11CA, 0x11CA,
    0x11EA, 0x11EA, 0x11CA, 0x11EA, 0x11EA, 0x11CA, 0x11EA, 0x11EA,
    0x11EA, 0x11EA, 0x11CA, 0x0948, 0x00C6, 0x00C5, 0x0968, 0x19CA,
    0x1189, 0x0107, 0x00C6, 0x0127, 0x11AA, 0x11A9, 0x09A9, 0x09A9,
    0x11CA, 0x09EA, 0x09EA, 0x11EA, 0x11EA, 0x11EA, 0x11EA, 0x11EA,
    0x09EA, 0x11EA, 0x11EA, 0x120B, 0x11EA, 0x120A, 0x120B, 0x1A2B,
    0x1A2B, 0x11CA, 0x0127, 0x0106, 0x0168, 0x09A9, 0x11CA, 0x09CA,
    0x11CA, 0x11CA, 0x11EA, 0x11EA, 0x120A, 0x120A, 0x120A, 0x120B,
    0x11EA, 0x11CA, 0x11EA, 0x11EA, 0x11EA, 0x1A2B, 0x1A4B, 0x1A4B,
    0x11EA, 0x0147, 0x0107, 0x0147, 0x11A9, 0x11A9, 0x09A9, 0x09A9,
    0x0987, 0x3B6B, 0x7D51, 0x7D4F, 0x750E, 0x6CEE, 0x6CCD, 0x6CCE,
    0x53EB, 0x2247, 0x1207, 0x11C7, 0x11A8, 0x11A8, 0x09A9, 0x09A9,
    0x0968, 0x0127, 0x0946, 0x19C8, 0x6BAE, 0x1146, 0x1188, 0x11C9,
    0x2AAD, 0x22AD, 0x1A6C, 0x226C, 0x224C, 0x224C, 0x1A4C, 0x224C,
    0x1A4C, 0x1A4C, 0x1A2B, 0x1A2B, 0x1A2B, 0x1A2B, 0x1A4B, 0x74D3,
    0xB699, 0xA5B6, 0x6C10, 0x8D55, 0xA5D6, 0x42CB, 0x0924, 0x1985,
    0x5B2B, 0x7C2F, 0x5B0A, 0x7BEC, 0xFFBC, 0xF7BB, 0xCE97, 0xEF5B,
    0xFFDD, 0xFFFE, 0xFFDD, 0xEF7B, 0xD6B8, 0xEF3A, 0xDEB8, 0xDE97,
    0xFFFD, 0xF79B, 0x5288, 0x2103, 0x4248, 0x4269, 0x3A28, 0x8CD2,
    0xA596, 0xC69A, 0xC699, 0x9D54, 0xB638, 0x6BEF, 0x1924, 0x5B6D,
    0x6BAE, 0x2186, 0x4ACB, 0x5B2C, 0x5B2C, 0x3A28, 0x1965, 0x3A8A,
    0x7C71, 0x84D3, 0x1986, 0x1186, 0x5BCF, 0x538F, 0x0966, 0x19C8,
    0x63F0, 0x6411, 0x21E9, 0x00C5, 0x00E5, 0x00E5, 0x00E5, 0x00E5,
    0x0106, 0x0906, 0x00E6, 0x08E6, 0x00E5, 0x00E5, 0x00C5, 0x00E5,
    0x00A4, 0x0062, 0x0000, 0x3A27, 0xF7BD, 0xFFFE, 0xFFFE, 0xFFFE,
    0xFFFF, 0xB593, 0x7369, 0xC5B1, 0xC5B2, 0xC5B1, 0xC591, 0xC5B2,
    0xC5B1, 0xC591, 0xBD91, 0xC591, 0xC5B1, 0xC5B1, 0xBD71, 0xBD91,
    0xBD71, 0xBD91, 0xC5B1, 0xC5B2, 0xC5B1, 0xBD91, 0xBD91, 0xBD71,
    0xBD50, 0xBD50, 0xBD71, 0xB530, 0xA4AE, 0x8389, 0x5A65, 0xA4AF,
    0xFFFD, 0xFFFD, 0xFFFD, 0xFFDC, 0xFFFF, 0x842F, 0x0000, 0x0841,
    0x0000, 0x0000, 0x0000, 0x0000, 0x0062, 0x00A3, 0x1946, 0x1987,
    0x1126, 0x08E4, 0x1146, 0x63AF, 0xADD7, 0xCEFB, 0xCEDB, 0xBE58,
    0x9534, 0x84D3, 0x7CB2, 0x7C92, 0x7C73, 0x7473, 0x7CB3, 0x7CD3,
    0x7CB3, 0x84D4, 0x84F4, 0x84F4, 0x8D15, 0x8D15, 0x9D96, 0xAE18,
    0x9555, 0x7C92, 0x84D4, 0x84D4, 0x84D4, 0x9DB7, 0xAE18, 0x8D14,
    0x84D3, 0xAE18, 0xB659, 0x9555, 0x7C93, 0x7CB3, 0x7CB3, 0x7C93,
    0x7472, 0x8CF4, 0xAE19, 0xAE19, 0x84B3, 0x7C93, 0x8CF4, 0x9D76,
    0xB659, 0xCEDB, 0xCF1C, 0xCEFC, 0xBE7A, 0x9D76, 0x7C93, 0x42EC,
    0x00E5, 0x2A2A, 0x534F, 0x19C8, 0x0906, 0x430D, 0x430D, 0x0946,
    0x4B0D, 0xB659, 0xD75D, 0xD73D, 0xBE79, 0x7C92, 0x63CF, 0x7CB3,
    0x7471, 0x8D34, 0xC6BA, 0xD73C, 0xD75C, 0xD71B, 0xBE79, 0x63AE,
    0x1145, 0x1986, 0x63F0, 0xB679, 0xCF1B, 0xCEFB, 0xC69A, 0xC6BA,
    0x8D14, 0x1187, 0x21C9, 0x9DB7, 0xDF5E, 0xD71C, 0xCEFA, 0xC6BA,
    0xC6BA, 0xCEDA, 0x8D14, 0x6C51, 0x538F, 0x328B, 0x2209, 0x2A29,
    0x42EC, 0x536E, 0x6C51, 0xAE18, 0xAE38, 0x3A8B, 0x2A29, 0xB67A,
    0xCEFC, 0xB639, 0x7CB3, 0x19A7, 0x1167, 0x19E9, 0x7493, 0xB69A,
    0x9576, 0x5BAF, 0x3ACC, 0x1188, 0x00E5, 0x326B, 0x4B6F, 0x1147,
    0x0084, 0x1148, 0x1147, 0x1148, 0x1168, 0x1168, 0x1188, 0x1989,
    0x1168, 0x2A2A, 0x6C52, 0x326A, 0x00E4, 0x1125, 0x2166, 0x29C8,
    0x2187, 0x29A7, 0x3229, 0x29C8, 0x08E4, 0x1167, 0x19E8, 0x5C11,
    0x2A8B, 0x11C9, 0x19EA, 0x19EA, 0x120A, 0x120A, 0x11EA, 0x11EA,
    0x11CA, 0x0968, 0x0106, 0x00C5, 0x00E5, 0x1988, 0x5BB0, 0x84F5,
    0x42CC, 0x00C4, 0x08E5, 0x7431, 0xBE5A, 0x9D34, 0x29C6, 0x2124,
    0x2965, 0x2965, 0x2965, 0x2965, 0x2965, 0x2965, 0x2965, 0x2965,
    0x2965, 0x2965, 0x2965, 0x2965, 0x2965, 0x2965, 0x2965, 0x2965,
    0x2965, 0x2965, 0x2965, 0x2965, 0x2965, 0x2965, 0x2965, 0x3185,
    0x3185, 0x2965, 0x2965, 0x2965, 0x2965, 0x2965, 0x2945, 0x2965,
    0x2965, 0x2965, 0x2945, 0x2945, 0x2965, 0x1904, 0x2965, 0xA596,
    0x9555, 0x21A7, 0x00A3, 0x326B, 0x8515, 0x7472, 0x2A2A, 0x0905,
    0x1146, 0x7CB3, 0x63D0, 0x328A, 0x538E, 0x6410, 0x5B8E, 0x63CF,
    0x9534, 0x8CD3, 0x7C91, 0x4AEB, 0x3249, 0x3ACB, 0x5BCF, 0x6C51,
    0x6C52, 0x63F0, 0x7C51, 0x94D2, 0x8490, 0x6B8C, 0x5B2B, 0x3A27,
    0x740F, 0xAE17, 0x430C, 0x19A8, 0x1189, 0x11A9, 0x19CA, 0x11EA,
    0x11EA, 0x11CA, 0x11CA, 0x11CA, 0x11CA, 0x11CA, 0x11EA, 0x11EA,
    0x11EA, 0x11EA, 0x11EA, 0x11EA, 0x11EA, 0x1A0B, 0x1A2B, 0x19EA,
    0x1189, 0x1168, 0x19C9, 0x1A0B, 0x19EA, 0x1189, 0x1169, 0x11AA,
    0x11CA, 0x11A9, 0x09A9, 0x09CA, 0x11CA, 0x11EA, 0x11EA, 0x11CA,
    0x11EA, 0x11EA, 0x11EA, 0x11EA, 0x09EA, 0x09EA, 0x11EA, 0x11EA,
    0x11EA, 0x120A, 0x122B, 0x1A4C, 0x1A4B, 0x1A2B, 0x11C9, 0x11A9,
    0x11CA, 0x11CA, 0x11EA, 0x11CA, 0x11CA, 0x11EA, 0x11EA, 0x11EA,
    0x11EA, 0x11EA, 0x11EA, 0x120A, 0x11EA, 0x11EA, 0x11EA, 0x11EA,
    0x09EA, 0x120B, 0x1A2B, 0x1A4C, 0x1A4C, 0x120A, 0x11C9, 0x11C9,
    0x11CA, 0x11C9, 0x11AA, 0x11CA, 0x09A8, 0x1208, 0x540E, 0x74EF,
    0x7D30, 0x8DB2, 0x95D3, 0x95D3, 0x8D72, 0x7CF1, 0x53CD, 0x2269,
    0x11E8, 0x11E9, 0x11C9, 0x11C9, 0x0988, 0x0147, 0x0947, 0x19A8,
    0x636E, 0x1146, 0x1188, 0x11A8, 0x2AAC, 0x228D, 0x1A6C, 0x226C,
    0x226C, 0x226C, 0x226C, 0x224C, 0x1A4C, 0x1A4C, 0x1A4B, 0x1A4C,
    0x1A4C, 0x1A4C, 0x226C, 0x74D4, 0xBEBA, 0xA5B6, 0x6C10, 0x8D54,
    0x9DB6, 0x42CB, 0x0904, 0x42AA, 0xC678, 0xFFFF, 0xA553, 0xAD52,
    0xFFFE, 0xFFDC, 0xFFDD, 0xFFFF, 0xFFFE, 0xFFFE, 0xFFFE, 0xFFFD,
    0xF7BC, 0xFFBC, 0xE6F9, 0xD656, 0xFFFD, 0xF79C, 0x4A47, 0x2103,
    0x4228, 0x31E6, 0x31E7, 0x5B4D, 0x8CD3, 0xC679, 0xB5F7, 0x740F,
    0x9555, 0x63CE, 0x530C, 0x638E, 0x638E, 0x52EC, 0x42AA, 0x3A6A,
    0x530C, 0x5B6D, 0x5B8E, 0x534D, 0x6C10, 0x4B4D, 0x19E8, 0x6411,
    0x53AF, 0x0946, 0x2209, 0x6431, 0x6410, 0x21C8, 0x00C4, 0x0947,
    0x1188, 0x0967, 0x1168, 0x1188, 0x1188, 0x1189, 0x1188, 0x11A9,
    0x11A9, 0x1188, 0x1147, 0x19A8, 0x0926, 0x10E4, 0x2104, 0x632B,
    0xF7DD, 0xFFFE, 0xFFFE, 0xFFFF, 0xFFFE, 0xFFDD, 0x83EC, 0x9C6D,
    0xCDD2, 0xC5B1, 0xC5D2, 0xC5B1, 0xBD71, 0xBD71, 0xBD91, 0xBD91,
    0xC591, 0xC591, 0xC591, 0xC5B1, 0xBD91, 0xC591, 0xBD91, 0xBD91,
    0xC591, 0xC591, 0xBD70, 0xB550, 0xB550, 0xB530, 0xB530, 0xB50F,
    0x9C4C, 0x6AC7, 0x6AC7, 0xD677, 0xFFFE, 0xFFFD, 0xFFFD, 0xFFFD,
    0xFFFF, 0x8C6F, 0x0840, 0x1081, 0x10C2, 0x2965, 0x4248, 0x39E7,
    0x0041, 0x0041, 0x1105, 0x21C8, 0x324B, 0x2A4A, 0x1146, 0x00A3,
    0x29E7, 0x63AE, 0x7C71, 0x6BEF, 0x2A08, 0x0904, 0x1986, 0x19C7,
    0x19A7, 0x19A7, 0x19A7, 0x19A7, 0x19C7, 0x19C7, 0x19C7, 0x19A7,
    0x1986, 0x42CB, 0xA5B6, 0xB658, 0xB638, 0x7C92, 0x21C7, 0x1125,
    0x2A28, 0x9575, 0xBE79, 0x7C71, 0x3269, 0x7491, 0xC6DA, 0xAE18,
    0x536D, 0x1986, 0x1165, 0x1165, 0x21E7, 0x84B2, 0xBE9A, 0xA5B6,
    0x4AEC, 0x3A69, 0x84D3, 0xCEBA, 0xCEDA, 0xA5B6, 0x8CD2, 0x9D75,
    0xCEBA, 0xCEDA, 0x8D34, 0x21C7, 0x324A, 0x5B90, 0x21C8, 0x0926,
    0x42CD, 0x328B, 0x00E4, 0x2A4A, 0x9DB7, 0xC6BA, 0x9D55, 0x8CB2,
    0xADD7, 0xADD7, 0x5B8D, 0x42CA, 0x7C92, 0xB638, 0xADF7, 0x6BCE,
    0x6BEF, 0xBE58, 0xDF5C, 0xADF7, 0x3249, 0x5B8E, 0xB659, 0xBE79,
    0x8CD2, 0x4B0B, 0x8CF3, 0xD73B, 0xBE79, 0x324A, 0x1187, 0x63F0,
    0x9D96, 0x9D34, 0xB5F6, 0xDF3B, 0xDF3B, 0xCE99, 0x63AE, 0x326A,
    0x2A4A, 0x222A, 0x222B, 0x222A, 0x1A0A, 0x11A8, 0x4B4E, 0xAE18,
    0xAE17, 0x3AAB, 0x00C4, 0x536E, 0xBE59, 0xD6FB, 0xAE17, 0x328A,
    0x0125, 0x21E9, 0x7C93, 0xBE9A, 0x9D75, 0x3AAB, 0x538F, 0x5BD0,
    0x0926, 0x21E9, 0x7CD4, 0x84F4, 0x6C32, 0x4B0E, 0x19A9, 0x1168,
    0x1168, 0x1168, 0x1168, 0x1188, 0x1968, 0x21C9, 0x63F1, 0x432D,
    0x3AAB, 0x29C7, 0x63CE, 0x8CF3, 0x5B8E, 0x5B6D, 0xB618, 0x9534,
    0x08E4, 0x1166, 0x2A29, 0x6452, 0x32AC, 0x11C9, 0x19EA, 0x1A0A,
    0x120A, 0x11EA, 0x11EA, 0x11EA, 0x11EA, 0x19CA, 0x11CA, 0x11A9,
    0x0968, 0x00E6, 0x0106, 0x4B2E, 0x7CB4, 0x3ACC, 0x00A4, 0x63CF,
    0xBE59, 0x9514, 0x29A6, 0x2124, 0x2965, 0x2945, 0x2965, 0x2965,
    0x2965, 0x2965, 0x2965, 0x2965, 0x2965, 0x2965, 0x2965, 0x2965,
    0x2965, 0x2965, 0x2965, 0x2965, 0x2965, 0x2965, 0x2965, 0x2965,
    0x2965, 0x2965, 0x2965, 0x2965, 0x2965, 0x2965, 0x2965, 0x2965,
    0x2945, 0x2965, 0x2945, 0x2965, 0x2965, 0x2945, 0x2945, 0x2965,
    0x2965, 0x18E3, 0x31E7, 0xB5F7, 0xB617, 0x5B8E, 0x1146, 0x00C4,
    0x326B, 0x84F4, 0x7CB3, 0x324A, 0x0905, 0x0946, 0x2209, 0x432D,
    0x6431, 0x7CF4, 0x538E, 0x19C7, 0x21C8, 0x4B0C, 0x8D14, 0x9D96,
    0x8D14, 0x6C51, 0x538E, 0x32AB, 0x3AEC, 0x7492, 0xADF7, 0xBE58,
    0xC637, 0xB5B5, 0xA554, 0x9512, 0x8CF3, 0x5BCF, 0x2229, 0x220A,
    0x220B, 0x1A0A, 0x1A0A, 0x11EA, 0x11EA, 0x11EA, 0x11EA, 0x11EA,
    0x11EA, 0x11EA, 0x11CA, 0x11CA, 0x11EA, 0x11EA, 0x11C9, 0x11CA,
    0x11EA, 0x122B, 0x1A2B, 0x224B, 0x226C, 0x224B, 0x222B, 0x224C,
    0x224C, 0x2A6C, 0x224C, 0x222B, 0x19EB, 0x11CA, 0x11CA, 0x11CA,
    0x11CA, 0x11CA, 0x11CA, 0x11EA, 0x11EA, 0x11EA, 0x11CA, 0x11EA,
    0x11CA, 0x11CA, 0x11EA, 0x11EA, 0x11EA, 0x120A, 0x122B, 0x1A4C,
    0x1A4C, 0x1A4C, 0x1A2B, 0x1A0B, 0x1A0B, 0x120B, 0x11EA, 0x11EA,
    0x11EA, 0x09EA, 0x09EA, 0x09EA, 0x09EA, 0x09EA, 0x09EA, 0x09EA,
    0x09EA, 0x11EA, 0x11EA, 0x11EA, 0x09EA, 0x11EA, 0x122B, 0x1A2B,
    0x1A4C, 0x1A4C, 0x1A2B, 0x11EA, 0x11EA, 0x11CA, 0x11CA, 0x11C9,
    0x11CA, 0x09A8, 0x0165, 0x436B, 0x8D72, 0x9DF5, 0xA616, 0xA616,
    0xB697, 0xBEB8, 0x9DD6, 0x53AE, 0x2229, 0x11E9, 0x09C9, 0x11A9,
    0x0988, 0x0127, 0x0947, 0x19A8, 0x6B8E, 0x1125, 0x0967, 0x11A9,
    0x226C, 0x1A6C, 0x1A6C, 0x226C, 0x226C, 0x226C, 0x226C, 0x226C,
    0x226C, 0x226C, 0x1A6C, 0x1A4C, 0x1A6C, 0x1A4C, 0x228C, 0x7CF4,
    0xC6DB, 0xBE58, 0x84B2, 0x9D75, 0x9DB6, 0x3AAA, 0x4B0B, 0xCEFB,
    0xFFFF, 0xEFBD, 0x7C0E, 0xCE77, 0xFFFF, 0xE71A, 0xDEF9, 0xF7BD,
    0xFFDD, 0xFFFE, 0xFFFE, 0xFFFE, 0xFFFE, 0xFFFE, 0xE71A, 0xCE36,
    0xFFFD, 0xFFFE, 0x73CD, 0x2984, 0x5B0B, 0x9D34, 0x8CB2, 0x4B0C,
    0x6C0F, 0xAE17, 0x9D75, 0x4ACB, 0x63AE, 0x9555, 0x9535, 0x9514,
    0x9D55, 0x8CD3, 0x3A8A, 0x3A6A, 0x7452, 0x7C93, 0x7C92, 0x7492,
    0x536E, 0x328B, 0x6411, 0x538E, 0x0945, 0x2A4A, 0x6C72, 0x63F0,
    0x21C8, 0x00C4, 0x0927, 0x1188, 0x11A9, 0x11C9, 0x0988, 0x0988,
    0x1189, 0x11A9, 0x11A9, 0x11C9, 0x11CA, 0x1188, 0x0967, 0x0967,
    0x21E8, 0x9D55, 0xDEFA, 0xDF1A, 0xF7DD, 0xFFFF, 0xFFFF, 0xFFFF,
    0xFFFE, 0xFFFF, 0xD677, 0x6B29, 0xBD71, 0xCDD2, 0xC591, 0xC5B2,
    0xC5B1, 0xC591, 0xBD91, 0xBD91, 0xC591, 0xC5B1, 0xC591, 0xC591,
    0xC591, 0xBD91, 0xBD71, 0xBD91, 0xBD71, 0xBD91, 0xBD71, 0xBD71,
    0xBD50, 0xB550, 0xB52F, 0xA4AD, 0x8BCA, 0x62A6, 0xA4F0, 0xFFDD,
    0xFFFD, 0xFFFD, 0xFFFE, 0xFFDD, 0xFFFF, 0x9CF1, 0x4A46, 0x6B4B,
    0xA4F2, 0xD6B9, 0xFFFE, 0xDF1B, 0x3A07, 0x2165, 0x1145, 0x00E5,
    0x19A8, 0x1187, 0x1187, 0x63AF, 0x84D3, 0x7451, 0x84B2, 0xADF7,
    0x9D96, 0x63CF, 0x63AF, 0x6C31, 0x6C32, 0x7432, 0x6C31, 0x6C31,
    0x6C31, 0x6C11, 0x6C10, 0x6C31, 0x6C31, 0x6C30, 0xA596, 0xC699,
    0xBE58, 0x9D75, 0x5B8D, 0x63CF, 0x7C72, 0x9D96, 0xBE59, 0x7C91,
    0x7471, 0x8D13, 0xBE99, 0xC699, 0x9554, 0x84B2, 0x84D3, 0x8D34,
    0x9554, 0xA5F6, 0xB658, 0x9514, 0x84B2, 0x9535, 0xBE9A, 0xD6FB,
    0x9D75, 0x7C91, 0x7451, 0x7C51, 0x9D55, 0xC69A, 0xB617, 0x6C10,
    0x7CD3, 0x9555, 0x7C92, 0x84F4, 0x9576, 0x42EC, 0x2A4A, 0x9D96,
    0xBE7A, 0xA5B6, 0x21A6, 0x1145, 0x9D75, 0xBE79, 0x6C30, 0x2A28,
    0x9D95, 0xB658, 0x7430, 0x19A6, 0x1986, 0x4B0C, 0x9534, 0x8D14,
    0x5B8E, 0xA5F7, 0xCEFA, 0xB617, 0x3A69, 0x1986, 0x532D, 0x84D3,
    0x8D14, 0x3A8B, 0x1187, 0x19C7, 0x1145, 0x21C7, 0x8CF2, 0xDF5B,
    0xDF5C, 0x8491, 0x2A08, 0x2229, 0x222A, 0x1A0A, 0x11C9, 0x11C9,
    0x11C9, 0x19C9, 0x5BF0, 0xAE18, 0xADF6, 0x3A8A, 0x0105, 0x1167,
    0x6BF0, 0xDF3C, 0xCEDA, 0x6BEF, 0x2A29, 0x3ACC, 0x7451, 0xBE79,
    0xADF7, 0x3A69, 0x0946, 0x63F0, 0x6C11, 0x1987, 0x2A09, 0x7CB3,
    0x8515, 0x42ED, 0x0926, 0x0927, 0x1148, 0x1168, 0x1168, 0x1168,
    0x1147, 0x2A2B, 0x74B4, 0x430D, 0x328A, 0x29E7, 0x7450, 0x9534,
    0x63AE, 0x7C50, 0xC6BA, 0x8D13, 0x21C7, 0x2A09, 0x5BAF, 0x8536,
    0x32AC, 0x1A0A, 0x1A0A, 0x1A0A, 0x120A, 0x120A, 0x11EA, 0x11EA,
    0x11EA, 0x11EA, 0x19EA, 0x19EA, 0x11CA, 0x1188, 0x00E6, 0x00E5,
    0x42ED, 0x7CB4, 0x42ED, 0x6C31, 0xB659, 0x9534, 0x29A6, 0x2124,
    0x2965, 0x2145, 0x2945, 0x2965, 0x2965, 0x2965, 0x2945, 0x2945,
    0x2945, 0x2965, 0x2965, 0x2965, 0x2965, 0x2965, 0x2965, 0x2965,
    0x2965, 0x2945, 0x2944, 0x2945, 0x2965, 0x2965, 0x2965, 0x2945,
    0x2965, 0x2965, 0x2945, 0x2945, 0x2945, 0x2145, 0x2124, 0x2124,
    0x2144, 0x2124, 0x2104, 0x2124, 0x2124, 0x08A2, 0x4AAA, 0xB617,
    0xADD6, 0x8CF3, 0x63F0, 0x19A8, 0x00C4, 0x2A29, 0x7CD4, 0x7CB4,
    0x328B, 0x0105, 0x0926, 0x430D, 0x5BD0, 0x4B8F, 0x2A6B, 0x0126,
    0x00C5, 0x19C9, 0x536F, 0x63D0, 0x5BCF, 0x430C, 0x21E8, 0x1187,
    0x19C8, 0x6431, 0xAE18, 0xB638, 0xC638, 0xC658, 0xC659, 0xA596,
    0x534D, 0x19E8, 0x1A0A, 0x1A2B, 0x1A2B, 0x1A0B, 0x1A0B, 0x120A,
    0x11EA, 0x11EA, 0x11EA, 0x11EA, 0x11EA, 0x11CA, 0x11CA, 0x11EA,
    0x11EA, 0x11CA, 0x11EA, 0x11EA, 0x11EA, 0x120A, 0x1A2B, 0x1A2B,
    0x1A4B, 0x226B, 0x2ACD, 0x3B4F, 0x4370, 0x436F, 0x434F, 0x2A8D,
    0x1A0B, 0x11EA, 0x11EA, 0x11CA, 0x11CA, 0x11CA, 0x11CA, 0x11CA,
    0x11CA, 0x11EA, 0x11EA, 0x11CA, 0x11CA, 0x11CA, 0x11CA, 0x11EA,
    0x11EA, 0x09EA, 0x120A, 0x122B, 0x1A4C, 0x1A6C, 0x1A4B, 0x1A2B,
    0x122B, 0x120B, 0x11EA, 0x11EA, 0x09CA, 0x09CA, 0x11CA, 0x09EA,
    0x09EA, 0x09CA, 0x09EA, 0x09EA, 0x09EA, 0x09EA, 0x11EA, 0x11EA,
    0x09EA, 0x11EA, 0x120B, 0x120B, 0x120B, 0x1A2B, 0x1A0B, 0x11EA,
    0x11EA, 0x11CA, 0x11CA, 0x09C9, 0x09C9, 0x0188, 0x226A, 0x95B5,
    0xA616, 0x7470, 0x430B, 0x32A9, 0x63ED, 0xAE16, 0xAE57, 0x6C91,
    0x226A, 0x11E9, 0x09A8, 0x09A8, 0x0968, 0x0127, 0x0946, 0x19C8,
    0x6BAE, 0x1966, 0x1167, 0x19E9, 0x2AAC, 0x228C, 0x1A6C, 0x1A6C,
    0x1A6C, 0x226C, 0x226C, 0x228C, 0x228C, 0x228C, 0x228D, 0x228C,
    0x228D, 0x228C, 0x2AAD, 0x7CF4, 0xCEFB, 0xCEDA, 0x84D3, 0x9D96,
    0xADF7, 0x42CA, 0x63CE, 0xBE99, 0xBE78, 0x9D54, 0x4AA9, 0x7C2E,
    0xA573, 0x8C90, 0xA553, 0xCE78, 0xCE98, 0xCE98, 0xD6B9, 0xD698,
    0xD698, 0xCE78, 0xBDD5, 0x9CD1, 0xBDD5, 0xC636, 0x9CF1, 0x4227,
    0x31E6, 0x8471, 0x9D75, 0x5B6D, 0x5B6D, 0xADF6, 0x9D54, 0x3A69,
    0x21C7, 0x3A6A, 0x3A6A, 0x3A6A, 0x3A4A, 0x2A29, 0x2A2A, 0x2A2A,
    0x2A0A, 0x21E8, 0x1166, 0x00E4, 0x2A29, 0x6C51, 0x538F, 0x0925,
    0x326A, 0x7493, 0x5BCF, 0x1987, 0x00E5, 0x1147, 0x11A9, 0x19EA,
    0x3B0E, 0x4B90, 0x32CE, 0x11C9, 0x11A9, 0x11A9, 0x11C9, 0x11CA,
    0x19EA, 0x11A8, 0x1188, 0x21E8, 0x42CB, 0xCE99, 0xFFFE, 0xFFFD,
    0xFFFD, 0xFFFF, 0xFFFF, 0xF7BE, 0xFFFF, 0xFFFF, 0xFFFF, 0xB553,
    0x6B08, 0xBD70, 0xD613, 0xC5D2, 0xC591, 0xC5B1, 0xC5B1, 0xC5B2,
    0xC5B2, 0xC5B2, 0xC591, 0xC5B2, 0xC5B2, 0xC591, 0xC5B1, 0xC5B1,
    0xC591, 0xBD91, 0xBD71, 0xBD51, 0xB530, 0xB530, 0xACCE, 0x9C4C,
    0x7B68, 0x944C, 0xF79A, 0xFFFE, 0xFFFE, 0xFFFE, 0xFFFF, 0xFFFF,
    0xFFFF, 0xC616, 0x6309, 0x8C2E, 0xD656, 0xF79B, 0xFFFE, 0xE73A,
    0x8C6F, 0x52EA, 0x3208, 0x0925, 0x0926, 0x1187, 0x84F4, 0xCEFB,
    0xDF7D, 0xCEFB, 0xB659, 0xBE9A, 0xCEFB, 0xBE38, 0x63AF, 0x3AAB,
    0x42CC, 0x3AAB, 0x3AAB, 0x42CB, 0x42CC, 0x42CB, 0x3AAB, 0x3AAB,
    0x3AAB, 0x5BAF, 0xB638, 0xDF3C, 0xDF5C, 0xD71B, 0xADD6, 0x5B8E,
    0x534D, 0xA5F7, 0xC69A, 0x8491, 0x3248, 0x3249, 0x8CD3, 0xCEFB,
    0xBE99, 0xC6B9, 0xD73C, 0xDF3C, 0xD71B, 0xCEDA, 0xADD6, 0x428A,
    0x2186, 0x3A8A, 0x7C92, 0x8492, 0x3249, 0x21C6, 0x21C7, 0x21A7,
    0x3249, 0xA5B6, 0xCEDB, 0x9534, 0x5BAE, 0xAE38, 0xCF1C, 0xD71C,
    0xBE9A, 0x534D, 0x5BAF, 0xAE39, 0xC699, 0x84B2, 0x1165, 0x19C8,
    0x9555, 0xC6BA, 0x7CB2, 0x3269, 0xADF7, 0xC6BA, 0x6C10, 0x19A7,
    0x19C8, 0x1187, 0x21C8, 0x3AAB, 0x3ACC, 0x84F3, 0xD71C, 0xA5B6,
    0x4B2C, 0x4B2C, 0x1186, 0x19C7, 0x430D, 0x2208, 0x1187, 0x328B,
    0x430C, 0x7C92, 0xB658, 0xBE79, 0x84B2, 0x3269, 0x2209, 0x222A,
    0x19C9, 0x220A, 0x4B6F, 0x6C52, 0x7472, 0x7CB3, 0xA5D7, 0xB638,
    0xA5D6, 0x3A6A, 0x0926, 0x21E9, 0x2A2A, 0xA5D7, 0xDF3C, 0xAD95,
    0x8CD3, 0x7CD3, 0x84F3, 0xAE17, 0xB638, 0x8CF4, 0x3A8A, 0x0946,
    0x5BAF, 0x7452, 0x19A7, 0x00C4, 0x1146, 0x0926, 0x19A9, 0x1148,
    0x00E6, 0x1148, 0x1147, 0x1168, 0x1147, 0x2A0A, 0x7CD5, 0x534E,
    0x19A7, 0x4AEB, 0x8491, 0x7C70, 0x63AE, 0x8D13, 0x7430, 0x5BAE,
    0x7450, 0x4B0C, 0x536E, 0x8535, 0x2A8B, 0x1209, 0x1A0A, 0x1A0B,
    0x19EA, 0x1A0A, 0x120A, 0x120A, 0x11EA, 0x11EA, 0x11CA, 0x11CA,
    0x11CA, 0x11A9, 0x0968, 0x0106, 0x00E5, 0x3AAC, 0x6C52, 0x8D35,
    0xB659, 0x9D75, 0x3A48, 0x08A2, 0x10C2, 0x18C3, 0x18E3, 0x18C3,
    0x18E3, 0x2103, 0x2104, 0x2124, 0x2104, 0x2945, 0x2945, 0x2945,
    0x2144, 0x2124, 0x2965, 0x2965, 0x2945, 0x2945, 0x2945, 0x2944,
    0x2944, 0x2944, 0x2124, 0x2103, 0x2944, 0x2945, 0x2945, 0x2124,
    0x2124, 0x2945, 0x2165, 0x2145, 0x2965, 0x2965, 0x2965, 0x2985,
    0x2985, 0x2185, 0x7C30, 0xBE38, 0xA5B6, 0x5B8E, 0x7C93, 0x6C32,
    0x19C8, 0x00C4, 0x21E8, 0x7C93, 0x7CD4, 0x328B, 0x0967, 0x0947,
    0x0947, 0x0947, 0x0967, 0x0988, 0x1188, 0x0968, 0x0968, 0x0967,
    0x0946, 0x1187, 0x11A9, 0x19C9, 0x11A9, 0x0987, 0x19C8, 0x21C8,
    0x21E8, 0x21E8, 0x2A08, 0x21E8, 0x19A7, 0x19C9, 0x11EA, 0x1A0A,
    0x1A0A, 0x1A0A, 0x11EA, 0x11EA, 0x11EA, 0x11EA, 0x11EA, 0x11EA,
    0x11EA, 0x11EA, 0x11EA, 0x11EA, 0x11EA, 0x11EA, 0x11EA, 0x11EA,
    0x11EA, 0x11EB, 0x1A0B, 0x1A0A, 0x1A2B, 0x224B, 0x2AAD, 0x32EE,
    0x32CD, 0x2AAC, 0x2A8C, 0x224B, 0x1A0B, 0x120A, 0x11EA, 0x11CA,
    0x11EA, 0x11EA, 0x11CA, 0x11EA, 0x11CA, 0x11CA, 0x11CA, 0x11CA,
    0x11CA, 0x11CA, 0x11CA, 0x11EA, 0x11EA, 0x09CA, 0x09CA, 0x11EA,
    0x120B, 0x1A0B, 0x122B, 0x120B, 0x120B, 0x120B, 0x120B, 0x11EA,
    0x11CA, 0x11CA, 0x11CA, 0x11CA, 0x11CA, 0x11CA, 0x11CA, 0x11CA,
    0x09CA, 0x09EA, 0x09EA, 0x11EA, 0x09EA, 0x11EA, 0x11EA, 0x11EA,
    0x11EA, 0x11EA, 0x11EA, 0x11EA, 0x11EA, 0x11CA, 0x11CA, 0x11EA,
    0x11E9, 0x0188, 0x226A, 0xA659, 0xBEBA, 0x9D75, 0x7CD2, 0x7490,
    0x74B1, 0x9DF6, 0xA617, 0x53EF, 0x1A4A, 0x11E9, 0x09A9, 0x09A9,
    0x0947, 0x0127, 0x0946, 0x19C8, 0x73EF, 0x21A7, 0x11A8, 0x19E9,
    0x32ED, 0x22AC, 0x1A6C, 0x1A4C, 0x226C, 0x226C, 0x226C, 0x226C,
    0x226C, 0x226C, 0x228D, 0x228D, 0x228D, 0x228C, 0x2AAD, 0x4B8F,
    0x7CD3, 0x84D3, 0x4B2D, 0x8D14, 0xCEFB, 0x9554, 0x6BEE, 0x63CE,
    0x6C0F, 0x6BEE, 0x5B8C, 0x6BEE, 0x8CB0, 0x94F2, 0x9D33, 0x8CB0,
    0x7C0F, 0x7C2F, 0x7C0E, 0x73CD, 0x7C2F, 0x8470, 0x94D1, 0xAD73,
    0xAD94, 0xAD74, 0xA533, 0x8470, 0x73EE, 0x6BEF, 0x6BCF, 0x7410,
    0x9D55, 0xBE58, 0x9D75, 0x3229, 0x21A7, 0x21C8, 0x21C9, 0x29C9,
    0x21C9, 0x21C9, 0x21EA, 0x220A, 0x21E9, 0x1167, 0x0905, 0x324A,
    0x6C72, 0x538E, 0x0946, 0x328A, 0x7CB3, 0x63F0, 0x1167, 0x00C4,
    0x1167, 0x11A9, 0x19C9, 0x1A0A, 0x220A, 0x2A2B, 0x2A2B, 0x220A,
    0x11C9, 0x11C9, 0x11C9, 0x11CA, 0x19EA, 0x0988, 0x11A8, 0x2A09,
    0x5B2C, 0xE75B, 0xFFFD, 0xFFDC, 0xF79B, 0xEF7C, 0xA512, 0x8C6F,
    0xD6B9, 0xFFFF, 0xFFFF, 0xFFFF, 0xAD11, 0x6B08, 0xA48D, 0xD613,
    0xD613, 0xCDD2, 0xC591, 0xC5D2, 0xC5D2, 0xC5B1, 0xC5B1, 0xC5B2,
    0xC5B1, 0xC591, 0xC5B1, 0xC5B1, 0xC591, 0xBD91, 0xC591, 0xBD71,
    0xBD70, 0xB50F, 0x942C, 0x7B89, 0xA4CF, 0xEF5A, 0xFFFE, 0xFFFE,
    0xFFFE, 0xFFFE, 0xE71A, 0xC616, 0xC616, 0x9CD1, 0x6B2A, 0x83ED,
    0xD676, 0xF79A, 0xF7BB, 0xEF5A, 0xDF19, 0x3A06, 0x2165, 0x0905,
    0x1166, 0x7C93, 0xD75D, 0xC699, 0x7430, 0x7C51, 0x7450, 0x7471,
    0x9534, 0x9534, 0x4B2C, 0x42EC, 0x4B0D, 0x4B0D, 0x4B2D, 0x534D,
    0x534E, 0x534D, 0x4B0C, 0x42EC, 0x4B0C, 0x5B8E, 0x9D96, 0xBE79,
    0xA5B6, 0xBE79, 0xBE79, 0x5B8D, 0x21C7, 0x84B2, 0xAE17, 0x6C0F,
    0x42EB, 0x4AEB, 0x7430, 0xC699, 0xCEBA, 0x9D54, 0x8491, 0x8CD2,
    0xC679, 0xDF5C, 0x8CF3, 0x5B8E, 0x5B6D, 0x536D, 0x5BCF, 0x63CF,
    0x63AF, 0x63AF, 0x63AF, 0x63AF, 0x5B8E, 0x9554, 0xCEFB, 0x8D13,
    0x6C30, 0xA5B6, 0xB638, 0xBE58, 0x9534, 0x42CB, 0x42EC, 0x9575,
    0xB638, 0x63AE, 0x1186, 0x1187, 0x7C93, 0xD73C, 0x9534, 0x21C7,
    0x9554, 0xDF5D, 0xA5D6, 0x4B0C, 0x2A6A, 0x5BCF, 0x7472, 0x5BAF,
    0x222A, 0x19A7, 0x7C92, 0xADF7, 0xA5D6, 0x8D55, 0x430C, 0x432D,
    0x2229, 0x0966, 0x3B0D, 0x6411, 0x9DD7, 0xBE79, 0x9554, 0x532C,
    0x19A7, 0x2208, 0x224A, 0x19E9, 0x2A4B, 0x7493, 0xA618, 0xC6DB,
    0xD73D, 0xD75D, 0xD73C, 0xCEDA, 0xADF7, 0x3A6A, 0x0905, 0x19C8,
    0x21E9, 0x8CF3, 0xDF3C, 0xDF1B, 0xC6B9, 0xC6DA, 0xCEDA, 0xC659,
    0x9D75, 0x63CF, 0x7472, 0x42EC, 0x0905, 0x4B2E, 0x6C32, 0x21C8,
    0x00C4, 0x19A8, 0x3AAC, 0x42CD, 0x1127, 0x0907, 0x1148, 0x1168,
    0x1188, 0x1188, 0x21E9, 0x4B4E, 0x84F4, 0x9D96, 0xB638, 0xADF7,
    0x5B8E, 0x3249, 0x7451, 0xA5D7, 0xA5D7, 0xA5B7, 0x9D96, 0x5BCF,
    0x1A09, 0x1A2B, 0x1A0B, 0x1A0B, 0x1A0B, 0x1A0B, 0x1A0A, 0x11EA,
    0x11EA, 0x11EA, 0x11CA, 0x11CA, 0x11CA, 0x11A9, 0x11A9, 0x1188,
    0x0106, 0x00C5, 0x21E9, 0x8D15, 0xCF1C, 0xCEDA, 0xADD6, 0x94F2,
    0x94F3, 0x9D13, 0x9CF3, 0x8430, 0x73AE, 0x7C0F, 0x7BEF, 0x52AA,
    0x630C, 0x31A6, 0x2124, 0x2104, 0x2124, 0x4248, 0x2124, 0x2144,
    0x2104, 0x2124, 0x39C7, 0x2944, 0x2104, 0x2124, 0x52AA, 0x73CE,
    0x2985, 0x2165, 0x1904, 0x52AA, 0x73CE, 0x31A6, 0x636E, 0x8CB2,
    0xA575, 0xBE17, 0xC658, 0xC658, 0xC658, 0xBE38, 0xC699, 0xCE99,
    0xADB6, 0x3A6A, 0x326A, 0x7CB4, 0x6C52, 0x21E8, 0x00C4, 0x19C8,
    0x6C31, 0x7CD4, 0x3AEC, 0x1188, 0x0988, 0x11A8, 0x11C9, 0x19EA,
    0x11C9, 0x11C9, 0x11C9, 0x11C9, 0x11C9, 0x11C9, 0x11C9, 0x11C9,
    0x11C9, 0x11C9, 0x11A9, 0x11A9, 0x11C9, 0x19C9, 0x11C9, 0x11C9,
    0x19E9, 0x11EA, 0x11EA, 0x11EA, 0x1A0B, 0x1A0B, 0x11EA, 0x11EA,
    0x11EA, 0x11EA, 0x11EA, 0x11EA, 0x11EA, 0x11EA, 0x11EA, 0x11EA,
    0x11EA, 0x11EA, 0x120A, 0x11EA, 0x11CA, 0x11CA, 0x11EA, 0x1A0A,
    0x1A0A, 0x1A0B, 0x1A2B, 0x1A0A, 0x1A0A, 0x1A0A, 0x19EA, 0x1A0A,
    0x1A0A, 0x11EA, 0x11C9, 0x11CA, 0x11CA, 0x11CA, 0x11CA, 0x11EA,
    0x11CA, 0x11CA, 0x11CA, 0x11CA, 0x11CA, 0x11CA, 0x11CA, 0x11CA,
    0x11CA, 0x11CA, 0x09CA, 0x11CA, 0x11CA, 0x11EA, 0x11EA, 0x11EA,
    0x11EA, 0x11EA, 0x11EA, 0x11CA, 0x11CA, 0x09CA, 0x09CA, 0x11CA,
    0x11CA, 0x11CA, 0x09CA, 0x09CA, 0x11CA, 0x09CA, 0x09CA, 0x11EA,
    0x11EA, 0x11EA, 0x11EA, 0x11EA, 0x11CA, 0x11CA, 0x11CA, 0x09CA,
    0x09C9, 0x09C9, 0x11CA, 0x11CA, 0x09C9, 0x09C9, 0x0167, 0x4B8E,
    0xAE58, 0xC6DA, 0xC6B9, 0xBE99, 0xB678, 0x9575, 0x5BCE, 0x2229,
    0x11E9, 0x09C9, 0x09A9, 0x09A9, 0x0968, 0x0127, 0x0926, 0x19C8,
    0x740F, 0x21A7, 0x1188, 0x11C9, 0x228C, 0x1A4B, 0x1A4C, 0x226C,
    0x226C, 0x226C, 0x1A6C, 0x226C, 0x226C, 0x1A4C, 0x226C, 0x228D,
    0x228D, 0x226C, 0x226C, 0x226C, 0x2A6B, 0x2A4A, 0x224A, 0x536E,
    0xB659, 0xCEFB, 0xC6B9, 0xBE99, 0xBE79, 0xC699, 0xC699, 0xCEFA,
    0xDF3B, 0xDF5B, 0xDF3B, 0xADD5, 0x7C30, 0x8CB1, 0x8471, 0x5B6C,
    0x4ACA, 0x530B, 0x94F2, 0xDF1A, 0xDF1B, 0xDEFA, 0xCEB9, 0xCE99,
    0xCEDA, 0xCEDA, 0xCEBA, 0xCEDA, 0xD6FB, 0xD71C, 0xB618, 0x3229,
    0x1988, 0x21A9, 0x21A9, 0x21CA, 0x21C9, 0x21A9, 0x21A9, 0x19A9,
    0x1147, 0x0906, 0x326A, 0x6C52, 0x4B4D, 0x0925, 0x3AAB, 0x7CB3,
    0x6410, 0x19A7, 0x00E5, 0x1188, 0x19A9, 0x11C9, 0x19EA, 0x11A9,
    0x00A5, 0x0064, 0x00E6, 0x220A, 0x1A0A, 0x19EA, 0x19EA, 0x19EA,
    0x19EA, 0x11A9, 0x2A6B, 0x1987, 0x3207, 0xEF5B, 0xFFFE, 0xFFFD,
    0xE739, 0xA511, 0x94B0, 0x94AF, 0x840D, 0xAD53, 0xFFDE, 0xFFFF,
    0xFFFF, 0xCE36, 0x7B69, 0x7349, 0x9C6D, 0xB50F, 0xC5B2, 0xD613,
    0xD654, 0xDE54, 0xD654, 0xD634, 0xD613, 0xCDF3, 0xCDF3, 0xCE13,
    0xCE13, 0xCDF3, 0xC5B2, 0xB50F, 0x944C, 0x7B89, 0x83CB, 0xC5F3,
    0xFFDC, 0xFFFE, 0xFFFE, 0xFFFF, 0xFFFF, 0xCE78, 0x83ED, 0x6B4B,
    0x31A4, 0x62E9, 0x8C2E, 0x8C0E, 0xEF3A, 0xFFFE, 0xFFFD, 0xF7DC,
    0xBE16, 0x2164, 0x1103, 0x3A6A, 0x7472, 0xAE18, 0xCEDA, 0x9D55,
    0x1965, 0x3A89, 0x7471, 0x5BCF, 0x7C91, 0x9575, 0x7471, 0x6C10,
    0x6C31, 0x7431, 0x7451, 0x6C31, 0x6C31, 0x6C10, 0x63CF, 0x534D,
    0x5BAF, 0x7CB2, 0xB638, 0xADD7, 0x63AE, 0x6C10, 0xC69A, 0xBE79,
    0x9D75, 0xA5D6, 0xAE17, 0x7C91, 0x5BAE, 0x63CF, 0x63AE, 0xA596,
    0xCEFA, 0x9533, 0x6BCE, 0x7C30, 0xBE38, 0xC679, 0x63AE, 0x534D,
    0x5B8E, 0x5B6E, 0x536E, 0x536E, 0x536E, 0x534D, 0x536E, 0x534E,
    0x536E, 0x9555, 0xC6BA, 0xA596, 0x4B2C, 0x1986, 0x21A6, 0x4B0C,
    0x4B0C, 0x2A29, 0x2A29, 0x8D55, 0xB638, 0x6BEF, 0x4B4D, 0x538F,
    0x8D14, 0xDF5D, 0x9D75, 0x530C, 0x8D14, 0xCEDB, 0xDF5C, 0xBE99,
    0xAE18, 0xB658, 0xB659, 0x7CB3, 0x0925, 0x0082, 0x42EB, 0xB658,
    0xCEDB, 0x9DB6, 0x4B0C, 0x21C8, 0x0946, 0x3AED, 0x4B6F, 0x84F4,
    0xBE7A, 0xA5D7, 0x2A28, 0x0904, 0x1167, 0x19C8, 0x1A09, 0x19E9,
    0x6C52, 0xAE39, 0xB638, 0x9514, 0x7430, 0x7C51, 0xA5B6, 0xD71B,
    0xADF7, 0x324A, 0x00C4, 0x2A0A, 0x7452, 0xADF7, 0xBE99, 0xB637,
    0xAE16, 0xADF6, 0xCEDA, 0xE75C, 0xA5B6, 0x1986, 0x19A7, 0x7473,
    0x4B2D, 0x0105, 0x430D, 0x7CD4, 0x536F, 0x0926, 0x0043, 0x1167,
    0x1168, 0x0907, 0x1148, 0x1168, 0x1168, 0x1168, 0x1167, 0x19C8,
    0x2A2A, 0x324A, 0x326A, 0x324A, 0x1987, 0x1167, 0x6C11, 0x9DB7,
    0xA5B7, 0xADF8, 0x9D96, 0x536E, 0x222A, 0x1A2B, 0x1A2B, 0x1A0A,
    0x1A0A, 0x1A2B, 0x1A0A, 0x120A, 0x11EA, 0x11EA, 0x11EA, 0x11CA,
    0x11CA, 0x11C9, 0x11A9, 0x11C9, 0x1188, 0x0126, 0x00A4, 0x3AAC,
    0xB639, 0xCEFB, 0xD71B, 0xDF3C, 0xE75C, 0xE75D, 0xDF3C, 0xB5D6,
    0x5B4D, 0x4AAA, 0x428A, 0x6B8E, 0xC638, 0x5AEB, 0x1904, 0x10C2,
    0x6B8D, 0xD6FB, 0x4AAA, 0x10E3, 0x1104, 0x5B2C, 0x8C92, 0x3A28,
    0x2145, 0x2145, 0x94B3, 0xDEFB, 0x52CB, 0x1924, 0x1904, 0xB5B6,
    0xC658, 0x31A6, 0x3A28, 0x42AA, 0x8492, 0xCEBA, 0xCEBA, 0xC699,
    0xCE9A, 0xCEBA, 0xCEBA, 0xADD6, 0x532C, 0x1966, 0x1146, 0x324B,
    0x7CB4, 0x7C93, 0x2A4A, 0x00C4, 0x1166, 0x5BAF, 0x7CF5, 0x6C53,
    0x53B0, 0x32AC, 0x11C9, 0x19EA, 0x19EA, 0x11EA, 0x11EA, 0x11CA,
    0x11CA, 0x11CA, 0x11C9, 0x11C9, 0x11C9, 0x11C9, 0x11EA, 0x11EA,
    0x19EA, 0x19EA, 0x11EA, 0x19EA, 0x11EA, 0x11EA, 0x11EA, 0x11EA,
    0x11EA, 0x11EA, 0x11EA, 0x11EA, 0x11EA, 0x11EA, 0x11EA, 0x11EA,
    0x11EA, 0x11EA, 0x11EA, 0x11EA, 0x11EA, 0x11EA, 0x11EA, 0x11EA,
    0x11EA, 0x11EA, 0x11EA, 0x11EA, 0x11EA, 0x11EA, 0x11EA, 0x11EA,
    0x19EA, 0x1A0A, 0x19EA, 0x11EA, 0x11CA, 0x11CA, 0x09C9, 0x09C9,
    0x09CA, 0x09CA, 0x11CA, 0x11CA, 0x11CA, 0x11CA, 0x11CA, 0x11CA,
    0x11CA, 0x11CA, 0x09CA, 0x11CA, 0x11CA, 0x09CA, 0x11CA, 0x11CA,
    0x09C9, 0x11C9, 0x11CA, 0x11CA, 0x11EA, 0x11EA, 0x11EA, 0x11CA,
    0x11CA, 0x11CA, 0x11CA, 0x11CA, 0x11CA, 0x09CA, 0x09CA, 0x09CA,
    0x09CA, 0x09CA, 0x09CA, 0x09CA, 0x09EA, 0x09CA, 0x09CA, 0x09CA,
    0x11CA, 0x11CA, 0x09A9, 0x09C9, 0x09C9, 0x09A9, 0x09A9, 0x09A9,
    0x09A9, 0x09C9, 0x09A8, 0x0125, 0x2A69, 0x640F, 0x63EF, 0x538D,
    0x4B2C, 0x2A49, 0x21E8, 0x19E8, 0x09A8, 0x09A9, 0x09A9, 0x0989,
    0x0967, 0x0127, 0x0947, 0x21E8, 0x638E, 0x1987, 0x1188, 0x11A9,
    0x1A4B, 0x1A2B, 0x1A2B, 0x1A4B, 0x224B, 0x1A4C, 0x1A4B, 0x1A2B,
    0x1A2B, 0x1A2B, 0x1A2B, 0x1A0B, 0x1A4B, 0x226C, 0x1A4C, 0x226C,
    0x226C, 0x2A8C, 0x2A8C, 0x2A8B, 0x6C31, 0xA5D6, 0xB658, 0xC6BA,
    0xCEDB, 0xCEDA, 0xCEDA, 0xD6FB, 0xD6FB, 0xD6FB, 0xDF3C, 0xC679,
    0x9D54, 0x9D75, 0xA596, 0x9534, 0x42AA, 0x21C7, 0x7410, 0xBE17,
    0xC679, 0xC638, 0xBE17, 0xB617, 0xB617, 0xB617, 0xB5F7, 0xB5F7,
    0xB617, 0xBE18, 0x8492, 0x21A7, 0x1967, 0x1988, 0x1989, 0x1989,
    0x19A9, 0x21A9, 0x1989, 0x1148, 0x00E6, 0x3A8B, 0x6C11, 0x3ACB,
    0x0925, 0x3ACB, 0x7C92, 0x5BAF, 0x19C8, 0x0105, 0x1167, 0x1189,
    0x1188, 0x11C9, 0x1A0A, 0x1A0A, 0x11A9, 0x1167, 0x21EA, 0x328C,
    0x2A6C, 0x1A0A, 0x19EA, 0x1A0A, 0x1A0A, 0x0947, 0x328C, 0x4B2D,
    0x42AA, 0xD6B9, 0xEF7C, 0xEF5B, 0xDED9, 0xB593, 0xCE56, 0xB573,
    0xA4F0, 0x8C4E, 0xC5F6, 0xFFFF, 0xFFFF, 0xFFFF, 0xFFBC, 0xBDD4,
    0x8BEC, 0x7328, 0x6AE7, 0x6AE7, 0x7348, 0x7B8A, 0x83AA, 0x83CB,
    0x8C0C, 0x942C, 0x944D, 0x9C8E, 0x944D, 0x8BEB, 0x7B8A, 0x7B89,
    0x8BEB, 0xB551, 0xEF5A, 0xFFFE, 0xFFFE, 0xFFFE, 0xFFFF, 0xFFFF,
    0xCE57, 0x9CB0, 0xB572, 0xAD52, 0x5287, 0x4206, 0x4A47, 0x39E6,
    0x9CD1, 0xCE58, 0xD6B9, 0xBDF6, 0x4268, 0x1923, 0x3228, 0x7C92,
    0x8D55, 0x9D96, 0x9554, 0xA596, 0x8CD3, 0xA5D7, 0xAE58, 0x6C50,
    0x8513, 0xA617, 0x534D, 0x21C7, 0x29E8, 0x21E8, 0x21E8, 0x29E8,
    0x21E8, 0x21E8, 0x2A29, 0x2A49, 0x21E8, 0x4B0C, 0xA5D7, 0xA595,
    0x42CA, 0x3A69, 0x9554, 0xCEDB, 0xBE58, 0xADF7, 0xA5D6, 0x5B6D,
    0x1986, 0x1986, 0x21C7, 0x7410, 0xC699, 0xA575, 0x73EF, 0x6BCF,
    0x9D55, 0x84B2, 0x3A69, 0x21A7, 0x21C7, 0x1986, 0x1125, 0x1124,
    0x1125, 0x21C7, 0x2A08, 0x21C7, 0x21C7, 0x7450, 0xADF7, 0x7C91,
    0x3269, 0x326A, 0x538E, 0x538E, 0x328B, 0x21C8, 0x2A09, 0x9D96,
    0xCEDB, 0x8D13, 0x7471, 0x7CF3, 0xA5B6, 0xDF3C, 0xA5B6, 0x84B2,
    0x9535, 0x9534, 0xB638, 0xCEDB, 0xD71B, 0xD71B, 0xC6BA, 0x7431,
    0x0905, 0x538E, 0x9DB6, 0xB638, 0x9D54, 0x4B0C, 0x1166, 0x0104,
    0x326A, 0x3ACC, 0x3ACC, 0x9596, 0xBE9A, 0x7C71, 0x00E3, 0x0904,
    0x2A4A, 0x3AEC, 0x2A4A, 0x2209, 0x84F4, 0xB679, 0x9D75, 0x29E7,
    0x0924, 0x1125, 0x42CB, 0xB638, 0xA5B6, 0x324A, 0x00A4, 0x5BB0,
    0xA5B7, 0xA5D7, 0x6C0F, 0x1965, 0x3A8A, 0x63CE, 0x84B2, 0xC699,
    0xB658, 0x6C10, 0x1145, 0x19A7, 0x6C72, 0x536E, 0x0945, 0x3ACC,
    0x84F4, 0x63D0, 0x2A2A, 0x3AAC, 0x2A4B, 0x19A9, 0x19A9, 0x1168,
    0x1168, 0x1168, 0x1168, 0x1168, 0x1147, 0x1147, 0x1147, 0x1147,
    0x1147, 0x1147, 0x1988, 0x2A09, 0x21C8, 0x3249, 0x63D0, 0x8D15,
    0x63F1, 0x222A, 0x1A2B, 0x1A4B, 0x1A0B, 0x1A0B, 0x1A0B, 0x1A0B,
    0x1A0B, 0x19EA, 0x11EA, 0x11CA, 0x11CA, 0x11EA, 0x11EA, 0x11EA,
    0x11C9, 0x11A9, 0x0927, 0x00C5, 0x1967, 0x2A08, 0x3229, 0x3229,
    0x3A49, 0x426A, 0x428A, 0x21A6, 0x00C3, 0x08E4, 0x00A3, 0x6BCF,
    0xDF1C, 0x73CF, 0x2165, 0x1104, 0xA575, 0xFFFF, 0x740F, 0x1103,
    0x1966, 0x9534, 0xC6BA, 0x52EB, 0x1945, 0x2145, 0x9D14, 0xDF3D,
    0x5B2D, 0x1925, 0x2165, 0xC658, 0xBE38, 0x2986, 0x1125, 0x1125,
    0x1146, 0x2A09, 0x3229, 0x3208, 0x3A29, 0x3A6A, 0x6BCF, 0x84D3,
    0x42EC, 0x0925, 0x1146, 0x1146, 0x2A09, 0x6C32, 0x7CB3, 0x324A,
    0x00E4, 0x0105, 0x326B, 0x5BD0, 0x7CB4, 0x8536, 0x5BD1, 0x222A,
    0x19EA, 0x19EA, 0x11EA, 0x11EA, 0x11CA, 0x11CA, 0x11CA, 0x11CA,
    0x11CA, 0x11CA, 0x11C9, 0x11EA, 0x11EA, 0x11EA, 0x11EA, 0x11EA,
    0x11EA, 0x11EA, 0x11EA, 0x11EA, 0x11EA, 0x11CA, 0x11EA, 0x11EA,
    0x11CA, 0x11EA, 0x11EA, 0x11EA, 0x11EA, 0x11EA, 0x11EA, 0x11EA,
    0x11EA, 0x11EA, 0x11CA, 0x11CA, 0x11EA, 0x11CA, 0x11EA, 0x11C9,
    0x11CA, 0x11CA, 0x11C9, 0x11CA, 0x11CA, 0x11EA, 0x11CA, 0x11CA,
    0x11CA, 0x11CA, 0x11C9, 0x09C9, 0x09C9, 0x09CA, 0x11CA, 0x11CA,
    0x11CA, 0x11CA, 0x11EA, 0x11CA, 0x11CA, 0x11CA, 0x11CA, 0x11CA,
    0x11CA, 0x11CA, 0x09CA, 0x09CA, 0x11C9, 0x11C9, 0x11C9, 0x11CA,
    0x11CA, 0x11EA, 0x11EA, 0x11CA, 0x11EA, 0x11CA, 0x09C9, 0x11CA,
    0x11CA, 0x09CA, 0x09CA, 0x09CA, 0x09CA, 0x09CA, 0x09CA, 0x09CA,
    0x09EA, 0x11EA, 0x11EA, 0x11CA, 0x11CA, 0x11CA, 0x09C9, 0x09A9,
    0x11C9, 0x09C9, 0x09A9, 0x09C9, 0x09A9, 0x09A9, 0x0168, 0x2A6B,
    0x6C72, 0x8514, 0x84F3, 0x538D, 0x19E7, 0x3AEB, 0x6C92, 0x436E,
    0x1A2A, 0x11C9, 0x09A8, 0x0988, 0x0968, 0x0127, 0x0946, 0x19A8,
    0x5B2C, 0x1986, 0x1167, 0x11A8, 0x1A2B, 0x1A2B, 0x1A2B, 0x1A4C,
    0x1A4B, 0x228C, 0x2ACD, 0x32ED, 0x3AED, 0x32EE, 0x3B2E, 0x3B2E,
    0x2A8C, 0x1A2A, 0x226C, 0x226C, 0x228D, 0x2AAD, 0x2AAD, 0x438F,
    0x6C11, 0x8CF4, 0x84B3, 0x638E, 0x638E, 0x638E, 0x638E, 0x638E,
    0x63AE, 0x6BAE, 0x6BCF, 0x530C, 0x428A, 0x42AB, 0x42AB, 0x3208,
    0x1945, 0x1125, 0x1966, 0x29C7, 0x29C7, 0x29A7, 0x2166, 0x1966,
    0x1966, 0x2186, 0x2166, 0x1945, 0x2166, 0x2166, 0x08E4, 0x08E4,
    0x1105, 0x0906, 0x0906, 0x0906, 0x0906, 0x1126, 0x0906, 0x08E6,
    0x3AAC, 0x6C11, 0x328A, 0x0925, 0x432C, 0x7CB2, 0x5B8E, 0x1146,
    0x00E5, 0x1188, 0x19C9, 0x222B, 0x32AD, 0x224C, 0x1A0A, 0x2A6C,
    0x4B6F, 0x6C32, 0x6C53, 0x5BF1, 0x32AD, 0x1A0A, 0x1A0A, 0x1A0A,
    0x222B, 0x224B, 0x19E9, 0x324A, 0x536D, 0x8471, 0x8C90, 0x94B0,
    0xBDD5, 0xBDF5, 0xDE98, 0xCE57, 0xAD52, 0x9CD0, 0x840E, 0xDEB9,
    0xFFFF, 0xFFFE, 0xFFFF, 0xFFFF, 0xFFFE, 0xEF3A, 0xCE35, 0xC5F4,
    0xBDB3, 0xBDB3, 0xC5D4, 0xC5D4, 0xC5D4, 0xC5F4, 0xC614, 0xC5F4,
    0xBDD3, 0xC5D4, 0xCE35, 0xE719, 0xFFDC, 0xFFFE, 0xFFFE, 0xFFFE,
    0xFFFE, 0xFFFE, 0xFFFF, 0xB5B5, 0x840D, 0xBDD4, 0xC5F5, 0xB572,
    0x5A88, 0x2103, 0x10A2, 0x2144, 0x8450, 0x94D2, 0x842F, 0x7C0F,
    0x7C2F, 0x8491, 0x84D2, 0x7471, 0x7C92, 0x430C, 0x534D, 0xBE79,
    0xD71C, 0xCEDB, 0xC699, 0xC6DA, 0xCEFB, 0xB658, 0x84D3, 0x8D15,
    0x8D35, 0x8D35, 0x8D35, 0x8D35, 0x8D15, 0x8CF4, 0x84F4, 0x84D4,
    0x7C92, 0x84D3, 0xAE18, 0xADD6, 0x7C91, 0x7451, 0x7C71, 0xADF7,
    0xDF3C, 0xC6BA, 0xADF7, 0x8492, 0x7430, 0x7C71, 0x7C72, 0x7C92,
    0xAE17, 0xC699, 0xADD6, 0xADD6, 0xADD7, 0x7C71, 0x7430, 0x7C92,
    0x7C71, 0x8492, 0x9D75, 0x9D75, 0x84D3, 0x7C71, 0x7C92, 0x7C92,
    0x8D14, 0xADF7, 0xB638, 0x7C92, 0x6C31, 0x7CB3, 0x536E, 0x19A7,
    0x0905, 0x0905, 0x1126, 0x7C72, 0xC69A, 0x9D54, 0x42EB, 0x42CB,
    0x9D75, 0xCEBA, 0x84B2, 0x2186, 0x21A7, 0x3A8B, 0x532C, 0x5B6D,
    0x8CD3, 0xC679, 0xB5F8, 0x5B8E, 0x3AAB, 0x6410, 0x9D96, 0xADF7,
    0x7450, 0x1985, 0x0945, 0x63EF, 0x74B2, 0x2A4A, 0x328A, 0xAE38,
    0xC6DA, 0x6C0F, 0x0924, 0x42CB, 0x9535, 0xA5B7, 0x63F0, 0x21E8,
    0x9555, 0xCEFB, 0x9D95, 0x4AEB, 0x1986, 0x1987, 0x63CF, 0xADF7,
    0xA5B6, 0x324A, 0x0105, 0x7C93, 0xB659, 0xADF7, 0x6BEF, 0x1946,
    0x0904, 0x326A, 0x6C30, 0x9D74, 0xA5B6, 0x8CF3, 0x7451, 0x19C8,
    0x1187, 0x6C52, 0x5BB0, 0x0105, 0x326A, 0x8D35, 0x9DB7, 0x84F4,
    0x53B0, 0x224A, 0x19A9, 0x1989, 0x1168, 0x1168, 0x1168, 0x1168,
    0x1168, 0x1168, 0x1968, 0x1168, 0x1148, 0x1148, 0x0926, 0x00E5,
    0x1146, 0x0906, 0x00C4, 0x42CC, 0x84F4, 0x432D, 0x1A0A, 0x226C,
    0x1A4B, 0x1A2B, 0x1A2B, 0x1A2B, 0x1A2B, 0x1A0A, 0x1A0A, 0x19EA,
    0x19EA, 0x11EA, 0x11EA, 0x11EA, 0x11CA, 0x11C9, 0x11A9, 0x11A9,
    0x0947, 0x0926, 0x0926, 0x0926, 0x0946, 0x0926, 0x0926, 0x1147,
    0x1167, 0x0926, 0x1126, 0x4AEC, 0x8CB3, 0x3A49, 0x1966, 0x1104,
    0x8471, 0xD71B, 0x4289, 0x1125, 0x21A7, 0x7410, 0x7C51, 0x3208,
    0x2186, 0x1125, 0x84B3, 0xC679, 0x428A, 0x1946, 0x2166, 0xADD7,
    0xA595, 0x29C7, 0x1986, 0x1987, 0x1167, 0x1147, 0x1167, 0x1167,
    0x1167, 0x1167, 0x1987, 0x536E, 0x84F4, 0x4B4E, 0x0926, 0x0906,
    0x1146, 0x1988, 0x5B8F, 0x7473, 0x328B, 0x0105, 0x00C4, 0x00E4,
    0x0925, 0x3AAB, 0x84F5, 0x53B0, 0x1A0A, 0x1A0A, 0x11EA, 0x11CA,
    0x11CA, 0x11CA, 0x11EA, 0x11CA, 0x11CA, 0x11CA, 0x11CA, 0x11EA,
    0x11EA, 0x11EA, 0x11EA, 0x11EA, 0x11EA, 0x11EA, 0x11EA, 0x11EA,
    0x11EA, 0x11EA, 0x11C9, 0x11C9, 0x11C9, 0x11C9, 0x11CA, 0x11EA,
    0x11CA, 0x11CA, 0x11CA, 0x11CA, 0x11CA, 0x11CA, 0x11CA, 0x11CA,
    0x11CA, 0x11CA, 0x11CA, 0x11CA, 0x11CA, 0x11CA, 0x11CA, 0x11CA,
    0x11CA, 0x11CA, 0x11EA, 0x11EA, 0x11EA, 0x11CA, 0x11CA, 0x09C9,
    0x09C9, 0x11CA, 0x11CA, 0x11EA, 0x11C9, 0x11CA, 0x11CA, 0x11EA,
    0x11EA, 0x11EA, 0x11CA, 0x11CA, 0x11CA, 0x11CA, 0x11CA, 0x11CA,
    0x11CA, 0x11CA, 0x11CA, 0x11CA, 0x11EA, 0x11EA, 0x11EA, 0x11EA,
    0x11EA, 0x11CA, 0x11CA, 0x11CA, 0x09CA, 0x09CA, 0x09CA, 0x09CA,
    0x09CA, 0x09CA, 0x09CA, 0x09CA, 0x09CA, 0x11EA, 0x11CA, 0x11CA,
    0x09C9, 0x09C9, 0x09C9, 0x09C9, 0x09A9, 0x09C9, 0x09C9, 0x09A9,
    0x09C9, 0x09A9, 0x09A8, 0x6C93, 0x9DD8, 0xA5F7, 0xC6DA, 0xAE58,
    0x7CD2, 0x8D54, 0xA618, 0x6C72, 0x224A, 0x11C9, 0x09A8, 0x09A8,
    0x0947, 0x0126, 0x0926, 0x1187, 0x5B0C, 0x21A8, 0x11A8, 0x1188,
    0x224B, 0x1A2B, 0x1A2B, 0x1A0B, 0x2A8C, 0x6CB4, 0x9DD8, 0xA5F8,
    0xAE18, 0xB639, 0xB67A, 0xB67A, 0x9DB7, 0x3AED, 0x222B, 0x228C,
    0x228C, 0x228C, 0x4B90, 0x6C73, 0x7C93, 0x6BD0, 0x1946, 0x00C4,
    0x0905, 0x1125, 0x1125, 0x0905, 0x0905, 0x1125, 0x1105, 0x08C4,
    0x08C4, 0x08E4, 0x08C4, 0x08C4, 0x1105, 0x1125, 0x1125, 0x08E4,
    0x08E4, 0x0904, 0x0905, 0x1125, 0x1105, 0x1125, 0x1125, 0x1145,
    0x1145, 0x1145, 0x1946, 0x1966, 0x1967, 0x1966, 0x1967, 0x1967,
    0x1967, 0x1967, 0x21A8, 0x4B2E, 0x6C31, 0x2A6A, 0x0945, 0x4B4D,
    0x7492, 0x4B4D, 0x0925, 0x0905, 0x19A8, 0x19C9, 0x2A6C, 0x4BB1,
    0x53D1, 0x4B90, 0x32AD, 0x32AD, 0x74D4, 0x9597, 0x8D56, 0x6411,
    0x32AC, 0x224B, 0x224B, 0x1A0B, 0x224B, 0x3ACD, 0x2A6C, 0x21E8,
    0x2A08, 0x3249, 0x3228, 0x4AC9, 0xB5D5, 0xC616, 0xDEB8, 0xE6F9,
    0xCE76, 0xB593, 0x8C6E, 0x842E, 0xEF7C, 0xFFFF, 0xFFFE, 0xFFFE,
    0xFFFE, 0xFFFE, 0xFFFF, 0xFFFF, 0xFFFF, 0xFFFF, 0xFFFF, 0xFFFF,
    0xFFFF, 0xFFFF, 0xFFFF, 0xFFFF, 0xFFFF, 0xFFFF, 0xFFFF, 0xFFFF,
    0xFFFE, 0xFFFE, 0xFFFE, 0xFFFE, 0xFFFE, 0xFFFF, 0xD6B9, 0x9CB0,
    0xC615, 0xCE56, 0xB572, 0xAD32, 0x5288, 0x2964, 0x18E3, 0x29A6,
    0x8CB2, 0x8CB2, 0x73EF, 0x73EF, 0x7430, 0x7430, 0x6BEF, 0x534D,
    0x2A29, 0x0925, 0x4AEC, 0x63AF, 0x4AEC, 0x5B6D, 0x6BEF, 0x5B4D,
    0x5B4D, 0x530C, 0x1986, 0x1966, 0x19A7, 0x1987, 0x1987, 0x1966,
    0x1166, 0x1145, 0x1145, 0x1146, 0x1145, 0x4B2C, 0xBE79, 0xBE79,
    0x5B6D, 0x1145, 0x1986, 0x5B4D, 0xBE59, 0xDF3C, 0xCEBA, 0x7C30,
    0x1945, 0x1124, 0x1125, 0x1945, 0x6BCF, 0xCEFB, 0xD6FB, 0xCE99,
    0xA595, 0x42AA, 0x1124, 0x1124, 0x1104, 0x3A69, 0xB638, 0xCEDB,
    0xADF7, 0x63CE, 0x3AAA, 0x536D, 0xA5B6, 0xCEFB, 0xADF7, 0x42AB,
    0x1145, 0x1166, 0x1125, 0x1125, 0x1946, 0x1146, 0x1125, 0x532D,
    0xBE58, 0xB617, 0x7C51, 0x7471, 0xB618, 0xB5F7, 0x530B, 0x1104,
    0x3249, 0x7472, 0x84D3, 0x7C91, 0x9554, 0xBE58, 0x9555, 0x4B2D,
    0x326A, 0x1166, 0x9555, 0xD73C, 0xBE79, 0x7450, 0x8D13, 0xC6DB,
    0xADF8, 0x2A49, 0x2A29, 0xB659, 0xD71B, 0xA5B5, 0x7471, 0xAE18,
    0xC6BB, 0xCEFB, 0x63F0, 0x0966, 0x84F3, 0xDF7D, 0xCEBA, 0xA5B6,
    0x84D3, 0x8CF4, 0xB618, 0xC699, 0xADF7, 0x326A, 0x0105, 0x536E,
    0xB618, 0xCEDB, 0xB618, 0x9534, 0x7C92, 0x8CF3, 0xB638, 0xC6BA,
    0xADD6, 0x3249, 0x42EC, 0x7CD3, 0x2A29, 0x1186, 0x6C31, 0x63F0,
    0x0946, 0x1166, 0x2A08, 0x21C7, 0x0925, 0x00C4, 0x00A5, 0x00A5,
    0x0085, 0x00A5, 0x00A5, 0x00A4, 0x0084, 0x0084, 0x00A4, 0x0084,
    0x0084, 0x00A4, 0x00C4, 0x1146, 0x2A09, 0x3A8C, 0x1988, 0x00E5,
    0x536F, 0x4B6F, 0x222B, 0x1A4B, 0x224B, 0x1A4B, 0x1A2B, 0x1A2B,
    0x1A2B, 0x1A0A, 0x1A0A, 0x1A0A, 0x19EA, 0x11CA, 0x11EA, 0x11CA,
    0x11CA, 0x11C9, 0x11C9, 0x11CA, 0x11CA, 0x19CA, 0x19CA, 0x19EA,
    0x19EA, 0x19EA, 0x19EA, 0x19CA, 0x1188, 0x0927, 0x1167, 0x21E8,
    0x1967, 0x00A4, 0x1966, 0x1967, 0x3A4A, 0x3A6A, 0x0904, 0x1146,
    0x1967, 0x3A4A, 0x1966, 0x08E4, 0x1986, 0x1966, 0x530C, 0x3A49,
    0x0904, 0x1966, 0x21A7, 0x534D, 0x29E8, 0x1125, 0x1987, 0x1168,
    0x1968, 0x1968, 0x1188, 0x1988, 0x11A8, 0x19A8, 0x1188, 0x1167,
    0x4B0E, 0x7CD4, 0x4B4E, 0x0946, 0x0926, 0x1167, 0x1967, 0x5B8F,
    0x7473, 0x2A4A, 0x19A8, 0x3ACC, 0x2A2A, 0x00C4, 0x328B, 0x74B4,
    0x2A8B, 0x11E9, 0x120A, 0x11E9, 0x11EA, 0x11EA, 0x11CA, 0x11CA,
    0x11C9, 0x11C9, 0x11C9, 0x11EA, 0x11CA, 0x11EA, 0x11EA, 0x11EA,
    0x11EA, 0x11EA, 0x11EA, 0x11EA, 0x11E9, 0x11CA, 0x11C9, 0x11C9,
    0x11C9, 0x11C9, 0x11CA, 0x11CA, 0x11CA, 0x11CA, 0x11CA, 0x11C9,
    0x11CA, 0x11CA, 0x11C9, 0x11C9, 0x11C9, 0x11CA, 0x11CA, 0x11CA,
    0x11CA, 0x11CA, 0x11CA, 0x11C9, 0x11EA, 0x11CA, 0x120A, 0x1A0B,
    0x11CA, 0x11CA, 0x11CA, 0x11C9, 0x09C9, 0x09A9, 0x11CA, 0x11CA,
    0x11C9, 0x11C9, 0x11CA, 0x11CA, 0x11CA, 0x11CA, 0x11CA, 0x11CA,
    0x11CA, 0x11CA, 0x11CA, 0x11CA, 0x11EA, 0x11CA, 0x11CA, 0x11CA,
    0x11EA, 0x11EA, 0x11EA, 0x11EA, 0x11EA, 0x11EA, 0x11EA, 0x11CA,
    0x11CA, 0x09CA, 0x09CA, 0x09CA, 0x09CA, 0x09CA, 0x09CA, 0x09CA,
    0x09CA, 0x11EA, 0x11EA, 0x11C9, 0x09C9, 0x11C9, 0x09C9, 0x11C9,
    0x09A9, 0x09C9, 0x09C9, 0x09A9, 0x11C9, 0x0188, 0x32CD, 0x9DF8,
    0x9DB7, 0x6C30, 0x84B2, 0xBE79, 0xC69A, 0xC679, 0xBE59, 0x7CB3,
    0x2A6A, 0x11C9, 0x11A8, 0x0988, 0x0947, 0x0106, 0x0926, 0x1187,
    0x5B2C, 0x2A29, 0x220A, 0x11A8, 0x224B, 0x1A2B, 0x1A2B, 0x1A2A,
    0x2A6C, 0x74D4, 0xBEDB, 0xCEFC, 0xCEFB, 0xC679, 0xB638, 0xC679,
    0xB639, 0x4B4E, 0x222A, 0x2AAC, 0x228C, 0x436F, 0x6C73, 0x84B4,
    0x5B90, 0x1106, 0x21C8, 0x6BF0, 0x7C72, 0x7472, 0x7472, 0x7472,
    0x7C72, 0x7C72, 0x7C52, 0x7452, 0x7C72, 0x7C72, 0x7C72, 0x7C92,
    0x84B3, 0x84B3, 0x84B3, 0x84D3, 0x84B3, 0x84B3, 0x8CF4, 0x8CF4,
    0x84D4, 0x84D3, 0x7CB3, 0x7C92, 0x7C92, 0x7C92, 0x7472, 0x7451,
    0x7492, 0x7492, 0x7472, 0x7C93, 0x7C93, 0x7C72, 0x7CB3, 0x6C31,
    0x21E8, 0x0945, 0x538E, 0x7492, 0x430C, 0x08E5, 0x0906, 0x19C9,
    0x220A, 0x1A0A, 0x220B, 0x1188, 0x0967, 0x21EA, 0x328D, 0x2A6C,
    0x434F, 0x5BF1, 0x4B6F, 0x2A6B, 0x224B, 0x224B, 0x224C, 0x222B,
    0x1A2A, 0x19EA, 0x19E9, 0x2209, 0x2209, 0x21E8, 0x1987, 0x42AA,
    0xC658, 0xCE57, 0xDED9, 0xEF3A, 0xEF3A, 0xDEB8, 0xBDB4, 0x8C2E,
    0xDED9, 0xFFFF, 0xFFFE, 0xFFFE, 0xFFFE, 0xFFFE, 0xFFFE, 0xFFFE,
    0xFFFE, 0xFFFE, 0xFFFE, 0xFFFE, 0xFFFE, 0xFFFE, 0xFFFE, 0xFFFE,
    0xFFFE, 0xFFFE, 0xFFFE, 0xFFFE, 0xFFFE, 0xFFFE, 0xFFFE, 0xFFFE,
    0xFFFE, 0xFFFE, 0xC5F6, 0xCE36, 0xEF3A, 0xE6F9, 0xCE57, 0xB593,
    0x842E, 0x6B6C, 0x10E3, 0x08A2, 0x0082, 0x00A2, 0x0082, 0x0061,
    0x0061, 0x0082, 0x0061, 0x0021, 0x00C3, 0x4B0C, 0x4B0C, 0x0904,
    0x21A7, 0x5B6E, 0x3208, 0x08C3, 0x42AB, 0x7C52, 0x7C72, 0x7472,
    0x7C93, 0x7C92, 0x7C92, 0x7C93, 0x7C93, 0x7CB3, 0x84B3, 0x84D3,
    0x84F4, 0x8D34, 0xBE9A, 0xC6BA, 0x84B2, 0x7C92, 0x84B3, 0x84B2,
    0x9D75, 0xCEFB, 0xDF5C, 0x9514, 0x7431, 0x8492, 0x7C71, 0x7451,
    0x7C92, 0xBE58, 0xE77C, 0xDF1B, 0x8CD2, 0x7430, 0x7C71, 0x7C72,
    0x7C72, 0x7C92, 0x9D76, 0xC6BA, 0xD73C, 0xCEDA, 0xBE79, 0xC6BA,
    0xDF3C, 0xBE38, 0x8CF3, 0x84B3, 0x84D3, 0x84D3, 0x8CF4, 0x8CF4,
    0x84F4, 0x84D3, 0x84D3, 0x8CD3, 0x9D96, 0xCEDB, 0xD73C, 0xD73C,
    0xC6BA, 0x8CD2, 0x7C51, 0x7CB3, 0x8D55, 0xC6FB, 0xDF7D, 0xDF5C,
    0xDF5D, 0xDF5C, 0x84D2, 0x21A7, 0x0925, 0x3A8A, 0x7CB2, 0xAE17,
    0xC6BA, 0xD6FB, 0xDF5C, 0xC6DB, 0x6C10, 0x1987, 0x19A7, 0x538E,
    0xB638, 0xCEDA, 0xD73B, 0xDF7D, 0xDF7D, 0xADB6, 0x2A09, 0x1146,
    0x2A08, 0x8CF4, 0xCEDB, 0xD71B, 0xD71C, 0xD73C, 0xDF5C, 0xDF5C,
    0xADF7, 0x21E8, 0x0925, 0x2209, 0x63AF, 0xBE58, 0xD6FB, 0xD71B,
    0xDF3B, 0xDF5C, 0xDF7C, 0xE77D, 0xDF5C, 0x7430, 0x0104, 0x3ACC,
    0x7CB3, 0x326A, 0x0966, 0x5BF0, 0x74B3, 0x538E, 0x4B0C, 0x42EC,
    0x4AEC, 0x4AED, 0x4AED, 0x4B0E, 0x4B2E, 0x42ED, 0x42CD, 0x4B0D,
    0x4B0D, 0x4B0D, 0x532E, 0x534E, 0x532E, 0x4B2E, 0x4AED, 0x19A8,
    0x0043, 0x00E5, 0x1987, 0x0926, 0x21E9, 0x2A4B, 0x224B, 0x224B,
    0x1A4B, 0x1A2B, 0x1A2B, 0x1A2B, 0x1A2B, 0x1A0B, 0x1A0A, 0x19EA,
    0x19EA, 0x19EA, 0x19EA, 0x11CA, 0x11CA, 0x11C9, 0x11C9, 0x11A9,
    0x11A9, 0x11C9, 0x11C9, 0x11CA, 0x11CA, 0x11CA, 0x11CA, 0x11C9,
    0x0988, 0x0106, 0x0906, 0x1147, 0x1167, 0x1147, 0x1167, 0x1167,
    0x2A0A, 0x21A8, 0x1146, 0x1146, 0x1127, 0x1968, 0x1988, 0x1146,
    0x1146, 0x21C8, 0x7411, 0x530D, 0x1125, 0x1125, 0x1987, 0x29E8,
    0x21C8, 0x1987, 0x1968, 0x1968, 0x1968, 0x1168, 0x1168, 0x1188,
    0x19A9, 0x1989, 0x1188, 0x1168, 0x1147, 0x42ED, 0x7CD4, 0x538F,
    0x1146, 0x0906, 0x1167, 0x19A8, 0x3AAC, 0x21E9, 0x0105, 0x220A,
    0x324B, 0x1147, 0x0926, 0x4B4E, 0x2A8C, 0x11C9, 0x11C9, 0x11CA,
    0x11C9, 0x11CA, 0x11A9, 0x11A9, 0x11A9, 0x11A9, 0x11C9, 0x11CA,
    0x11C9, 0x09C9, 0x11C9, 0x11C9, 0x11EA, 0x11CA, 0x11EA, 0x11EA,
    0x11EA, 0x11CA, 0x11C9, 0x11C9, 0x11C9, 0x11EA, 0x11C9, 0x11CA,
    0x11C9, 0x09A9, 0x09A9, 0x09A9, 0x09A9, 0x11C9, 0x11C9, 0x11C9,
    0x11C9, 0x11C9, 0x11C9, 0x11A9, 0x11A9, 0x11C9, 0x11CA, 0x11CA,
    0x11EA, 0x11EA, 0x11EA, 0x11EA, 0x11CA, 0x11C9, 0x11C9, 0x11C9,
    0x11C9, 0x09A9, 0x11A9, 0x11C9, 0x11C9, 0x11C9, 0x11CA, 0x11CA,
    0x11CA, 0x11CA, 0x11EA, 0x11EA, 0x11EA, 0x11EA, 0x11EA, 0x11EA,
    0x11CA, 0x11C9, 0x11CA, 0x11CA, 0x11CA, 0x11EA, 0x11EA, 0x11EA,
    0x11EA, 0x11EA, 0x11EA, 0x11CA, 0x09C9, 0x09C9, 0x09A9, 0x09A9,
    0x09A9, 0x11CA, 0x11EA, 0x11EA, 0x11C9, 0x11CA, 0x11CA, 0x11CA,
    0x11CA, 0x11CA, 0x11CA, 0x11C9, 0x11C9, 0x09C9, 0x09C9, 0x09A9,
    0x11CA, 0x0988, 0x2A6B, 0xA619, 0xB69A, 0x84F2, 0x2A28, 0x534D,
    0xBE59, 0xD6FB, 0xC699, 0x7CB2, 0x2A69, 0x11C8, 0x0988, 0x0988,
    0x0947, 0x0106, 0x0926, 0x1167, 0x52EB, 0x21E9, 0x11C9, 0x0988,
    0x1A2B, 0x1A0A, 0x1A2A, 0x222B, 0x222A, 0x32AC, 0x8515, 0xAE38,
    0x7451, 0x3A6A, 0x3249, 0x3A8B, 0x2A4A, 0x19E9, 0x222A, 0x2A8B,
    0x53B0, 0x7473, 0x84B4, 0x5B6F, 0x1125, 0x322A, 0x7411, 0x9535,
    0x9D96, 0x9535, 0x8D35, 0x9555, 0x9555, 0x9555, 0x9535, 0x8D14,
    0x84D3, 0x84B3, 0x7C92, 0x7472, 0x7472, 0x7451, 0x7451, 0x7451,
    0x7C72, 0x7C92, 0x7451, 0x7411, 0x5B6E, 0x326A, 0x2A08, 0x21E8,
    0x21C7, 0x21C8, 0x19E8, 0x19C7, 0x19C7, 0x19C7, 0x19C7, 0x19C7,
    0x19C8, 0x21C8, 0x21C7, 0x0925, 0x19A7, 0x5BCF, 0x7472, 0x42CC,
    0x00C4, 0x0926, 0x19C9, 0x220A, 0x222B, 0x224B, 0x11C9, 0x00A5,
    0x0084, 0x0926, 0x220A, 0x222B, 0x19EA, 0x19EA, 0x19EA, 0x222B,
    0x224B, 0x224B, 0x1A0B, 0x19EA, 0x11A9, 0x11A8, 0x1188, 0x11A8,
    0x11A8, 0x19A8, 0x2A2A, 0x6BF0, 0xC679, 0xDEFA, 0xE71A, 0xEF7B,
    0xEF5B, 0xE71A, 0xCE57, 0xCE57, 0xFFFE, 0xFFFF, 0xFFFF, 0xFFFF,
    0xFFFF, 0xFFFF, 0xFFFF, 0xFFFF, 0xFFFF, 0xFFFF, 0xFFFF, 0xFFFF,
    0xFFFF, 0xFFFF, 0xFFFF, 0xFFFF, 0xFFFF, 0xFFFF, 0xFFFF, 0xFFFF,
    0xFFFF, 0xFFFF, 0xFFFF, 0xFFFF, 0xFFFF, 0xFFFF, 0xE71B, 0xE6FA,
    0xF77C, 0xEF5B, 0xEF5B, 0xD6B9, 0xD6D9, 0xADB6, 0x638E, 0x638E,
    0x5B4D, 0x5B4E, 0x5B6E, 0x5B4D, 0x5B4D, 0x5B4D, 0x5B4E, 0x5B8F,
    0x6BF0, 0x42EC, 0x0905, 0x2A09, 0x63AF, 0x2A09, 0x1146, 0x530D,
    0x8493, 0x8D15, 0x8493, 0x84B3, 0x84D3, 0x8CD3, 0x8CF3, 0x84D3,
    0x7C92, 0x7472, 0x7C72, 0x7452, 0x5BAF, 0x6C31, 0xA5F7, 0xADF7,
    0x63CF, 0x326A, 0x21E7, 0x21C7, 0x3249, 0x7430, 0x9554, 0x532C,
    0x21C7, 0x29E7, 0x29E8, 0x29E8, 0x21C7, 0x5B4D, 0x9D34, 0x8CB2,
    0x3A48, 0x21A6, 0x21C7, 0x21A7, 0x21C7, 0x21A7, 0x21A6, 0x428A,
    0x8492, 0xADD6, 0xADF7, 0xA5D7, 0x7450, 0x2A08, 0x1986, 0x21C7,
    0x21C7, 0x21E8, 0x29C8, 0x21C7, 0x21C7, 0x21A7, 0x21A7, 0x1966,
    0x2186, 0x638E, 0x8D13, 0x8CD2, 0x530C, 0x1965, 0x1986, 0x1987,
    0x29E8, 0x6C10, 0x8CF3, 0x8492, 0x8492, 0x7C50, 0x3228, 0x1125,
    0x4AEC, 0x534D, 0x19A6, 0x3249, 0x7C92, 0xADF7, 0x9D75, 0x5B8E,
    0x19A7, 0x1987, 0x21C8, 0x19A7, 0x326A, 0x4B0C, 0x63CF, 0x8CB3,
    0x7451, 0x3249, 0x1187, 0x19A8, 0x1146, 0x1166, 0x3A8A, 0x534D,
    0x63AF, 0x6C10, 0x7C71, 0x7C71, 0x5B6E, 0x1187, 0x19A8, 0x1988,
    0x1967, 0x2A08, 0x42AB, 0x636E, 0x6BCF, 0x7410, 0x8491, 0x8CD2,
    0x94F3, 0x9534, 0x5B8E, 0x0945, 0x328B, 0x7493, 0x328B, 0x0105,
    0x430D, 0x6C31, 0x7451, 0x7451, 0x6C31, 0x6C10, 0x6410, 0x6411,
    0x6411, 0x63F0, 0x5BD0, 0x63F0, 0x63D0, 0x5BAF, 0x5BAF, 0x5BD0,
    0x6C10, 0x84F4, 0x9556, 0x6C31, 0x324A, 0x2A0A, 0x21C9, 0x1168,
    0x2A4B, 0x3AED, 0x222A, 0x1A0A, 0x1A2B, 0x1A0A, 0x1A0A, 0x1A0A,
    0x1A0A, 0x1A0B, 0x19EA, 0x19E9, 0x11C9, 0x11CA, 0x19CA, 0x11C9,
    0x11C9, 0x11C9, 0x11A9, 0x11C9, 0x11C9, 0x11C9, 0x11C9, 0x11CA,
    0x11CA, 0x11C9, 0x11E9, 0x11EA, 0x11A9, 0x0927, 0x00E6, 0x0106,
    0x0906, 0x1147, 0x1167, 0x1147, 0x1167, 0x19C8, 0x1146, 0x1147,
    0x1147, 0x1168, 0x1988, 0x1988, 0x1168, 0x1967, 0x5B6F, 0x9535,
    0x534E, 0x1125, 0x0925, 0x1987, 0x19A8, 0x19A9, 0x1988, 0x1989,
    0x1968, 0x1968, 0x1168, 0x1168, 0x1988, 0x1988, 0x1988, 0x1968,
    0x1168, 0x1147, 0x3AAC, 0x7CB3, 0x5BD0, 0x1146, 0x00E5, 0x1988,
    0x4B2E, 0x2A4B, 0x0083, 0x0084, 0x0926, 0x1147, 0x1147, 0x19A9,
    0x1A0A, 0x11C9, 0x11C9, 0x1A0A, 0x224B, 0x224B, 0x224B, 0x222B,
    0x19EA, 0x19C9, 0x11A9, 0x11A9, 0x11C9, 0x11C9, 0x11C9, 0x11C9,
    0x11E9, 0x11E9, 0x11C9, 0x11C9, 0x11C9, 0x11CA, 0x11CA, 0x11CA,
    0x11EA, 0x11EA, 0x11C9, 0x11C9, 0x11CA, 0x222B, 0x2A6C, 0x226C,
    0x2A6C, 0x226C, 0x1A0A, 0x11C9, 0x11A9, 0x11A9, 0x11CA, 0x11C9,
    0x11A9, 0x11C9, 0x11C9, 0x11EA, 0x11EA, 0x11EA, 0x11EA, 0x11EA,
    0x11CA, 0x11C9, 0x11C9, 0x11CA, 0x11C9, 0x11C9, 0x11A9, 0x11CA,
    0x1A2B, 0x1A0A, 0x11EA, 0x19EA, 0x19EA, 0x19EA, 0x19EA, 0x19EA,
    0x19EA, 0x11EA, 0x11EA, 0x11CA, 0x11CA, 0x11CA, 0x11CA, 0x11CA,
    0x11CA, 0x11EA, 0x11EA, 0x11EA, 0x11EA, 0x11EA, 0x11EA, 0x11EA,
    0x11EA, 0x11EA, 0x11EA, 0x1A2B, 0x1A0A, 0x11EA, 0x11EA, 0x11EA,
    0x11C9, 0x11E9, 0x11CA, 0x11CA, 0x11CA, 0x11CA, 0x11C9, 0x11C9,
    0x09C9, 0x09C9, 0x09A9, 0x09A9, 0x09A9, 0x09C9, 0x0147, 0x4B6F,
    0xA618, 0x7C92, 0x2A6A, 0x1166, 0x42CB, 0xA5B6, 0xA5B6, 0x538E,
    0x1A09, 0x11C8, 0x0968, 0x0968, 0x0927, 0x0106, 0x0926, 0x1167,
    0x530C, 0x21E8, 0x11A8, 0x0988, 0x1A2B, 0x1A0A, 0x1A2A, 0x222A,
    0x222A, 0x1A09, 0x32AB, 0x538E, 0x328A, 0x2A4A, 0x32AC, 0x32AC,
    0x2A8B, 0x2A8B, 0x430D, 0x6411, 0x7CB4, 0x7473, 0x42CC, 0x0905,
    0x3A6A, 0x7472, 0x8CF4, 0x9D75, 0x9514, 0x7C72, 0x5B4E, 0x4B0D,
    0x5B6E, 0x6C11, 0x63AF, 0x42AC, 0x324A, 0x322A, 0x322A, 0x29E9,
    0x21C8, 0x21C8, 0x21C9, 0x21C9, 0x21E9, 0x21C8, 0x1988, 0x1126,
    0x00A3, 0x19A7, 0x4B2D, 0x5B8F, 0x5BAF, 0x5BAF, 0x63AF, 0x63D0,
    0x63D0, 0x63F0, 0x6BF0, 0x63D0, 0x63D0, 0x63F0, 0x6410, 0x6C51,
    0x84F4, 0x7472, 0x3A8A, 0x00E4, 0x0926, 0x19C9, 0x19E9, 0x1A0A,
    0x224B, 0x3B0E, 0x436F, 0x2A6B, 0x19A8, 0x220A, 0x2A6C, 0x222B,
    0x1A0A, 0x1A2B, 0x1A2B, 0x11EA, 0x11C9, 0x19EA, 0x1A0A, 0x222A,
    0x328C, 0x3ACC, 0x3AAC, 0x3ACC, 0x432E, 0x5BD0, 0x7CB3, 0x84B3,
    0x7C71, 0x5B0B, 0x6BAD, 0x9D12, 0xAD94, 0xB5D5, 0xAD95, 0xBDF6,
    0xE71B, 0xE73B, 0xE73C, 0xE73C, 0xE71B, 0xE73B, 0xE73C, 0xEF5D,
    0xEF7D, 0xEF7D, 0xEF7D, 0xF79D, 0xF79D, 0xF7BE, 0xF79D, 0xEF7D,
    0xF79E, 0xEF5D, 0xDEDB, 0xD6BA, 0xCE79, 0xCE79, 0xD69A, 0xD6BA,
    0xBDF7, 0x94B2, 0x842F, 0x842F, 0x844F, 0x842F, 0x73CE, 0x73EE,
    0x73CE, 0x638E, 0x63AE, 0x63CF, 0x63AF, 0x63AF, 0x63AF, 0x63AF,
    0x63AF, 0x63AF, 0x63AF, 0x63AF, 0x3A8B, 0x0905, 0x328A, 0x5BAF,
    0x21E8, 0x1967, 0x534E, 0x7432, 0x5B4F, 0x322A, 0x2A09, 0x2A09,
    0x2A09, 0x2A09, 0x21E9, 0x21C8, 0x21E9, 0x21C8, 0x21C8, 0x19A8,
    0x19A8, 0x21C8, 0x324A, 0x21C8, 0x0083, 0x1146, 0x4AEC, 0x5BAF,
    0x5B8E, 0x63CF, 0x6BEF, 0x63AE, 0x5B8E, 0x63AE, 0x63AE, 0x638E,
    0x63AE, 0x6BCE, 0x6BCE, 0x638D, 0x5B6D, 0x5B4D, 0x534D, 0x5B6E,
    0x5B8E, 0x5B8E, 0x638E, 0x5B6D, 0x63CF, 0x6BEF, 0x6C10, 0x6C10,
    0x63AF, 0x5B8E, 0x5B8E, 0x5B8E, 0x63AF, 0x63AF, 0x63CF, 0x63AF,
    0x63AF, 0x63AF, 0x63CF, 0x63CF, 0x63CF, 0x6BCF, 0x63CF, 0x63AF,
    0x63CF, 0x6C10, 0x7431, 0x7431, 0x7410, 0x7410, 0x7431, 0x7C51,
    0x7C71, 0x7450, 0x7C92, 0x84D3, 0x4B0D, 0x1145, 0x19C7, 0x536D,
    0x6430, 0x42EB, 0x21E7, 0x21E7, 0x21E8, 0x21C9, 0x21A8, 0x21C8,
    0x1146, 0x0926, 0x08E5, 0x0905, 0x1987, 0x2209, 0x19C8, 0x1988,
    0x19C8, 0x2A2A, 0x2A4A, 0x11A8, 0x0926, 0x0926, 0x0905, 0x1146,
    0x1187, 0x19C9, 0x19C9, 0x1147, 0x21C9, 0x1188, 0x00C5, 0x0926,
    0x1146, 0x1126, 0x1126, 0x1946, 0x1966, 0x3A8B, 0x7C93, 0x63F0,
    0x1186, 0x2A29, 0x6C52, 0x4B2D, 0x19A8, 0x1987, 0x1166, 0x1987,
    0x1987, 0x1987, 0x1987, 0x1986, 0x1166, 0x1166, 0x1986, 0x1186,
    0x1166, 0x1166, 0x1166, 0x1166, 0x00E4, 0x0905, 0x534E, 0x8D35,
    0x9556, 0x7C93, 0x3A8C, 0x1147, 0x328C, 0x7CB4, 0x53B0, 0x1A0A,
    0x120A, 0x1A2A, 0x1A0A, 0x19E9, 0x19EA, 0x11CA, 0x11C9, 0x11C9,
    0x11A9, 0x11A9, 0x11A9, 0x11A9, 0x11A9, 0x11C9, 0x11A9, 0x11A9,
    0x11C9, 0x11C9, 0x11C9, 0x11CA, 0x11EA, 0x11C9, 0x11EA, 0x19EA,
    0x19EA, 0x11A9, 0x1188, 0x19A9, 0x0947, 0x0927, 0x1168, 0x0906,
    0x0926, 0x1967, 0x0905, 0x0926, 0x1167, 0x1168, 0x1168, 0x1168,
    0x1188, 0x1988, 0x19A8, 0x63CF, 0x8D35, 0x63AF, 0x1966, 0x0906,
    0x1168, 0x1988, 0x1988, 0x1988, 0x1988, 0x1968, 0x1168, 0x1969,
    0x1989, 0x19A9, 0x19A8, 0x1188, 0x1988, 0x1988, 0x1167, 0x32AB,
    0x7CB3, 0x6C31, 0x21A8, 0x00C5, 0x538F, 0x7CB4, 0x3AAC, 0x21E9,
    0x19A8, 0x1167, 0x1168, 0x1148, 0x19A9, 0x224B, 0x3AEE, 0x432F,
    0x4B6F, 0x5C11, 0x7CD4, 0x8D15, 0x84D4, 0x7452, 0x538F, 0x2A8B,
    0x11C9, 0x11C9, 0x11EA, 0x11C9, 0x11C9, 0x11CA, 0x11C9, 0x11EA,
    0x11EA, 0x19EA, 0x11CA, 0x11EA, 0x11EA, 0x11EA, 0x1A0A, 0x224B,
    0x226C, 0x32EE, 0x4B70, 0x6C52, 0x8536, 0x8515, 0x7473, 0x53B0,
    0x32AC, 0x19EA, 0x11CA, 0x11CA, 0x11C9, 0x11C9, 0x11C9, 0x11C9,
    0x11EA, 0x11C9, 0x11C9, 0x11CA, 0x11EA, 0x11EA, 0x11EA, 0x11A9,
    0x0968, 0x0948, 0x0947, 0x0148, 0x0989, 0x0988, 0x0968, 0x0968,
    0x0988, 0x0988, 0x11A9, 0x11C9, 0x11CA, 0x11CA, 0x11EA, 0x11CA,
    0x11CA, 0x11CA, 0x11C9, 0x11C9, 0x11C9, 0x11CA, 0x11EA, 0x11EA,
    0x11EA, 0x11EA, 0x11EA, 0x11EA, 0x1A0B, 0x19EA, 0x32AD, 0x6453,
    0x6C94, 0x5C12, 0x4B4F, 0x226B, 0x120A, 0x11EA, 0x11EA, 0x11CA,
    0x11CA, 0x11CA, 0x11CA, 0x11CA, 0x09C9, 0x09A9, 0x09C9, 0x09A9,
    0x09A9, 0x09C9, 0x09A9, 0x0967, 0x21E9, 0x2A09, 0x19E9, 0x19C8,
    0x2A29, 0x7431, 0x84B3, 0x536E, 0x2A4A, 0x19C8, 0x11A8, 0x11A9,
    0x0947, 0x0106, 0x0926, 0x1167, 0x530C, 0x19C8, 0x11A8, 0x11A9,
    0x2A8C, 0x2A8C, 0x224B, 0x1A0A, 0x222A, 0x3ACC, 0x538F, 0x6410,
    0x7492, 0x8514, 0x8D35, 0x8535, 0x8D35, 0x8D35, 0x9597, 0x9D97,
    0x7453, 0x324A, 0x00C4, 0x3A8B, 0x7452, 0x8CF4, 0x9535, 0x7C72,
    0x534D, 0x4B0D, 0x3AAC, 0x324B, 0x3A8C, 0x4AED, 0x42AC, 0x324B,
    0x2A2B, 0x322B, 0x2A0B, 0x29EA, 0x21C9, 0x21CA, 0x21CA, 0x21CA,
    0x21CA, 0x21C9, 0x1968, 0x08E5, 0x2A0A, 0x7432, 0x7C93, 0x63F0,
    0x6C11, 0x6C52, 0x7452, 0x7C93, 0x7C92, 0x7C92, 0x7451, 0x7431,
    0x7431, 0x7430, 0x6C10, 0x6C10, 0x534D, 0x21A6, 0x0082, 0x08E4,
    0x1987, 0x21E9, 0x19E9, 0x19EA, 0x1A2A, 0x3B0E, 0x6C94, 0x7CF5,
    0x7CB4, 0x7493, 0x6C73, 0x4B70, 0x224B, 0x1A2B, 0x1A0A, 0x2A8C,
    0x4B4E, 0x6411, 0x7CB4, 0x8D15, 0x9556, 0x9D76, 0x9576, 0x9D96,
    0xA5D7, 0x9DB6, 0x9554, 0x63CF, 0x1124, 0x0061, 0x3207, 0x6BAD,
    0x6BCE, 0x52EB, 0x530C, 0x5B2C, 0x52CB, 0x4A8A, 0x4AAA, 0x4AAA,
    0x4269, 0x4249, 0x4A8A, 0x52EB, 0x5AEC, 0x5B0C, 0x5B0C, 0x5AEB,
    0x52CB, 0x52EB, 0x4A8A, 0x4229, 0x4229, 0x31C7, 0x2986, 0x31E7,
    0x3A28, 0x4248, 0x4248, 0x4248, 0x39E7, 0x2985, 0x29A5, 0x29A5,
    0x29A6, 0x29A6, 0x29A6, 0x29C6, 0x31E7, 0x31E7, 0x2A08, 0x2A08,
    0x29E8, 0x21C7, 0x2187, 0x21A7, 0x29E8, 0x2A08, 0x29E8, 0x2A08,
    0x326A, 0x536E, 0x5BAF, 0x19C8, 0x21C8, 0x6390, 0x7453, 0x534F,
    0x324B, 0x2A2B, 0x220A, 0x2A0A, 0x324B, 0x3AAC, 0x42CD, 0x3ACD,
    0x2A2B, 0x2A0A, 0x2A0A, 0x21EA, 0x21CA, 0x21C9, 0x1967, 0x00A4,
    0x21A8, 0x6BD1, 0x84F5, 0x8CF5, 0x84D4, 0x84B3, 0x84D3, 0x84F4,
    0x8514, 0x8CF3, 0x8CB2, 0x8CB2, 0x9513, 0x9D34, 0x9533, 0x9D33,
    0x9D34, 0x9D54, 0x9534, 0x8CB2, 0x8471, 0x7C71, 0x8492, 0x7C72,
    0x7C93, 0x7C93, 0x84B3, 0x84D3, 0x84D3, 0x84F4, 0x84F4, 0x8CF4,
    0x8D14, 0x9535, 0x8D15, 0x9555, 0xA5D7, 0xADF8, 0xADF8, 0xADF8,
    0xA5B6, 0xA5B6, 0xADD7, 0xADD7, 0x9D75, 0x9554, 0x9555, 0x8D14,
    0x8D14, 0x84D3, 0x8D14, 0x8D14, 0x8CF3, 0x84B2, 0x7C72, 0x534D,
    0x1125, 0x21C7, 0x5BCF, 0x6410, 0x3AAB, 0x19C8, 0x2A09, 0x2A2A,
    0x2209, 0x21C9, 0x1147, 0x00E5, 0x00E5, 0x1988, 0x1167, 0x0926,
    0x2A2A, 0x328C, 0x19C9, 0x19C9, 0x2A6C, 0x4B4F, 0x5BF2, 0x53D1,
    0x224B, 0x11A9, 0x19A9, 0x19CA, 0x11A9, 0x220A, 0x1147, 0x00A4,
    0x2188, 0x21C8, 0x00C4, 0x0083, 0x0905, 0x21A8, 0x1988, 0x1988,
    0x21C9, 0x1987, 0x326B, 0x7473, 0x6C11, 0x1987, 0x19C8, 0x7493,
    0x8D35, 0x8D14, 0x84F4, 0x8D14, 0x84F4, 0x8CF4, 0x9535, 0x9555,
    0x9576, 0x9555, 0x9515, 0x9514, 0x9535, 0x9556, 0x9D76, 0x9556,
    0x7431, 0x21A8, 0x00A4, 0x326A, 0x534E, 0x326B, 0x1146, 0x00C5,
    0x00C5, 0x3AAC, 0x7CD4, 0x53AF, 0x222A, 0x19C9, 0x1167, 0x1987,
    0x1987, 0x21A8, 0x29E9, 0x29E9, 0x21C9, 0x1988, 0x1967, 0x1967,
    0x1167, 0x0926, 0x1167, 0x19C9, 0x11A9, 0x11A9, 0x11CA, 0x11EA,
    0x19EA, 0x19EA, 0x19EA, 0x1A0B, 0x19EA, 0x19EA, 0x222B, 0x19EA,
    0x2A4B, 0x21A9, 0x00A3, 0x00A3, 0x1966, 0x29C7, 0x1945, 0x0083,
    0x0905, 0x1988, 0x1988, 0x1188, 0x1188, 0x19C8, 0x19A8, 0x21C9,
    0x63F0, 0x9535, 0x6BF0, 0x1987, 0x0906, 0x1168, 0x1968, 0x1188,
    0x19A8, 0x19A8, 0x19A8, 0x1988, 0x1148, 0x1128, 0x1148, 0x1168,
    0x21A9, 0x21CA, 0x21AA, 0x1188, 0x328B, 0x7CB3, 0x7C93, 0x21C8,
    0x1166, 0x6C31, 0x9576, 0x84D4, 0x4B2E, 0x2209, 0x0926, 0x1168,
    0x2A4B, 0x2AAC, 0x3B0E, 0x538F, 0x5BAF, 0x5B8E, 0x63CF, 0x7410,
    0x8471, 0x9534, 0xA597, 0x8D35, 0x5BD0, 0x2A6B, 0x11E9, 0x11C9,
    0x11C9, 0x11C9, 0x11CA, 0x11E9, 0x11EA, 0x19EA, 0x19EA, 0x11EA,
    0x11EA, 0x19EA, 0x1A0A, 0x1A2B, 0x224B, 0x3ACD, 0x4B4E, 0x5B8F,
    0x6BF0, 0x7C72, 0x8CF4, 0x9D96, 0x8D35, 0x5BD0, 0x222B, 0x11CA,
    0x11EA, 0x11C9, 0x11A9, 0x11C9, 0x11C9, 0x11C9, 0x11CA, 0x11CA,
    0x11EA, 0x09A8, 0x0126, 0x1987, 0x3229, 0x3A8A, 0x428A, 0x428A,
    0x42AB, 0x42CB, 0x42AB, 0x3A8B, 0x3A6A, 0x324A, 0x21C8, 0x1146,
    0x1188, 0x11A9, 0x09A9, 0x11CA, 0x11CA, 0x11C9, 0x11CA, 0x11C9,
    0x11C9, 0x11C9, 0x11CA, 0x11CA, 0x09A9, 0x09A9, 0x0988, 0x0947,
    0x00E6, 0x00E5, 0x0906, 0x29E9, 0x5B8E, 0x84D3, 0x9535, 0x7CD4,
    0x436F, 0x1A4B, 0x120A, 0x11EA, 0x09C9, 0x11CA, 0x11CA, 0x11C9,
    0x09C9, 0x09A9, 0x09A9, 0x09A9, 0x09C9, 0x0988, 0x0988, 0x0947,
    0x00A4, 0x0083, 0x00A4, 0x00A4, 0x1946, 0x4AEC, 0x7430, 0x84D3,
    0x7C93, 0x534E, 0x2A4A, 0x21E9, 0x0967, 0x0106, 0x0946, 0x1987,
    0x5B2C, 0x2A29, 0x11A9, 0x19C9, 0x4B6F, 0x3B2E, 0x2A6B, 0x434E,
    0x7493, 0x9556, 0x9D97, 0x9D76, 0x9535, 0x9514, 0x8D14, 0x8CF4,
    0x8CF3, 0x84D3, 0x7431, 0x42EC, 0x1987, 0x0926, 0x3AAC, 0x7452,
    0x84D4, 0x7C72, 0x6BF0, 0x42CC, 0x29E9, 0x21E9, 0x2A2A, 0x324C,
    0x326C, 0x2A0A, 0x2A2B, 0x2A2B, 0x21EA, 0x21CA, 0x21C9, 0x1988,
    0x1988, 0x1168, 0x1988, 0x1988, 0x1147, 0x0927, 0x08E6, 0x2A0B,
    0x63F1, 0x538F, 0x19A8, 0x0925, 0x0925, 0x0905, 0x0905, 0x0905,
    0x00A3, 0x0061, 0x08C2, 0x1904, 0x1904, 0x1904, 0x18E3, 0x18E3,
    0x10C2, 0x10C2, 0x2124, 0x2966, 0x1946, 0x0926, 0x21C9, 0x220A,
    0x220A, 0x224A, 0x32EC, 0x538F, 0x6C32, 0x7CD4, 0x6431, 0x3B0D,
    0x224B, 0x2A8C, 0x5BD1, 0x8515, 0x9576, 0x9555, 0x8CD3, 0x7C51,
    0x7410, 0x73EF, 0x63AE, 0x530B, 0x4ACB, 0x3A8A, 0x21A7, 0x00A3,
    0x00A3, 0x42CB, 0x7C71, 0x7CB2, 0x532D, 0x21C8, 0x21A7, 0x3229,
    0x29E9, 0x2187, 0x1946, 0x1125, 0x2187, 0x21A7, 0x1945, 0x1104,
    0x1104, 0x1924, 0x1103, 0x0882, 0x0882, 0x08A3, 0x10E4, 0x08C4,
    0x00A3, 0x08C4, 0x428B, 0x8492, 0x9514, 0x8CF3, 0x94F3, 0x94F3,
    0x9514, 0x9D34, 0x9513, 0x94F3, 0x9513, 0xA575, 0x9D55, 0x8CD3,
    0x8471, 0x7C50, 0x7C50, 0x8491, 0x8CF3, 0x9D75, 0xA5B6, 0xA5B7,
    0x9D76, 0x8D14, 0x84B3, 0x7CB3, 0x84D3, 0x63AF, 0x1987, 0x2A09,
    0x63B0, 0x7C73, 0x6390, 0x324B, 0x326B, 0x3A8C, 0x4B2E, 0x536F,
    0x42CC, 0x320A, 0x29E9, 0x21C9, 0x1967, 0x1106, 0x08E6, 0x0906,
    0x1126, 0x0906, 0x00E5, 0x29E9, 0x63B0, 0x5B8F, 0x29E9, 0x0906,
    0x0905, 0x0905, 0x0905, 0x08E4, 0x00A3, 0x0882, 0x2124, 0x2964,
    0x31A5, 0x39C6, 0x39E6, 0x3A06, 0x4226, 0x3A26, 0x31C5, 0x2964,
    0x2944, 0x2123, 0x0060, 0x08A3, 0x08E4, 0x0905, 0x0905, 0x0905,
    0x0905, 0x0905, 0x0905, 0x0905, 0x1125, 0x1987, 0x2A09, 0x42EC,
    0x63CE, 0x5B6D, 0x4ACA, 0x4248, 0x31C7, 0x31C6, 0x3A28, 0x52CA,
    0x4AEB, 0x3A49, 0x29E8, 0x29E8, 0x2A09, 0x21E8, 0x2209, 0x21E9,
    0x21C8, 0x21A7, 0x0905, 0x0083, 0x2A08, 0x63F0, 0x5BCF, 0x2249,
    0x21E9, 0x21C9, 0x1126, 0x08E5, 0x08C4, 0x08C3, 0x31E8, 0x4AAB,
    0x2166, 0x1125, 0x1105, 0x0906, 0x2A0A, 0x430E, 0x328C, 0x19EA,
    0x19C9, 0x0926, 0x19A8, 0x2A6B, 0x2A6C, 0x11A9, 0x220B, 0x19C9,
    0x11A9, 0x1147, 0x00A3, 0x4AAB, 0x8471, 0xA533, 0x9CF2, 0x8C50,
    0x4A48, 0x08A2, 0x1987, 0x19A8, 0x19A8, 0x21C9, 0x1188, 0x2A2A,
    0x7452, 0x7472, 0x2229, 0x0925, 0x2A29, 0x3AAB, 0x3ACC, 0x3ACC,
    0x3AAB, 0x3AAC, 0x42CC, 0x4B0C, 0x4AEC, 0x4ACB, 0x4A69, 0x4228,
    0x39E7, 0x31C7, 0x3A28, 0x530C, 0x7C72, 0x7452, 0x29E9, 0x0083,
    0x00C4, 0x00E5, 0x19A8, 0x3A6B, 0x19A8, 0x00C4, 0x4B0D, 0x7472,
    0x21C8, 0x3A29, 0x8C91, 0xBDF6, 0xC617, 0xCE58, 0xD699, 0xD699,
    0xCE99, 0xCE79, 0xC638, 0xC617, 0xC617, 0x94B2, 0x4269, 0x1146,
    0x19C9, 0x11C9, 0x11EA, 0x11EA, 0x19EA, 0x19EA, 0x19EA, 0x19EA,
    0x1A0A, 0x2AAC, 0x224C, 0x3ACE, 0x3ACC, 0x1966, 0x6BAE, 0xB5B5,
    0xD698, 0xDEB9, 0xCE78, 0x94B1, 0x31A6, 0x1125, 0x21C9, 0x19A9,
    0x19A9, 0x19C9, 0x21C9, 0x21C9, 0x2A09, 0x63F0, 0x9535, 0x6C10,
    0x19A8, 0x00E5, 0x0926, 0x0927, 0x08E6, 0x08E5, 0x08E4, 0x1125,
    0x3229, 0x426A, 0x428B, 0x3209, 0x10E5, 0x1105, 0x21A8, 0x21C9,
    0x1187, 0x2A4A, 0x7CB3, 0x7CB3, 0x2209, 0x0925, 0x42EC, 0x5B8F,
    0x3ACC, 0x21E9, 0x328B, 0x328C, 0x2A6C, 0x32CD, 0x430D, 0x3229,
    0x4269, 0x4A89, 0x5B0B, 0x5B0A, 0x5288, 0x4248, 0x52EB, 0x8C92,
    0x9D76, 0x7CB3, 0x430D, 0x19E9, 0x11C9, 0x11C9, 0x11C9, 0x11C9,
    0x19EA, 0x19EA, 0x11EA, 0x120A, 0x11EA, 0x09A9, 0x1189, 0x0968,
    0x1987, 0x3209, 0x52EB, 0x5B0B, 0x530B, 0x4AA9, 0x3207, 0x3A48,
    0x6BEF, 0x8D35, 0x7473, 0x3ACC, 0x1A09, 0x11E9, 0x11A9, 0x11A9,
    0x11C9, 0x11C9, 0x11C9, 0x11C9, 0x0988, 0x0947, 0x6BF0, 0xCE78,
    0xE73A, 0xEF5A, 0xF759, 0xF75A, 0xF75A, 0xF75B, 0xEF5B, 0xEF5B,
    0xEF5A, 0xE719, 0xCE77, 0x8CB1, 0x3208, 0x1187, 0x11A9, 0x11AA,
    0x11A9, 0x11C9, 0x11C9, 0x11CA, 0x11CA, 0x11CA, 0x09AA, 0x0989,
    0x0968, 0x00C6, 0x0084, 0x2187, 0x5B2D, 0x7C10, 0x7C0F, 0x6B8D,
    0x4A89, 0x3207, 0x42AA, 0x7C71, 0x8D15, 0x53B0, 0x224B, 0x120A,
    0x11C9, 0x11A9, 0x11AA, 0x11C9, 0x09C9, 0x09A9, 0x09A9, 0x09A9,
    0x0968, 0x0968, 0x00C5, 0x00A3, 0x29A7, 0x5B0B, 0x7BEE, 0x842F,
    0x73CD, 0x52EA, 0x3227, 0x3A68, 0x6C30, 0x84F3, 0x5BAF, 0x2A4A,
    0x1187, 0x0926, 0x0946, 0x1987, 0x5B2C, 0x21E9, 0x11A9, 0x19C9,
    0x434E, 0x436E, 0x6452, 0x8515, 0x9556, 0x8492, 0x638E, 0x52EA,
    0x4A69, 0x4249, 0x4A69, 0x4A89, 0x39E7, 0x08A2, 0x0062, 0x0083,
    0x00C5, 0x324A, 0x6C12, 0x7C72, 0x5B8E, 0x3A8B, 0x3AAC, 0x328B,
    0x2A4A, 0x2A2B, 0x2A0B, 0x21EA, 0x21EA, 0x29EB, 0x1967, 0x1126,
    0x1926, 0x2146, 0x2166, 0x2186, 0x29A7, 0x2166, 0x0883, 0x0083,
    0x0905, 0x0906, 0x21EA, 0x5BB1, 0x534F, 0x1167, 0x00C4, 0x0926,
    0x0946, 0x0926, 0x0927, 0x00C4, 0x1965, 0x73CE, 0xBD95, 0xD657,
    0xDE77, 0xDE78, 0xDE58, 0xD658, 0xDE78, 0xDE98, 0xE6D9, 0xE6B9,
    0xC617, 0x73EE, 0x2165, 0x21A7, 0x2209, 0x220A, 0x220A, 0x224A,
    0x222A, 0x326B, 0x32AC, 0x32AC, 0x32AD, 0x53B0, 0x84F5, 0x8CF4,
    0x5B4D, 0x4269, 0x4268, 0x52CA, 0x630B, 0x5B2B, 0x632B, 0x4A88,
    0x0881, 0x0000, 0x0083, 0x1105, 0x322A, 0x63D0, 0x6C31, 0x430D,
    0x2A4A, 0x326B, 0x2A2A, 0x324B, 0x2A0A, 0x21C9, 0x2A0A, 0x322A,
    0x29A8, 0x2146, 0x3208, 0x634D, 0x7BEF, 0x73AE, 0x73CE, 0x8430,
    0x73AE, 0x2986, 0x0882, 0x1925, 0x1125, 0x324A, 0x6BF0, 0x7451,
    0x7C51, 0x8CF3, 0x94F4, 0x8CF3, 0x8CF3, 0x94F3, 0x9514, 0x9D55,
    0x9D55, 0x740F, 0x52EB, 0x5B4C, 0x8450, 0x94F2, 0x8CB1, 0x8470,
    0x5B4C, 0x4A89, 0x4AAA, 0x4269, 0x2166, 0x1125, 0x1966, 0x1966,
    0x1966, 0x1146, 0x324A, 0x6BF0, 0x8CD4, 0x8CB4, 0x5B2E, 0x4AED,
    0x536F, 0x4B4E, 0x326A, 0x21C7, 0x3228, 0x634D, 0x7C0F, 0x7BEF,
    0x7BEF, 0x8430, 0x634C, 0x2145, 0x0042, 0x1105, 0x21A8, 0x4B0E,
    0x5B8F, 0x19A8, 0x00A4, 0x0905, 0x0906, 0x0905, 0x0905, 0x0083,
    0x2145, 0x9CD2, 0xD677, 0xD676, 0xD655, 0xD696, 0xD676, 0xD676,
    0xD697, 0xD6B7, 0xD696, 0xD676, 0xDE96, 0xD676, 0x840D, 0x10A2,
    0x08E4, 0x0906, 0x0906, 0x0906, 0x1126, 0x0926, 0x0926, 0x0926,
    0x0905, 0x0905, 0x21E9, 0x1986, 0x08A2, 0x2985, 0x6B4C, 0x8C71,
    0x9CF2, 0x94B1, 0x73AD, 0x39E6, 0x0881, 0x1904, 0x29C8, 0x2188,
    0x1988, 0x19A8, 0x19A8, 0x19A8, 0x21A8, 0x1147, 0x00E4, 0x3249,
    0x6430, 0x5BCF, 0x2209, 0x19C8, 0x1146, 0x1946, 0x4A8A, 0x8430,
    0xAD54, 0xBDD5, 0xE71A, 0xFFBD, 0xD699, 0x94D2, 0x31E7, 0x0062,
    0x21C9, 0x4B6F, 0x5BB0, 0x326B, 0x0926, 0x0083, 0x0063, 0x0905,
    0x222A, 0x3ACD, 0x2A4B, 0x19E9, 0x21C8, 0x29C7, 0xA554, 0xEF5B,
    0xFF9C, 0xFFBB, 0xFFDB, 0xFFDC, 0xEF19, 0x738C, 0x10C3, 0x1946,
    0x21C8, 0x1988, 0x19A9, 0x1988, 0x324A, 0x7C93, 0x7CD3, 0x326A,
    0x00A4, 0x0906, 0x1167, 0x1188, 0x1147, 0x00C4, 0x0083, 0x2986,
    0x73CE, 0xBDB6, 0xCE58, 0xD658, 0xBDB5, 0x840E, 0x31C5, 0x0060,
    0x21A6, 0x7C52, 0x7452, 0x3229, 0x1166, 0x1987, 0x0926, 0x21A8,
    0x29E9, 0x08E5, 0x21A7, 0x42CB, 0x6B8D, 0xE71A, 0xFFFD, 0xFFFC,
    0xFFFB, 0xFFFC, 0xFFFC, 0xFFFC, 0xFFFD, 0xFFFD, 0xFFFC, 0xFFFC,
    0xFFFC, 0xFFFC, 0xEF7A, 0x73CD, 0x1945, 0x21E9, 0x19EA, 0x19EA,
    0x19EA, 0x19EA, 0x1A0A, 0x1A0A, 0x2A8C, 0x224C, 0x32AD, 0x2A2A,
    0x2186, 0xADB5, 0xFFFE, 0xFFFE, 0xFFFD, 0xFFFD, 0xFFFE, 0xFFFF,
    0xDF1A, 0x4AA9, 0x1925, 0x29C9, 0x19A9, 0x19C9, 0x19A8, 0x19C9,
    0x21E9, 0x2209, 0x63CF, 0x8D35, 0x6410, 0x19A8, 0x0926, 0x0064,
    0x3A29, 0x9D13, 0xB5B5, 0xD6B9, 0xF7BD, 0xFFFE, 0xFFFE, 0xEF5C,
    0xB5D6, 0x638C, 0x1965, 0x1946, 0x21C9, 0x1188, 0x324A, 0x7CB3,
    0x84D4, 0x326A, 0x00C4, 0x1167, 0x19C8, 0x2A4B, 0x6C33, 0x5BF1,
    0x3ACD, 0x1987, 0x3208, 0x8C71, 0xD6B9, 0xF7BD, 0xFFFE, 0xFFFD,
    0xF79C, 0xCE57, 0x842F, 0x4247, 0x636C, 0x9534, 0x7CB3, 0x32AC,
    0x19E9, 0x11E9, 0x11C9, 0x11CA, 0x19EA, 0x19EA, 0x1A0A, 0x11EA,
    0x0968, 0x0968, 0x00E5, 0x324A, 0x9514, 0xD6B9, 0xFFDD, 0xFFFE,
    0xFFFE, 0xEF9D, 0xCE78, 0x844F, 0x3A27, 0x42AA, 0x84B3, 0x7CB3,
    0x32AC, 0x11C9, 0x11C9, 0x11A9, 0x11A9, 0x11C9, 0x11C9, 0x11A9,
    0x0106, 0x84B3, 0xFFFE, 0xFFBB, 0xFF79, 0xFF79, 0xFFB9, 0xFFFB,
    0xFFFC, 0xFFFC, 0xFFDC, 0xFFDB, 0xFFBA, 0xFF9A, 0xFFBA, 0xFFBA,
    0xB593, 0x3A48, 0x1987, 0x1189, 0x11A9, 0x11A9, 0x11A9, 0x11CA,
    0x11CA, 0x09CA, 0x0968, 0x0947, 0x0084, 0x31E8, 0xA534, 0xE71B,
    0xFFFE, 0xFFFF, 0xFFFF, 0xFFFE, 0xEF7C, 0xBE16, 0x6B8C, 0x3A27,
    0x6BAE, 0x7C93, 0x4B4E, 0x1A2A, 0x11C9, 0x11A9, 0x11A9, 0x11C9,
    0x09C9, 0x09C9, 0x0988, 0x0147, 0x0927, 0x00A4, 0x3A29, 0x9D34,
    0xE71A, 0xFFDD, 0xFFFE, 0xFFFE, 0xFFFD, 0xF7BC, 0xCE97, 0x844F,
    0x4268, 0x5B4C, 0x7C91, 0x4B4D, 0x19A7, 0x0946, 0x0946, 0x1167,
    0x4AEB, 0x1987, 0x1188, 0x19E9, 0x53D0, 0x6C72, 0x7CD4, 0x7CB3,
    0x532C, 0x4AA9, 0x842E, 0xAD72, 0xBDD4, 0xBDF5, 0xC616, 0xCE36,
    0xBDF5, 0x73AD, 0x2144, 0x1104, 0x29E8, 0x3AAC, 0x5BB0, 0x42CC,
    0x2A0A, 0x326B, 0x3A8C, 0x3AAC, 0x326B, 0x2A0A, 0x21EA, 0x21CA,
    0x1989, 0x1927, 0x4A8A, 0x8450, 0xB5D5, 0xD698, 0xDEB7, 0xD6B7,
    0xDEB8, 0xDED9, 0xAD53, 0x3A07, 0x08C4, 0x21C9, 0x3AAC, 0x42EE,
    0x1988, 0x00E5, 0x1987, 0x21EA, 0x21EA, 0x220A, 0x11A8, 0x4AEC,
    0xC677, 0xFFDB, 0xFFBA, 0xFF99, 0xFFBA, 0xFFDB, 0xFFDB, 0xFFBB,
    0xFF9A, 0xFF99, 0xFF99, 0xFF99, 0xFFDA, 0xFFFC, 0xB573, 0x2185,
    0x21E8, 0x21E9, 0x220A, 0x222A, 0x224B, 0x222B, 0x19EA, 0x32AD,
    0x5BD1, 0x7473, 0x63F0, 0x42AA, 0x7C0F, 0xBDF6, 0xE73B, 0xF7BD,
    0xFFDD, 0xFFDD, 0xFFFD, 0xFFDD, 0xD6B9, 0x6B6C, 0x10C3, 0x29C8,
    0x3AAC, 0x42EC, 0x2A09, 0x21E9, 0x2A2A, 0x324B, 0x2A2A, 0x21A9,
    0x19A8, 0x21EA, 0x326C, 0x21A8, 0x428A, 0xA534, 0xE71B, 0xFFFE,
    0xFFFF, 0xFFFF, 0xFFFF, 0xFFFF, 0xFFFF, 0xE71A, 0x73AD, 0x1903,
    0x1966, 0x2A09, 0x326B, 0x2A4A, 0x3A8A, 0x4AEC, 0x4AEC, 0x4B0D,
    0x4B2C, 0x4B0C, 0x5B4E, 0x638E, 0x4248, 0x4A89, 0xA574, 0xEF7C,
    0xFFFF, 0xFFFF, 0xFFFF, 0xFFFF, 0xEF9D, 0xB5D6, 0x73CD, 0x4268,
    0x1924, 0x636D, 0x8CF3, 0x8CD3, 0x8CD3, 0x9514, 0x9514, 0x8CF4,
    0x7431, 0x530D, 0x5B6F, 0x4B4F, 0x326B, 0x1146, 0x4AAA, 0xB5B6,
    0xEF9C, 0xFFFF, 0xFFFF, 0xFFFF, 0xFFFE, 0xFFFE, 0xFFFD, 0xDED9,
    0x6B6C, 0x1924, 0x21A8, 0x21C9, 0x29E9, 0x0905, 0x1167, 0x19C9,
    0x19C8, 0x19A8, 0x1167, 0x31C7, 0xC616, 0xFFDB, 0xFF98, 0xFF98,
    0xFFD9, 0xFFFC, 0xFFFE, 0xFFFE, 0xFFFE, 0xFFFD, 0xFFFB, 0xFFD9,
    0xFF78, 0xFF98, 0xFFDA, 0x946F, 0x1903, 0x1987, 0x19A9, 0x19C9,
    0x19C9, 0x19C9, 0x19A9, 0x220A, 0x328B, 0x326B, 0x1126, 0x2186,
    0x8CB2, 0xE73B, 0xFFFF, 0xFFFF, 0xFFFF, 0xFFFF, 0xFFFF, 0xF7BD,
    0xAD54, 0x31C6, 0x08C4, 0x21A8, 0x19A8, 0x1988, 0x1988, 0x19A8,
    0x1127, 0x00C5, 0x2A2A, 0x63F0, 0x53AE, 0x2208, 0x19C8, 0x08C4,
    0x4A6A, 0xC617, 0xFFFD, 0xFFFF, 0xFFFF, 0xFFFF, 0xFFFF, 0xFFFE,
    0xFFFD, 0xFFFE, 0xDED9, 0x4A69, 0x1924, 0x6BF0, 0x7C72, 0x7431,
    0x3A8B, 0x1946, 0x1105, 0x29E9, 0x538F, 0x53AF, 0x2209, 0x4B4E,
    0x2187, 0xB5D6, 0xFFFD, 0xFFBB, 0xFFFC, 0xFFFD, 0xFFFC, 0xFFFC,
    0xFFFD, 0xFFFE, 0xB5B5, 0x2985, 0x1105, 0x21C9, 0x19A9, 0x21C9,
    0x21C8, 0x42CC, 0x84F4, 0x8CF4, 0x42CC, 0x08E5, 0x08E5, 0x00C5,
    0x1105, 0x6B8E, 0xAD75, 0xEF3B, 0xFFFF, 0xFFFF, 0xFFFF, 0xFFFE,
    0xFFFF, 0xFFFE, 0xF79B, 0x9CF1, 0x1903, 0x29A6, 0x8492, 0x9535,
    0x84B3, 0x4B2D, 0x00C4, 0x0043, 0x1126, 0x1146, 0x1945, 0x31C6,
    0xDEB8, 0xFFFB, 0xFF99, 0xFFB9, 0xFFD9, 0xFFFC, 0xFFFC, 0xFFFD,
    0xFFFD, 0xFFFD, 0xFFFB, 0xFFDA, 0xFFDA, 0xFFB9, 0xFFFA, 0xF758,
    0x5287, 0x2186, 0x19E9, 0x19EA, 0x19EA, 0x1A0A, 0x222B, 0x224B,
    0x220B, 0x220B, 0x19A8, 0x3A49, 0xCE78, 0xFFFE, 0xFFFE, 0xFFFD,
    0xFFDD, 0xFFFD, 0xFFFE, 0xFFFD, 0xFFFF, 0xD6D9, 0x31E6, 0x1925,
    0x21A9, 0x19A9, 0x19A9, 0x19C9, 0x21C9, 0x19C9, 0x21E8, 0x5BAF,
    0x7CD3, 0x4B0D, 0x0906, 0x52EC, 0xEF5B, 0xFFFF, 0xFFFE, 0xFFFD,
    0xF77B, 0xEF5A, 0xFFBC, 0xFFFE, 0xFFFF, 0xFFFE, 0xBDF5, 0x3A07,
    0x1125, 0x21A8, 0x1987, 0x326B, 0x7C93, 0x84D4, 0x3A8B, 0x08E5,
    0x1147, 0x19C9, 0x2A2B, 0x2A2A, 0x0905, 0x5B2C, 0xDEFA, 0xFFFE,
    0xFFFD, 0xF79C, 0xF77B, 0xFFBC, 0xFFFD, 0xFFFF, 0xFFFF, 0xCE98,
    0x52C9, 0x4ACA, 0x84D3, 0x6C72, 0x2A8B, 0x19E9, 0x11E9, 0x11CA,
    0x19EA, 0x1A0A, 0x1A0A, 0x0968, 0x0947, 0x08E5, 0x6BAF, 0xE73C,
    0xFFFE, 0xFFDC, 0xEF5A, 0xE71A, 0xF7BC, 0xFFFF, 0xFFFF, 0xFFFF,
    0xDEDA, 0x5B2B, 0x3A69, 0x7C92, 0x6C52, 0x2A6B, 0x19C9, 0x11C9,
    0x11A9, 0x11A9, 0x19C9, 0x0106, 0x52EC, 0xF79D, 0xFF7A, 0xFF58,
    0xFF78, 0xFFDA, 0xFF9A, 0xEF38, 0xEF5A, 0xF7BB, 0xFFFD, 0xFFFD,
    0xFFFC, 0xFFDA, 0xFF99, 0xFF79, 0xFF79, 0x948F, 0x29E6, 0x11A7,
    0x11A9, 0x11A9, 0x11A9, 0x11C9, 0x11A9, 0x0968, 0x0947, 0x00A4,
    0x636E, 0xE73B, 0xFFFD, 0xFFBC, 0xF77A, 0xEF5A, 0xF7BC, 0xFFFE,
    0xFFFE, 0xFFFE, 0xFFDD, 0x9CF1, 0x4268, 0x63EE, 0x7C92, 0x432D,
    0x1A0A, 0x11C9, 0x11A9, 0x11CA, 0x11A9, 0x09A8, 0x0168, 0x0127,
    0x0084, 0x5B4D, 0xDF1B, 0xF7BC, 0xE6F9, 0xE6B8, 0xE6F9, 0xEF3A,
    0xFFBC, 0xFFFE, 0xFFFD, 0xFFFD, 0xBDD5, 0x52E9, 0x5B4B, 0x742F,
    0x3249, 0x1166, 0x0926, 0x1146, 0x4AAA, 0x1987, 0x0946, 0x326B,
    0x7493, 0x6C52, 0x7431, 0x532C, 0x7C50, 0xDED9, 0xFFFE, 0xFFFE,
    0xFFFD, 0xFFFD, 0xFFFD, 0xFFFD, 0xFFFD, 0xFFBC, 0xCE36, 0x5AEA,
    0x29C7, 0x326B, 0x326B, 0x3AAC, 0x42EE, 0x42CD, 0x42CD, 0x3AAD,
    0x2A4B, 0x220A, 0x21EA, 0x1988, 0x21A7, 0x8C91, 0xEF5B, 0xFFFE,
    0xFFFE, 0xFFFC, 0xFFFC, 0xFFFD, 0xFFFD, 0xFFDC, 0xFFFC, 0xEF7A,
    0x6B6C, 0x1945, 0x324A, 0x2A2A, 0x0947, 0x1188, 0x222A, 0x220B,
    0x1A0B, 0x1A0A, 0x3A8A, 0xC637, 0xFFDB, 0xFF78, 0xFF97, 0xFF98,
    0xFFFA, 0xFFFB, 0xFFFC, 0xFFFC, 0xFFFB, 0xFFFA, 0xFFD9, 0xFF98,
    0xFF98, 0xFF98, 0xFFFC, 0x948F, 0x1944, 0x2A4A, 0x2A4B, 0x222B,
    0x222B, 0x222B, 0x2A6C, 0x5BD1, 0x7CB3, 0x63CF, 0x4AEA, 0xC658,
    0xFFFF, 0xFFFF, 0xFFFF, 0xFFFE, 0xFFFE, 0xFFFE, 0xFFFE, 0xFFFE,
    0xFFFE, 0xFFFE, 0x8C90, 0x1103, 0x21A7, 0x29E9, 0x21A7, 0x21E9,
    0x2A0A, 0x2A0B, 0x322B, 0x2A2A, 0x2A2B, 0x29EA, 0x1126, 0x5B2C,
    0xE75C, 0xFFFF, 0xFFFF, 0xFFFD, 0xF79B, 0xF79B, 0xFFFD, 0xFFFD,
    0xFFDC, 0xFFFE, 0xFFFE, 0x844F, 0x10E3, 0x1125, 0x21A8, 0x42CC,
    0x4B0D, 0x42AC, 0x42CC, 0x42ED, 0x42CC, 0x2A09, 0x1967, 0x08C3,
    0x638C, 0xE75C, 0xFFFF, 0xFFFF, 0xFFDE, 0xF7BE, 0xF7BE, 0xFFDF,
    0xFFFF, 0xFFFF, 0xFFFF, 0xFFFE, 0x9CF2, 0x5B2C, 0x8491, 0x94F3,
    0x9535, 0x9534, 0x9514, 0x7452, 0x3A6A, 0x29E8, 0x2A09, 0x21C9,
    0x1105, 0x8451, 0xFFDE, 0xFFFF, 0xFFDC, 0xD697, 0xD677, 0xDED8,
    0xEF7A, 0xFFFC, 0xFFFC, 0xFFFC, 0xFFBB, 0x840E, 0x10E3, 0x1967,
    0x21A8, 0x1146, 0x2209, 0x19E9, 0x21E9, 0x19C9, 0x1146, 0x8C4F,
    0xFF9A, 0xF757, 0xFF56, 0xFFB7, 0xFFF9, 0xE716, 0xC5F3, 0xBDD2,
    0xCE75, 0xEF59, 0xFFFB, 0xFFFA, 0xFFB7, 0xFF35, 0xFF76, 0xEF17,
    0x4A26, 0x1966, 0x19C9, 0x19E9, 0x19E9, 0x19EA, 0x19C9, 0x2A6B,
    0x434E, 0x21E9, 0x3A49, 0xD6B9, 0xFFFF, 0xFFFD, 0xD697, 0xBDB5,
    0xC616, 0xCE57, 0xEF3A, 0xFFFE, 0xFFFF, 0xE6FA, 0x4A68, 0x0082,
    0x1946, 0x1968, 0x1968, 0x1126, 0x08E5, 0x2A2A, 0x5BCF, 0x4B4D,
    0x19C8, 0x21E8, 0x0925, 0x634C, 0xF7BD, 0xFFFE, 0xF79B, 0xDED8,
    0xCE56, 0xCE15, 0xE6D9, 0xEF7C, 0xFFFE, 0xFFDC, 0xFFFD, 0xDEB7,
    0x41C5, 0x7BCE, 0x8C92, 0x9514, 0x8CF4, 0x8472, 0x7410, 0x7C52,
    0x84B3, 0x3249, 0x532D, 0x4269, 0x8C70, 0xFFDB, 0xFFBA, 0xFFBA,
    0xDEB6, 0xC5F3, 0xCE34, 0xEF39, 0xFFFD, 0xFFFE, 0xFFFF, 0xD6B9,
    0x3A28, 0x1946, 0x21EA, 0x19C9, 0x2A2A, 0x29E9, 0x42CC, 0x84D3,
    0x8CF4, 0x530D, 0x1946, 0x1925, 0xAD55, 0xFFFE, 0xFFFD, 0xFFDC,
    0xE6F8, 0xC614, 0xC5F4, 0xCE35, 0xE6F8, 0xFFFC, 0xFFFC, 0xFFFD,
    0xBE15, 0x2944, 0x29A6, 0x63AE, 0x84B3, 0x84D3, 0x6C11, 0x534E,
    0x3AAC, 0x2A09, 0x08C3, 0x6B6C, 0xFFBB, 0xFF78, 0xFF98, 0xFFFA,
    0xFF99, 0xC614, 0xB571, 0xB592, 0xBDD4, 0xDED8, 0xFFDC, 0xFFFC,
    0xFFFB, 0xFFD9, 0xFF78, 0xFFD8, 0x944C, 0x1964, 0x2209, 0x19EA,
    0x19EA, 0x1A0A, 0x1A2B, 0x19EA, 0x1188, 0x1146, 0x428A, 0xE73B,
    0xFFFE, 0xEF19, 0xCE15, 0xAD11, 0xA4F1, 0xB593, 0xD6B8, 0xF7BC,
    0xFFFE, 0xFFFD, 0xC636, 0x2184, 0x1966, 0x21C9, 0x21C9, 0x21C9,
    0x21C9, 0x21E9, 0x19A8, 0x2A2A, 0x6C52, 0x4AEC, 0x428A, 0xDF3B,
    0xFFFE, 0xFF9B, 0xC5D4, 0x946E, 0x8C2E, 0x8C4E, 0x9CD0, 0xB572,
    0xE719, 0xFFFE, 0xFFFE, 0xD697, 0x3A07, 0x1925, 0x21A8, 0x1988,
    0x2A2A, 0x7452, 0x84D4, 0x42CC, 0x0905, 0x0905, 0x0083, 0x1966,
    0xA554, 0xFFBD, 0xFF7B, 0xBD93, 0x9C8F, 0x944E, 0x946F, 0x9CB0,
    0xAD32, 0xDED8, 0xFFFD, 0xFFFE, 0xDF19, 0x4AA8, 0x5B4C, 0x9535,
    0x5BD0, 0x220A, 0x1A0A, 0x19EA, 0x19EA, 0x1A0A, 0x0988, 0x0927,
    0x00A4, 0x73CF, 0xFFDE, 0xE6F9, 0xB573, 0xA4D0, 0x9C6F, 0x948F,
    0xA4F1, 0xBDB4, 0xE6F9, 0xFFFE, 0xFFFE, 0xEF5B, 0x634B, 0x4289,
    0x84D3, 0x63CF, 0x2229, 0x19E9, 0x11C9, 0x11C9, 0x19C9, 0x0106,
    0x8C91, 0xFFDB, 0xFF58, 0xFF98, 0xFF77, 0xD654, 0xAD10, 0x9C6E,
    0x9C8E, 0xA4F0, 0xC5F4, 0xE6F9, 0xFFFD, 0xFFFC, 0xFFDB, 0xFF79,
    0xFF99, 0xBDB2, 0x3A27, 0x19A7, 0x11A9, 0x11A9, 0x11A9, 0x11C9,
    0x0968, 0x0947, 0x00A4, 0x5B4D, 0xEF7C, 0xEF3B, 0xC5B4, 0xAD11,
    0xACF1, 0xA4F0, 0xAD31, 0xBDD4, 0xEF3A, 0xFFFD, 0xFFFD, 0xFFFD,
    0x94F0, 0x4AC9, 0x8491, 0x7451, 0x328B, 0x19E9, 0x11C9, 0x11C9,
    0x11C9, 0x0968, 0x0147, 0x0084, 0x52CC, 0xE73B, 0xE6F9, 0xB5B3,
    0xA4F1, 0xA4B0, 0x9CB0, 0x9CD0, 0xAD32, 0xD696, 0xFFDB, 0xFFFC,
    0xFFFC, 0xC5F4, 0x5AE9, 0x5B2A, 0x3228, 0x1146, 0x0926, 0x1146,
    0x530C, 0x1986, 0x19C8, 0x430D, 0x7CB3, 0x7C72, 0x636D, 0xAD95,
    0xFFFE, 0xFFFE, 0xF77B, 0xDE97, 0xE6F8, 0xF77A, 0xFFDC, 0xFFDC,
    0xFFDB, 0xFFBA, 0xFFBB, 0xE6D8, 0x52AA, 0x1966, 0x324B, 0x326B,
    0x328C, 0x3A8C, 0x324B, 0x2A0A, 0x220A, 0x220A, 0x21C9, 0x21A7,
    0xA554, 0xFFFD, 0xFFFC, 0xEF18, 0xCE14, 0xD656, 0xDED7, 0xEF7A,
    0xFFDB, 0xFFDB, 0xFFBA, 0xFFFB, 0xF7BB, 0x634A, 0x1944, 0x29E9,
    0x1147, 0x220A, 0x224B, 0x224B, 0x224B, 0x19E9, 0x73CF, 0xFF7B,
    0xFF78, 0xFF97, 0xFFD8, 0xFFFA, 0xF7B9, 0xD674, 0xD675, 0xDED7,
    0xEF59, 0xF799, 0xFFFA, 0xFFFA, 0xFFD8, 0xFFB7, 0xFFF9, 0xCE34,
    0x2164, 0x2A29, 0x220A, 0x1A0A, 0x1A0A, 0x222B, 0x432E, 0x6C31,
    0x7430, 0x5B2B, 0xD6F9, 0xFFFF, 0xFFFD, 0xE71A, 0xC616, 0xC5D5,
    0xD698, 0xEF3A, 0xF79C, 0xFFFD, 0xFFFD, 0xFFFC, 0xFFFD, 0x6B8C,
    0x0081, 0x2166, 0x2188, 0x21C8, 0x21C9, 0x21C9, 0x29EA, 0x2A0A,
    0x29E9, 0x1105, 0x52EB, 0xEF9D, 0xFFFF, 0xF79B, 0xAD72, 0x9CAF,
    0xA4F0, 0xB5B3, 0xCE76, 0xDF19, 0xFFDC, 0xFFFC, 0xFFFC, 0xFFFD,
    0x634B, 0x08A2, 0x2187, 0x2187, 0x2A09, 0x42CC, 0x42ED, 0x326B,
    0x324B, 0x21C9, 0x1105, 0x6BAE, 0xF7DE, 0xFFFF, 0xEF5B, 0xA512,
    0x8C4F, 0x9CB0, 0xAD32, 0xC5F5, 0xDEF9, 0xF7BC, 0xFFDD, 0xFFFF,
    0xCE78, 0x2144, 0x1924, 0x31E8, 0x3A6A, 0x3A8A, 0x3A6B, 0x42CC,
    0x428C, 0x2A09, 0x29C9, 0x1946, 0x8C71, 0xFFFE, 0xFFFD, 0xC5D4,
    0x734A, 0x734A, 0x8C0C, 0x9C8E, 0xB531, 0xC5F4, 0xF779, 0xFFFB,
    0xFFDA, 0xF77A, 0x5AC9, 0x10E3, 0x21C8, 0x19A8, 0x2A2A, 0x220A,
    0x2209, 0x21E9, 0x21A7, 0xB5B4, 0xFFB9, 0xFF56, 0xFFB7, 0xF736,
    0x9C4B, 0x5A84, 0x62C6, 0x7B68, 0x8C0B, 0x9CCE, 0xBDD2, 0xEF58,
    0xFFFA, 0xFF97, 0xFF56, 0xFF56, 0x62E8, 0x2145, 0x21E9, 0x2209,
    0x220A, 0x220A, 0x220A, 0x220A, 0x19A8, 0x29C7, 0xD6D9, 0xFFFE,
    0xD676, 0x736A, 0x5287, 0x5AA7, 0x734A, 0x83CC, 0x9C8E, 0xC5D4,
    0xFFBC, 0xFFFE, 0xEF5B, 0x73AD, 0x10A3, 0x10C4, 0x0905, 0x08E5,
    0x326B, 0x5BCF, 0x4B2D, 0x19E8, 0x21E9, 0x1125, 0x428A, 0xF7BD,
    0xFFFD, 0xD656, 0x7309, 0x5225, 0x62A8, 0x7349, 0x83AB, 0x944E,
    0xC635, 0xFFFC, 0xFFFB, 0xFFD9, 0x62C6, 0x5AA9, 0x8C91, 0x94F3,
    0x9D55, 0xA575, 0x9D75, 0x9D96, 0x6BAF, 0x428A, 0x634C, 0x73AC,
    0xFF9A, 0xFF98, 0xCDD1, 0x7B48, 0x5A86, 0x6AE7, 0x7B69, 0x940C,
    0xAD11, 0xDEB8, 0xFFFD, 0xFFFF, 0xCE77, 0x2124, 0x2187, 0x220A,
    0x21EA, 0x2A2A, 0x21E9, 0x42EC, 0x8493, 0x7411, 0x3228, 0x7C30,
    0xFFFE, 0xFFBC, 0xF759, 0xA48E, 0x62A7, 0x62E8, 0x7B6A, 0x83AB,
    0x8BEC, 0xAD10, 0xEF38, 0xFFFC, 0xFFFC, 0xBD93, 0x18E2, 0x1945,
    0x3A69, 0x6C10, 0x8CF4, 0x84D3, 0x534E, 0x1987, 0x0062, 0x9470,
    0xFFDA, 0xFF77, 0xFFB8, 0xE6D5, 0x838A, 0x62A6, 0x6AE8, 0x7349,
    0x7B8A, 0x8C0C, 0xA4CF, 0xE6F8, 0xFFFC, 0xFFD9, 0xF777, 0xFFD8,
    0xA4CE, 0x2164, 0x220A, 0x220A, 0x1A0A, 0x1A0A, 0x1A0A, 0x1188,
    0x0905, 0x2985, 0xD657, 0xFFDC, 0xC5B3, 0x7B49, 0x6B08, 0x7B6A,
    0x83CB, 0x8BEC, 0x8C0D, 0xA4D0, 0xE6F9, 0xFFFD, 0xFFFD, 0x9CD0,
    0x1902, 0x2187, 0x19C8, 0x19C8, 0x21C9, 0x21E9, 0x21C9, 0x19C9,
    0x536F, 0x534D, 0xB5D6, 0xFFFD, 0xFFBC, 0xB552, 0x6B09, 0x738B,
    0x7BED, 0x842E, 0x8C2E, 0x8C2E, 0x944F, 0xC616, 0xFFFD, 0xFFFD,
    0xAD53, 0x2144, 0x1966, 0x19A8, 0x19A8, 0x2A09, 0x6C31, 0x8CF4,
    0x534E, 0x1966, 0x08C3, 0xAD75, 0xFFFD, 0xF75A, 0xA4AF, 0x7B8A,
    0x7BCC, 0x840D, 0x8C4E, 0x946F, 0x944F, 0x946F, 0xCE15, 0xFFDC,
    0xFFFD, 0xC615, 0x3A06, 0x7C50, 0x84D3, 0x32AB, 0x1A0A, 0x1A0A,
    0x1A0A, 0x11E9, 0x0947, 0x00C5, 0x3A49, 0xEF5C, 0xE6F9, 0x9C8F,
    0x83ED, 0x8C2E, 0x946F, 0x9C8F, 0x946F, 0x948F, 0x9CB0, 0xD677,
    0xFFFC, 0xFFFD, 0xD6B8, 0x4268, 0x63AE, 0x84B3, 0x3AAB, 0x1A09,
    0x1A0A, 0x11C9, 0x19C8, 0x0905, 0x94D2, 0xFFBB, 0xFF78, 0xFF77,
    0xC590, 0x8C0B, 0x942D, 0x9C6E, 0x9C8F, 0x9C8F, 0x9C8F, 0x9C8F,
    0xCE56, 0xFFFD, 0xFFFC, 0xFFB9, 0xFFB9, 0xC5D3, 0x4247, 0x19A7,
    0x11A9, 0x11A9, 0x11A9, 0x1188, 0x0947, 0x00C5, 0x2187, 0xD6B9,
    0xEF1A, 0xAD32, 0x9C8F, 0x9CB0, 0xA4B0, 0xA4D1, 0xA4D1, 0xA4D0,
    0xA4F0, 0xD677, 0xFFFD, 0xFFFC, 0xEF5A, 0x6B8B, 0x5B4B, 0x84B2,
    0x4B0C, 0x2209, 0x11C9, 0x09A9, 0x11A9, 0x0947, 0x00E5, 0x1946,
    0xC658, 0xEF19, 0xB553, 0x9CB0, 0xA4D1, 0xA4F1, 0xA4F1, 0xA4F1,
    0xA4F1, 0x9C8F, 0xBDB3, 0xFFBB, 0xFFFC, 0xFF7A, 0x9CCF, 0x31E5,
    0x1124, 0x1125, 0x0906, 0x1166, 0x5B4D, 0x29E8, 0x536E, 0x7CB3,
    0x8CF4, 0x6BAE, 0x9D13, 0xFFFD, 0xFF9B, 0xB531, 0x942D, 0xBD72,
    0xD656, 0xE6F9, 0xFF9B, 0xFFBB, 0xFF9A, 0xF779, 0xFF99, 0xFFFB,
    0xBDB4, 0x31A6, 0x3209, 0x29EA, 0x2A2A, 0x2A0A, 0x2A0A, 0x2A0A,
    0x21EA, 0x21C9, 0x1967, 0x8C72, 0xFFBD, 0xFF7A, 0xB510, 0x7308,
    0x9C6D, 0xC5B3, 0xD676, 0xEF18, 0xF779, 0xF759, 0xF778, 0xFFB9,
    0xFFFC, 0xDE97, 0x4248, 0x428B, 0x1988, 0x2A4B, 0x2A6B, 0x224B,
    0x222B, 0x19C8, 0x8430, 0xFF9A, 0xFF98, 0xFF97, 0xFFF9, 0xD652,
    0x7B48, 0x8389, 0xACEF, 0xCDD3, 0xDE76, 0xE6D7, 0xEF17, 0xF778,
    0xFFF9, 0xFFB8, 0xFFD9, 0xD654, 0x2964, 0x21C8, 0x220A, 0x220A,
    0x19EA, 0x226B, 0x4B4F, 0x5B8F, 0x4289, 0xB5B4, 0xFFFE, 0xFFDB,
    0xAD31, 0x5A87, 0x736B, 0x9C90, 0xBD93, 0xCE16, 0xD677, 0xDEB8,
    0xF79B, 0xFFFC, 0xFFFD, 0xDED8, 0x2944, 0x1904, 0x2187, 0x21A8,
    0x21A9, 0x21A9, 0x21A9, 0x21A8, 0x1967, 0x2166, 0xCE99, 0xFFFF,
    0xE6F8, 0x6B28, 0x4A04, 0x7349, 0x8C2D, 0xA4D0, 0xB552, 0xBDB4,
    0xC615, 0xF7BB, 0xFFFC, 0xFFFC, 0xDED7, 0x2984, 0x2146, 0x21A8,
    0x322A, 0x42CD, 0x3A8C, 0x2A0A, 0x21E9, 0x1967, 0x3A49, 0xE75B,
    0xFFFF, 0xD6B7, 0x5AA8, 0x41E5, 0x6AE9, 0x83AC, 0x946E, 0xA4F0,
    0xAD31, 0xBDB3, 0xF77B, 0xFFFE, 0xEF7B, 0x4227, 0x18E3, 0x31E8,
    0x2A09, 0x2A29, 0x2A0A, 0x326B, 0x42CD, 0x2A2A, 0x1146, 0x52EC,
    0xF7BD, 0xFFFC, 0xACF0, 0x3142, 0x49E5, 0x7309, 0x838B, 0x940C,
    0x9C6E, 0x9C6E, 0xACCE, 0xEF17, 0xFFD9, 0xFFFA, 0xB572, 0x1923,
    0x2187, 0x21E9, 0x2A4A, 0x222A, 0x2209, 0x21E9, 0x21C8, 0xC5F5,
    0xFFB9, 0xFF96, 0xFF55, 0x8367, 0x3120, 0x5204, 0x6AC7, 0x7B49,
    0x8BCB, 0x942D, 0x8C0C, 0x946D, 0xE6F6, 0xFFB8, 0xFF55, 0xFF56,
    0x7308, 0x2964, 0x2A09, 0x220A, 0x220A, 0x220A, 0x19EA, 0x19A9,
    0x1105, 0x9D12, 0xFFFD, 0xCE13, 0x49E3, 0x3142, 0x5226, 0x6AE8,
    0x734A, 0x8BEC, 0x942C, 0x8C0C, 0xB511, 0xF79B, 0xFFFC, 0xFFFD,
    0x7BCE, 0x0041, 0x1105, 0x324A, 0x53AF, 0x430C, 0x19E8, 0x2229,
    0x21C8, 0x1925, 0xBDF7, 0xFFFE, 0xD636, 0x49C4, 0x3142, 0x4A05,
    0x62A8, 0x7329, 0x7B8B, 0x7BCB, 0x738A, 0xAD50, 0xFFBA, 0xFFFA,
    0x9C8C, 0x3163, 0x8430, 0x8491, 0x84B2, 0x8492, 0x7C92, 0x7C92,
    0x3A69, 0x4ACB, 0x5B0A, 0xD697, 0xFFDA, 0xC54F, 0x49A1, 0x41C2,
    0x5A66, 0x6B09, 0x7B6B, 0x83AB, 0x83CC, 0x8C0D, 0xCE15, 0xFFDC,
    0xFFFD, 0x83EE, 0x10E3, 0x21E9, 0x21C9, 0x2A0A, 0x21E9, 0x2209,
    0x6BF0, 0x6C11, 0x534C, 0xCE98, 0xFFDC, 0xF739, 0x8C0C, 0x41C4,
    0x5267, 0x6B2A, 0x7B6C, 0x83CC, 0x8BEC, 0x83AB, 0x942D, 0xE6F8,
    0xFFFA, 0xFFBA, 0x736A, 0x1903, 0x2186, 0x1125, 0x1946, 0x1166,
    0x0905, 0x08E5, 0x00A4, 0x9491, 0xFFBA, 0xFF77, 0xF735, 0x7B47,
    0x5224, 0x7329, 0x7B8B, 0x83AC, 0x8BEC, 0x8C0D, 0x83EC, 0x8C4E,
    0xE6F8, 0xFFFA, 0xFF97, 0xFFD8, 0xA4AE, 0x2165, 0x222A, 0x222A,
    0x1A0A, 0x1A0A, 0x19C9, 0x1167, 0x08E4, 0x8C2F, 0xFFBB, 0xDE34,
    0x7328, 0x7308, 0x838B, 0x83CC, 0x8BEC, 0x942D, 0x9C4E, 0x942E,
    0x946F, 0xE6F8, 0xFFFC, 0xF759, 0x5A87, 0x1103, 0x21A8, 0x21A8,
    0x21C9, 0x21E9, 0x21E9, 0x19C9, 0x2A2A, 0x7C50, 0xEF5B, 0xFFDC,
    0xDE96, 0x7B8B, 0x7B8B, 0x840E, 0x842F, 0x8C4F, 0x944F, 0x9C70,
    0x9470, 0x8C2E, 0xCE15, 0xFFFC, 0xF77B, 0x62E9, 0x1904, 0x21A8,
    0x21C8, 0x19A8, 0x2A4B, 0x7472, 0x84B3, 0x42AB, 0x52EB, 0xEF3A,
    0xFF9A, 0xCDF2, 0x7B8A, 0x8C0D, 0x8C2E, 0x9470, 0x9490, 0x94B1,
    0x9CB1, 0x9C90, 0x944E, 0xCE15, 0xFFDC, 0xFF9A, 0x734A, 0x52C9,
    0x9514, 0x4B2D, 0x1A0A, 0x1A0A, 0x1A0A, 0x0988, 0x0906, 0x08A3,
    0xA533, 0xFFDD, 0xAD32, 0x840D, 0x9470, 0x94B1, 0x9CB1, 0x9CD1,
    0xA4F2, 0xA4F2, 0xA4F1, 0x9C90, 0xD697, 0xFFFC, 0xFFDC, 0x948F,
    0x4247, 0x84B2, 0x4B0D, 0x19E9, 0x19E9, 0x11C9, 0x19C9, 0x00E4,
    0x9CF2, 0xFFDB, 0xFF78, 0xDE53, 0x9C2C, 0x9C6E, 0x9CB0, 0xA4D1,
    0xA4F1, 0xA4F2, 0xAD12, 0xA511, 0x9C90, 0xD676, 0xFFFB, 0xFFB9,
    0xFFB9, 0xC5B3, 0x4247, 0x19A7, 0x11A8, 0x11A9, 0x11A9, 0x0968,
    0x0106, 0x0043, 0x8451, 0xFF9C, 0xCDF5, 0x9CD0, 0xA4F1, 0xA4F2,
    0xAD32, 0xAD33, 0xAD53, 0xB533, 0xAD12, 0xA4D1, 0xDEB8, 0xFFFC,
    0xFFBA, 0xAD11, 0x4A67, 0x7C50, 0x5B6E, 0x2209, 0x11E9, 0x09A9,
    0x0988, 0x0927, 0x0063, 0x6B6E, 0xEF5B, 0xCE15, 0xACF2, 0xAD13,
    0xA533, 0xAD53, 0xB553, 0xB533, 0xAD33, 0xAD32, 0x9CAF, 0xC5D3,
    0xFFDB, 0xFF7A, 0xCDF4, 0x52A7, 0x1944, 0x0905, 0x1126, 0x21C8,
    0x638E, 0x534D, 0x6C11, 0x7C92, 0x63CF, 0x636D, 0xE73B, 0xFF9B,
    0x942D, 0x41A3, 0x7B6A, 0xB512, 0xCDD5, 0xDE77, 0xEF19, 0xF75A,
    0xF739, 0xE6B7, 0xF738, 0xFF99, 0xF739, 0x5288, 0x2167, 0x29EA,
    0x29EA, 0x29E9, 0x21EA, 0x21EA, 0x21EA, 0x1967, 0x426A, 0xE6D9,
    0xFF9A, 0xACAD, 0x3900, 0x6A87, 0xA48E, 0xBD51, 0xD615, 0xE698,
    0xEEF9, 0xEEF8, 0xDE55, 0xEEF7, 0xFFBB, 0xF77A, 0x62EA, 0x4229,
    0x21C9, 0x2A4B, 0x226B, 0x222A, 0x222B, 0x21C8, 0x7C2F, 0xFF79,
    0xFF77, 0xFFB8, 0xCDF0, 0x49A1, 0x51E2, 0x8BAA, 0xACCE, 0xC592,
    0xD655, 0xDE97, 0xD676, 0xD654, 0xF758, 0xFFD8, 0xFFF9, 0xD654,
    0x2943, 0x1987, 0x220A, 0x1A0A, 0x1A0A, 0x2A6C, 0x3ACD, 0x324A,
    0x634C, 0xF79B, 0xFFFD, 0xACEF, 0x2900, 0x5205, 0x7B6B, 0x944E,
    0xAD11, 0xBDB4, 0xCE15, 0xC5D4, 0xCE14, 0xFFBB, 0xFFFC, 0xFFDB,
    0x4A47, 0x10C3, 0x2188, 0x21A8, 0x21A8, 0x21A8, 0x19A8, 0x29C8,
    0x1126, 0x6B8E, 0xFFFE, 0xFFDD, 0x6B29, 0x20C0, 0x5246, 0x6B09,
    0x83AB, 0x9C4E, 0xA4D0, 0xAD32, 0xA4F0, 0xBD92, 0xFFBB, 0xFFFC,
    0xF79A, 0x3A06, 0x1925, 0x29C8, 0x29E9, 0x2A0A, 0x2A2B, 0x29E9,
    0x21C9, 0x1966, 0x94F2, 0xFFFF, 0xF77A, 0x5AA7, 0x20E1, 0x4A06,
    0x62A8, 0x7B6B, 0x8C0C, 0x9C8E, 0xA4CF, 0x9C6E, 0xB572, 0xFFDC,
    0xFFFE, 0x8C6F, 0x10A1, 0x29A7, 0x29E9, 0x326B, 0x326C, 0x3A8C,
    0x3AAC, 0x2A2B, 0x1946, 0x9D13, 0xFFFE, 0xD656, 0x4182, 0x3122,
    0x49E5, 0x5A68, 0x730A, 0x838B, 0x8BED, 0x942D, 0x8BCA, 0xACAD,
    0xFFB8, 0xFFFB, 0xBDB3, 0x2144, 0x29C8, 0x21E9, 0x2A4B, 0x224B,
    0x222A, 0x222A, 0x29C8, 0xC616, 0xFFDA, 0xFF97, 0xB4EC, 0x3120,
    0x3962, 0x49E5, 0x5A47, 0x6AC8, 0x7B4A, 0x83AB, 0x8BEC, 0x7B8A,
    0xA48D, 0xFF56, 0xFF76, 0xFF77, 0x7B49, 0x2964, 0x324A, 0x2A2A,
    0x220A, 0x220A, 0x11A8, 0x0906, 0x3A08, 0xEF39, 0xFF99, 0x6AE6,
    0x28E1, 0x41A5, 0x49E6, 0x5A47, 0x6AC8, 0x7B4A, 0x838B, 0x83AC,
    0x7B4A, 0xC5B3, 0xFFFB, 0xFFDB, 0xD676, 0x2944, 0x3208, 0x4B2D,
    0x430D, 0x21E8, 0x2209, 0x2A0A, 0x1126, 0x4249, 0xF79C, 0xFFDC,
    0x7B4B, 0x20C1, 0x49E5, 0x5206, 0x5A88, 0x6AE9, 0x732A, 0x7B6B,
    0x7B8B, 0x7329, 0xC5B2, 0xFFFB, 0xE6F6, 0x3142, 0x4A69, 0x5B6D,
    0x2A29, 0x29E8, 0x2A29, 0x2A29, 0x1146, 0x1925, 0x738D, 0xFFBB,
    0xF717, 0x6A85, 0x4182, 0x5247, 0x5AA9, 0x6B0A, 0x7B6B, 0x83AC,
    0x83CC, 0x83CC, 0x8BEC, 0xE6B7, 0xFFFC, 0xD655, 0x2943, 0x1986,
    0x21C9, 0x21C9, 0x29E9, 0x21C8, 0x42ED, 0x6C11, 0x740F, 0xEF7B,
    0xFFDB, 0xC5B1, 0x49E3, 0x5A87, 0x6AEA, 0x6B0B, 0x7B6C, 0x83AC,
    0x83CD, 0x8C0D, 0x83CC, 0x9C8E, 0xF758, 0xFFFB, 0xAD31, 0x10C2,
    0x2166, 0x1146, 0x1126, 0x0926, 0x1167, 0x21A8, 0x1946, 0x9491,
    0xFFB9, 0xFF98, 0xC56F, 0x5A64, 0x7309, 0x736B, 0x7BAC, 0x83CD,
    0x8BED, 0x8C2E, 0x944F, 0x8C0E, 0x9CB0, 0xF779, 0xFF98, 0xFFD9,
    0xA4AE, 0x2185, 0x222A, 0x220A, 0x222B, 0x224B, 0x1188, 0x0906,
    0x2146, 0xD657, 0xFFBA, 0xACCE, 0x7307, 0x83CB, 0x8BEC, 0x942E,
    0x944E, 0x9C6F, 0x9C90, 0x9CB0, 0x944F, 0xAD31, 0xFF79, 0xFFB9,
    0x9C4D, 0x18E2, 0x2187, 0x2188, 0x21C9, 0x21E9, 0x21E9, 0x21C9,
    0x19A8, 0x9D34, 0xFFBC, 0xFF9B, 0xB531, 0x7B8B, 0x8C0E, 0x8C2F,
    0x9470, 0x9CB1, 0x9CB1, 0xA4D1, 0xA4D1, 0x9CB0, 0x9CB0, 0xF77A,
    0xFFFC, 0xA4D0, 0x2124, 0x21A8, 0x21C9, 0x21EA, 0x19C9, 0x42CC,
    0x84B3, 0x6BAE, 0x8C70, 0xFF7A, 0xFF78, 0xBD2F, 0x8BEA, 0x9C8E,
    0x9C90, 0x9CD1, 0x9CF2, 0xA4F2, 0xA513, 0xA4F2, 0xA4D1, 0xA4F0,
    0xF738, 0xFFFA, 0xA510, 0x31A5, 0x7410, 0x4B2D, 0x1A09, 0x1A0A,
    0x19EA, 0x0968, 0x00C5, 0x1925, 0xD6B9, 0xFF7B, 0xAD11, 0x9490,
    0x9CD1, 0xA513, 0xA533, 0xAD33, 0xAD53, 0xAD53, 0xAD33, 0xA512,
    0xAD32, 0xF77A, 0xFFDB, 0xC5F3, 0x39C4, 0x5B4C, 0x42CC, 0x19C9,
    0x19C9, 0x11A9, 0x19A8, 0x00C4, 0x94B1, 0xFFDB, 0xFF78, 0xCDB1,
    0xA48D, 0xA4F1, 0xA512, 0xA533, 0xAD34, 0xAD34, 0xAD53, 0xAD54,
    0xAD13, 0xA4F1, 0xEF38, 0xFF99, 0xFF79, 0xBD72, 0x3A27, 0x19C7,
    0x19A9, 0x11A9, 0x11A9, 0x0947, 0x00C5, 0x10C4, 0xC617, 0xFF7B,
    0xC5D4, 0xAD32, 0xAD32, 0xAD74, 0xB575, 0xB595, 0xBD95, 0xB594,
    0xB594, 0xAD53, 0xAD32, 0xF759, 0xFF9A, 0xCE14, 0x4A67, 0x532C,
    0x4B4D, 0x19E9, 0x11C9, 0x11A8, 0x0967, 0x0906, 0x0083, 0xA513,
    0xF75B, 0xCDF5, 0xB573, 0xAD74, 0xB575, 0xB595, 0xB5B5, 0xB595,
    0xB574, 0xB574, 0xAD53, 0x9CB0, 0xE6D7, 0xFF9A, 0xDE56, 0x6B4A,
    0x2184, 0x0924, 0x0906, 0x21C8, 0x73EF, 0x7431, 0x7C72, 0x7451,
    0x5B6E, 0x94D2, 0xFFDD, 0xD615, 0x4182, 0x3942, 0x62A8, 0x942E,
    0xAD13, 0xC5F6, 0xD677, 0xDE98, 0xDE77, 0xCDF4, 0xDE75, 0xFF99,
    0xEED6, 0x41C4, 0x2146, 0x21CA, 0x21C9, 0x29EA, 0x29EA, 0x21C9,
    0x19A8, 0x1945, 0x7C0F, 0xFF7A, 0xEED6, 0x5A23, 0x3900, 0x6246,
    0x83AB, 0xACD0, 0xBD72, 0xC5F4, 0xCE36, 0xCE15, 0xC593, 0xCDF3,
    0xFF9A, 0xEF18, 0x4A27, 0x31C8, 0x21C9, 0x2A4B, 0x224B, 0x224B,
    0x2A4B, 0x21E9, 0x7C0F, 0xFF79, 0xFF97, 0xF736, 0x6AA5, 0x30C0,
    0x51E4, 0x72E9, 0x940C, 0xACD0, 0xBD73, 0xC5B4, 0xBD93, 0xB531,
    0xD634, 0xFFD9, 0xFFF8, 0xCE53, 0x2963, 0x2187, 0x19EA, 0x1A0A,
    0x220A, 0x19EA, 0x0968, 0x1146, 0xA513, 0xFFFE, 0xF77A, 0x5245,
    0x28C0, 0x49C5, 0x62A8, 0x838B, 0x944E, 0xACF1, 0xB532, 0xB532,
    0xA4D0, 0xDE96, 0xFFFC, 0xFFBB, 0x4A26, 0x10A3, 0x2167, 0x1967,
    0x2188, 0x21A8, 0x21A9, 0x2187, 0x1925, 0xAD96, 0xFFFF, 0xDED8,
    0x3162, 0x2902, 0x41A5, 0x5A67, 0x7329, 0x83CB, 0x942E, 0x9C6F,
    0x9C6E, 0x940D, 0xE6F8, 0xFFFD, 0xEF59, 0x31A5, 0x1905, 0x2188,
    0x21A8, 0x21A8, 0x21A9, 0x29E9, 0x21A8, 0x29A7, 0xD6B9, 0xFFFE,
    0xCE35, 0x2901, 0x3122, 0x3984, 0x5206, 0x62A8, 0x734A, 0x83CB,
    0x940D, 0x83CC, 0x8BEC, 0xEF18, 0xFFFE, 0xC615, 0x10C2, 0x2167,
    0x29C9, 0x2A2A, 0x2A4B, 0x328C, 0x324B, 0x2A0A, 0x3209, 0xCE78,
    0xFFFE, 0xAD10, 0x28C0, 0x3943, 0x4184, 0x4A06, 0x5A67, 0x6AE9,
    0x734A, 0x7B6A, 0x7309, 0x8369, 0xE6D5, 0xFFFC, 0xAD72, 0x18E3,
    0x29E8, 0x21E9, 0x224B, 0x2A6B, 0x2A4B, 0x222A, 0x21C8, 0xBDF6,
    0xFFFA, 0xFF97, 0x7B27, 0x28E0, 0x3963, 0x41A4, 0x51E5, 0x5A66,
    0x62A7, 0x7309, 0x7B4A, 0x7309, 0x7B49, 0xEED5, 0xFF98, 0xFF78,
    0x7B49, 0x2124, 0x2A09, 0x220A, 0x220A, 0x19E9, 0x0947, 0x00A4,
    0x52CA, 0xFFDB, 0xEEF7, 0x49E2, 0x3122, 0x3985, 0x49E6, 0x5247,
    0x6288, 0x6AE9, 0x7329, 0x7B4A, 0x7308, 0x9C6E, 0xFFBA, 0xFFBA,
    0xEF18, 0x4A47, 0x3A29, 0x3A8C, 0x2209, 0x21C9, 0x21C9, 0x21C9,
    0x08E5, 0x73CE, 0xFFFD, 0xF75A, 0x5A87, 0x3963, 0x4A06, 0x5247,
    0x62A9, 0x6AEA, 0x732B, 0x7B4B, 0x7B8C, 0x734A, 0xA4AE, 0xFFD9,
    0xFFB9, 0x5246, 0x18C3, 0x3208, 0x21E9, 0x220A, 0x220A, 0x19A8,
    0x0905, 0x08C4, 0x94B2, 0xFFFC, 0xE654, 0x51E3, 0x5225, 0x5A89,
    0x630A, 0x734B, 0x7B8C, 0x83CD, 0x83ED, 0x83ED, 0x83CC, 0xC5D4,
    0xFFBA, 0xF737, 0x4A25, 0x1945, 0x19C8, 0x19C9, 0x21C9, 0x21C9,
    0x220A, 0x532E, 0x94F3, 0xFF9B, 0xFFBA, 0xBD2F, 0x5A45, 0x6AEA,
    0x734B, 0x7B8C, 0x83CD, 0x83EE, 0x8C0E, 0x8C2E, 0x944E, 0x8C0D,
    0xD655, 0xFFFC, 0xD655, 0x2103, 0x2187, 0x324A, 0x2A2A, 0x2209,
    0x21E9, 0x21E9, 0x1126, 0x9470, 0xFFDA, 0xFF98, 0xACAC, 0x72C6,
    0x838B, 0x83CD, 0x8C2F, 0x9450, 0x9470, 0x9C90, 0x9C91, 0x9C91,
    0x944F, 0xE6D7, 0xFFB9, 0xFFF9, 0xA4CF, 0x29A5, 0x2209, 0x220A,
    0x224B, 0x224B, 0x1188, 0x00C5, 0x3A08, 0xEF1A, 0xFF9A, 0xACAE,
    0x7B8A, 0x8C2E, 0x946F, 0x9C90, 0x9CB1, 0xA4F2, 0xA4F2, 0xA4F2,
    0xA4F2, 0xA4D1, 0xE6B7, 0xFFDA, 0xBD50, 0x18E2, 0x1966, 0x1988,
    0x1988, 0x19A9, 0x19C9, 0x19C9, 0x1146, 0x73CF, 0xF75B, 0xFF9A,
    0xACF0, 0x8BEC, 0x946F, 0x9CB0, 0x9CD2, 0xA512, 0xAD33, 0xAD53,
    0xAD33, 0xAD33, 0x9CB0, 0xE6D8, 0xFFFC, 0xBD93, 0x2144, 0x2187,
    0x21C9, 0x21CA, 0x21E9, 0x21C8, 0x5B6E, 0x7410, 0xB594, 0xFF9A,
    0xFF57, 0xBD0E, 0x9C4C, 0xA4D0, 0xA512, 0xAD33, 0xAD53, 0xB574,
    0xB575, 0xB574, 0xAD53, 0xA4D0, 0xE6B6, 0xFFFA, 0xC5B2, 0x3183,
    0x3A49, 0x326B, 0x19E9, 0x19EA, 0x19E9, 0x0947, 0x00A4, 0x29A7,
    0xE71A, 0xFF7A, 0xB552, 0xA4F1, 0xA533, 0xAD74, 0xAD95, 0xB595,
    0xB5B5, 0xB5B5, 0xB595, 0xAD54, 0xA511, 0xEF17, 0xFFB9, 0xD634,
    0x39C4, 0x3228, 0x2A2A, 0x11A8, 0x11A8, 0x11A9, 0x19A8, 0x00C4,
    0x9491, 0xFFBB, 0xFF57, 0xCDB1, 0xACEF, 0xAD32, 0xAD53, 0xB594,
    0xB595, 0xB595, 0xB5B5, 0xB595, 0xB595, 0x9CB0, 0xDE96, 0xFF98,
    0xFF78, 0xBD92, 0x3A26, 0x19C7, 0x11A8, 0x11A9, 0x11A8, 0x0947,
    0x00A4, 0x2986, 0xDEB9, 0xFF59, 0xCDF4, 0xBD73, 0xBD94, 0xBDB5,
    0xBDB6, 0xBDD6, 0xBDD6, 0xBDD6, 0xBDB6, 0xBDB4, 0xA4B0, 0xDE96,
    0xFF99, 0xE675, 0x62E8, 0x3207, 0x326A, 0x19E9, 0x11C9, 0x11A8,
    0x0947, 0x00E5, 0x08A3, 0xAD73, 0xF739, 0xCDF4, 0xBD94, 0xB595,
    0xB5B6, 0xBDB6, 0xBDD6, 0xBDD6, 0xBDB6, 0xBDB5, 0xBD95, 0x9470,
    0xD636, 0xFF9A, 0xE6B7, 0x7BAB, 0x2184, 0x0924, 0x0905, 0x21E8,
    0x7C30, 0x7C92, 0x7C92, 0x7C92, 0x63AF, 0xB5B5, 0xFFFD, 0xB510,
    0x3100, 0x30E2, 0x41A4, 0x732A, 0x944F, 0xAD12, 0xBD73, 0xBD94,
    0xB552, 0xACF0, 0xD5F3, 0xFF99, 0xEEB5, 0x3983, 0x1925, 0x21C9,
    0x29C9, 0x2A0A, 0x29EA, 0x21C9, 0x1988, 0x2987, 0xAD53, 0xFF9B,
    0xD613, 0x4961, 0x38E0, 0x4983, 0x62C7, 0x8BAC, 0xA48F, 0xAD10,
    0xB532, 0xAD11, 0xA4AF, 0xBD71, 0xFFDA, 0xCDF3, 0x20E2, 0x2166,
    0x19A8, 0x328C, 0x2A8C, 0x224B, 0x224B, 0x21C9, 0x7C0F, 0xFF9A,
    0xFFB9, 0xE693, 0x4981, 0x30C0, 0x3943, 0x5A26, 0x7B09, 0x940C,
    0xA4AF, 0xACF1, 0xACD1, 0x9C4E, 0xC572, 0xFFB9, 0xFFF9, 0xDE94,
    0x39E5, 0x21A7, 0x220A, 0x1A2A, 0x222A, 0x11A9, 0x00E5, 0x2166,
    0xBDF6, 0xFFFE, 0xDEB7, 0x4182, 0x28E0, 0x3123, 0x49E6, 0x62A8,
    0x7B6B, 0x8BED, 0x942E, 0x942E, 0x83AC, 0xC5B2, 0xFFFB, 0xFFFB,
    0x5246, 0x10A3, 0x1947, 0x1967, 0x1988, 0x2188, 0x21A8, 0x1967,
    0x2187, 0xCE78, 0xFFFF, 0xC5F5, 0x2901, 0x2902, 0x3143, 0x49C5,
    0x5A66, 0x6AE8, 0x734A, 0x7B6B, 0x7329, 0x72E8, 0xDE97, 0xFFFD,
    0xF79A, 0x31C5, 0x10E4, 0x2187, 0x21A8, 0x21A8, 0x21A8, 0x29C9,
    0x1967, 0x31E8, 0xE71A, 0xFFFE, 0xC5B3, 0x28E0, 0x3102, 0x3143,
    0x41A4, 0x49E5, 0x5246, 0x62A8, 0x6AE8, 0x62A7, 0x62C8, 0xD676,
    0xFFFE, 0xD697, 0x1903, 0x1946, 0x2188, 0x21A9, 0x21EA, 0x29EA,
    0x2A0A, 0x1988, 0x424A, 0xE6FA, 0xFFFE, 0xA4AF, 0x28C0, 0x3943,
    0x3964, 0x41C5, 0x4A05, 0x5A46, 0x6287, 0x62A7, 0x5A87, 0x6AC8,
    0xD654, 0xFFFC, 0xAD52, 0x10A1, 0x1966, 0x21E9, 0x222A, 0x224B,
    0x2A4B, 0x220A, 0x19A7, 0xBDF6, 0xFFDA, 0xFF77, 0x7B27, 0x28C0,
    0x3964, 0x41A4, 0x51E5, 0x5A26, 0x6287, 0x6AC9, 0x730A, 0x6B09,
    0x7B49, 0xEED6, 0xFFB8, 0xFF77, 0x7308, 0x2124, 0x29E9, 0x19EA,
    0x21EA, 0x19C8, 0x0927, 0x0083, 0x5B0A, 0xFFFC, 0xF718, 0x5A44,
    0x3143, 0x49E6, 0x5227, 0x5A68, 0x62C9, 0x732A, 0x7B6A, 0x838B,
    0x7B29, 0x9C6D, 0xFFB9, 0xFFB9, 0xF738, 0x5AA9, 0x3A09, 0x21C9,
    0x19A8, 0x21A9, 0x1989, 0x21A9, 0x08C4, 0x8C70, 0xFFFC, 0xF739,
    0x6287, 0x41C5, 0x5268, 0x62C9, 0x6B0A, 0x734B, 0x7B8C, 0x83AD,
    0x83CD, 0x7B8A, 0xACCE, 0xFFB9, 0xFFD9, 0x62A7, 0x0861, 0x21A7,
    0x220A, 0x220A, 0x222A, 0x1188, 0x00E5, 0x08C4, 0xAD54, 0xFFFC,
    0xE674, 0x5A44, 0x62C8, 0x734B, 0x738C, 0x83ED, 0x8C2F, 0x8C4F,
    0x9450, 0x9470, 0x8C2E, 0xC5D4, 0xFFB9, 0xF737, 0x5226, 0x1904,
    0x19A8, 0x19A8, 0x21C9, 0x21C9, 0x19A9, 0x19A8, 0x94D2, 0xFFBC,
    0xFFBA, 0xBD2F, 0x6286, 0x7B8C, 0x83CD, 0x8C2E, 0x944F, 0x9490,
    0x9CB1, 0x9CD1, 0xA4D0, 0x946E, 0xD635, 0xFFFC, 0xDE97, 0x2943,
    0x1945, 0x2A2A, 0x220A, 0x220A, 0x19E9, 0x19E9, 0x1146, 0x94B1,
    0xFFDB, 0xFFB9, 0xB50D, 0x7B28, 0x8C0D, 0x8C4F, 0x9490, 0x9CB1,
    0xA4F2, 0xA4F2, 0xA513, 0xA513, 0x9C90, 0xDE96, 0xFFB9, 0xFFFA,
    0xA4EF, 0x2164, 0x21E9, 0x220A, 0x222B, 0x222A, 0x0967, 0x00A4,
    0x3A08, 0xEF5B, 0xFF9A, 0xACCF, 0x8C0D, 0x9C90, 0x9CD1, 0xA4F2,
    0xAD33, 0xAD54, 0xAD75, 0xB574, 0xB574, 0xA4F2, 0xDE77, 0xFFDA,
    0xBD91, 0x1902, 0x1966, 0x1988, 0x1188, 0x19A8, 0x19A8, 0x19C9,
    0x0926, 0x4269, 0xE719, 0xFF9A, 0xB530, 0x944D, 0xA4F1, 0xA512,
    0xAD54, 0xB595, 0xB5B5, 0xBDB5, 0xB5B5, 0xB5B5, 0x9C90, 0xDE97,
    0xFFFC, 0xC5B3, 0x2123, 0x1946, 0x19A8, 0x19A9, 0x19C9, 0x1988,
    0x21A8, 0x5B2D, 0xC616, 0xFF99, 0xFF57, 0xC56F, 0xA4AE, 0xB532,
    0xB553, 0xB594, 0xBDB5, 0xBDD6, 0xBDD6, 0xBDB5, 0xBDB4, 0x9C8F,
    0xDE96, 0xFFDB, 0xC5B2, 0x2963, 0x2186, 0x2209, 0x19E9, 0x19E9,
    0x11C9, 0x0947, 0x0084, 0x31C7, 0xE71A, 0xFF7A, 0xBD93, 0xAD33,
    0xB574, 0xB5B6, 0xBDD6, 0xBDD6, 0xBDF6, 0xBDD6, 0xBDF6, 0xB595,
    0x9CD0, 0xEF17, 0xFFB9, 0xD614, 0x39C5, 0x2186, 0x21C8, 0x19C9,
    0x11A8, 0x11A8, 0x1188, 0x00A3, 0x9491, 0xFFBA, 0xFF58, 0xCDF2,
    0xBD51, 0xB594, 0xB5B5, 0xBDD6, 0xBDD6, 0xBDD6, 0xBDD6, 0xBDD6,
    0xBDB5, 0x944E, 0xDE54, 0xFF57, 0xFF78, 0xBD71, 0x3A06, 0x19C7,
    0x19A8, 0x11A9, 0x11A8, 0x0947, 0x0084, 0x2986, 0xDEB8, 0xFF59,
    0xD5F3, 0xBDB3, 0xBDD4, 0xBDD5, 0xBDF6, 0xBDF7, 0xC617, 0xBDF6,
    0xC617, 0xBDB5, 0x8C0D, 0xDE76, 0xFF99, 0xE695, 0x6B29, 0x21A5,
    0x19E8, 0x11C9, 0x11A8, 0x1188, 0x0946, 0x00C4, 0x08A2, 0xAD53,
    0xF719, 0xD5F4, 0xC5B4, 0xBDD6, 0xBDD6, 0xBDF7, 0xBDF7, 0xC5F7,
    0xC5F6, 0xC617, 0xBDB5, 0x83CD, 0xCDF4, 0xFF9A, 0xE696, 0x738B,
    0x2184, 0x0925, 0x08E5, 0x1987, 0x6BEF, 0x84B2, 0x8CD3, 0x7410,
    0x4ACB, 0xBDD5, 0xFFFC, 0xBD50, 0x3900, 0x28C1, 0x30E2, 0x49E5,
    0x6AE9, 0x8BCD, 0x9C4F, 0x9C90, 0x944F, 0x8BEC, 0xD5D2, 0xFF99,
    0xEEB6, 0x3984, 0x10E5, 0x21A8, 0x21A8, 0x21A8, 0x21A9, 0x1988,
    0x1967, 0x29C7, 0xC5D5, 0xFF9B, 0xD634, 0x4161, 0x28A0, 0x28E2,
    0x41A4, 0x6AA7, 0x838B, 0x940D, 0x942D, 0x940C, 0x7B6A, 0xB4EF,
    0xFFBA, 0xCDD3, 0x18A1, 0x1905, 0x19A8, 0x328C, 0x328C, 0x2A6B,
    0x224B, 0x19A8, 0x73EE, 0xFF7A, 0xFFD9, 0xE693, 0x49A1, 0x30A0,
    0x30E2, 0x4163, 0x5205, 0x6AC8, 0x7B4A, 0x83AB, 0x838B, 0x7309,
    0xBD50, 0xFFD9, 0xFFD9, 0xDEB5, 0x4205, 0x29C7, 0x220A, 0x1A2A,
    0x1A0A, 0x1188, 0x00C4, 0x2186, 0xC657, 0xFFFE, 0xDE96, 0x4182,
    0x30C0, 0x28E2, 0x3944, 0x41A4, 0x5A46, 0x6287, 0x62A8, 0x5A88,
    0x5A67, 0xBD71, 0xFFFB, 0xFFFB, 0x4A46, 0x0883, 0x1947, 0x1947,
    0x1947, 0x1947, 0x1967, 0x1146, 0x29C8, 0xD6B9, 0xFFFF, 0xD656,
    0x3122, 0x2902, 0x3123, 0x3964, 0x41A4, 0x49E5, 0x5205, 0x5206,
    0x49C4, 0x5205, 0xDE96, 0xFFFD, 0xEF7B, 0x31A5, 0x10C3, 0x1946,
    0x1967, 0x1967, 0x1987, 0x1988, 0x1106, 0x3A29, 0xEF5B, 0xFFFE,
    0xC614, 0x2900, 0x3102, 0x3123, 0x3984, 0x41A4, 0x49C5, 0x5206,
    0x5A46, 0x5206, 0x5A66, 0xDE96, 0xFFFE, 0xD697, 0x18E3, 0x1105,
    0x1967, 0x1987, 0x21A9, 0x21A8, 0x21A9, 0x1127, 0x4A6A, 0xEF3B,
    0xFFFD, 0xB530, 0x28C0, 0x3143, 0x3964, 0x41A5, 0x5206, 0x5A67,
    0x62A8, 0x62C8, 0x62A7, 0x7329, 0xE6D6, 0xFFFC, 0xAD11, 0x0860,
    0x1125, 0x19A8, 0x19E9, 0x19EA, 0x220A, 0x19E9, 0x1987, 0xBDF6,
    0xFFBA, 0xFFB7, 0xA48B, 0x30C0, 0x4184, 0x49C5, 0x5A46, 0x62A8,
    0x7309, 0x7B4B, 0x7B6C, 0x7B6B, 0x940C, 0xF737, 0xFF97, 0xFF78,
    0x7308, 0x1903, 0x21C9, 0x19C9, 0x19EA, 0x19C9, 0x0926, 0x0063,
    0x630B, 0xFFBB, 0xFF9A, 0x7B69, 0x3122, 0x5A68, 0x62A9, 0x730A,
    0x7B4B, 0x83CD, 0x8C0D, 0x9C4E, 0x93EC, 0xB510, 0xFFB9, 0xFFB9,
    0xEF18, 0x4A27, 0x2146, 0x1968, 0x1988, 0x1988, 0x1988, 0x1988,
    0x08C4, 0x8C70, 0xFFDB, 0xFF59, 0x7329, 0x41E5, 0x734B, 0x734B,
    0x83AC, 0x8BED, 0x944E, 0x944F, 0x9C70, 0x8C2D, 0xBD51, 0xFFB9,
    0xFFD9, 0x6287, 0x1061, 0x21A6, 0x19C8, 0x19E9, 0x19E9, 0x1167,
    0x00C4, 0x08C4, 0xA533, 0xFFFB, 0xF6F6, 0x6AA6, 0x7309, 0x83ED,
    0x8C0E, 0x9470, 0x9C91, 0xA4D2, 0xA4F2, 0xA512, 0x9C90, 0xCE14,
    0xFFB8, 0xF717, 0x4A06, 0x10E4, 0x1967, 0x1987, 0x19A9, 0x21A9,
    0x19A9, 0x1126, 0x4A49, 0xEED8, 0xFFFB, 0xC591, 0x62A7, 0x942E,
    0x944F, 0x9C90, 0xA4F2, 0xAD13, 0xA533, 0xAD33, 0xB553, 0x9C8F,
    0xDE75, 0xFFFB, 0xE6B6, 0x3142, 0x1924, 0x21E9, 0x21EA, 0x220A,
    0x1A0A, 0x220A, 0x1146, 0x94B1, 0xFFFB, 0xFFD9, 0xCDD0, 0x7B27,
    0x9C8F, 0x9CD1, 0xA4F2, 0xAD12, 0xB554, 0xB574, 0xB575, 0xB575,
    0x9470, 0xE6D7, 0xFFB9, 0xFFFA, 0xA4EF, 0x2143, 0x21E8, 0x19EA,
    0x1A0A, 0x19E9, 0x0947, 0x0084, 0x31E7, 0xEF3A, 0xFFBB, 0xB530,
    0x83CC, 0xAD32, 0xAD33, 0xB574, 0xB5B5, 0xB5B6, 0xB5B5, 0xBDF6,
    0xBDB5, 0x944F, 0xE6B7, 0xFFBA, 0xC592, 0x18E2, 0x1145, 0x1167,
    0x1168, 0x1168, 0x1188, 0x1188, 0x00E5, 0x4269, 0xEF19, 0xFF79,
    0xD5D2, 0x940C, 0xB552, 0xBD94, 0xB595, 0xBDB6, 0xBDD6, 0xBDD6,
    0xC617, 0xAD74, 0x8C0D, 0xEEF8, 0xFFBA, 0xC572, 0x2102, 0x1125,
    0x1167, 0x1988, 0x1988, 0x1987, 0x1126, 0x1125, 0x8C70, 0xF739,
    0xFF77, 0xDE12, 0x9C6D, 0xBD93, 0xBDD5, 0xBDD5, 0xBDD5, 0xC5F6,
    0xC5F6, 0xCE57, 0xAD12, 0x8C2D, 0xEF18, 0xFFBA, 0xBD92, 0x2143,
    0x1966, 0x19C9, 0x11C9, 0x11A9, 0x11A8, 0x0947, 0x0084, 0x31E7,
    0xE719, 0xFF9A, 0xCDF4, 0xA4D0, 0xC5F6, 0xC5F6, 0xBDF7, 0xC5F7,
    0xC5F7, 0xC638, 0xCE79, 0x8C50, 0x944E, 0xFF58, 0xFF98, 0xCDF3,
    0x3984, 0x1945, 0x19A8, 0x19A8, 0x1188, 0x1188, 0x1167, 0x00A3,
    0x9470, 0xFF9A, 0xFF77, 0xDE53, 0xBD51, 0xC5D5, 0xBDD6, 0xC5F7,
    0xC5F7, 0xC617, 0xC617, 0xCE58, 0xA4F2, 0x7B8B, 0xEEB6, 0xFF57,
    0xFF78, 0xBD71, 0x3A06, 0x1986, 0x1988, 0x11A9, 0x1188, 0x0927,
    0x00A4, 0x2145, 0xD657, 0xFF79, 0xDE34, 0xC5B3, 0xCE15, 0xC616,
    0xC617, 0xC618, 0xC638, 0xC638, 0xCE58, 0x8C4F, 0x736A, 0xEEF7,
    0xFF78, 0xE695, 0x6309, 0x29C6, 0x21E8, 0x11A8, 0x1188, 0x1168,
    0x0926, 0x00C4, 0x08A3, 0xB573, 0xFF5A, 0xE676, 0xC5D4, 0xC617,
    0xC617, 0xC617, 0xC617, 0xC637, 0xCE37, 0xD678, 0x948F, 0x6B29,
    0xDE75, 0xFF58, 0xE696, 0x7B8B, 0x2184, 0x0925, 0x0905, 0x1146,
    0x5B4D, 0x63CF, 0x63AF, 0x3A8A, 0x3A29, 0xC5F5, 0xFFDB, 0xDE33,
    0x4961, 0x28C0, 0x2080, 0x28C2, 0x3143, 0x49E4, 0x5A66, 0x6287,
    0x5247, 0x72E8, 0xE674, 0xFF98, 0xE675, 0x3164, 0x10E5, 0x1967,
    0x1967, 0x1988, 0x1968, 0x1967, 0x1147, 0x29A7, 0xC5D5, 0xFF9B,
    0xEEB6, 0x6244, 0x28C0, 0x20C2, 0x28E2, 0x3963, 0x49C4, 0x5205,
    0x5226, 0x5205, 0x5A24, 0xC571, 0xFF99, 0xEED6, 0x39A4, 0x10A3,
    0x1988, 0x326B, 0x2A6B, 0x224A, 0x222A, 0x19A8, 0x73EE, 0xFF79,
    0xFF77, 0xFF56, 0x6AA5, 0x28A0, 0x28E2, 0x28E1, 0x3942, 0x4183,
    0x49A4, 0x51C5, 0x49C4, 0x51E4, 0xCDD2, 0xFFFA, 0xFFF9, 0xDE95,
    0x31A4, 0x29C8, 0x222A, 0x222A, 0x220A, 0x11A8, 0x00A4, 0x2986,
    0xD698, 0xFFFD, 0xEF18, 0x5A44, 0x30E0, 0x30E1, 0x3102, 0x3943,
    0x4163, 0x4183, 0x3963, 0x3963, 0x5205, 0xD655, 0xFFFB, 0xFFDB,
    0x4A26, 0x0883, 0x1947, 0x1126, 0x1127, 0x1126, 0x1146, 0x0906,
    0x29A7, 0xD6B9, 0xFFFE, 0xF77A, 0x5205, 0x28E1, 0x3123, 0x3143,
    0x3964, 0x4184, 0x41A4, 0x41C5, 0x41A4, 0x6287, 0xEF18, 0xFFFD,
    0xF79B, 0x31A5, 0x08A3, 0x1106, 0x1126, 0x1146, 0x1147, 0x1967,
    0x0906, 0x3208, 0xE71B, 0xFFFE, 0xF779, 0x5245, 0x28E1, 0x3143,
    0x3964, 0x41A5, 0x5206, 0x5A67, 0x62A8, 0x5A67, 0x7B6A, 0xF759,
    0xFFFD, 0xD697, 0x18E2, 0x10E5, 0x1126, 0x1967, 0x1988, 0x1988,
    0x1988, 0x08E6, 0x4A49, 0xEF3A, 0xFFFC, 0xEEB6, 0x49C3, 0x2901,
    0x4184, 0x51E6, 0x5A67, 0x6AE9, 0x736A, 0x83AC, 0x7B4A, 0xA46E,
    0xFF79, 0xFFFA, 0xA4CF, 0x0860, 0x1925, 0x1988, 0x19A9, 0x19C9,
    0x19C9, 0x19A8, 0x1946, 0xBDB5, 0xFFDA, 0xFF97, 0xE693, 0x51C2,
    0x3902, 0x5A67, 0x732A, 0x7B6B, 0x8BCD, 0x942E, 0x9C70, 0x83CD,
    0xBD72, 0xFF78, 0xFF56, 0xFF98, 0x72E8, 0x10A2, 0x21A8, 0x19C9,
    0x19C9, 0x19A8, 0x0906, 0x0063, 0x630C, 0xFFBA, 0xFFB9, 0xBD71,
    0x30E0, 0x5206, 0x83AC, 0x8C0E, 0x944F, 0x9C90, 0xAD12, 0xACF1,
    0x8BEC, 0xDE54, 0xFF99, 0xFFD9, 0xB50F, 0x18A1, 0x1105, 0x1947,
    0x1987, 0x1988, 0x1168, 0x1967, 0x08A3, 0x8C4F, 0xFFBA, 0xFFB9,
    0xB50F, 0x3121, 0x734B, 0x9450, 0x9470, 0x9CB0, 0xA4F1, 0xAD33,
    0xB533, 0x944E, 0xD634, 0xFFB9, 0xFF99, 0x6AA7, 0x0860, 0x2167,
    0x1987, 0x19A8, 0x19A8, 0x0946, 0x00A4, 0x08A3, 0xB574, 0xFFBA,
    0xFF98, 0x9C2B, 0x5245, 0x9C6F, 0xACF2, 0xAD12, 0xAD53, 0xB574,
    0xBDD6, 0xAD53, 0x8C2E, 0xE6B7, 0xFFB8, 0xF716, 0x4A05, 0x10E4,
    0x1967, 0x1167, 0x1988, 0x19A8, 0x1988, 0x1127, 0x2145, 0xD636,
    0xFFDA, 0xEEF6, 0x7308, 0x7B8B, 0xB553, 0xAD54, 0xB574, 0xB595,
    0xBDB5, 0xC637, 0xA4F1, 0x9C4D, 0xF758, 0xFFDA, 0xE6D6, 0x3162,
    0x10E3, 0x21C9, 0x19C9, 0x19C9, 0x19C9, 0x19C9, 0x1126, 0x9490,
    0xFFDA, 0xFFB8, 0xF6F4, 0x7B27, 0x83AB, 0xBD94, 0xBDB5, 0xBDD5,
    0xC5D6, 0xC617, 0xC617, 0x9470, 0xA4D1, 0xFF99, 0xFF98, 0xFFF9,
    0xA4CE, 0x1902, 0x1987, 0x11A9, 0x11C9, 0x11A9, 0x0947, 0x0063,
    0x31C7, 0xEF3A, 0xFFBA, 0xE695, 0x7B49, 0x942E, 0xC5F5, 0xC5F6,
    0xC5F6, 0xC617, 0xCE37, 0xC617, 0x7BAD, 0x944E, 0xF738, 0xFF98,
    0xC5B2, 0x18E2, 0x1105, 0x1147, 0x1147, 0x1167, 0x1167, 0x1147,
    0x00C5, 0x4249, 0xEF19, 0xFF58, 0xFF17, 0x9C4D, 0x83CC, 0xBD94,
    0xC617, 0xCE38, 0xCE58, 0xD679, 0xBDB5, 0x6B2A, 0xAD30, 0xFF78,
    0xFF78, 0xC550, 0x20E1, 0x1105, 0x1147, 0x1167, 0x1167, 0x1147,
    0x1147, 0x00A4, 0x4227, 0xE6D7, 0xFF36, 0xF6F6, 0xACAE, 0x8C0D,
    0xBDB4, 0xD657, 0xD678, 0xD678, 0xD678, 0xAD32, 0x62E9, 0xBD92,
    0xFF99, 0xFF99, 0xBD71, 0x2122, 0x1946, 0x19A9, 0x11A8, 0x1188,
    0x0968, 0x0126, 0x0084, 0x31A6, 0xE6D8, 0xFF79, 0xEEF7, 0x9C6E,
    0x9CB0, 0xC616, 0xD678, 0xD678, 0xD698, 0xCE57, 0x8C4F, 0x5A87,
    0xCDD3, 0xFF58, 0xFF78, 0xD613, 0x3183, 0x1945, 0x19A8, 0x1188,
    0x1187, 0x1167, 0x1147, 0x0083, 0x8C70, 0xFF9A, 0xFF57, 0xF716,
    0xBD2F, 0xB532, 0xCE36, 0xD658, 0xD679, 0xD679, 0xD678, 0xAD33,
    0x5A88, 0xA4AF, 0xFF58, 0xFF56, 0xFF98, 0xC591, 0x3A06, 0x1966,
    0x1167, 0x1188, 0x1188, 0x0927, 0x0084, 0x1925, 0xD657, 0xFF79,
    0xF6F6, 0xC592, 0xBD93, 0xD657, 0xD679, 0xD699, 0xDEBA, 0xD699,
    0x9C90, 0x4A26, 0xACF0, 0xFF58, 0xFF57, 0xEEB6, 0x6B29, 0x21A5,
    0x19A7, 0x1168, 0x1168, 0x0967, 0x0926, 0x00A4, 0x08A3, 0xB594,
    0xFF5A, 0xF718, 0xCDF3, 0xBD93, 0xC616, 0xD658, 0xD679, 0xD699,
    0xCE37, 0x9470, 0x4A26, 0xA48E, 0xF717, 0xFF37, 0xEEB5, 0x7B8A,
    0x2164, 0x0924, 0x0905, 0x1146, 0x4269, 0x21E8, 0x19A7, 0x1166,
    0x3228, 0xC5F5, 0xFF99, 0xFF57, 0x8BA9, 0x28C0, 0x28A0, 0x1881,
    0x1881, 0x20A1, 0x28C1, 0x28C1, 0x28C0, 0x93CB, 0xFF57, 0xFF78,
    0xE695, 0x3143, 0x10C4, 0x1126, 0x1126, 0x1947, 0x1947, 0x1967,
    0x1967, 0x31A7, 0xC5F5, 0xFF9B, 0xFF38, 0xA44B, 0x3900, 0x30E2,
    0x20A1, 0x20C1, 0x28E1, 0x28E1, 0x28C1, 0x28A0, 0x6287, 0xEEB5,
    0xFF77, 0xFF56, 0x5A46, 0x0862, 0x1967, 0x21E9, 0x220A, 0x1A09,
    0x2209, 0x1987, 0x73CE, 0xFF79, 0xFF56, 0xFFB7, 0xBD0E, 0x3900,
    0x3101, 0x28E2, 0x28E1, 0x3102, 0x3122, 0x3922, 0x30E1, 0x6AA8,
    0xF737, 0xFFD9, 0xFFF9, 0xD654, 0x2943, 0x2187, 0x21E9, 0x220A,
    0x19EA, 0x1168, 0x00A4, 0x2145, 0xD677, 0xFFFC, 0xFFB9, 0xACAD,
    0x3120, 0x3122, 0x3102, 0x3123, 0x3943, 0x3963, 0x3963, 0x3942,
    0x942D, 0xFFB9, 0xFFFA, 0xFFDA, 0x4A26, 0x0882, 0x1106, 0x0905,
    0x1106, 0x1106, 0x1126, 0x0905, 0x31C7, 0xDED9, 0xFFFD, 0xFFFC,
    0xACCF, 0x30E1, 0x3102, 0x3123, 0x3964, 0x49E5, 0x5226, 0x5226,
    0x5205, 0xBD51, 0xFFFB, 0xFFFB, 0xF79B, 0x3185, 0x0882, 0x10E5,
    0x1106, 0x1126, 0x1126, 0x1126, 0x08E5, 0x31C7, 0xDEF9, 0xFFFC,
    0xFFFC, 0xC5D2, 0x3141, 0x2901, 0x3964, 0x5206, 0x6AC9, 0x730A,
    0x6AE9, 0x6287, 0xC5D3, 0xFFFB, 0xFFFC, 0xD696, 0x18C2, 0x08A4,
    0x1106, 0x1126, 0x1147, 0x1147, 0x1167, 0x08E5, 0x4208, 0xEF19,
    0xFFDA, 0xFFDA, 0xB50F, 0x3100, 0x3101, 0x49E5, 0x6B0A, 0x83CC,
    0x8BED, 0x736B, 0x7B4A, 0xE675, 0xFF99, 0xFFD9, 0xB530, 0x0860,
    0x10E4, 0x1147, 0x1188, 0x19A9, 0x19A8, 0x1167, 0x1126, 0xBDD5,
    0xFFD9, 0xFF56, 0xFF96, 0xBD2E, 0x3940, 0x3922, 0x6AA9, 0x8BCD,
    0x9C6F, 0x944F, 0x7B6B, 0x9C4D, 0xF717, 0xFF77, 0xFF96, 0xFF97,
    0x6AA7, 0x0881, 0x1967, 0x1188, 0x11A8, 0x1168, 0x0906, 0x0043,
    0x630B, 0xFF99, 0xFF77, 0xFF77, 0x8B89, 0x2080, 0x5225, 0x8C0D,
    0x9CD1, 0xA4F2, 0x946F, 0x7309, 0xACCE, 0xFF77, 0xFF77, 0xFFD8,
    0x8BCA, 0x0820, 0x1926, 0x1126, 0x1967, 0x1168, 0x1147, 0x1947,
    0x08A3, 0x8C4F, 0xFFBA, 0xFF97, 0xF756, 0x7B47, 0x3121, 0x7B6B,
    0xACF2, 0xB574, 0xBD94, 0xAD12, 0x8C0D, 0xACCF, 0xF737, 0xFF77,
    0xFFB8, 0x7B28, 0x0840, 0x1926, 0x1167, 0x1167, 0x1188, 0x0926,
    0x00A3, 0x08A3, 0xBD94, 0xFFBA, 0xFF77, 0xEEF5, 0x6AC6, 0x5205,
    0x9C6F, 0xBD94, 0xC5F6, 0xC5D6, 0xA4F2, 0x734B, 0xBD72, 0xFF99,
    0xFF97, 0xF716, 0x41E5, 0x08C4, 0x1147, 0x1147, 0x1167, 0x1187,
    0x1968, 0x1127, 0x2125, 0xCE15, 0xFFB9, 0xFFB8, 0xC570, 0x5204,
    0x7B8B, 0xAD33, 0xBDD5, 0xC5F6, 0xBDB5, 0x9C90, 0x6B09, 0xD613,
    0xFFB8, 0xFFB9, 0xE6D6, 0x3162, 0x10C3, 0x1988, 0x1988, 0x1188,
    0x11A8, 0x1188, 0x08E5, 0x8C70, 0xFFBA, 0xFF56, 0xFF97, 0xCDB0,
    0x6265, 0x7309, 0xA4F1, 0xBDB5, 0xBDB5, 0xA513, 0x7B8C, 0x83AB,
    0xE6D6, 0xFF98, 0xFF77, 0xFFB8, 0xA4CE, 0x10C1, 0x1146, 0x1167,
    0x1188, 0x1167, 0x0926, 0x0043, 0x31C7, 0xF719, 0xFF78, 0xFF98,
    0xD5F2, 0x6AC7, 0x736A, 0xA4F1, 0xB574, 0xB574, 0x9CB1, 0x62C9,
    0x7329, 0xE695, 0xFF57, 0xFF98, 0xC5B2, 0x18C1, 0x10E4, 0x1127,
    0x1147, 0x1147, 0x1167, 0x1147, 0x00C4, 0x3A08, 0xEEF8, 0xFF37,
    0xFF57, 0xEEB5, 0x940B, 0x62C8, 0x83CD, 0x9C91, 0x9490, 0x7BAD,
    0x5267, 0x83CB, 0xF717, 0xFF37, 0xFF77, 0xC570, 0x20E1, 0x1105,
    0x1126, 0x1147, 0x1147, 0x1127, 0x1147, 0x00C4, 0x31E7, 0xE6B7,
    0xFF36, 0xFF36, 0xEED6, 0x9C2C, 0x6AC7, 0x7BAB, 0x944E, 0x8C2E,
    0x6B2A, 0x4A26, 0xA4CF, 0xFF99, 0xFF78, 0xFF98, 0xC591, 0x2121,
    0x1125, 0x1168, 0x1167, 0x1168, 0x1167, 0x0926, 0x0083, 0x2164,
    0xDEB7, 0xFF78, 0xFF78, 0xE6B5, 0x8C0C, 0x734A, 0x8C2E, 0x9C90,
    0x840E, 0x5AA8, 0x5245, 0xB550, 0xFF78, 0xFF36, 0xFF78, 0xD634,
    0x39A3, 0x1104, 0x1987, 0x1167, 0x1167, 0x1167, 0x0947, 0x0083,
    0x8C4F, 0xFF99, 0xFF57, 0xFF97, 0xE694, 0x9C6D, 0x942C, 0xACF1,
    0xAD53, 0x9CD1, 0x736B, 0x4A26, 0x83CB, 0xF6F6, 0xFF56, 0xFF56,
    0xFF98, 0xC5B2, 0x39E5, 0x1945, 0x1147, 0x0967, 0x1167, 0x0926,
    0x0084, 0x1925, 0xCE36, 0xFF58, 0xFF37, 0xEEB5, 0xACAE, 0x944E,
    0x9CB1, 0xA4D1, 0x9470, 0x6B2A, 0x41C4, 0x942C, 0xF717, 0xFF16,
    0xFF36, 0xEE95, 0x62E8, 0x1944, 0x1967, 0x1167, 0x0947, 0x0947,
    0x0906, 0x00A4, 0x08A3, 0xAD53, 0xFF39, 0xFF37, 0xF6F6, 0xBD71,
    0x946E, 0x9C6F, 0x944F, 0x83ED, 0x62C8, 0x4A05, 0x940C, 0xEEB6,
    0xFEF6, 0xFF36, 0xEE94, 0x7B8A, 0x2163, 0x1124, 0x08E5, 0x1126,
    0x3228, 0x1166, 0x1167, 0x1166, 0x3A49, 0xCE35, 0xFFB9, 0xFF77,
    0xF6F5, 0x8307, 0x30E0, 0x20A1, 0x1860, 0x1040, 0x1840, 0x2060,
    0x6AA6, 0xEEB5, 0xFF98, 0xFF98, 0xEED6, 0x3984, 0x10A3, 0x1105,
    0x1105, 0x1126, 0x1127, 0x1146, 0x1946, 0x29A7, 0xC5F5, 0xFF9A,
    0xFF37, 0xF6B4, 0x8327, 0x3921, 0x28C0, 0x20A1, 0x20A1, 0x20A1,
    0x2080, 0x5205, 0xD5D2, 0xFF57, 0xFF56, 0xFF36, 0x5A26, 0x0841,
    0x1946, 0x21C9, 0x19C9, 0x19E9, 0x19C8, 0x1146, 0x6B8D, 0xFF59,
    0xFF76, 0xFF76, 0xFF56, 0xA42A, 0x4140, 0x3102, 0x30E2, 0x28E2,
    0x28E2, 0x30E1, 0x51E4, 0xCDB2, 0xFFB8, 0xFFB8, 0xFFF9, 0xCE33,
    0x2122, 0x1946, 0x1988, 0x1188, 0x1168, 0x0926, 0x00A4, 0x2125,
    0xCE57, 0xFFFB, 0xFFB9, 0xFF98, 0x940B, 0x3921, 0x3101, 0x3102,
    0x3123, 0x3102, 0x3922, 0x838A, 0xF758, 0xFFD9, 0xFFD9, 0xFFB9,
    0x4A25, 0x0882, 0x10E5, 0x08E5, 0x10E5, 0x1105, 0x1105, 0x08E5,
    0x31C7, 0xD6B8, 0xFFFC, 0xFFFA, 0xFF99, 0x9C6D, 0x4183, 0x28C0,
    0x30E1, 0x3963, 0x41A3, 0x6266, 0xB550, 0xFFDA, 0xFFFA, 0xFFFB,
    0xF79A, 0x3184, 0x0882, 0x10E5, 0x08E5, 0x1105, 0x1105, 0x1126,
    0x08C5, 0x29A6, 0xDED9, 0xFFFC, 0xFFDA, 0xFFFB, 0xBDB1, 0x4A04,
    0x3101, 0x3102, 0x4184, 0x49C5, 0x62A7, 0xBD91, 0xFFFA, 0xFFDA,
    0xFFFC, 0xD696, 0x18C1, 0x08A3, 0x10E5, 0x1106, 0x1126, 0x1126,
    0x1147, 0x08C5, 0x39C7, 0xE6B7, 0xFFD9, 0xFFB8, 0xFFB8, 0xBD50,
    0x5A04, 0x28C1, 0x3123, 0x4184, 0x49C4, 0x72E8, 0xD614, 0xFFB8,
    0xFF77, 0xFFF9, 0xBD70, 0x1060, 0x10E4, 0x1126, 0x1167, 0x1147,
    0x1167, 0x0926, 0x1105, 0xBDF5, 0xFFFA, 0xFF77, 0xFF75, 0xFF96,
    0xC54F, 0x5A24, 0x3921, 0x4162, 0x49A4, 0x5A46, 0x942C, 0xEEF6,
    0xFF97, 0xFF56, 0xFF96, 0xFFB7, 0x62C7, 0x0881, 0x1146, 0x1147,
    0x1167, 0x1147, 0x0906, 0x0042, 0x630B, 0xFFB9, 0xFF76, 0xFFB7,
    0xFF76, 0xA46C, 0x49A2, 0x3942, 0x41A4, 0x49E5, 0x6266, 0xB4EF,
    0xFF57, 0xFF76, 0xFF55, 0xFFF7, 0x93EA, 0x0820, 0x1905, 0x1126,
    0x1147, 0x1147, 0x1147, 0x1126, 0x0883, 0x8C4F, 0xFFB9, 0xFF76,
    0xFF97, 0xF715, 0x93EA, 0x49A2, 0x49E5, 0x5A88, 0x62A8, 0x7309,
    0xB4F0, 0xF717, 0xFF97, 0xFF76, 0xFFD8, 0x7B69, 0x0820, 0x1126,
    0x1167, 0x1167, 0x1167, 0x0926, 0x00A3, 0x08A3, 0xB552, 0xFFB9,
    0xFF36, 0xFF77, 0xEE94, 0x8348, 0x49E3, 0x5A66, 0x62C8, 0x6287,
    0x62A7, 0xBD31, 0xFF78, 0xFF56, 0xFF97, 0xEEF5, 0x41C4, 0x08C3,
    0x1126, 0x1167, 0x1167, 0x1167, 0x1147, 0x1106, 0x1905, 0xC5D4,
    0xFF98, 0xFF56, 0xFF77, 0xBD2F, 0x6265, 0x5205, 0x6287, 0x6AE8,
    0x5A87, 0x6AE8, 0xCDD1, 0xFF77, 0xFF56, 0xFFB8, 0xE6D5, 0x3962,
    0x10A3, 0x1987, 0x1967, 0x1168, 0x1167, 0x1147, 0x08C4, 0x8C50,
    0xFF99, 0xFF56, 0xFF55, 0xFF97, 0xD612, 0x7307, 0x5224, 0x5A46,
    0x5A66, 0x5A66, 0x9C4D, 0xF717, 0xFF98, 0xFF56, 0xFF76, 0xFFB7,
    0xA4AD, 0x10A0, 0x1125, 0x1167, 0x1167, 0x1167, 0x0926, 0x0063,
    0x31C7, 0xF718, 0xFF77, 0xFF77, 0xFFB8, 0xE674, 0x8BEB, 0x5A66,
    0x5205, 0x49C4, 0x5225, 0x9C4D, 0xEEF6, 0xFF77, 0xFF36, 0xFF98,
    0xCDB1, 0x20E1, 0x10E4, 0x1126, 0x1147, 0x1147, 0x1147, 0x1146,
    0x00C4, 0x31E7, 0xE6D7, 0xFF56, 0xFF35, 0xFF77, 0xFF57, 0xC571,
    0x8BCB, 0x7309, 0x6AE8, 0x838A, 0xBD50, 0xF717, 0xFF57, 0xFF36,
    0xFF97, 0xC590, 0x20E1, 0x10E4, 0x1127, 0x1147, 0x1147, 0x1127,
    0x1146, 0x00C4, 0x31C7, 0xEEB6, 0xFF57, 0xFF56, 0xFF77, 0xFF57,
    0xBD6F, 0x7B68, 0x6286, 0x6286, 0x836A, 0xCDD3, 0xFF99, 0xFF78,
    0xFF77, 0xFF97, 0xC590, 0x2901, 0x1104, 0x1147, 0x1167, 0x1147,
    0x0947, 0x0906, 0x0063, 0x2985, 0xDED7, 0xFF57, 0xFF56, 0xFF98,
    0xF716, 0xB52F, 0x8389, 0x6B07, 0x6B08, 0x942B, 0xDE74, 0xFF78,
    0xFF36, 0xFF36, 0xFF77, 0xD613, 0x39A3, 0x10E3, 0x1946, 0x1147,
    0x1167, 0x1147, 0x1126, 0x0063, 0x8C70, 0xFF79, 0xFF36, 0xFF56,
    0xFF56, 0xEEB4, 0xB4ED, 0x8BA9, 0x6B07, 0x62C7, 0x7B6A, 0xBD51,
    0xF717, 0xFF36, 0xFF35, 0xFF56, 0xFF77, 0xBD70, 0x31A4, 0x1124,
    0x0926, 0x0947, 0x0947, 0x0906, 0x0083, 0x1924, 0xCE15, 0xFF58,
    0xFF16, 0xFF36, 0xEEB4, 0xB50F, 0x838A, 0x62A7, 0x6286, 0x7B69,
    0xB550, 0xF737, 0xFF36, 0xFEF5, 0xFF16, 0xE653, 0x5AA6, 0x1944,
    0x1987, 0x1167, 0x0947, 0x0927, 0x08E5, 0x00A4, 0x08A3, 0xAD12,
    0xF717, 0xFF16, 0xFF36, 0xF716, 0xCDD2, 0xA46D, 0x8389, 0x7B68,
    0x93EA, 0xC591, 0xF6F6, 0xFF16, 0xFEF5, 0xFF16, 0xEEB4, 0x7B8A,
    0x2143, 0x0904, 0x08E5, 0x1125, 0x3228, 0x1125, 0x1146, 0x1146,
    0x3A49, 0xD676, 0xFFB9, 0xFF77, 0xFF97, 0xF6D4, 0xA42B, 0x6245,
    0x4983, 0x4162, 0x5A25, 0x940C, 0xEEB5, 0xFF98, 0xFF77, 0xFFB8,
    0xEEF6, 0x3963, 0x0883, 0x1105, 0x1105, 0x1126, 0x1147, 0x1126,
    0x1105, 0x2145, 0xC5B4, 0xFF99, 0xFF17, 0xFF57, 0xF6D5, 0xA44C,
    0x6265, 0x4182, 0x4142, 0x51C4, 0x8BAA, 0xDE33, 0xFF76, 0xFF35,
    0xFF36, 0xFF36, 0x5A46, 0x0841, 0x1926, 0x1988, 0x1188, 0x1188,
    0x1167, 0x1126, 0x738D, 0xFF79, 0xFF97, 0xFF76, 0xFF76, 0xFF35,
    0xB4ED, 0x6245, 0x49A3, 0x49A4, 0x5205, 0x7B49, 0xDE33, 0xFF97,
    0xFF96, 0xFFB8, 0xFFF9, 0xCE13, 0x20E1, 0x1904, 0x1147, 0x1147,
    0x1147, 0x0906, 0x00A4, 0x2104, 0xCE36, 0xFFFB, 0xFFB8, 0xFFD9,
    0xFF98, 0xBD2F, 0x72C7, 0x51C4, 0x49A3, 0x6A87, 0xB4AF, 0xF757,
    0xFFFA, 0xFFD9, 0xFFF9, 0xFFB9, 0x5226, 0x1082, 0x10E5, 0x08E5,
    0x1106, 0x1105, 0x0905, 0x08E5, 0x31C7, 0xD6B8, 0xFFFB, 0xFFD9,
    0xFFFA, 0xFFFA, 0xD634, 0x9C6D, 0x83AA, 0x838A, 0xA48E, 0xDEB6,
    0xFFFB, 0xFFFA, 0xFFFA, 0xFFFB, 0xF79A, 0x31A4, 0x0882, 0x10E5,
    0x08E5, 0x08E5, 0x1105, 0x1126, 0x08E5, 0x29A7, 0xDED8, 0xFFFC,
    0xFFFA, 0xFFFA, 0xFFFC, 0xEF38, 0xA4EF, 0x8BEB, 0x8BCB, 0xACEF,
    0xEF38, 0xFFFB, 0xFFFA, 0xFFD9, 0xFFFB, 0xD696, 0x18E1, 0x08A3,
    0x10E5, 0x1106, 0x1106, 0x1126, 0x1126, 0x08E5, 0x3186, 0xDE96,
    0xFFB8, 0xFFB7, 0xFFB8, 0xFFD8, 0xF6F6, 0xC551, 0x9C4D, 0xAC8E,
    0xCDB2, 0xF717, 0xFFB9, 0xFF97, 0xFFB7, 0xFFF8, 0xBD70, 0x1880,
    0x10C4, 0x1126, 0x1147, 0x1147, 0x1126, 0x0905, 0x1105, 0xC5F5,
    0xFFFA, 0xFF77, 0xFF76, 0xFF76, 0xFFB8, 0xF716, 0xCDD1, 0xB50F,
    0xBD30, 0xDE54, 0xFF78, 0xFF97, 0xFF55, 0xFF55, 0xFF96, 0xFFD8,
    0x6AE7, 0x0061, 0x1126, 0x1147, 0x1167, 0x1147, 0x08E5, 0x0042,
    0x630B, 0xFFB9, 0xFFB7, 0xFFB6, 0xFFB7, 0xFFB8, 0xEE94, 0xCD70,
    0xBD0F, 0xCDB1, 0xEED6, 0xFFB8, 0xFF77, 0xFF96, 0xFF75, 0xFFF7,
    0x93EA, 0x0800, 0x10E5, 0x1106, 0x1126, 0x1147, 0x1126, 0x1126,
    0x08A3, 0x8C4F, 0xFF99, 0xFF56, 0xFF76, 0xFF97, 0xFFB8, 0xDE53,
    0xB52E, 0xACED, 0xBD4F, 0xE693, 0xFF98, 0xFF97, 0xFF76, 0xFF76,
    0xFFB7, 0x7307, 0x0840, 0x1926, 0x1147, 0x1147, 0x1147, 0x0926,
    0x00A4, 0x10C3, 0xBD93, 0xFF98, 0xFF35, 0xFF35, 0xFF76, 0xFF77,
    0xCDD2, 0x9C2C, 0x8BEA, 0xACAE, 0xEEB6, 0xFF98, 0xFF56, 0xFF55,
    0xFF76, 0xEED4, 0x39A3, 0x08A3, 0x1126, 0x1146, 0x1167, 0x1147,
    0x1147, 0x0906, 0x1904, 0xC5B3, 0xFF57, 0xFF55, 0xFF76, 0xFF97,
    0xEED5, 0xCD91, 0xACAD, 0xB4EE, 0xCDD2, 0xF716, 0xFFB7, 0xFF56,
    0xFF55, 0xFF97, 0xEED4, 0x3982, 0x10A3, 0x1167, 0x1147, 0x1168,
    0x1147, 0x1127, 0x0084, 0x9450, 0xFF99, 0xFF76, 0xFF75, 0xFF55,
    0xFFB7, 0xFF97, 0xDE53, 0xC570, 0xC570, 0xEEB4, 0xFF98, 0xFF77,
    0xFF76, 0xFF76, 0xFF76, 0xFFB7, 0xA4AD, 0x10A0, 0x1125, 0x1167,
    0x1147, 0x1168, 0x0906, 0x0063, 0x3186, 0xEED7, 0xFF77, 0xFF76,
    0xFF96, 0xFFB8, 0xFF98, 0xEEB5, 0xD5F2, 0xCDD1, 0xE673, 0xFF98,
    0xFF97, 0xFF56, 0xFF56, 0xFF97, 0xCDD1, 0x20E1, 0x10E4, 0x1126,
    0x1126, 0x1147, 0x1127, 0x1146, 0x00C4, 0x31C7, 0xE6D7, 0xFF76,
    0xFF56, 0xFF56, 0xFF76, 0xFF98, 0xFF78, 0xFF36, 0xFF36, 0xFF77,
    0xFF98, 0xFF76, 0xFF56, 0xFF56, 0xFF97, 0xCD90, 0x28E0, 0x10C4,
    0x1126, 0x1147, 0x1147, 0x1147, 0x1146, 0x00A4, 0x39E7, 0xE6B6,
    0xFF36, 0xFF76, 0xFF77, 0xFF97, 0xFFB8, 0xFF77, 0xF6F6, 0xFF16,
    0xFF77, 0xFF98, 0xFF77, 0xFF56, 0xF736, 0xFF97, 0xC5B1, 0x2922,
    0x1104, 0x1147, 0x1147, 0x0947, 0x0947, 0x0906, 0x0063, 0x29A6,
    0xE6D7, 0xFF57, 0xFF56, 0xFF56, 0xFF77, 0xFF97, 0xFF57, 0xF6F5,
    0xFF16, 0xFF77, 0xFF77, 0xFF57, 0xFF36, 0xFF35, 0xFF77, 0xCDF2,
    0x3163, 0x10E3, 0x1126, 0x1126, 0x1167, 0x1146, 0x0905, 0x0062,
    0x7BEE, 0xFF58, 0xFF15, 0xFF36, 0xFF35, 0xFF56, 0xFF56, 0xF6F6,
    0xEEB5, 0xF6D5, 0xFF37, 0xFF57, 0xFF36, 0xFF15, 0xFF15, 0xFF35,
    0xFF77, 0xBD50, 0x3183, 0x10E3, 0x0906, 0x0927, 0x0926, 0x08E5,
    0x0063, 0x1904, 0xC5F4, 0xFF17, 0xFF15, 0xFF14, 0xFF35, 0xFF36,
    0xF6F5, 0xE674, 0xEEB4, 0xFF16, 0xFF57, 0xFF16, 0xFF15, 0xFF15,
    0xFF16, 0xDE33, 0x5AA7, 0x2164, 0x1966, 0x1146, 0x0947, 0x0927,
    0x08E5, 0x00A4, 0x08A2, 0xA4F1, 0xF6F7, 0xFF15, 0xFF15, 0xFF15,
    0xFF56, 0xFF36, 0xFF16, 0xFEF5, 0xFEF5, 0xFEF4, 0xFEF5, 0xFEF4,
    0xFEF4, 0xFF16, 0xF6B5, 0x83AA, 0x2143, 0x0904, 0x08E5, 0x1125,
    0x3A48, 0x1125, 0x1146, 0x0925, 0x3A28, 0xD675, 0xFFB8, 0xFF76,
    0xFF56, 0xFF56, 0xFF76, 0xF6D4, 0xE632, 0xE633, 0xF6D5, 0xFF56,
    0xFF56, 0xFF56, 0xFF77, 0xFF98, 0xEED5, 0x3142, 0x0883, 0x1105,
    0x0905, 0x1126, 0x1126, 0x1126, 0x1105, 0x2125, 0xBD93, 0xFF98,
    0xFF37, 0xFF37, 0xFF36, 0xFF36, 0xF6B5, 0xE613, 0xDDF2, 0xEE74,
    0xFF37, 0xFF56, 0xFF35, 0xFF55, 0xFF56, 0xFF36, 0x5A25, 0x0841,
    0x1105, 0x1147, 0x1147, 0x1147, 0x1126, 0x1125, 0x73AD, 0xFF79,
    0xFF97, 0xFF97, 0xFF35, 0xFF14, 0xFF56, 0xF6D4, 0xE673, 0xE673,
    0xEED5, 0xFF57, 0xFF98, 0xFF77, 0xFF96, 0xFFB7, 0xFFF9, 0xCE13,
    0x20C1, 0x1904, 0x1126, 0x1126, 0x1126, 0x0906, 0x00A4, 0x2124,
    0xCE36, 0xFFFB, 0xFFD9, 0xFFF8, 0xFFF9, 0xFFF9, 0xFF57, 0xE6B4,
    0xE694, 0xFF37, 0xFFD9, 0xFFF8, 0xFFD8, 0xFFF8, 0xFFF9, 0xE717,
    0x41A4, 0x10A2, 0x10E5, 0x1105, 0x1126, 0x1105, 0x1126, 0x08E5,
    0x39E7, 0xDED8, 0xFFFB, 0xFFFA, 0xFFFA, 0xFFFA, 0xFFFB, 0xFFFB,
    0xFFFB, 0xFFFB, 0xFFFB, 0xFFFB, 0xFFFA, 0xFFFA, 0xFFFA, 0xFFFB,
    0xF79A, 0x31A4, 0x08A2, 0x10E5, 0x08E5, 0x1105, 0x10E5, 0x1106,
    0x08E5, 0x31E8, 0xDED8, 0xFFFC, 0xFFFB, 0xFFFB, 0xFFFA, 0xFFFB,
    0xFFFC, 0xFFFB, 0xFFFB, 0xFFFB, 0xFFFB, 0xFFFB, 0xFFFA, 0xFFFA,
    0xFFFB, 0xDEB6, 0x2102, 0x10A3, 0x10E5, 0x1106, 0x1106, 0x1126,
    0x1126, 0x08E5, 0x39C7, 0xE6B7, 0xFFB8, 0xFFB7, 0xFFD8, 0xFF97,
    0xFFB7, 0xFFD8, 0xFFB7, 0xFFD7, 0xFFB7, 0xFF97, 0xFF97, 0xFFB7,
    0xFFB6, 0xFFF8, 0xC590, 0x1880, 0x10C4, 0x1106, 0x1126, 0x1126,
    0x0906, 0x0905, 0x1105, 0xC5F5, 0xFFFA, 0xFF77, 0xFF96, 0xFF96,
    0xFF76, 0xFF96, 0xFFB7, 0xFFD8, 0xFFD8, 0xFF97, 0xFF56, 0xFF75,
    0xFF55, 0xFF76, 0xFF96, 0xFFD8, 0x62C7, 0x0881, 0x1126, 0x1127,
    0x1147, 0x1126, 0x08E5, 0x0063, 0x630A, 0xFF78, 0xFF96, 0xFFB7,
    0xFF97, 0xFF76, 0xFF96, 0xFF97, 0xFF97, 0xFFB7, 0xFFB7, 0xFF76,
    0xFF96, 0xFF96, 0xFF75, 0xFFD7, 0x93EA, 0x0820, 0x10E4, 0x1105,
    0x1126, 0x1146, 0x1126, 0x1106, 0x08A3, 0x840E, 0xFF78, 0xFF55,
    0xFF75, 0xFF96, 0xFF76, 0xFFB7, 0xFFD8, 0xFFD7, 0xFFB7, 0xFF96,
    0xFF76, 0xFF96, 0xFF76, 0xFF56, 0xFF76, 0x72E6, 0x1061, 0x1926,
    0x1126, 0x1147, 0x1147, 0x0926, 0x00A4, 0x10C3, 0xC5B4, 0xFF98,
    0xFF35, 0xFF35, 0xFF76, 0xFF97, 0xFFB8, 0xFFB8, 0xFFD8, 0xFFD8,
    0xFF97, 0xFF56, 0xFF56, 0xFF55, 0xFF76, 0xEEB4, 0x41A3, 0x08A3,
    0x1106, 0x1126, 0x1126, 0x1126, 0x1126, 0x08E5, 0x1904, 0xBD92,
    0xFF57, 0xFF55, 0xFF96, 0xFF96, 0xFF97, 0xFFD8, 0xFFD8, 0xFFB8,
    0xFF97, 0xFF97, 0xFF76, 0xFF76, 0xFF55, 0xFFB7, 0xEED3, 0x3982,
    0x10C3, 0x1947, 0x1147, 0x1147, 0x1147, 0x1126, 0x0083, 0x944F,
    0xFF79, 0xFF36, 0xFF75, 0xFF76, 0xFF96, 0xFFB7, 0xFFD8, 0xFFF9,
    0xFFD9, 0xFFB8, 0xFF76, 0xFF55, 0xFF75, 0xFF76, 0xFF76, 0xFFB7,
    0xA48D, 0x18A1, 0x1105, 0x1147, 0x1167, 0x1168, 0x0906, 0x0063,
    0x2965, 0xE696, 0xFF77, 0xFF76, 0xFF96, 0xFF96, 0xFF77, 0xFFB7,
    0xFFB7, 0xFFB7, 0xFF76, 0xFF76, 0xFF76, 0xFF76, 0xFF76, 0xFFD8,
    0xCDF2, 0x2922, 0x1104, 0x1126, 0x1126, 0x1147, 0x1147, 0x1126,
    0x08C4, 0x31C7, 0xEEF7, 0xFF97, 0xFF76, 0xFF76, 0xFF76, 0xFF56,
    0xFF56, 0xFF76, 0xFF76, 0xFF56, 0xFF56, 0xFF76, 0xFF76, 0xFF56,
    0xFFB8, 0xCDD1, 0x2901, 0x10E4, 0x1127, 0x1147, 0x1147, 0x1147,
    0x1147, 0x08C4, 0x39E7, 0xE696, 0xFF56, 0xFF56, 0xFF76, 0xFF76,
    0xFF56, 0xFF77, 0xFF77, 0xFF76, 0xFF56, 0xFF56, 0xFF77, 0xFF76,
    0xFF35, 0xFF96, 0xCDD1, 0x2942, 0x1904, 0x1147, 0x1147, 0x1167,
    0x1147, 0x08E6, 0x0063, 0x29A6, 0xDE97, 0xFF16, 0xFF35, 0xFF56,
    0xFF56, 0xFF36, 0xFF36, 0xFF15, 0xFF15, 0xFF15, 0xFF15, 0xFF36,
    0xFF35, 0xFF14, 0xFF56, 0xCD91, 0x3962, 0x1904, 0x1946, 0x0926,
    0x0926, 0x0906, 0x0905, 0x0062, 0x7BAD, 0xFF37, 0xFEF5, 0xFF15,
    0xFF35, 0xFF35, 0xFF35, 0xFF36, 0xFF36, 0xFF56, 0xFF35, 0xFF14,
    0xFF35, 0xFF35, 0xFF15, 0xFF35, 0xFF76, 0xBD4F, 0x3183, 0x10E3,
    0x0906, 0x0927, 0x0926, 0x08E5, 0x0084, 0x1904, 0xC5B4, 0xF6F6,
    0xF6D4, 0xFF15, 0xFF15, 0xFF15, 0xFF35, 0xFF36, 0xFF15, 0xFF15,
    0xFEF5, 0xFEF5, 0xFF35, 0xFF35, 0xFF36, 0xE674, 0x62C7, 0x1924,
    0x1125, 0x0926, 0x0947, 0x0947, 0x08E5, 0x00A4, 0x08A2, 0xA4F1,
    0xF6D6, 0xFEF5, 0xFF15, 0xFF15, 0xFF15, 0xFF15, 0xFF15, 0xFEF5,
    0xFED4, 0xFED4, 0xFEF4, 0xF6D3, 0xFED4, 0xFF35, 0xEEB4, 0x83AA,
    0x2143, 0x0904, 0x08E5, 0x1105, 0x3A28, 0x1125, 0x1167, 0x1146,
    0x4228, 0xD656, 0xFF97, 0xFF55, 0xFF56, 0xFF56, 0xFF56, 0xFF56,
    0xFF76, 0xFF56, 0xFF36, 0xFF15, 0xFF35, 0xFF76, 0xFF76, 0xFF77,
    0xEEB5, 0x3142, 0x10A3, 0x1926, 0x1967, 0x1947, 0x1126, 0x1126,
    0x1105, 0x2145, 0xBD93, 0xFFB9, 0xFF57, 0xFF77, 0xFF36, 0xFF16,
    0xFF36, 0xFF36, 0xFF36, 0xFF36, 0xFF15, 0xFF35, 0xFF55, 0xFF56,
    0xFF77, 0xFF37, 0x5A25, 0x1061, 0x1105, 0x1126, 0x1147, 0x1126,
    0x1126, 0x1125, 0x7BCE, 0xFF79, 0xFF77, 0xFF97, 0xFF56, 0xFF55,
    0xFF14, 0xFF35, 0xFF97, 0xFF97, 0xFF97, 0xFF77, 0xFF77, 0xFF97,
    0xFF97, 0xFF96, 0xFFF8, 0xD613, 0x20E1, 0x18E4, 0x1126, 0x0926,
    0x1126, 0x1126, 0x08C4, 0x2145, 0xCE36, 0xFFFB, 0xFFD8, 0xFFF9,
    0xFFF8, 0xFFF8, 0xFFF8, 0xFFF9, 0xFFF9, 0xFFF8, 0xFFD8, 0xFFD8,
    0xFFF8, 0xFFD8, 0xFFFA, 0xC5F2, 0x20C0, 0x18E4, 0x10E5, 0x1106,
    0x1947, 0x1947, 0x1947, 0x1105, 0x3A08, 0xE6F9, 0xFFFC, 0xFFFA,
    0xFFFA, 0xFFFA, 0xFFFA, 0xFFFA, 0xFFFA, 0xFFFA, 0xFFFA, 0xFFFA,
    0xFFFB, 0xFFFB, 0xFFFB, 0xFFFC, 0xF79A, 0x39C5, 0x10A3, 0x1105,
    0x08E5, 0x1106, 0x1126, 0x1126, 0x1106, 0x3A08, 0xDEF8, 0xFFFB,
    0xFFFB, 0xFFFB, 0xFFFB, 0xFFFA, 0xFFD9, 0xFFD9, 0xFFF9, 0xFFFA,
    0xFFFA, 0xFFFB, 0xFFFA, 0xFFF9, 0xFFFB, 0xDEB6, 0x2943, 0x10C4,
    0x1106, 0x1106, 0x1106, 0x1146, 0x1126, 0x1106, 0x39C7, 0xDE76,
    0xFF97, 0xFFB7, 0xFFD7, 0xFFB7, 0xFF97, 0xFF76, 0xFF76, 0xFF76,
    0xFF76, 0xFF76, 0xFF97, 0xFF96, 0xF776, 0xFFD7, 0xCDB0, 0x1880,
    0x10C3, 0x1106, 0x1106, 0x1106, 0x0906, 0x0905, 0x1905, 0xBDB4,
    0xFFD9, 0xFF77, 0xFF96, 0xFF96, 0xFF76, 0xFF56, 0xFF35, 0xFF56,
    0xFF56, 0xFF35, 0xFF35, 0xFF55, 0xFF55, 0xFF55, 0xFF56, 0xFF97,
    0x62A6, 0x08A2, 0x1926, 0x1106, 0x1146, 0x0906, 0x08E5, 0x0083,
    0x630A, 0xFF57, 0xFF56, 0xFF76, 0xFF76, 0xFF76, 0xFF55, 0xFF35,
    0xFF56, 0xFF56, 0xFF56, 0xFF76, 0xFF76, 0xFF75, 0xFF55, 0xFFD7,
    0x93EA, 0x1040, 0x1105, 0x1126, 0x1147, 0x1146, 0x1126, 0x1126,
    0x08C4, 0x840D, 0xFF77, 0xFF35, 0xFF55, 0xFF75, 0xFF55, 0xFF56,
    0xFF56, 0xFF56, 0xFF35, 0xFF35, 0xFF76, 0xFF76, 0xFF76, 0xFF56,
    0xFF76, 0x7306, 0x1060, 0x2987, 0x1946, 0x1126, 0x1147, 0x0906,
    0x08A4, 0x18E4, 0xC5B4, 0xFF97, 0xF714, 0xFF35, 0xFF76, 0xFF97,
    0xFF77, 0xFF56, 0xFF76, 0xFF76, 0xFF56, 0xFF55, 0xFF76, 0xFF56,
    0xFF76, 0xEED4, 0x41C4, 0x10C3, 0x1126, 0x1146, 0x1146, 0x1947,
    0x1946, 0x1126, 0x1924, 0xBD73, 0xFF78, 0xFF55, 0xFF96, 0xFF96,
    0xFF76, 0xFF76, 0xFF77, 0xFF56, 0xFF35, 0xFF56, 0xFF97, 0xFF76,
    0xFF55, 0xFF96, 0xEEF4, 0x41A2, 0x18E4, 0x21C9, 0x1146, 0x1967,
    0x1146, 0x1126, 0x08A3, 0x946F, 0xFF99, 0xFF36, 0xFF75, 0xFF76,
    0xFF97, 0xFFB7, 0xFF96, 0xFF77, 0xFF77, 0xFF77, 0xFF56, 0xFF76,
    0xFF76, 0xFF96, 0xFF96, 0xFFB8, 0xA4AD, 0x18C1, 0x1105, 0x0926,
    0x1147, 0x1167, 0x0906, 0x0063, 0x31A6, 0xEEB7, 0xFF57, 0xFF56,
    0xFF76, 0xFF76, 0xFF35, 0xFF35, 0xFF76, 0xFF55, 0xFF55, 0xFF55,
    0xFF56, 0xFF76, 0xFF76, 0xFFD8, 0xD633, 0x2943, 0x1104, 0x1126,
    0x1147, 0x1967, 0x1947, 0x1946, 0x08E4, 0x31C7, 0xE6D7, 0xFF97,
    0xFF76, 0xFF76, 0xFF55, 0xF735, 0xFF55, 0xFF35, 0xFF55, 0xFF55,
    0xFF35, 0xFF35, 0xFF55, 0xFF56, 0xFFB8, 0xC590, 0x2901, 0x1104,
    0x1146, 0x1147, 0x1167, 0x1167, 0x1147, 0x08E4, 0x3A08, 0xE6B7,
    0xFF57, 0xFF56, 0xFF55, 0xFF35, 0xFF35, 0xFF56, 0xFF56, 0xFF77,
    0xFF76, 0xFF56, 0xFF56, 0xFF56, 0xFF35, 0xFF97, 0xC590, 0x2902,
    0x1945, 0x1987, 0x0926, 0x1146, 0x1147, 0x08E6, 0x0084, 0x31E7,
    0xDE76, 0xFF16, 0xFF15, 0xFF15, 0xFF35, 0xFF35, 0xFF36, 0xFF56,
    0xFF56, 0xFF36, 0xFF36, 0xFF35, 0xFF15, 0xFF15, 0xFF36, 0xC570,
    0x3142, 0x1944, 0x2166, 0x1126, 0x0926, 0x0906, 0x0905, 0x0063,
    0x83EF, 0xFF37, 0xFEF4, 0xFF14, 0xFF14, 0xFF35, 0xFF35, 0xFF15,
    0xFF15, 0xFF15, 0xFF15, 0xFF15, 0xFF15, 0xFF15, 0xFF15, 0xFF14,
    0xFF56, 0xBD50, 0x31A3, 0x1104, 0x0906, 0x0927, 0x0946, 0x08E5,
    0x0084, 0x1904, 0xBD93, 0xF6F6, 0xF6D4, 0xFEF5, 0xFF15, 0xFF15,
    0xFF15, 0xFF15, 0xFF15, 0xFF15, 0xFF15, 0xFEF4, 0xFEF4, 0xF6F4,
    0xFF15, 0xE653, 0x5AA7, 0x2164, 0x21A7, 0x1146, 0x1147, 0x0946,
    0x08E5, 0x00A3, 0x10C3, 0xAD11, 0xF6D6, 0xFEF5, 0xFF15, 0xFF15,
    0xFF15, 0xFF35, 0xFF36, 0xFF35, 0xFF15, 0xFF15, 0xF6D4, 0xF6D3,
    0xF6D3, 0xFF15, 0xEEB4, 0x83AA, 0x2143, 0x1105, 0x00C4, 0x2187,
    0x634D, 0x1925, 0x1966, 0x1146, 0x4228, 0xD635, 0xFF98, 0xFF56,
    0xFF76, 0xFF55, 0xFF35, 0xFF35, 0xFF35, 0xFF15, 0xFF35, 0xFF15,
    0xFF35, 0xFF56, 0xFF76, 0xFF77, 0xE695, 0x3963, 0x18E3, 0x1946,
    0x1967, 0x1967, 0x1126, 0x1146, 0x1126, 0x2165, 0xBD93, 0xFF99,
    0xFF37, 0xFF77, 0xFF56, 0xFF36, 0xFF36, 0xFF15, 0xFF15, 0xFF15,
    0xFF36, 0xFF35, 0xFF55, 0xFF76, 0xFF77, 0xFF37, 0x5A45, 0x10A2,
    0x1126, 0x1126, 0x1146, 0x0926, 0x1126, 0x1126, 0x7BEE, 0xFF79,
    0xFF77, 0xFF97, 0xFF97, 0xFF77, 0xFF55, 0xFF55, 0xFF76, 0xFF97,
    0xFF77, 0xFF77, 0xFF97, 0xFF97, 0xFFB7, 0xFF97, 0xFFF8, 0xD634,
    0x2923, 0x1925, 0x1146, 0x1147, 0x1967, 0x1126, 0x08E5, 0x2986,
    0xCE36, 0xFFFB, 0xFFD8, 0xFFF9, 0xFFF9, 0xFFF9, 0xFFF9, 0xFFD9,
    0xFFD8, 0xFFD8, 0xFFD9, 0xFFF8, 0xFFF8, 0xFFD8, 0xFFF9, 0xCE11,
    0x20E0, 0x2145, 0x21A8, 0x21A7, 0x2187, 0x21A8, 0x2187, 0x1946,
    0x4269, 0xDEF9, 0xFFFC, 0xFFFA, 0xFFFA, 0xFFFA, 0xFFFB, 0xFFFA,
    0xFFFA, 0xFFFA, 0xFFFA, 0xFFFA, 0xFFFA, 0xFFFB, 0xFFFB, 0xFFFC,
    0xF77A, 0x39C5, 0x10E3, 0x2166, 0x1967, 0x1967, 0x2188, 0x21C9,
    0x1126, 0x4228, 0xDEB8, 0xFFFC, 0xFFFA, 0xFFFB, 0xFFFB, 0xFFFA,
    0xFFF9, 0xFFF9, 0xFFF9, 0xFFF9, 0xFFFA, 0xFFFA, 0xFFDA, 0xFFD9,
    0xFFFB, 0xD696, 0x2964, 0x1905, 0x1966, 0x2187, 0x1967, 0x1966,
    0x1967, 0x1926, 0x39E7, 0xD635, 0xFF77, 0xFF76, 0xFF97, 0xFF96,
    0xFF97, 0xFFB7, 0xFFB7, 0xFFD8, 0xFFD8, 0xFFB7, 0xFF76, 0xFF76,
    0xFF56, 0xFFB7, 0xC5B1, 0x3983, 0x424A, 0x21A8, 0x1126, 0x1106,
    0x1105, 0x08E5, 0x1925, 0xB573, 0xFF99, 0xFF56, 0xFF55, 0xFF75,
    0xFF96, 0xFF97, 0xFF97, 0xFFD8, 0xFFB8, 0xFF97, 0xFF56, 0xFF35,
    0xFF35, 0xFF35, 0xFF35, 0xFF97, 0x6B28, 0x10C2, 0x1946, 0x1946,
    0x2187, 0x29C8, 0x1105, 0x2166, 0x738C, 0xFF58, 0xFF35, 0xFF35,
    0xFF55, 0xFF76, 0xFF97, 0xFFD9, 0xFFD9, 0xFFB9, 0xFFB9, 0xFF77,
    0xFF56, 0xFF55, 0xFF55, 0xFFD7, 0x93EA, 0x1060, 0x2166, 0x1967,
    0x1987, 0x2187, 0x29A8, 0x21A8, 0x1925, 0x8C2E, 0xFF57, 0xFF35,
    0xFF55, 0xFF75, 0xFF76, 0xFF77, 0xFFB8, 0xFFD8, 0xFFB8, 0xFF97,
    0xFF76, 0xFF76, 0xFF76, 0xFF76, 0xFF97, 0x7307, 0x41E6, 0x73CF,
    0x3A6A, 0x3249, 0x42AB, 0x29E8, 0x1125, 0x31A6, 0xBDB3, 0xFFB8,
    0xFF35, 0xFF35, 0xFF36, 0xFF56, 0xFF77, 0xFF97, 0xFFD8, 0xFFB8,
    0xFF98, 0xFF77, 0xFF55, 0xFF76, 0xFF96, 0xEED4, 0x41E4, 0x1104,
    0x29C8, 0x21C8, 0x2A09, 0x3A4A, 0x3A6A, 0x3A6A, 0x31C7, 0xBD73,
    0xFF98, 0xFF56, 0xFF76, 0xFF76, 0xFF96, 0xFFB7, 0xFFD8, 0xFFB8,
    0xFFB7, 0xFF77, 0xFF56, 0xFF55, 0xFF55, 0xFF97, 0xF715, 0x5204,
    0x52EC, 0x534E, 0x2187, 0x1987, 0x2187, 0x21A8, 0x2166, 0x9CB0,
    0xFFB9, 0xFF77, 0xFF76, 0xFF76, 0xFF97, 0xFF97, 0xFFD8, 0xFFD8,
    0xFFF9, 0xFFD8, 0xFF97, 0xFF76, 0xFF76, 0xFF96, 0xFF97, 0xFFB8,
    0xACEE, 0x2943, 0x29C8, 0x2A09, 0x2A29, 0x324A, 0x1126, 0x1105,
    0x4248, 0xE696, 0xFF56, 0xFF55, 0xFF55, 0xFF76, 0xFF96, 0xFFB7,
    0xFFF9, 0xFFD9, 0xFFB8, 0xFFB7, 0xF736, 0xF735, 0xFF56, 0xFF97,
    0xD5F2, 0x2943, 0x21A6, 0x324A, 0x29E9, 0x21A8, 0x29E9, 0x29E8,
    0x1125, 0x3A08, 0xDEB6, 0xFF56, 0xFF35, 0xFF35, 0xFF76, 0xFF97,
    0xFFD8, 0xFFF9, 0xFFF9, 0xFFF8, 0xFFB8, 0xFF77, 0xFF36, 0xF716,
    0xFF77, 0xBD2F, 0x2101, 0x1945, 0x21A8, 0x2187, 0x21A7, 0x21A8,
    0x21C8, 0x1966, 0x4269, 0xE6D7, 0xFF58, 0xFF57, 0xFF56, 0xFF77,
    0xFF98, 0xFFD8, 0xFFF9, 0xFFF9, 0xFFF9, 0xFFB8, 0xFF77, 0xFF36,
    0xFF15, 0xFF77, 0xBD50, 0x3184, 0x636D, 0x4B0D, 0x3229, 0x324A,
    0x322A, 0x08E5, 0x29C8, 0x5B0B, 0xD655, 0xFF36, 0xFF15, 0xFF35,
    0xFF56, 0xFF77, 0xFFB8, 0xFFFA, 0xFFFA, 0xFFFA, 0xFFD9, 0xFF78,
    0xFF36, 0xFF16, 0xFF57, 0xC5B1, 0x39A3, 0x4AA9, 0x4AAB, 0x29E8,
    0x21A8, 0x1987, 0x1946, 0x00A4, 0x7BCE, 0xFF37, 0xFF15, 0xFF15,
    0xFF35, 0xFF35, 0xFF56, 0xFF97, 0xFFB8, 0xFFD9, 0xFFD9, 0xFFB8,
    0xFF77, 0xFF35, 0xFF15, 0xFF35, 0xFF77, 0xBD71, 0x39E5, 0x1945,
    0x1967, 0x19A8, 0x19C8, 0x0906, 0x08C5, 0x2986, 0xC5B4, 0xFF16,
    0xFF15, 0xFF15, 0xFF36, 0xFF57, 0xFF98, 0xFFB9, 0xFFFA, 0xFFDA,
    0xFFD9, 0xFF77, 0xFF36, 0xFEF5, 0xFF16, 0xE653, 0x5AA7, 0x5B0B,
    0x6BAF, 0x3A8B, 0x326B, 0x2A0A, 0x1126, 0x08C4, 0x2165, 0xB552,
    0xF6F6, 0xFEF5, 0xFF15, 0xFF36, 0xFF56, 0xFF77, 0xFFB8, 0xFFF9,
    0xFFF9, 0xFFD8, 0xFF97, 0xFF35, 0xFED4, 0xFEF5, 0xEE94, 0x8389,
    0x2964, 0x1125, 0x00C4, 0x5B6D, 0xB5D7, 0x4AAB, 0x3A6A, 0x4ACC,
    0x4A69, 0xD635, 0xFFB8, 0xFF77, 0xFF97, 0xFF96, 0xFF97, 0xFFB7,
    0xFFD8, 0xFFB7, 0xFFD7, 0xFF76, 0xFF15, 0xFF56, 0xFF56, 0xFF77,
    0xE674, 0x41E5, 0x4249, 0x638F, 0x6BF0, 0x63AF, 0x5B6E, 0x5B4E,
    0x42AB, 0x31E7, 0xBD93, 0xFF79, 0xFF16, 0xFF36, 0xFF35, 0xFF77,
    0xFF98, 0xFFB8, 0xFFB8, 0xFFB7, 0xFF97, 0xFF76, 0xFF56, 0xFF77,
    0xFF97, 0xF716, 0x5A86, 0x31C6, 0x29E9, 0x3A6B, 0x2A0A, 0x21E9,
    0x21C9, 0x21A7, 0x842F, 0xFF59, 0xFF77, 0xFF77, 0xFF77, 0xFF97,
    0xFFB8, 0xFFF8, 0xFFF9, 0xFFFA, 0xFFD9, 0xFFD8, 0xFFB7, 0xFFB7,
    0xFFB8, 0xFFB7, 0xFFF9, 0xD674, 0x41E5, 0x3A28, 0x42CC, 0x534E,
    0x63B0, 0x428B, 0x322A, 0x5B0C, 0xCE16, 0xFFFB, 0xFFD8, 0xFFF8,
    0xFFF9, 0xFFF9, 0xFFFA, 0xFFFA, 0xFFFA, 0xFFFA, 0xFFF9, 0xFFF8,
    0xFFF8, 0xFFD8, 0xFFF8, 0xE6D5, 0x41E4, 0x52EB, 0x7C51, 0x7451,
    0x6BF0, 0x63D0, 0x63CF, 0x5B4D, 0x5B0B, 0xDED9, 0xFFFC, 0xFFFA,
    0xFFFA, 0xFFFA, 0xFFFB, 0xFFFB, 0xFFFB, 0xFFFB, 0xFFFB, 0xFFFB,
    0xFFFB, 0xFFFA, 0xFFDA, 0xFFFC, 0xDEB7, 0x41E5, 0x636D, 0x7C31,
    0x7C31, 0x7C51, 0x7C31, 0x7410, 0x5B2D, 0x5AEB, 0xD677, 0xFFFC,
    0xFFDA, 0xFFFA, 0xFFFA, 0xFFFA, 0xFFFB, 0xFFFB, 0xFFFB, 0xFFFB,
    0xFFFB, 0xFFDA, 0xFFDA, 0xFFB9, 0xFFFB, 0xBD92, 0x39E6, 0x6BAF,
    0x63AF, 0x7411, 0x7C72, 0x7C52, 0x7C31, 0x5B0D, 0x5289, 0xD655,
    0xFF77, 0xFF76, 0xFF96, 0xFFD8, 0xFFF9, 0xFFF9, 0xFFFA, 0xFFFA,
    0xFFFA, 0xFFF9, 0xFFD8, 0xFF77, 0xFF36, 0xFFB8, 0xB530, 0x630A,
    0x8471, 0x638E, 0x5B6E, 0x4AEC, 0x4ACC, 0x4AAB, 0x4AAB, 0xC5F5,
    0xFF99, 0xFF56, 0xFF35, 0xFF96, 0xFFF9, 0xFFFA, 0xFFFA, 0xFFFA,
    0xFFFA, 0xFFFA, 0xFFF9, 0xFFB8, 0xFF55, 0xFF55, 0xFF55, 0xFF77,
    0x8BEB, 0x4A89, 0x638E, 0x7C30, 0x8492, 0x7C31, 0x3A49, 0x636D,
    0x842E, 0xF738, 0xFF57, 0xFF56, 0xFFB7, 0xFFF8, 0xFFF9, 0xFFFB,
    0xFFFC, 0xFFFC, 0xFFFC, 0xFFFB, 0xFFB9, 0xFF77, 0xFF55, 0xFFD8,
    0x940B, 0x5247, 0x8451, 0x8472, 0x8492, 0x8493, 0x8492, 0x7C51,
    0x534D, 0x8C70, 0xFF58, 0xFF76, 0xFF76, 0xFFB7, 0xFFF9, 0xFFFA,
    0xFFFA, 0xFFFB, 0xFFFB, 0xFFFB, 0xFFFA, 0xFFB8, 0xFF96, 0xFF76,
    0xFF77, 0x7B69, 0x738C, 0x9D14, 0x8472, 0x8CF3, 0x8CF3, 0x5B4D,
    0x428A, 0x636D, 0xC5B3, 0xFFB9, 0xFF76, 0xFF56, 0xFF77, 0xFFB8,
    0xFFD9, 0xFFDA, 0xFFDA, 0xFFFC, 0xFFFC, 0xFFFA, 0xFF97, 0xF756,
    0xFF97, 0xEEB4, 0x5246, 0x5B0C, 0x8492, 0x7C71, 0x8472, 0x8492,
    0x8CD3, 0x8492, 0x52AA, 0xB553, 0xFFB9, 0xFF36, 0xFF77, 0xFF98,
    0xFFB9, 0xFFD9, 0xFFDA, 0xFFFB, 0xFFFB, 0xFFFA, 0xFFD9, 0xFF76,
    0xF735, 0xFF97, 0xEED5, 0x62E8, 0x8491, 0x7C92, 0x6BF0, 0x7410,
    0x7451, 0x7431, 0x530C, 0xA4F2, 0xFFBA, 0xFF77, 0xFF76, 0xFF77,
    0xFF98, 0xFF98, 0xF7B8, 0xF7B9, 0xF7BA, 0xFFFA, 0xFFFA, 0xFFD9,
    0xFF77, 0xFF76, 0xFF76, 0xFF98, 0xB530, 0x738C, 0x8492, 0x84D3,
    0x84D3, 0x7C92, 0x3229, 0x3209, 0x5B0B, 0xDE55, 0xFF56, 0xFF15,
    0xFF56, 0xFF56, 0xF737, 0xEF37, 0xEF58, 0xF799, 0xFFFB, 0xFFFB,
    0xFFD9, 0xFF76, 0xF715, 0xFF77, 0xC570, 0x39A4, 0x5B4D, 0x84B3,
    0x84B3, 0x7C72, 0x84B3, 0x7C71, 0x532C, 0x52AA, 0xD675, 0xFF57,
    0xFF36, 0xFF77, 0xF756, 0xEEF5, 0xE6D6, 0xEF38, 0xF779, 0xFFBA,
    0xFFFB, 0xFFFB, 0xFFDA, 0xF737, 0xFF79, 0xC530, 0x2942, 0x636D,
    0x84B3, 0x7C51, 0x7C51, 0x8472, 0x8492, 0x7C30, 0x73AE, 0xE6B7,
    0xFF59, 0xFF79, 0xFF99, 0xF717, 0xEEF7, 0xEF17, 0xEF18, 0xEF38,
    0xF799, 0xFFFA, 0xFFFA, 0xFFB9, 0xFF36, 0xFF98, 0xBD50, 0x5288,
    0x94D3, 0x8CD3, 0x8CD3, 0x8CF3, 0x6BF0, 0x1146, 0x3A6A, 0x634C,
    0xD676, 0xFF38, 0xFF37, 0xFF37, 0xEED5, 0xEED6, 0xEEF7, 0xEF18,
    0xEF59, 0xF79A, 0xFFFC, 0xFFFB, 0xFFBA, 0xFF57, 0xFF78, 0xCDB2,
    0x5287, 0x8470, 0x8CD3, 0x7C72, 0x7411, 0x63AF, 0x5B8E, 0x3229,
    0x7BEF, 0xF738, 0xFF36, 0xFF36, 0xFF56, 0xFF36, 0xF716, 0xEF16,
    0xF757, 0xF799, 0xFFFB, 0xFFFB, 0xFFFA, 0xFFD8, 0xFF56, 0xFF16,
    0xFF57, 0xBD91, 0x4226, 0x29C7, 0x21E9, 0x2A4B, 0x2A4B, 0x1126,
    0x1105, 0x3A28, 0xCDF5, 0xFF38, 0xFF36, 0xFF36, 0xF6F6, 0xE6B6,
    0xE6D6, 0xE6F8, 0xEF39, 0xF7BA, 0xFFFB, 0xFFFB, 0xFFD9, 0xFF58,
    0xFF57, 0xDE54, 0x62E8, 0x6BAD, 0x7C71, 0x5B8E, 0x536E, 0x3ACC,
    0x1146, 0x1105, 0x31C7, 0xB552, 0xF6F7, 0xFF16, 0xFF37, 0xEED5,
    0xE695, 0xE6B6, 0xE6D7, 0xE717, 0xF799, 0xFFFB, 0xFFFB, 0xFFB9,
    0xFF36, 0xFF16, 0xE674, 0x7B69, 0x3184, 0x08C3, 0x3208, 0xADD7,
    0xDEFB, 0xAD96, 0x7C30, 0x7C30, 0x632C, 0xD656, 0xFFD9, 0xFFB8,
    0xFFD8, 0xFFF9, 0xFFF9, 0xFFF9, 0xFFFA, 0xFFFA, 0xFFFA, 0xFFF9,
    0xFFD8, 0xFFB8, 0xFF97, 0xFFB8, 0xE695, 0x5AC8, 0x8C92, 0x9D35,
    0x9D34, 0x9534, 0x9514, 0x94F3, 0x8472, 0x5B0C, 0xB593, 0xFF99,
    0xFF57, 0xFF57, 0xFFD8, 0xFFFA, 0xFFFA, 0xFFD9, 0xFFD9, 0xFFFA,
    0xFFFA, 0xFFD9, 0xFFB8, 0xFF97, 0xFFB7, 0xF736, 0x736A, 0x636D,
    0x4ACC, 0x7453, 0x6C11, 0x5BAF, 0x5BAF, 0x532D, 0x94B1, 0xFF59,
    0xFF97, 0xFF97, 0xFF98, 0xFFF9, 0xFFFA, 0xFFDA, 0xFFDA, 0xFFDB,
    0xFFFB, 0xFFFA, 0xFFF9, 0xFFD8, 0xFFB7, 0xFFB7, 0xFFF9, 0xD634,
    0x5AC9, 0x73EF, 0x84B3, 0x84D4, 0x84D3, 0x6BF0, 0x63AF, 0x7C10,
    0xC5F5, 0xFFFA, 0xFFB8, 0xFFD9, 0xFFFA, 0xFFFB, 0xFFBA, 0xF7BA,
    0xFFDB, 0xFFFB, 0xFFFB, 0xFFFA, 0xFFF9, 0xFFB8, 0xFFD8, 0xEEF6,
    0x6B0A, 0x8C92, 0x9D14, 0x9514, 0x9D34, 0x9D35, 0x9D34, 0x9513,
    0x6B8D, 0xC616, 0xFFFC, 0xFFDA, 0xFFFB, 0xFFFB, 0xF7BA, 0xF79A,
    0xEF79, 0xF77A, 0xFFDB, 0xFFFC, 0xFFFB, 0xFFFA, 0xFFD9, 0xFFFB,
    0xCE55, 0x5287, 0x9CF2, 0x9D34, 0x9D34, 0x9D54, 0x9D34, 0x9D35,
    0x9514, 0x73CE, 0xCE57, 0xFFFC, 0xFFDA, 0xFFFB, 0xFFFB, 0xF7BA,
    0xEF79, 0xEF7A, 0xF79B, 0xF7BB, 0xFFFC, 0xFFFC, 0xFFFB, 0xFFB9,
    0xFFFB, 0x83CB, 0x4206, 0x9D54, 0x9D55, 0x9D76, 0xAD96, 0xA596,
    0xA575, 0xA555, 0x7BCE, 0xD676, 0xFFB9, 0xFF97, 0xFFD8, 0xFFB9,
    0xEF38, 0xE718, 0xEF38, 0xEF59, 0xF79A, 0xFFDB, 0xFFFB, 0xFFDA,
    0xFF78, 0xFFB9, 0x83AB, 0x62EA, 0x8430, 0x6B8E, 0x8CD3, 0x8CB2,
    0x8492, 0x8C92, 0x8471, 0xD657, 0xFF99, 0xFF57, 0xFF97, 0xFFD9,
    0xF799, 0xE717, 0xE6F7, 0xEF38, 0xEF58, 0xF799, 0xFFDA, 0xFFFA,
    0xFFD8, 0xF776, 0xFF55, 0xFF77, 0x9C6D, 0x7BEE, 0x8C71, 0x9CF3,
    0xA534, 0x8471, 0x4AAA, 0x73CE, 0x842F, 0xF779, 0xFF78, 0xFFB8,
    0xFF78, 0xF758, 0xE6F7, 0xE6D8, 0xE6F9, 0xEF19, 0xF77A, 0xFFDB,
    0xFFFB, 0xFFD9, 0xFF97, 0xFFF9, 0x944C, 0x62EA, 0xA555, 0xA555,
    0xA576, 0xA5B6, 0xA575, 0x9D55, 0x7451, 0x94B1, 0xFF9A, 0xFF78,
    0xFF98, 0xFF78, 0xEF37, 0xE6F7, 0xE6F8, 0xE718, 0xEF38, 0xF77A,
    0xFFFB, 0xFFFA, 0xFFD8, 0xFF97, 0xFF78, 0x7B8A, 0x5AC9, 0x8471,
    0x8C92, 0x8491, 0x84B2, 0x5B4D, 0x3A49, 0x5B2B, 0xC5B4, 0xFFBA,
    0xFF77, 0xFF98, 0xF758, 0xEEF7, 0xE6F7, 0xE6D7, 0xE6D8, 0xEF3A,
    0xF79B, 0xFFFB, 0xFFFA, 0xFF78, 0xFF77, 0xEEB4, 0x5267, 0x73CF,
    0x8CD3, 0x9513, 0x9D34, 0x9513, 0x9D55, 0xA575, 0x634C, 0xAD53,
    0xFF9B, 0xFF78, 0xFF58, 0xE6B6, 0xDEB7, 0xDEB7, 0xDEB8, 0xDED8,
    0xE719, 0xF79B, 0xFFFC, 0xFFFA, 0xFF57, 0xFF78, 0xEED7, 0x5AC9,
    0x638D, 0x7430, 0x7C71, 0x8492, 0x8492, 0x8492, 0x6BAE, 0xA533,
    0xFFBB, 0xFF79, 0xFF79, 0xF717, 0xDE75, 0xDE97, 0xDEB7, 0xDEB7,
    0xDEB8, 0xDED8, 0xEF5A, 0xFFFB, 0xFFFA, 0xFF77, 0xFF77, 0xFF99,
    0xB552, 0x6B8D, 0x7C30, 0x7410, 0x7C30, 0x7C51, 0x29E8, 0x29C7,
    0x52CA, 0xDE76, 0xFF78, 0xFF57, 0xEEB5, 0xD634, 0xDE96, 0xDE77,
    0xDE97, 0xDE97, 0xDEB8, 0xEF39, 0xFFDB, 0xFFFA, 0xFF57, 0xFF57,
    0xC591, 0x41E5, 0x5B2B, 0x7451, 0x8CF3, 0x9514, 0x9D34, 0x9534,
    0x8CB2, 0x6B8C, 0xDE97, 0xFF78, 0xFF78, 0xE695, 0xD635, 0xD676,
    0xDE97, 0xDE98, 0xDE98, 0xDEB7, 0xE719, 0xFFBB, 0xFFFC, 0xFFBB,
    0xFFBB, 0xC592, 0x3163, 0x632C, 0x8492, 0x8CB2, 0x8CB2, 0x94D3,
    0x8CD3, 0x8492, 0x73CE, 0xDEB8, 0xFF9A, 0xFF79, 0xDE76, 0xCE15,
    0xD677, 0xDE97, 0xDE97, 0xDE97, 0xDE97, 0xE6F8, 0xFFBB, 0xFFFC,
    0xFFB9, 0xFFB9, 0xBD72, 0x4A47, 0x7C30, 0x8492, 0x7C50, 0x7C51,
    0x5B6D, 0x0904, 0x21A6, 0x5B0B, 0xDEB8, 0xFF79, 0xFF38, 0xD614,
    0xCDF4, 0xDE77, 0xDE97, 0xD697, 0xD678, 0xD698, 0xE719, 0xFFDC,
    0xFFFC, 0xFFBA, 0xFF9A, 0xC5B2, 0x41E5, 0x634C, 0x7C51, 0x7C51,
    0x7431, 0x6C0F, 0x638E, 0x3A28, 0x8430, 0xFF59, 0xFF36, 0xFF57,
    0xEEB5, 0xD633, 0xDE75, 0xDE76, 0xDE97, 0xDE97, 0xDEB8, 0xEF39,
    0xFFFB, 0xFFFB, 0xFFB9, 0xFF36, 0xFF78, 0xB551, 0x39E6, 0x21A6,
    0x19C8, 0x19C9, 0x21C9, 0x1126, 0x0905, 0x31E7, 0xC615, 0xFF58,
    0xFF37, 0xE675, 0xD614, 0xDE56, 0xDE98, 0xD698, 0xD698, 0xD697,
    0xE6F9, 0xFFBB, 0xFFFC, 0xFF99, 0xFF57, 0xDE54, 0x62C7, 0x52E9,
    0x6BCE, 0x3A6A, 0x2A29, 0x21E9, 0x1146, 0x1125, 0x2186, 0xAD32,
    0xF6F7, 0xFF16, 0xE675, 0xD614, 0xD656, 0xD677, 0xD698, 0xD677,
    0xD677, 0xDED8, 0xF79A, 0xFFFB, 0xFFB9, 0xFF37, 0xE694, 0x83AA,
    0x2142, 0x2165, 0x9514, 0xCE9A, 0xD6BA, 0xD6BA, 0x9D13, 0x7C30,
    0x7BEE, 0xD697, 0xFFFB, 0xFFD9, 0xFFFA, 0xF799, 0xE6F7, 0xE718,
    0xEF39, 0xFFBB, 0xFFFC, 0xFFFB, 0xFFDA, 0xFFFA, 0xFFD9, 0xFFD9,
    0xE6D7, 0x6B2B, 0x9CF3, 0xA555, 0x9D34, 0x9D54, 0x9D34, 0x9D13,
    0x94F3, 0x73AE, 0xBDD4, 0xFFBB, 0xFF99, 0xFFFA, 0xFFB9, 0xE6D7,
    0xE6F7, 0xEF18, 0xF779, 0xFFBB, 0xFFDB, 0xFFDA, 0xFFF9, 0xFFB8,
    0xFF97, 0xF757, 0x736A, 0x632C, 0x42AB, 0x7451, 0x7431, 0x6C10,
    0x6C10, 0x6BEF, 0xA533, 0xFF9A, 0xFF99, 0xFFB8, 0xFFFA, 0xF7BA,
    0xDED7, 0xDEB7, 0xE6F8, 0xEF39, 0xFF9B, 0xFFBB, 0xFFDA, 0xFFFA,
    0xFFB8, 0xFF97, 0xFFD9, 0xD655, 0x6B4B, 0x7410, 0x7C51, 0x7431,
    0x7C51, 0x63CF, 0x532C, 0x634D, 0xBDD5, 0xFFDB, 0xFFB9, 0xFFDA,
    0xEF38, 0xDED7, 0xE6D8, 0xE6F9, 0xEF39, 0xF77A, 0xFF9A, 0xFFDA,
    0xFFFB, 0xFFDA, 0xFFB9, 0xE6B6, 0x5AC9, 0x8451, 0x9514, 0x9D14,
    0x9D34, 0x9D34, 0x9D34, 0x9D14, 0x7BCF, 0xC5F5, 0xFFFC, 0xFFDB,
    0xF7BA, 0xD676, 0xD697, 0xDED8, 0xE6F9, 0xE719, 0xE739, 0xEF7A,
    0xF79A, 0xFFFB, 0xFFFA, 0xFFFA, 0xDEB7, 0x52A8, 0x7BEE, 0x8471,
    0x8C92, 0x94F3, 0x9513, 0x8CF3, 0x8CD3, 0x73CE, 0xCE57, 0xFFFC,
    0xFFDA, 0xF79A, 0xDEB7, 0xDEB8, 0xDED8, 0xDED8, 0xE6F9, 0xE71A,
    0xEF3A, 0xF79B, 0xFFFC, 0xFFDB, 0xFFBA, 0x734A, 0x39E5, 0x7C2F,
    0x6BEF, 0x7C51, 0x8CB2, 0x8CD2, 0x94F3, 0x94D2, 0x7BCE, 0xCE15,
    0xE6B6, 0xFFB9, 0xEF18, 0xD656, 0xDEB8, 0xDED9, 0xDED9, 0xE6D9,
    0xE6F9, 0xE719, 0xF77A, 0xFFFB, 0xFFDB, 0xFF9A, 0x5A87, 0x4227,
    0x6B8D, 0x634C, 0x7C2F, 0x8470, 0x8471, 0x7C0F, 0x7C0F, 0xD657,
    0xFF9A, 0xFF98, 0xFFB8, 0xDE95, 0xCE15, 0xD677, 0xDEB8, 0xE6D9,
    0xE6D8, 0xE6D8, 0xE6F9, 0xF75A, 0xFFFB, 0xFFB8, 0xFF77, 0xFF98,
    0x9CAF, 0x842F, 0x8451, 0x8C71, 0x8C91, 0x73CE, 0x52CA, 0x634C,
    0x7BEE, 0xF79A, 0xFFBA, 0xEF17, 0xCE14, 0xD677, 0xDE98, 0xE6B8,
    0xE6D9, 0xE6D9, 0xE6D8, 0xE6F9, 0xF79B, 0xFFFC, 0xFFDA, 0xFFFA,
    0x9C6E, 0x4A27, 0x73AE, 0x6BAE, 0x6BCE, 0x73EF, 0x7C50, 0x84B2,
    0x5B6D, 0x94D1, 0xFFDB, 0xFF99, 0xEF18, 0xD635, 0xDE97, 0xDEB8,
    0xDEB8, 0xDEB9, 0xE6B8, 0xE6D8, 0xEF19, 0xFFBB, 0xFFFB, 0xFFB9,
    0xFF99, 0x738B, 0x52A9, 0x7C0F, 0x7C50, 0x7C50, 0x8471, 0x6BAE,
    0x4ACA, 0x4ACA, 0xB593, 0xFFBB, 0xFF79, 0xE6D7, 0xD635, 0xDE97,
    0xDEB8, 0xDED9, 0xDED9, 0xDED9, 0xDED8, 0xEF19, 0xFFBB, 0xFFDA,
    0xFF98, 0xEED6, 0x4A46, 0x4AAA, 0x63AE, 0x6BAE, 0x6BEF, 0x6BCF,
    0x6BCF, 0x7410, 0x4AAA, 0xAD53, 0xFF9C, 0xF718, 0xCDF5, 0xD636,
    0xDEB8, 0xD6B9, 0xDEB9, 0xD6B9, 0xDE98, 0xDEB8, 0xEF3A, 0xFFFC,
    0xFF9A, 0xFF59, 0xDE97, 0x4A68, 0x636D, 0x7C92, 0x7C71, 0x7C71,
    0x7C71, 0x7C71, 0x7C30, 0x94F2, 0xF77B, 0xFF9B, 0xEF18, 0xCDF5,
    0xD657, 0xDEB9, 0xD6B9, 0xDEB9, 0xDEB9, 0xDEB9, 0xD698, 0xE6F8,
    0xFFBA, 0xFF99, 0xFF78, 0xF779, 0x840D, 0x52CA, 0x73EF, 0x7410,
    0x8491, 0x8471, 0x5B4D, 0x638D, 0x634B, 0xDE97, 0xFFDA, 0xEEF7,
    0xC5B3, 0xD677, 0xDEB9, 0xDEB9, 0xDEB9, 0xDE99, 0xDE98, 0xD698,
    0xDED8, 0xFFDB, 0xFFDA, 0xFFB9, 0xCDF3, 0x31A4, 0x3207, 0x5B2C,
    0x63AE, 0x6BCE, 0x6BAE, 0x740F, 0x7C30, 0x6B8D, 0xE6F9, 0xFFDB,
    0xE6B6, 0xC5D4, 0xD698, 0xDEB9, 0xDEB9, 0xDEB9, 0xDEB9, 0xDE98,
    0xD698, 0xDEB8, 0xF79B, 0xFFFD, 0xFFFC, 0xC5F4, 0x2963, 0x2984,
    0x6BAD, 0x7C2F, 0x73EE, 0x73CE, 0x740F, 0x6BAE, 0x6B8D, 0xE71A,
    0xFFDC, 0xDE97, 0xC5D5, 0xD698, 0xDEB9, 0xDEB9, 0xDEB9, 0xDEB9,
    0xDEB9, 0xD698, 0xDEB8, 0xF79B, 0xFFFC, 0xFFFC, 0xBDB4, 0x39C5,
    0x636C, 0x740F, 0x6BAE, 0x73EF, 0x5B4D, 0x3A8A, 0x5B4D, 0x6B8D,
    0xDEB8, 0xFFBB, 0xDE76, 0xC5F5, 0xDE98, 0xDEB9, 0xD699, 0xD6B9,
    0xD699, 0xDEB9, 0xD678, 0xDEB9, 0xFFBC, 0xFFFB, 0xFFDB, 0xCDF4,
    0x39A5, 0x4269, 0x638E, 0x7410, 0x6BEF, 0x4AEB, 0x29C7, 0x1944,
    0x630A, 0xEEF8, 0xFF78, 0xEEB5, 0xCDF3, 0xD676, 0xDEB8, 0xDE99,
    0xDE99, 0xDE99, 0xDE98, 0xD698, 0xE6D9, 0xFFBC, 0xFFDB, 0xFF99,
    0xEEF7, 0x7B8A, 0x2143, 0x1145, 0x1146, 0x1147, 0x1146, 0x0926,
    0x1105, 0x31C7, 0xC616, 0xFF9A, 0xE675, 0xC5B3, 0xD677, 0xDE98,
    0xD699, 0xD699, 0xD699, 0xD699, 0xD678, 0xDE98, 0xF79B, 0xFFFC,
    0xFF9A, 0xDE75, 0x5AC7, 0x29A5, 0x29C7, 0x1965, 0x1166, 0x1166,
    0x1125, 0x1105, 0x1945, 0xAD73, 0xFF59, 0xDE55, 0xC5B3, 0xD677,
    0xD698, 0xD699, 0xD699, 0xDE99, 0xDE98, 0xD678, 0xD677, 0xF77A,
    0xFFFC, 0xFFDA, 0xE6D7, 0x7BAB, 0x4A47, 0x94B2, 0xCE79, 0xCE59,
    0xD6BA, 0xDEDA, 0xCE79, 0x94D3, 0x7BEF, 0xDED9, 0xFFFC, 0xFFFB,
    0xE738, 0xB592, 0xCE36, 0xE6F9, 0xE71A, 0xF75B, 0xFFBC, 0xFFFD,
    0xFFBB, 0xF759, 0xFFDA, 0xFFDA, 0xEF18, 0x6B2A, 0x6B6C, 0x73EF,
    0x740F, 0x8471, 0x8491, 0x8470, 0x73EF, 0x634C, 0xC636, 0xFFDB,
    0xFFDB, 0xEF79, 0xBDB3, 0xD657, 0xE6D9, 0xE71A, 0xF75A, 0xFF9C,
    0xFFDC, 0xFFBB, 0xF779, 0xFFB9, 0xFFB9, 0xF738, 0x6B09, 0x636C,
    0x5B2D, 0x638E, 0x6BCE, 0x6BCE, 0x6BCF, 0x6BCE, 0x9490, 0xF77B,
    0xFFDA, 0xFFDB, 0xEF59, 0xC5F5, 0xD677, 0xE6F9, 0xEEF9, 0xEF1A,
    0xF75A, 0xFF9B, 0xF77A, 0xEF39, 0xFFBA, 0xFFB9, 0xFFDA, 0xB572,
    0x73AD, 0x7430, 0x7410, 0x73EF, 0x740F, 0x7410, 0x6BEF, 0x52EB,
    0xC616, 0xFFFC, 0xFFFB, 0xE6F8, 0xC5F4, 0xDE98, 0xDED9, 0xE6FA,
    0xEF1A, 0xEF3A, 0xF75A, 0xEF59, 0xF77A, 0xFFDB, 0xFFFB, 0xEF19,
    0x5AC9, 0x5B2C, 0x6BCF, 0x73EF, 0x740F, 0x740F, 0x6BAE, 0x5B2C,
    0x632C, 0xD678, 0xFFFE, 0xFFFC, 0xCE35, 0xC616, 0xE6FA, 0xE6FA,
    0xE6FA, 0xE71A, 0xE71A, 0xE71A, 0xE719, 0xEF5A, 0xFFFB, 0xFFFC,
    0xE6F8, 0x5AC9, 0x7C2F, 0x8471, 0x73EF, 0x638D, 0x638E, 0x6BEF,
    0x6BAF, 0x5B0B, 0xCE78, 0xFFFD, 0xFFBB, 0xC5F5, 0xCE37, 0xDEDA,
    0xDED9, 0xE6F9, 0xE6F9, 0xE71A, 0xE71A, 0xE6DA, 0xEF5B, 0xFFFD,
    0xFFFE, 0xAD32, 0x52C9, 0x8C91, 0x7C50, 0x73EF, 0x63AD, 0x6BAD,
    0x73EE, 0x6BAE, 0x5AEA, 0xB573, 0xEEF9, 0xEF3A, 0xC5D5, 0xD698,
    0xDEDA, 0xDEDA, 0xDEDA, 0xE6FA, 0xE6FA, 0xE6FA, 0xDED9, 0xEF5A,
    0xFFFD, 0xFFFD, 0x73AB, 0x5AEA, 0xA554, 0x94D2, 0x94D2, 0x94F3,
    0x9D13, 0x94F3, 0x8C71, 0xA4F2, 0xFFBC, 0xFFFB, 0xE6D7, 0xBDD4,
    0xD699, 0xD6DA, 0xDEDA, 0xDEDA, 0xDED9, 0xE6F9, 0xE6DA, 0xDEB9,
    0xEF39, 0xFFFB, 0xFFFC, 0xD655, 0x7BAC, 0x94D2, 0x94F3, 0x9D13,
    0x9D13, 0x94F2, 0x9D33, 0x8450, 0x73CD, 0xF7BC, 0xFFFC, 0xCE35,
    0xD657, 0xDEDA, 0xDEBA, 0xDED9, 0xDED9, 0xDED9, 0xDED9, 0xDED9,
    0xDEB9, 0xEF5A, 0xFFFC, 0xFFDC, 0x8C2D, 0x6B4B, 0x8CB2, 0x7C50,
    0x7C2F, 0x6BCE, 0x6B8D, 0x638E, 0x42AA, 0x8450, 0xF79C, 0xF75A,
    0xC5F5, 0xD677, 0xDEB9, 0xDEB9, 0xDEBA, 0xDEDA, 0xE6D9, 0xE6D9,
    0xDEB9, 0xDED8, 0xF77B, 0xFFFC, 0xF739, 0x5AE9, 0x634C, 0x8C92,
    0x8491, 0x8CB1, 0x8CB2, 0x8491, 0x8CB1, 0x6BAD, 0x9CF1, 0xFFBB,
    0xEEF8, 0xC5D4, 0xDEB8, 0xDEDA, 0xD6DA, 0xDEBA, 0xDEDA, 0xDEB9,
    0xDEB9, 0xDEB9, 0xDED9, 0xF77B, 0xFF9B, 0xD655, 0x5287, 0x6BAD,
    0x7C2F, 0x6BCE, 0x6BAE, 0x6BCF, 0x6BCE, 0x740F, 0x52CA, 0x9CF2,
    0xF77C, 0xD636, 0xC5F6, 0xDEDA, 0xD6BA, 0xD6BA, 0xD6BA, 0xD6BA,
    0xDEBA, 0xDEB9, 0xD698, 0xDED9, 0xF77A, 0xFF9B, 0xCE36, 0x5289,
    0x73CE, 0x8492, 0x8491, 0x7C71, 0x8492, 0x7C71, 0x7C30, 0x634C,
    0xC5D5, 0xF77B, 0xCE36, 0xCE37, 0xD6DA, 0xD6BA, 0xD6BA, 0xD6BA,
    0xDEBA, 0xDEBA, 0xDEB9, 0xD698, 0xE6D9, 0xFF7A, 0xFFBB, 0xB593,
    0x31A4, 0x3A28, 0x7410, 0x8491, 0x8491, 0x8CB2, 0x94F2, 0x94F2,
    0x73AD, 0xCE16, 0xF75A, 0xCDF5, 0xCE37, 0xDEDA, 0xD6BA, 0xD6BA,
    0xD6BA, 0xD6BA, 0xDEB9, 0xDEB9, 0xD698, 0xE6F9, 0xF79B, 0xF79A,
    0xB552, 0x31A4, 0x3A07, 0x8450, 0x8CF2, 0x8CD2, 0x8CD2, 0x94F2,
    0x8CB2, 0x6B8C, 0xDEF9, 0xFF9C, 0xCE16, 0xD678, 0xD6BA, 0xD69A,
    0xD69A, 0xD6BA, 0xD699, 0xD69A, 0xDEB9, 0xD698, 0xDED9, 0xFFBC,
    0xFFDD, 0xBDB4, 0x2963, 0x2164, 0x6BCE, 0x9513, 0x9D13, 0x94D2,
    0x94F2, 0x8C91, 0x73AD, 0xD678, 0xEF3B, 0xCE16, 0xCE78, 0xD6BA,
    0xD69A, 0xD6BA, 0xD6BA, 0xD6BA, 0xD69A, 0xD6BA, 0xD699, 0xD6B9,
    0xF77B, 0xF79B, 0xAD53, 0x39C6, 0x31C6, 0x636D, 0x8C91, 0x8450,
    0x8470, 0x7C50, 0x638D, 0x634B, 0xD678, 0xEF19, 0xC616, 0xD678,
    0xD6B9, 0xD699, 0xD699, 0xD699, 0xD6B9, 0xD6B9, 0xDEBA, 0xD679,
    0xDEFA, 0xFFBC, 0xF77B, 0xB552, 0x41E6, 0x29A6, 0x52EB, 0x8491,
    0x740F, 0x4269, 0x31E7, 0x29A6, 0x4226, 0xB572, 0xE696, 0xCDD3,
    0xCE56, 0xD6B9, 0xD699, 0xD6B9, 0xD699, 0xD699, 0xD699, 0xDEB9,
    0xD698, 0xDED9, 0xF79B, 0xF739, 0xB531, 0x5246, 0x31A5, 0x29E7,
    0x29E8, 0x29C8, 0x21A7, 0x21A7, 0x21A6, 0x3A28, 0xAD73, 0xDE97,
    0xCDD4, 0xD656, 0xDE98, 0xD699, 0xD699, 0xD69A, 0xD699, 0xD699,
    0xDE99, 0xD679, 0xD6B9, 0xEF1A, 0xEF19, 0xBDB4, 0x632A, 0x4248,
    0x4269, 0x42AA, 0x3A8A, 0x3A6A, 0x3A49, 0x3229, 0x4248, 0xAD32,
    0xDE77, 0xCDF5, 0xD636, 0xD678, 0xD699, 0xD699, 0xD699, 0xD699,
    0xD699, 0xD699, 0xD678, 0xD698, 0xEF5B, 0xEF3A, 0xD656, 0xB574,
    0xC5F6, 0xD699, 0xCE79, 0xCE79, 0xD6BA, 0xD6BA, 0xD6BA, 0xCE99,
    0xAD34, 0xDEFA, 0xFFFE, 0xF7BB, 0xBDB3, 0xCE16, 0xE6FA, 0xDEDA,
    0xE6FA, 0xEF3B, 0xF77B, 0xF79C, 0xF77C, 0xE6F9, 0xF75A, 0xFFDC,
    0xEF5A, 0x738C, 0x73CE, 0x6BCE, 0x532B, 0x5B2C, 0x5B0B, 0x4288,
    0x3A28, 0x4A89, 0xC636, 0xFFFD, 0xF77B, 0xC615, 0xCE77, 0xE6FB,
    0xE6DB, 0xE6FA, 0xEF1A, 0xF75B, 0xF77B, 0xF77B, 0xEF19, 0xEF18,
    0xFFBB, 0xDE76, 0x62E9, 0x8C71, 0x8471, 0x6BCE, 0x7C2F, 0x8450,
    0x8450, 0x7C2F, 0x6B4C, 0xBDB4, 0xFFDC, 0xF77A, 0xC5D5, 0xD678,
    0xDEFB, 0xE6FA, 0xE6FA, 0xEF1B, 0xEF3B, 0xF75B, 0xEF3B, 0xE6F9,
    0xE6F9, 0xF77A, 0xE6D8, 0x7B8C, 0x7C0F, 0x84D2, 0x84B2, 0x8CD3,
    0x8CF3, 0x8CD2, 0x8491, 0x634C, 0xBDB5, 0xFFBC, 0xEF3A, 0xC616,
    0xDEB9, 0xE6FB, 0xDEDA, 0xE6FB, 0xE6FA, 0xEF1A, 0xEF1A, 0xEF1A,
    0xE6F9, 0xEF5A, 0xF7BC, 0xDEB8, 0x6B6C, 0x84B1, 0x94F3, 0x8471,
    0x7C2F, 0x740F, 0x6BCE, 0x6BCE, 0x6B6D, 0xBDD6, 0xEF7C, 0xDED9,
    0xC616, 0xDEDA, 0xDEDA, 0xDEDA, 0xDEFA, 0xE6FA, 0xE71B, 0xE71B,
    0xE6FA, 0xE6F9, 0xF77B, 0xF79C, 0xCE36, 0x6B8C, 0x9D14, 0x9D34,
    0x94F3, 0x94F2, 0x94D3, 0x9D13, 0x94F3, 0x73EF, 0xBDF6, 0xF7BD,
    0xE6F9, 0xCE37, 0xDEBA, 0xDEDA, 0xDEDA, 0xDEDA, 0xDEDA, 0xE6FA,
    0xE6FA, 0xDEFB, 0xDEDA, 0xE71A, 0xEF5C, 0xAD54, 0x738C, 0x9D13,
    0x9D34, 0x9D34, 0x9D34, 0x94F2, 0x8CD2, 0x8C91, 0x6B6C, 0xA533,
    0xE6FA, 0xCE37, 0xCE79, 0xDEDB, 0xD6DA, 0xDEDB, 0xDEDA, 0xDEDA,
    0xDEDA, 0xE6DA, 0xDEFA, 0xDED9, 0xE71B, 0xE73A, 0xA532, 0x842F,
    0x9D13, 0x9D13, 0x9D14, 0x9D14, 0x9D13, 0x9D13, 0x94B2, 0x8C70,
    0xEF3A, 0xF7BC, 0xD677, 0xD699, 0xDEDB, 0xD6BA, 0xD6DA, 0xDEDA,
    0xDEFA, 0xDEFA, 0xDEDA, 0xDEDA, 0xDEB8, 0xDEB8, 0xDED9, 0xA512,
    0x7BAD, 0x94B2, 0x94F3, 0x9CF3, 0x9D33, 0xA554, 0xA554, 0x9CF3,
    0x8C91, 0xCE78, 0xDEB9, 0xCE57, 0xDEBA, 0xD6BA, 0xD6BA, 0xDEDA,
    0xDEDA, 0xDEDA, 0xDEDA, 0xDEDA, 0xDEBA, 0xD699, 0xDED9, 0xCE37,
    0x9490, 0x8C70, 0x9D33, 0x9D33, 0xA554, 0xA575, 0xA554, 0x9513,
    0x8491, 0x8450, 0xAD54, 0xBDD5, 0xCE37, 0xD6DA, 0xD6BA, 0xD6BA,
    0xD6DA, 0xDEBA, 0xDEBA, 0xDEBA, 0xDEDA, 0xD6B9, 0xCE78, 0xCE37,
    0xB574, 0x83EE, 0x8C91, 0x94D2, 0x9D13, 0xA554, 0xA554, 0xA554,
    0xA554, 0x9D13, 0xA533, 0xCE36, 0xCE16, 0xD678, 0xDEDA, 0xD6BA,
    0xD6DA, 0xD6DA, 0xD6BA, 0xD6BA, 0xDEBA, 0xDEBA, 0xD6BA, 0xD699,
    0xCE37, 0xB553, 0x9490, 0x9D33, 0xA574, 0xADB5, 0xAD95, 0xAD95,
    0xA595, 0xA574, 0x94D1, 0x9D12, 0xBDD6, 0xC616, 0xD6B9, 0xD6BA,
    0xD6BA, 0xD6BA, 0xD6BA, 0xD6BA, 0xD6B9, 0xD6B9, 0xD6B9, 0xD6B9,
    0xCE37, 0xC5D5, 0xB574, 0x9491, 0x94D2, 0xA575, 0xADB6, 0xAD95,
    0xA575, 0xA554, 0xAD75, 0xA534, 0xB595, 0xCE37, 0xCE58, 0xD6B9,
    0xD6BA, 0xD6BA, 0xD6BA, 0xD6B9, 0xD6BA, 0xD6BA, 0xD6BA, 0xDEBA,
    0xD699, 0xD698, 0xDE98, 0xB594, 0x8C70, 0x94B2, 0xA554, 0xA575,
    0xA554, 0xA534, 0xA554, 0xA574, 0x9CF2, 0xAD54, 0xC5D5, 0xCE37,
    0xD6BA, 0xD6BA, 0xD6B9, 0xD6B9, 0xD6B9, 0xD6B9, 0xD699, 0xD699,
    0xD699, 0xD699, 0xCE37, 0xC5D5, 0xAD53, 0xA512, 0xAD54, 0xB5B6,
    0xB5F6, 0xBDF6, 0xB5F6, 0xB5D6, 0xB5D6, 0xAD95, 0xBDF6, 0xCE58,
    0xCE59, 0xD6BA, 0xD69A, 0xD69A, 0xD6BA, 0xD6BA, 0xD69A, 0xD6BA,
    0xD69A, 0xD6B9, 0xD699, 0xD699, 0xD678, 0xBDD6, 0xA533, 0xA554,
    0xB5D6, 0xB5F6, 0xB5D6, 0xB5B6, 0xB5B6, 0xB5B6, 0xAD95, 0xBDD6,
    0xC617, 0xCE78, 0xD6BA, 0xD6BA, 0xD69A, 0xD6BA, 0xD6BA, 0xD69A,
    0xD69A, 0xD6BA, 0xD6BA, 0xD69A, 0xC638, 0xC617, 0xBDB5, 0xAD75,
    0xB5D6, 0xBE17, 0xBE17, 0xBDF6, 0xB5D6, 0xB5B5, 0xAD74, 0xAD74,
    0xBDD6, 0xC637, 0xCE78, 0xD6B9, 0xD6BA, 0xD6BA, 0xD6BA, 0xD6BA,
    0xD6BA, 0xD6BA, 0xD69A, 0xD69A, 0xD6BA, 0xD699, 0xD658, 0xC5F6,
    0xB5B5, 0xBDF7, 0xC638, 0xBE17, 0xB5D7, 0xB5D6, 0xB5D6, 0xB5D6,
    0xBDD5, 0xC5F5, 0xCDF5, 0xCE57, 0xD6B9, 0xD69A, 0xD69A, 0xD6BA,
    0xD6BA, 0xD69A, 0xD6BA, 0xD69A, 0xD69A, 0xD699, 0xD679, 0xCE37,
    0xC5D5, 0xBDB5, 0xBDF6, 0xBE38, 0xBE38, 0xBE17, 0xB5F7, 0xB5F7,
    0xB5F7, 0xBDF6, 0xC5F6, 0xCE16, 0xD657, 0xD699, 0xD699, 0xD699,
    0xD69A, 0xD69A, 0xD69A, 0xD69A, 0xD699, 0xD69A, 0xD69A, 0xCE58,
    0xCE37, 0xC637, 0xC637, 0xC658, 0xCE79, 0xCE99, 0xC679, 0xC679,
    0xC659, 0xC658, 0xC638, 0xC617, 0xCE16, 0xD657, 0xD698, 0xD679,
    0xD69A, 0xD699, 0xD699, 0xD699, 0xD699, 0xD699, 0xD679, 0xCE79,
    0xCE58, 0xC637, 0xCE58, 0xD699, 0xD69A, 0xCE99, 0xCE99, 0xCE99,
    0xD6BA, 0xD6BA, 0xD6BA, 0xD6BA, 0xDEDA, 0xE6FB, 0xF77C, 0xDED9,
    0xCE57, 0xE6FB, 0xDEDA, 0xDEDA, 0xDEFA, 0xE71A, 0xEF3B, 0xEF3B,
    0xEF1B, 0xE6FA, 0xDEB9, 0xE71A, 0xDED9, 0x9CD1, 0xAD54, 0xADB5,
    0xAD95, 0xAD95, 0xA574, 0x9D13, 0x9D13, 0x9D13, 0xBDD6, 0xD679,
    0xD658, 0xD699, 0xDEFB, 0xDEDA, 0xDEDA, 0xE6FB, 0xE71A, 0xEF1A,
    0xEF1B, 0xEF1A, 0xE71A, 0xDEB9, 0xDE99, 0xCE37, 0xAD54, 0xAD95,
    0xB5B5, 0xB5B6, 0xAD95, 0xAD95, 0xAD74, 0xA554, 0xA533, 0xB595,
    0xD6B9, 0xD699, 0xD699, 0xDEFB, 0xDEDA, 0xDEFB, 0xDEFB, 0xE71B,
    0xE71B, 0xE71B, 0xE71B, 0xE6FB, 0xD699, 0xC637, 0xBDB5, 0xAD54,
    0xB5D6, 0xBE17, 0xB5F7, 0xB5F7, 0xB5D6, 0xB5D6, 0xAD95, 0xB595,
    0xC617, 0xD678, 0xCE78, 0xD6BA, 0xDEDA, 0xDEDA, 0xDEFB, 0xDEFB,
    0xE6FB, 0xE71B, 0xE6FB, 0xE6FB, 0xE6FB, 0xDEBA, 0xD699, 0xCE38,
    0xBDD7, 0xC638, 0xC658, 0xC658, 0xC637, 0xC638, 0xC638, 0xC638,
    0xBDF7, 0xBDF7, 0xCE58, 0xCE58, 0xD6BA, 0xDEBA, 0xD6BA, 0xDEDA,
    0xDEFA, 0xDEFA, 0xE6FB, 0xDEFB, 0xDEFB, 0xDEDA, 0xDEB9, 0xCE57,
    0xBDF6, 0xC617, 0xC659, 0xCE79, 0xC679, 0xCE79, 0xCE99, 0xCE99,
    0xCE79, 0xCE79, 0xCE59, 0xD678, 0xD678, 0xDEDA, 0xD6DA, 0xD6DA,
    0xDEDA, 0xDEDA, 0xDEDA, 0xDEDA, 0xDEDA, 0xDEDB, 0xDEFB, 0xD6BA,
    0xD679, 0xC617, 0xC637, 0xC658, 0xC679, 0xC659, 0xCE79, 0xCE79,
    0xC658, 0xC658, 0xC658, 0xCE58, 0xCE58, 0xD699, 0xDEDA, 0xD6BA,
    0xDEBB, 0xDEDA, 0xDEDA, 0xDEDA, 0xDEDA, 0xDEDA, 0xDEDA, 0xD6BA,
    0xD679, 0xCE58, 0xCE78, 0xD6B9, 0xD699, 0xD6BA, 0xD6BA, 0xCE9A,
    0xCE99, 0xCE99, 0xCE99, 0xD6BA, 0xD699, 0xD699, 0xDEBA, 0xDEDA,
    0xD6BA, 0xD6BB, 0xD6BA, 0xDEDA, 0xDEDA, 0xDEDA, 0xDEDA, 0xDEDA,
    0xDEDA, 0xD699, 0xCE79, 0xD679, 0xD699, 0xCE99, 0xCEBA, 0xD69A,
    0xD69A, 0xD6BA, 0xD6BA, 0xD6BA, 0xD6BA, 0xCE79, 0xD679, 0xDEDA,
    0xDEBA, 0xDEBA, 0xDEBA, 0xD6DA, 0xDEDA, 0xDEDA, 0xDEBA, 0xDEBA,
    0xDEBA, 0xD6BA, 0xD699, 0xD699, 0xDEDA, 0xDEDB, 0xDEFB, 0xD6FB,
    0xD6DA, 0xD6BA, 0xD6DA, 0xD6DA, 0xD6DA, 0xD6BA, 0xD69A, 0xD6BA,
    0xD6DA, 0xD6BA, 0xD6BA, 0xD6BA, 0xD6BA, 0xD6BA, 0xD6BA, 0xD6BA,
    0xD6BA, 0xD6DA, 0xD6BA, 0xD679, 0xD679, 0xDEDA, 0xDEDB, 0xDEFB,
    0xDEFA, 0xD6DA, 0xD6DA, 0xDEDA, 0xDEDA, 0xDEDA, 0xD6DA, 0xD699,
    0xDE9A, 0xDEDA, 0xD6BA, 0xD6BA, 0xDEDA, 0xD6DA, 0xD6BA, 0xD6DA,
    0xD6BA, 0xD6BA, 0xD6BA, 0xD6BA, 0xD69A, 0xDEBA, 0xDEFA, 0xDEFA,
    0xDEDA, 0xDEDA, 0xD6DA, 0xD6DA, 0xD6DA, 0xD6DA, 0xDEFA, 0xDEDA,
    0xD6B9, 0xD6B9, 0xD6BA, 0xD6BA, 0xD6BA, 0xD6BA, 0xD6BA, 0xD6BA,
    0xD6BA, 0xD6BA, 0xD6BA, 0xD6BA, 0xD69A, 0xD69A, 0xDEBA, 0xDEFB,
    0xDEFB, 0xDEFB, 0xDEFB, 0xDEFA, 0xDEFA, 0xDEFB, 0xDEFB, 0xDEFB,
    0xDEDA, 0xD69A, 0xD69A, 0xD69A, 0xD6BA, 0xD6BA, 0xD69A, 0xD6B9,
    0xD6B9, 0xD6BA, 0xD6BA, 0xD6BA, 0xD6BA, 0xD699, 0xD699, 0xDEBA,
    0xDEFB, 0xDEFB, 0xDEFB, 0xDEDB, 0xDEDA, 0xDEDA, 0xDEDB, 0xDEDB,
    0xDEDB, 0xDEBA, 0xD6B9, 0xD6BA, 0xD6BA, 0xD69A, 0xD6B9, 0xD6BA,
    0xD6BA, 0xD6BA, 0xD69A, 0xD6BA, 0xD6BA, 0xD6BA, 0xD699, 0xD6B9,
    0xDEDA, 0xDEFB, 0xDEFB, 0xDEDB, 0xDEDA, 0xDEDA, 0xD6DA, 0xD6DA,
    0xD6DA, 0xDEDA, 0xD6BA, 0xD69A, 0xD6BA, 0xD69A, 0xD69A, 0xD6BA,
    0xD6BA, 0xD6BA, 0xD6BA, 0xD6B9, 0xD6B9, 0xD6B9, 0xD6BA, 0xD69A,
    0xD69A, 0xDEBA, 0xDEFB, 0xDEFB, 0xDEDB, 0xDEDB, 0xDEDB, 0xDEDB,
    0xDEDB, 0xDEDB, 0xDEDB, 0xDEDA, 0xD6BA, 0xD6BA, 0xD6B9, 0xD699,
    0xD6B9, 0xD6B9, 0xD6BA, 0xD699, 0xD69A, 0xD69A, 0xD6BA, 0xD6BA,
    0xD6BA, 0xD6BA, 0xDEDA, 0xDEFB, 0xDEDB, 0xDEDA, 0xDEDA, 0xDEDB,
    0xDEDA, 0xDEDA, 0xDEDA, 0xDEDA, 0xD6BA, 0xD6B9, 0xD6BA, 0xD6BA,
    0xD6BA, 0xD6BA, 0xD6BA, 0xD6BA, 0xD69A, 0xD699, 0xD69A, 0xD69A,
    0xD6BA, 0xD69A, 0xD69A, 0xDEDA, 0xDEDA, 0xDEDA, 0xDEDA, 0xDEDB,
    0xDEFB, 0xDEFB, 0xDEFB, 0xDEFA, 0xDEDA, 0xDEDA, 0xDEB9, 0xD6BA,
    0xD6BA, 0xD6BA, 0xD6BA, 0xD69A, 0xD69A, 0xD69A, 0xD6BA, 0xD69A,
    0xD69A, 0xD6BA, 0xD6BA, 0xD6BA, 0xDEBA, 0xDEDA, 0xDEDA, 0xD6DA,
    0xD6DA, 0xDEDA, 0xDEFA, 0xDEFB, 0xDEDA, 0xDEDA, 0xDEBA, 0xDEBA,
    0xD6B9, 0xD699, 0xD699, 0xD69A, 0xD6BA, 0xD69A, 0xD69A, 0xD69A,
    0xD69A, 0xD69A, 0xD69A, 0xD6BA, 0xD69A, 0xD6BA, 0xD6BA, 0xD6BA,
    0xDEDA, 0xDEDA, 0xD6DA, 0xD6DA, 0xD6DA, 0xD6DA, 0xD6DA, 0xDEDA,
    0xDEBA, 0xD699, 0xD69A, 0xD69A, 0xD69A, 0xD699, 0xD699, 0xD699,
    0xD69A, 0xD69A, 0xCE79, 0xCE9A, 0xD69A, 0xD69A, 0xD69A, 0xCE7A,
    0xCE7A, 0xCE9A, 0xCE99, 0xCE79, 0xD6BA, 0xD6BA, 0xD6BB, 0xD6BA,
    0xD6BA, 0xDEBA, 0xDEBA, 0xDEB9, 0xDEDA, 0xDEDA, 0xDEDA, 0xDEDA,
    0xDEFA, 0xDEFB, 0xE71B, 0xE71B, 0xE6FB, 0xE6FB, 0xDEDA, 0xDEB9,
    0xDEB9, 0xDEFB, 0xDEFB, 0xDEFB, 0xDEFB, 0xDEFB, 0xDEFB, 0xDEFB,
    0xDEFB, 0xDEFB, 0xDEDA, 0xDEBA, 0xDEDA, 0xDEDB, 0xDEDB, 0xDEDB,
    0xDEDB, 0xDEDA, 0xE6FA, 0xE6FA, 0xE6FB, 0xE6FA, 0xDEFA, 0xDEFA,
    0xDEDA, 0xDEFB, 0xE71B, 0xDEFB, 0xDEFB, 0xDEFB, 0xDF1B, 0xDEFB,
    0xDEFB, 0xDEFB, 0xDF1B, 0xDEFB, 0xD6BA, 0xDEDA, 0xDEDB, 0xDEDB,
    0xDEDB, 0xDEDA, 0xDEDA, 0xDEFA, 0xE6FB, 0xE6FB, 0xDEFA, 0xDEFB,
    0xDEFB, 0xDEDA, 0xDEFB, 0xDF1B, 0xDEFB, 0xDEDB, 0xDEFB, 0xDEFB,
    0xD6DA, 0xDEFB, 0xDEFB, 0xDEFB, 0xDEFB, 0xD6DA, 0xDEDA, 0xD6BA,
    0xDEBA, 0xDEDB, 0xDEDA, 0xDEDA, 0xE6FB, 0xE6FB, 0xE6FB, 0xDEDA,
    0xDEDA, 0xDEDA, 0xDEDB, 0xDEDB, 0xDEDB, 0xDEDA, 0xDEFA, 0xDEDB,
    0xDEDA, 0xDEDA, 0xD6DA, 0xD6DA, 0xDEDA, 0xDEDB, 0xDEDB, 0xDEDB,
    0xDEDA, 0xDEDA, 0xDEDA, 0xDEBA, 0xDEDA, 0xDEDA, 0xDEDA, 0xDEDA,
    0xDEDA, 0xDEDA, 0xDEDB, 0xDEDB, 0xDEDA, 0xDEDA, 0xDEDA, 0xDEDA,
    0xDEDA, 0xD6BA, 0xD6BA, 0xDEDB, 0xDEDB, 0xDEDA, 0xDEDB, 0xD6BA,
    0xD6BA, 0xD6DA, 0xD6DA, 0xDEBA, 0xDEBA, 0xDEDA, 0xDEDA, 0xDEDA,
    0xDEDA, 0xDEDA, 0xDEDA, 0xDEDB, 0xD6BA, 0xD6BA, 0xDEFB, 0xDEDB,
    0xDEDA, 0xDEDA, 0xD6BA, 0xDEDA, 0xDEDA, 0xD6DA, 0xD6DA, 0xDEDA,
    0xD6DA, 0xD6BA, 0xD6BA, 0xD6BA, 0xD6BA, 0xD6BA, 0xD6BA, 0xDEDA,
    0xDEDA, 0xDEDA, 0xDEDA, 0xDEDA, 0xDEDB, 0xDEFB, 0xDEDA, 0xDEDA,
    0xDEDA, 0xD6BA, 0xD6BA, 0xD6BA, 0xD6DA, 0xD6BA, 0xD6BA, 0xDEDA,
    0xDEDA, 0xDEDA, 0xDEDA, 0xD6BA, 0xD6BA, 0xD6BA, 0xD6BA, 0xD6BA,
    0xDEBA, 0xDEBA, 0xDEDA, 0xDEDA, 0xDEDA, 0xDEDA, 0xD6DA, 0xDEBA,
    0xD6BA, 0xD6BA, 0xD6BA, 0xD6BA, 0xD6BA, 0xD6BA, 0xD6BA, 0xD6BA,
    0xD6BA, 0xD6DA, 0xD6DA, 0xD6BA, 0xD6BA, 0xD6BA, 0xD6BA, 0xD6BA,
    0xD6BA, 0xD6BA, 0xD6BA, 0xD6BA, 0xD6BA, 0xD6BA, 0xD6BA, 0xD6BA,
    0xD6BA, 0xD6BA, 0xD6BA, 0xD6BA, 0xD6BA, 0xD6BA, 0xD6BA, 0xD6BA,
    0xD6BA, 0xD6BA, 0xD6BA, 0xD6BA, 0xD6BA, 0xD6BA, 0xD6BA, 0xD6BA,
    0xD6BA, 0xD6BA, 0xD6BA, 0xD6BA, 0xD6BA, 0xD6BA, 0xD6BA, 0xD6BB,
    0xD6DA, 0xD6BA, 0xD6BA, 0xD6BA, 0xD6BA, 0xD6BA, 0xD6BA, 0xD6BA,
    0xD6BA, 0xD6BA, 0xD6BA, 0xD6BB, 0xDEBB, 0xD6BA, 0xD6BA, 0xD6BA,
    0xDEBA, 0xD6BA, 0xD6BA, 0xD6BA, 0xD6BA, 0xD6BA, 0xD6BA, 0xD6BA,
    0xD6BA, 0xD6BA, 0xD6BA, 0xD6BA, 0xD6BA, 0xD6BA, 0xD6BA, 0xD6BA,
    0xD6BA, 0xD6BA, 0xD69A, 0xD6BA, 0xD6BA, 0xD6BA, 0xD69A, 0xD69A,
    0xD6BA, 0xD6BA, 0xD6BA, 0xD6BA, 0xD6BA, 0xD6BA, 0xD6BA, 0xD6BA,
    0xD6BA, 0xD6BA, 0xD6BA, 0xD6BA, 0xD6BA, 0xD6BA, 0xD69A, 0xD699,
    0xD69A, 0xD69A, 0xD69A, 0xD69A, 0xD6BA, 0xD6BA, 0xD69A, 0xD69A,
    0xD6BA, 0xD6BA, 0xD69A, 0xD69A, 0xD69A, 0xD69A, 0xD69A, 0xD69A,
    0xD69A, 0xD6BA, 0xD6BA, 0xD69A, 0xD699, 0xD699, 0xD69A, 0xD69A,
    0xD69A, 0xD69A, 0xD69A, 0xD69A, 0xD69A, 0xD699, 0xD699, 0xD699,
    0xD69A, 0xD69A, 0xD69A, 0xD69A, 0xD69A, 0xD6BA, 0xD69A, 0xD69A,
    0xD69A, 0xD6BA, 0xD69A, 0xD69A, 0xD69A, 0xD699, 0xD69A, 0xD69A,
    0xD6BA, 0xD6BA, 0xD6BA, 0xD69A, 0xD699, 0xD699, 0xD69A, 0xD69A,
    0xD699, 0xD69A, 0xD69A, 0xD69A, 0xD699, 0xD69A, 0xD69A, 0xD6BA,
    0xD6BA, 0xD6BA, 0xD6BA, 0xD6BA, 0xD6BA, 0xD6BA, 0xD69A, 0xD69A,
    0xD69A, 0xD69A, 0xD69A, 0xD69A, 0xD69A, 0xD69A, 0xD69A, 0xD69A,
    0xD69A, 0xD699, 0xD699, 0xD699, 0xD699, 0xD699, 0xD699, 0xD699,
    0xD699, 0xD699, 0xD69A, 0xD69A, 0xD69A, 0xD69A, 0xD69A, 0xD69A,
    0xD699, 0xD699, 0xD69A, 0xD69A, 0xD69A, 0xD699, 0xD699, 0xD69A,
    0xD6BA, 0xD6BA, 0xD69A, 0xD6BA, 0xD6BA, 0xD6BA, 0xD6BA, 0xD69A,
    0xD699, 0xD699, 0xD699, 0xD6BA, 0xD69A, 0xD69A, 0xD69A, 0xD69A,
    0xD69A, 0xD69A, 0xD69A, 0xD69A, 0xD6B9, 0xD699, 0xD699, 0xD699,
    0xD699, 0xD699, 0xD69A, 0xD69A, 0xD69A, 0xD69A, 0xD699, 0xD699,
    0xD69A, 0xD699, 0xD6BA, 0xD69A, 0xD69A, 0xD69A, 0xD69A, 0xD6BA,
    0xD69A, 0xD699, 0xD699, 0xD699, 0xD69A, 0xD69A, 0xD69A, 0xD69A,
    0xD69A, 0xD699, 0xD699, 0xD699, 0xD69A, 0xD69A, 0xD69A, 0xD699,
    0xD699, 0xD699, 0xD69A, 0xD69A, 0xD699, 0xD69A, 0xD69A, 0xD69A,
    0xD69A, 0xD69A, 0xD69A, 0xD69A, 0xD69A, 0xD69A, 0xD69A, 0xD69A,
    0xD699, 0xD699, 0xD699, 0xD69A, 0xD699, 0xD699, 0xD69A, 0xD69A,
    0xD69A, 0xD699, 0xD699, 0xD699, 0xD699, 0xD679, 0xD69A, 0xCE9A,
    0xCE7A, 0xCE99, 0xCE99, 0xCE9A, 0xCE7A, 0xCE7A, 0xCE7A, 0xCE79,
    0xD6BA, 0xD6BA, 0xD6BA, 0xD6BA, 0xD6BA, 0xD6BA, 0xDEDA, 0xDEDA,
    0xDEDA, 0xDEDB, 0xDEDB, 0xDEDB, 0xDEDB, 0xDEDB, 0xDEDA, 0xDEDA,
    0xDEDA, 0xDEDB, 0xDEDA, 0xDEDB, 0xDEDA, 0xDEBA, 0xD6BA, 0xD6BA,
    0xDEDB, 0xDEDB, 0xDEBA, 0xDEBA, 0xDEBA, 0xD6BA, 0xDEDA, 0xDEDB,
    0xDEDB, 0xDEDB, 0xDEDB, 0xDEDB, 0xDEDB, 0xDEDA, 0xDEDB, 0xDEDB,
    0xDEFB, 0xDEDB, 0xDEDA, 0xDEDA, 0xDEDA, 0xDEDA, 0xDEBA, 0xD6BA,
    0xD6BA, 0xD6BA, 0xD6BA, 0xD6BA, 0xD6BA, 0xD6BA, 0xD6BA, 0xD6BA,
    0xD6BA, 0xD6BA, 0xD6BA, 0xD6BA, 0xD6DA, 0xDEDB, 0xDEDA, 0xDEDA,
    0xDEDA, 0xDEDA, 0xDEDA, 0xDEDB, 0xDEDA, 0xD6DA, 0xD6DA, 0xD6BA,
    0xD6BA, 0xD6BA, 0xD6DA, 0xD6BA, 0xD6BA, 0xD6BA, 0xD6BA, 0xD6BA,
    0xD6BA, 0xD6BA, 0xD6BA, 0xD6BA, 0xD6BA, 0xDEDA, 0xDEDA, 0xDEDA,
    0xDEDA, 0xDEDA, 0xDEDA, 0xDEDA, 0xDEDA, 0xDEDA, 0xD6BA, 0xDEDA,
    0xD6BA, 0xD6BA, 0xD6BA, 0xDEDA, 0xD6BA, 0xD6BA, 0xD6BA, 0xD6BA,
    0xD6BA, 0xD6BA, 0xD6BA, 0xD6BA, 0xD6BA, 0xD6BA, 0xDEDA, 0xDEDA,
    0xDEDA, 0xDEDA, 0xDEDA, 0xDEDA, 0xDEDA, 0xDEDA, 0xDEDA, 0xDEDA,
    0xD6BA, 0xD6BA, 0xD6BA, 0xD6BA, 0xD6BA, 0xD6BA, 0xD6BA, 0xD6BA,
    0xD6BA, 0xD6BA, 0xD6BA, 0xD6BA, 0xD6BA, 0xD6BA, 0xD6BA, 0xDEDA,
    0xDEDA, 0xDEDA, 0xDEDA, 0xDEDA, 0xDEBA, 0xDEDA, 0xDEDA, 0xDEDA,
    0xD6BA, 0xD699, 0xD6BA, 0xD6BA, 0xD6BA, 0xD6BA, 0xD6BA, 0xD6BA,
    0xD6BA, 0xD6BA, 0xD69A, 0xD6BA, 0xD6BA, 0xD6BA, 0xD6BA, 0xD69A,
    0xD6BA, 0xD6BA, 0xD6BA, 0xD6BA, 0xD6BA, 0xD6BA, 0xD6BA, 0xDEDA,
    0xD6BA, 0xD6BA, 0xD6BA, 0xD6BA, 0xD6BA, 0xD6BA, 0xD6BA, 0xD6BA,
    0xD6BA, 0xD6BA, 0xD6BA, 0xD6BA, 0xD6BA, 0xD6BA, 0xD6BA, 0xD6BA,
    0xD6BA, 0xD6BA, 0xD6DA, 0xD6DA, 0xD6BA, 0xDEDA, 0xDEDA, 0xD6BA,
    0xD6BA, 0xD6BA, 0xD6BA, 0xD6BA, 0xD69A, 0xD69A, 0xD6BA, 0xD6BA,
    0xD6BA, 0xD69A, 0xD6BA, 0xD6BA, 0xD6BA, 0xD6BA, 0xD6BA, 0xD6BA,
    0xD6BA, 0xD6BA, 0xD6BA, 0xD6BA, 0xD6BA, 0xD6BA, 0xD6BA, 0xD6BA,
    0xD6BA, 0xD6BA, 0xD6BA, 0xD6BA, 0xD6BA, 0xD6BA, 0xD69A, 0xD69A,
    0xD69A, 0xD6BA, 0xD69A, 0xD69A, 0xD6BA, 0xD69A, 0xD69A, 0xD6BA,
    0xD6BA, 0xD69A, 0xD6BA, 0xD6BA, 0xD6BA, 0xD6BA, 0xD6BA, 0xD6BA,
    0xD6BA, 0xD6BA, 0xD6BA, 0xD6BA, 0xD6BA, 0xD6BA, 0xD6BA, 0xD6BA,
    0xD6BA, 0xD6BA, 0xD6BA, 0xD6BA, 0xD6BA, 0xD69A, 0xD6BA, 0xD69A,
    0xD6BA, 0xD6BA, 0xD6BA, 0xD6BA, 0xD6BA, 0xD6BA, 0xD6BA, 0xD6BA,
    0xD6BA, 0xD6BA, 0xD6BA, 0xD6BA, 0xD6BA, 0xD6BA, 0xD6BA, 0xD6BA,
    0xD6BA, 0xD69A, 0xD69A, 0xD69A, 0xD69A, 0xD69A, 0xD6BA, 0xD69A,
    0xD6BA, 0xD6BA, 0xD6BA, 0xD69A, 0xD6BA, 0xD6BA, 0xD69A, 0xD69A,
    0xD69A, 0xD6BA, 0xD6BA, 0xD6BA, 0xD6BA, 0xD69A, 0xD6BA, 0xD6BA,
    0xD6BA, 0xD6BA, 0xD6BA, 0xD69A, 0xD69A, 0xD69A, 0xD6BA, 0xD69A,
    0xD6BA, 0xD6BA, 0xD6BA, 0xD69A, 0xD6BA, 0xD69A, 0xD69A, 0xD69A,
    0xD69A, 0xD69A, 0xD69A, 0xD69A, 0xD69A, 0xD69A, 0xD69A, 0xD69A,
    0xD6BA, 0xD6BA, 0xD69A, 0xD69A, 0xD69A, 0xD69A, 0xD69A, 0xD69A,
    0xD69A, 0xD69A, 0xD69A, 0xD69A, 0xD69A, 0xD69A, 0xD6BA, 0xD69A,
    0xD6BA, 0xD699, 0xD699, 0xD69A, 0xD699, 0xD69A, 0xD69A, 0xD69A,
    0xD69A, 0xD69A, 0xD69A, 0xD69A, 0xD69A, 0xD6BA, 0xD6BA, 0xD69A,
    0xD699, 0xD69A, 0xD69A, 0xD69A, 0xD69A, 0xD69A, 0xD69A, 0xD69A,
    0xD69A, 0xD69A, 0xD69A, 0xD69A, 0xD69A, 0xD69A, 0xD69A, 0xD69A,
    0xD699, 0xD6BA, 0xD69A, 0xD69A, 0xD69A, 0xD6BA, 0xD6BA, 0xD6BA,
    0xD69A, 0xD699, 0xD69A, 0xD69A, 0xD699, 0xD69A, 0xD69A, 0xD69A,
    0xD69A, 0xD69A, 0xD69A, 0xD69A, 0xD69A, 0xD699, 0xD69A, 0xD699,
    0xD69A, 0xD69A, 0xD69A, 0xD699, 0xD699, 0xD69A, 0xD69A, 0xD69A,
    0xD6BA, 0xD6BA, 0xD69A, 0xD69A, 0xD69A, 0xD69A, 0xD699, 0xD6B9,
    0xD6B9, 0xD6B9, 0xD69A, 0xD69A, 0xD69A, 0xD69A, 0xD69A, 0xD699,
    0xD699, 0xD69A, 0xD69A, 0xD69A, 0xD69A, 0xD69A, 0xD69A, 0xD69A,
    0xD69A, 0xD699, 0xD6B9, 0xD69A, 0xD69A, 0xD69A, 0xD69A, 0xD69A,
    0xD69A, 0xD69A, 0xD69A, 0xD69A, 0xD69A, 0xD69A, 0xD69A, 0xD69A,
    0xD69A, 0xD69A, 0xD69A, 0xD69A, 0xD6BA, 0xD69A, 0xD699, 0xD699,
    0xD69A, 0xD699, 0xD699, 0xD69A, 0xD69A, 0xD69A, 0xD699, 0xD69A,
    0xD69A, 0xD69A, 0xD69A, 0xD69A, 0xD69A, 0xD69A, 0xD69A, 0xD699,
    0xD699, 0xD699, 0xD699, 0xD699, 0xD69A, 0xD69A, 0xD699, 0xD699,
    0xD69A, 0xD69A, 0xD699, 0xD69A, 0xD699, 0xD69A, 0xD69A, 0xD699,
    0xD69A, 0xD69A, 0xD699, 0xD699, 0xD69A, 0xD699, 0xD699, 0xD699,
    0xD699, 0xD679, 0xD67A, 0xCE79, 0xD699, 0xCE79, 0xD679, 0xD699,
    0xCE79, 0xCE79, 0xD67A, 0xCE7A, 0xD69A, 0xD69A, 0xD6BA, 0xD6BA,
    0xD6BA, 0xD6BA, 0xD6BA, 0xD6BB, 0xD6DA, 0xD6DA, 0xD6BA, 0xD6BA,
    0xD6BA, 0xDEDA, 0xDEDA, 0xD6DA, 0xD6DA, 0xD6DA, 0xD6BB, 0xD6BA,
    0xD6BA, 0xDEBA, 0xD6DB, 0xD6BA, 0xDEBB, 0xD6BA, 0xD6BA, 0xD6BA,
    0xD6BA, 0xDEBA, 0xD6BA, 0xD6BA, 0xD6DB, 0xDEDB, 0xDEDA, 0xDEDA,
    0xD6BA, 0xDEDA, 0xDEDB, 0xDEDA, 0xD6BA, 0xD6BA, 0xD6BA, 0xD6BA,
    0xD6DB, 0xDEDA, 0xDEDA, 0xDEDA, 0xD6BA, 0xD6BA, 0xD6BA, 0xD6BA,
    0xD6BA, 0xD6BA, 0xD6BA, 0xD6BA, 0xD6BA, 0xD6BA, 0xD6BA, 0xD6BA,
    0xD6BA, 0xD6DB, 0xDEDA, 0xDEDA, 0xDEDA, 0xDEDA, 0xDEDB, 0xDEDA,
    0xD6BA, 0xD6BA, 0xD6BA, 0xD6BA, 0xD6BA, 0xD6BA, 0xD6BA, 0xD6BA,
    0xD6BA, 0xD6BA, 0xD6BA, 0xD6BA, 0xD6BA, 0xD6BA, 0xD6BA, 0xD6BA,
    0xD6BA, 0xD6BA, 0xD6BA, 0xDEDA, 0xD6BA, 0xDEBA, 0xDEDA, 0xDEDA,
    0xDEDA, 0xD6BA, 0xD6BA, 0xD6BA, 0xDEDA, 0xD6BA, 0xD6BA, 0xD6BA,
    0xD6BA, 0xD6BA, 0xD6BA, 0xD6BA, 0xD6BA, 0xD6BA, 0xD6BA, 0xD6BA,
    0xDEDA, 0xD6BA, 0xD6BA, 0xDEDA, 0xDEDA, 0xDEDA, 0xDEDA, 0xDEDA,
    0xDEDA, 0xD6BA, 0xD6BA, 0xDEDA, 0xD6BA, 0xD6BA, 0xD6BA, 0xD6BA,
    0xD6BA, 0xD6BA, 0xD6BA, 0xD6BA, 0xD6BA, 0xD6BA, 0xD6BA, 0xD6BA,
    0xD6BA, 0xD6BA, 0xD6BA, 0xD6DA, 0xDEDA, 0xDEDA, 0xDEDA, 0xDEDA,
    0xDEDA, 0xDEDA, 0xDEDA, 0xDEDA, 0xDEDA, 0xD6BA, 0xD699, 0xD69A,
    0xD6BA, 0xD6BA, 0xD69A, 0xD6BA, 0xD6BA, 0xD6BA, 0xD6BA, 0xD6BA,
    0xD6BA, 0xD6BA, 0xD6BA, 0xD69A, 0xD6BA, 0xD6BA, 0xD6BA, 0xD6BA,
    0xD6BA, 0xD6BA, 0xD6BA, 0xD6BA, 0xD6BA, 0xD6BA, 0xD6BA, 0xD6BA,
    0xD6BA, 0xD6BA, 0xD6BA, 0xD6BA, 0xD6BA, 0xD6BA, 0xD6BA, 0xD6BA,
    0xD69A, 0xD6BA, 0xD6BA, 0xD6BA, 0xD6BA, 0xD6BA, 0xD6BA, 0xD6BA,
    0xD6BA, 0xD6DA, 0xD6DA, 0xD6BA, 0xD6BA, 0xD6BA, 0xD6BA, 0xD6BA,
    0xD69A, 0xD69A, 0xD6BA, 0xD6BA, 0xD69A, 0xD6BA, 0xD6BA, 0xD6BA,
    0xD6BA, 0xD6BA, 0xD6BA, 0xD6BA, 0xD6BA, 0xD6BA, 0xD6BA, 0xD6BA,
    0xD6BA, 0xD6BA, 0xD6BA, 0xD6BA, 0xD6BA, 0xD6BA, 0xD6BA, 0xD6BA,
    0xD6BA, 0xD69A, 0xD6BA, 0xD6BA, 0xD6BA, 0xD6BA, 0xD69A, 0xD69A,
    0xD69A, 0xD69A, 0xD6BA, 0xD6BA, 0xD6BA, 0xD6BA, 0xD6BA, 0xD6BA,
    0xD6BA, 0xD6BA, 0xD6BA, 0xD6BA, 0xD69A, 0xD6BA, 0xD6BA, 0xD6BA,
    0xD69A, 0xD69A, 0xD69A, 0xD6BA, 0xD6BA, 0xD6BA, 0xD69A, 0xD6BA,
    0xD6BA, 0xD69A, 0xD6BA, 0xD6BA, 0xD6BA, 0xD69A, 0xD69A, 0xD6BA,
    0xD6BA, 0xD69A, 0xD6BA, 0xD6BA, 0xD69A, 0xD6BA, 0xD6BA, 0xD6BA,
    0xD6BA, 0xD6BA, 0xD6BA, 0xD69A, 0xD69A, 0xD69A, 0xD6BA, 0xD6BA,
    0xD69A, 0xD69A, 0xD69A, 0xD6BA, 0xD6BA, 0xD69A, 0xD6BA, 0xD6BA,
    0xD69A, 0xD69A, 0xD699, 0xD69A, 0xD69A, 0xD69A, 0xD69A, 0xD6BA,
    0xD69A, 0xD6BA, 0xD69A, 0xD6BA, 0xD69A, 0xD69A, 0xD6BA, 0xD69A,
    0xD6BA, 0xD69A, 0xD69A, 0xD6BA, 0xD69A, 0xD69A, 0xD69A, 0xD69A,
    0xD69A, 0xD69A, 0xD69A, 0xD69A, 0xD69A, 0xD69A, 0xD69A, 0xD69A,
    0xD69A, 0xD69A, 0xD69A, 0xD69A, 0xD69A, 0xD69A, 0xD69A, 0xD69A,
    0xD69A, 0xD69A, 0xD69A, 0xD69A, 0xD69A, 0xD69A, 0xD69A, 0xD69A,
    0xD69A, 0xD69A, 0xD69A, 0xD69A, 0xD69A, 0xD69A, 0xD69A, 0xD699,
    0xD69A, 0xD69A, 0xD69A, 0xD69A, 0xD69A, 0xD69A, 0xD69A, 0xD69A,
    0xD69A, 0xD69A, 0xD69A, 0xD69A, 0xD69A, 0xD69A, 0xD69A, 0xD69A,
    0xD69A, 0xD69A, 0xD69A, 0xD69A, 0xD69A, 0xD69A, 0xD69A, 0xD69A,
    0xD69A, 0xD69A, 0xD69A, 0xD69A, 0xD69A, 0xD69A, 0xD69A, 0xD69A,
    0xD69A, 0xD69A, 0xD69A, 0xD69A, 0xD69A, 0xD69A, 0xD69A, 0xD69A,
    0xD69A, 0xD69A, 0xD69A, 0xD69A, 0xD69A, 0xD69A, 0xD69A, 0xD69A,
    0xD69A, 0xD69A, 0xD69A, 0xD699, 0xD69A, 0xD69A, 0xD69A, 0xD69A,
    0xD69A, 0xD69A, 0xD69A, 0xD69A, 0xD69A, 0xD69A, 0xD699, 0xD69A,
    0xD69A, 0xD69A, 0xD69A, 0xD69A, 0xD699, 0xD69A, 0xD69A, 0xD69A,
    0xD69A, 0xD69A, 0xD69A, 0xD69A, 0xD699, 0xD69A, 0xD69A, 0xD69A,
    0xD69A, 0xD69A, 0xD69A, 0xD69A, 0xD69A, 0xD69A, 0xD69A, 0xD69A,
    0xD69A, 0xD69A, 0xD69A, 0xD69A, 0xD69A, 0xD69A, 0xD69A, 0xD69A,
    0xD69A, 0xD69A, 0xD69A, 0xD69A, 0xD69A, 0xD699, 0xD69A, 0xD69A,
    0xD69A, 0xD69A, 0xD69A, 0xD699, 0xD69A, 0xD699, 0xD699, 0xD69A,
    0xD69A, 0xD69A, 0xD69A, 0xD69A, 0xD69A, 0xD69A, 0xD679, 0xD67A,
    0xD69A, 0xD69A, 0xD69A, 0xD69A, 0xD69A, 0xD69A, 0xD699, 0xD699,
    0xD69A, 0xD69A, 0xCE99, 0xD67A, 0xD69A, 0xD699, 0xD699, 0xD699,
    0xD69A, 0xD69A, 0xD69A, 0xD69A, 0xD69A, 0xD69A, 0xD699, 0xD699,
    0xD69A, 0xD69A, 0xCE99, 0xCE99, 0xCE99, 0xD67A, 0xCE7A, 0xCE79,
    0xCE79, 0xCE79, 0xCE79, 0xCE79, 0xCE79, 0xCE79, 0xCE79, 0xCE99,
    0xD69A, 0xD69A, 0xD6BA, 0xD6BA, 0xD6BA, 0xD6BA, 0xD6BA, 0xD6BA,
    0xD6BA, 0xD6BA, 0xD6BA, 0xD6BA, 0xD6BA, 0xD6BA, 0xDEDA, 0xD6BA,
    0xDEDA, 0xD6DA, 0xD6BA, 0xD6BA, 0xD6BA, 0xD6BA, 0xD6BA, 0xD6BA,
    0xD6BA, 0xD6BA, 0xD6BA, 0xD6BA, 0xD6BA, 0xD6BA, 0xD6BA, 0xD6BA,
    0xD6BA, 0xD6BA, 0xD6BA, 0xDEDA, 0xD6DA, 0xD6DA, 0xD6BA, 0xD6BA,
    0xD6BA, 0xD6BA, 0xD6BA, 0xD6BA, 0xD6BA, 0xD6BA, 0xD6DA, 0xD6BA,
    0xD6BA, 0xD6BA, 0xD6BA, 0xD6BA, 0xD6BA, 0xD6BA, 0xD6BA, 0xD6BA,
    0xD6BA, 0xD6BA, 0xD6BA, 0xD6BA, 0xD6BA, 0xD6BA, 0xD6BA, 0xD6BA,
    0xDEDA, 0xDEDA, 0xDEDB, 0xDEDB, 0xD6BA, 0xD6BA, 0xD6BA, 0xD6BA,
    0xD6BA, 0xD6BA, 0xD6BA, 0xD6BA, 0xD6BA, 0xD6BA, 0xD6BA, 0xD6BA,
    0xD6BA, 0xD6BA, 0xD6BA, 0xD6BA, 0xD6BB, 0xD6BA, 0xD6BA, 0xD6BA,
    0xD6BA, 0xD6BA, 0xD6BA, 0xD6BA, 0xD6BA, 0xD6BA, 0xD6DA, 0xD6BA,
    0xD6BA, 0xD6BA, 0xD6BA, 0xD69A, 0xD6BA, 0xD6BA, 0xD69A, 0xD6BA,
    0xD6BA, 0xD6BA, 0xD6BA, 0xD6BA, 0xD6BA, 0xD6BA, 0xD6BA, 0xD6BA,
    0xD6BA, 0xDEDA, 0xDEDA, 0xDEDA, 0xD6BA, 0xD6BA, 0xD6BA, 0xD6BA,
    0xD6BA, 0xD6BA, 0xD6BA, 0xD6BA, 0xD6BA, 0xD6BA, 0xD69A, 0xD69A,
    0xD6BA, 0xD69A, 0xD6BA, 0xD69A, 0xD69A, 0xD6BA, 0xD6BA, 0xD6BA,
    0xD6BA, 0xD6BA, 0xD6BA, 0xD6BA, 0xD6BA, 0xD6BA, 0xD6BA, 0xD6BA,
    0xD6BA, 0xD6BA, 0xD6BA, 0xD69A, 0xD69A, 0xD6BA, 0xD69A, 0xD6BA,
    0xD6BA, 0xD69A, 0xD69A, 0xD69A, 0xD69A, 0xD69A, 0xD6BA, 0xD6BA,
    0xD6BA, 0xD6BA, 0xD6BA, 0xD6BA, 0xD6BA, 0xD6BA, 0xD6BA, 0xD6BA,
    0xD6BA, 0xD6BA, 0xD6BA, 0xD6BA, 0xD6BA, 0xD6BA, 0xD6BA, 0xD6BA,
    0xD6BA, 0xD6BA, 0xD6BA, 0xD69A, 0xD69A, 0xD6BA, 0xD6BA, 0xD6BA,
    0xD6BA, 0xD6BA, 0xD6BA, 0xD6BA, 0xD6BA, 0xD6BA, 0xD6BA, 0xD6BA,
    0xD6BA, 0xD6BA, 0xD6BA, 0xD6BA, 0xD6BA, 0xD6BA, 0xD6BA, 0xD6BA,
    0xD6BA, 0xD69A, 0xD6BA, 0xD6BA, 0xD6BA, 0xD6BA, 0xD6BA, 0xD6BA,
    0xD6BA, 0xD6BA, 0xD6BA, 0xD6BA, 0xD6BA, 0xD6BA, 0xD6BA, 0xD6BA,
    0xD6BA, 0xD6BA, 0xD6BA, 0xD6BA, 0xD6BA, 0xD6BA, 0xD6BA, 0xD6BA,
    0xD6BA, 0xD6BA, 0xD69A, 0xD6BA, 0xD6BA, 0xD6BA, 0xD6BA, 0xD6BA,
    0xD6BA, 0xD6BA, 0xD6BA, 0xD6BA, 0xD6BA, 0xD6BA, 0xD6BA, 0xD6BA,
    0xD6BA, 0xD6BA, 0xD6BA, 0xD6BA, 0xD69A, 0xD69A, 0xD69A, 0xD69A,
    0xD6BA, 0xD6BA, 0xD69A, 0xD69A, 0xD69A, 0xD6BA, 0xD69A, 0xD69A,
    0xD69A, 0xD69A, 0xD69A, 0xD6BA, 0xD6BA, 0xD6BA, 0xD6BA, 0xD6BA,
    0xD6BA, 0xD6BA, 0xD69A, 0xD6BA, 0xD69A, 0xD6BA, 0xD6BA, 0xD6BA,
    0xD69A, 0xD69A, 0xD6BA, 0xD69A, 0xD69A, 0xD69A, 0xD69A, 0xD69A,
    0xD69A, 0xD69A, 0xD69A, 0xD69A, 0xD699, 0xD69A, 0xD69A, 0xD69A,
    0xD69A, 0xD69A, 0xD69A, 0xD69A, 0xD69A, 0xD69A, 0xD69A, 0xD69A,
    0xD69A, 0xD69A, 0xD69A, 0xD69A, 0xD69A, 0xD69A, 0xD69A, 0xD69A,
    0xD69A, 0xD69A, 0xD69A, 0xD69A, 0xD69A, 0xD69A, 0xD69A, 0xD69A,
    0xD69A, 0xD69A, 0xD69A, 0xD69A, 0xD69A, 0xD69A, 0xD69A, 0xD699,
    0xD69A, 0xD69A, 0xD69A, 0xD69A, 0xD69A, 0xD69A, 0xD69A, 0xD69A,
    0xD69A, 0xD69A, 0xD69A, 0xD69A, 0xD69A, 0xD69A, 0xD69A, 0xD69A,
    0xD69A, 0xD69A, 0xD69A, 0xD69A, 0xD69A, 0xD69A, 0xD69A, 0xD69A,
    0xD69A, 0xD69A, 0xD69A, 0xD69A, 0xD69A, 0xD69A, 0xD69A, 0xD69A,
    0xD69A, 0xD69A, 0xD69A, 0xD69A, 0xD69A, 0xD69A, 0xD69A, 0xD69A,
    0xD69A, 0xD69A, 0xD69A, 0xD69A, 0xD69A, 0xD69A, 0xD69A, 0xD69A,
    0xD69A, 0xD69A, 0xD69A, 0xD69A, 0xD69A, 0xD69A, 0xD69A, 0xD69A,
    0xD69A, 0xD69A, 0xD69A, 0xD69A, 0xD69A, 0xD69A, 0xD69A, 0xD69A,
    0xD69A, 0xD69A, 0xD69A, 0xD69A, 0xD69A, 0xD699, 0xD69A, 0xD69A,
    0xD69A, 0xD69A, 0xD69A, 0xD69A, 0xD69A, 0xD69A, 0xD69A, 0xD69A,
    0xD69A, 0xD69A, 0xD699, 0xD69A, 0xD699, 0xD699, 0xD69A, 0xD69A,
    0xD69A, 0xD69A, 0xD69A, 0xD69A, 0xD69A, 0xD699, 0xD699, 0xD699,
    0xD699, 0xD699, 0xD69A, 0xD699, 0xD69A, 0xD69A, 0xD69A, 0xD69A,
    0xD69A, 0xD69A, 0xD69A, 0xD69A, 0xD69A, 0xD69A, 0xD69A, 0xD69A,
    0xD69A, 0xD69A, 0xD69A, 0xD69A, 0xD69A, 0xD69A, 0xD69A, 0xD69A,
    0xD69A, 0xD69A, 0xD69A, 0xD69A, 0xD69A, 0xD69A, 0xD69A, 0xD69A,
    0xD69A, 0xD69A, 0xD69A, 0xD69A, 0xD69A, 0xD679, 0xCE9A, 0xD69A,
    0xD69A, 0xD69A, 0xD69A, 0xCE79, 0xD69A, 0xD69A, 0xD69A, 0xD69A,
    0xD69A, 0xD69A, 0xD69A, 0xD69A, 0xD69A, 0xD69A, 0xD69A, 0xD69A,
    0xD69A, 0xD69A, 0xD679, 0xD69A, 0xD69A, 0xD69A, 0xD69A, 0xD69A,
    0xD69A, 0xD69A, 0xD69A, 0xD69A, 0xD69A, 0xD69A, 0xD699, 0xCE99,
    0xCE79, 0xCE79, 0xCE79, 0xCE79, 0xCE79, 0xCE79, 0xCE79, 0xCE79,
    0xCE79, 0xCE79, 0xCE79, 0xCE79, 0xD69A, 0xD69A, 0xD69A, 0xD6BA,
    0xD69A, 0xD6BA, 0xD6BA, 0xD6BA, 0xD6BA, 0xD6BA, 0xD6BA, 0xD6BA,
    0xD6BA, 0xD6BA, 0xD6BA, 0xD6BA, 0xDEBA, 0xD6BA, 0xD6BA, 0xD6BA,
    0xD6BA, 0xD6BA, 0xD6BA, 0xD6BA, 0xD6BA, 0xD6BA, 0xD6BA, 0xD6BA,
    0xD6BA, 0xD6BA, 0xD6BA, 0xD6BA, 0xD6BA, 0xD6BA, 0xD6BA, 0xD6BA,
    0xDEDA, 0xD6BA, 0xD6BA, 0xD6BA, 0xD6BA, 0xD6BA, 0xD6BA, 0xD6BA,
    0xD6BA, 0xD6BA, 0xD6BA, 0xD6BA, 0xD6BA, 0xD6BA, 0xD6BA, 0xD6BA,
    0xD6BA, 0xD6BA, 0xD6BA, 0xD6BA, 0xD6BA, 0xD6BA, 0xD6BA, 0xD6BA,
    0xD6BA, 0xD6BA, 0xD6BA, 0xD6BA, 0xD6BA, 0xD6BA, 0xD6BA, 0xD6BA,
    0xDEBA, 0xD6BA, 0xD6BA, 0xD6BA, 0xD6BA, 0xD6BA, 0xD6BA, 0xD6BA,
    0xD6BA, 0xD6BA, 0xD6BA, 0xD6BA, 0xD6BA, 0xD6BA, 0xD6BA, 0xD6BA,
    0xD6BA, 0xD6BA, 0xD6BA, 0xD6BA, 0xD6BA, 0xD6BA, 0xD6BA, 0xD6BA,
    0xD6BA, 0xD6BA, 0xD6BA, 0xD6BA, 0xD6BA, 0xD6BA, 0xD6BA, 0xD6BA,
    0xD6BA, 0xD6BA, 0xD6BA, 0xD6BA, 0xD6BA, 0xD6BA, 0xD69A, 0xD6BA,
    0xD6BA, 0xD6BA, 0xD6BA, 0xD6BA, 0xD6BA, 0xD6BA, 0xD6BA, 0xD6BA,
    0xD6BA, 0xD6BA, 0xD6BA, 0xD6BA, 0xD6BA, 0xD6BA, 0xD6BA, 0xD6BA,
    0xD6BA, 0xD69A, 0xD6BA, 0xD6BA, 0xD69A, 0xD69A, 0xD69A, 0xD6BA,
    0xD6BA, 0xD6BA, 0xD6BA, 0xD6BA, 0xD6BA, 0xD6BA, 0xD6BA, 0xD6BA,
    0xD6BA, 0xD6BA, 0xD6BA, 0xD69A, 0xD6BA, 0xD6BA, 0xD6BA, 0xD6BA,
    0xD69A, 0xD69A, 0xD6BA, 0xD6BA, 0xD6BA, 0xD69A, 0xD69A, 0xD69A,
    0xD6BA, 0xD69A, 0xD69A, 0xD69A, 0xD6BA, 0xD6BA, 0xD6BA, 0xD6BA,
    0xD6BA, 0xD6BA, 0xD6BA, 0xD6BA, 0xD6BA, 0xD6BA, 0xD6BA, 0xD6BA,
    0xD6BA, 0xD6BA, 0xD6BA, 0xD6BA, 0xD6BA, 0xD6BA, 0xD6BA, 0xD6BA,
    0xD6BA, 0xD6BA, 0xD6BA, 0xD6BA, 0xD6BA, 0xD6BA, 0xD6BA, 0xD6BA,
    0xD6BA, 0xD6BA, 0xD6BA, 0xD69A, 0xD69A, 0xD69A, 0xD69A, 0xD69A,
    0xD6BA, 0xD69A, 0xD6BA, 0xD6BA, 0xD6BA, 0xD6BA, 0xD69A, 0xD6BA,
    0xD6BA, 0xD6BA, 0xD6BA, 0xD6BA, 0xD6BA, 0xD6BA, 0xD6BA, 0xD6BA,
    0xD6BA, 0xD6BA, 0xD69A, 0xD6BA, 0xD6BA, 0xD6BA, 0xD6BA, 0xD6BA,
    0xD6BA, 0xD6BA, 0xD69A, 0xD69A, 0xD69A, 0xD69A, 0xD69A, 0xD6BA,
    0xD6BA, 0xD6BA, 0xD6BA, 0xD6BA, 0xD69A, 0xD69A, 0xD6BA, 0xD6BA,
    0xD6BA, 0xD6BA, 0xD69A, 0xD69A, 0xD6BA, 0xD6BA, 0xD6BA, 0xD6BA,
    0xD69A, 0xD69A, 0xD69A, 0xD69A, 0xD69A, 0xD69A, 0xD69A, 0xD69A,
    0xD69A, 0xD6BA, 0xD69A, 0xD6BA, 0xD6BA, 0xD69A, 0xD6BA, 0xD699,
    0xD69A, 0xD6BA, 0xD6BA, 0xD6BA, 0xD6BA, 0xD6BA, 0xD6BA, 0xD6BA,
    0xD69A, 0xD69A, 0xD6BA, 0xD69A, 0xD69A, 0xD6BA, 0xD69A, 0xD69A,
    0xD69A, 0xD69A, 0xD69A, 0xD69A, 0xD69A, 0xD69A, 0xD69A, 0xD69A,
    0xD69A, 0xD69A, 0xD69A, 0xD69A, 0xD69A, 0xD69A, 0xD69A, 0xD69A,
    0xD69A, 0xD69A, 0xD69A, 0xD69A, 0xD69A, 0xD69A, 0xD69A, 0xD69A,
    0xD69A, 0xD69A, 0xD69A, 0xD69A, 0xD69A, 0xD69A, 0xD69A, 0xD69A,
    0xD69A, 0xCE79, 0xD69A, 0xD69A, 0xD69A, 0xD69A, 0xD69A, 0xD69A,
    0xD69A, 0xD69A, 0xD69A, 0xD699, 0xD699, 0xD699, 0xD699, 0xD69A,
    0xD699, 0xD699, 0xD69A, 0xD69A, 0xD69A, 0xD69A, 0xD69A, 0xD69A,
    0xCE79, 0xD69A, 0xD69A, 0xD69A, 0xD69A, 0xD69A, 0xD69A, 0xD69A,
    0xD69A, 0xD69A, 0xD69A, 0xD69A, 0xD69A, 0xD69A, 0xD69A, 0xD69A,
    0xD69A, 0xD69A, 0xD69A, 0xD69A, 0xD69A, 0xD69A, 0xD69A, 0xD69A,
    0xD69A, 0xD69A, 0xD69A, 0xD69A, 0xD69A, 0xD69A, 0xD69A, 0xD69A,
    0xD69A, 0xD69A, 0xD69A, 0xD69A, 0xCE79, 0xD69A, 0xD69A, 0xD69A,
    0xD69A, 0xD69A, 0xD69A, 0xD69A, 0xD69A, 0xD69A, 0xD699, 0xD699,
    0xD69A, 0xD69A, 0xD699, 0xD69A, 0xD699, 0xD699, 0xD699, 0xD69A,
    0xD699, 0xD69A, 0xD69A, 0xD69A, 0xD69A, 0xD699, 0xD69A, 0xD69A,
    0xD699, 0xD699, 0xD69A, 0xD699, 0xD699, 0xD699, 0xD69A, 0xD69A,
    0xD69A, 0xD69A, 0xD69A, 0xD699, 0xD699, 0xD69A, 0xD69A, 0xD699,
    0xD699, 0xD699, 0xCE79, 0xD699, 0xD699, 0xD699, 0xD69A, 0xD699,
    0xD69A, 0xD69A, 0xD69A, 0xD69A, 0xD69A, 0xD69A, 0xD69A, 0xD69A,
    0xD69A, 0xD69A, 0xD69A, 0xD69A, 0xD69A, 0xD69A, 0xD69A, 0xD69A,
    0xD69A, 0xD69A, 0xD69A, 0xD69A, 0xD69A, 0xD69A, 0xD69A, 0xD69A,
    0xD69A, 0xD69A, 0xD69A, 0xD69A, 0xD69A, 0xD69A, 0xD69A, 0xD69A,
    0xD69A, 0xD69A, 0xD69A, 0xD69A, 0xD69A, 0xD69A, 0xD69A, 0xD69A,
    0xCE79, 0xD699, 0xD69A, 0xD69A, 0xD69A, 0xD69A, 0xD69A, 0xD69A,
    0xD69A, 0xD69A, 0xD69A, 0xD69A, 0xD69A, 0xD69A, 0xD69A, 0xD69A,
    0xD69A, 0xD69A, 0xD69A, 0xD699, 0xD69A, 0xD69A, 0xD69A, 0xD69A,
    0xCE79, 0xCE79, 0xD679, 0xD699, 0xCE79, 0xCE79, 0xCE79, 0xCE79,
    0xCE79, 0xCE79, 0xCE79, 0xCE79, 0xCE79, 0xCE79, 0xCE79, 0xCE79,
    0xD69A, 0xD69A, 0xD69A, 0xD6BA, 0xD6BA, 0xD6BA, 0xD6BA, 0xD69A,
    0xD6BA, 0xD6BA, 0xD6BA, 0xD6BA, 0xD6BA, 0xD6BA, 0xD6BA, 0xD6BA,
    0xD6BA, 0xD6BA, 0xD6BA, 0xD6BA, 0xD6BA, 0xD69A, 0xD69A, 0xD6BA,
    0xD6BA, 0xD6BA, 0xD6BA, 0xD6BA, 0xD6BA, 0xD6BA, 0xD6BA, 0xD6BA,
    0xD6BA, 0xD6BA, 0xD6BA, 0xD6BA, 0xD6BA, 0xD6BA, 0xD6BA, 0xD6BA,
    0xD6BA, 0xD6BA, 0xD6BA, 0xD6BA, 0xD6BA, 0xD6BA, 0xD6BA, 0xD6BA,
    0xD6BA, 0xD6BA, 0xD6BA, 0xD6BA, 0xD6BA, 0xD6BA, 0xD6BA, 0xD6BA,
    0xD6BA, 0xD6BA, 0xD6BA, 0xD6BA, 0xD69A, 0xD6BA, 0xD6BA, 0xD6BA,
    0xD6BA, 0xD6BA, 0xD6BA, 0xD6BA, 0xD6BA, 0xDEDA, 0xD6BA, 0xD6BA,
    0xD6BA, 0xD6BA, 0xD6BA, 0xD6BA, 0xD6BA, 0xD6BA, 0xD69A, 0xD69A,
    0xD69A, 0xD69A, 0xD6BA, 0xD69A, 0xD69A, 0xD69A, 0xD69A, 0xD6BA,
    0xD6BA, 0xD6BA, 0xD6BA, 0xD6BA, 0xD6BA, 0xD6BA, 0xD6BA, 0xD6BA,
    0xD6BA, 0xD6BA, 0xD69A, 0xD69A, 0xD69A, 0xD6BA, 0xD6BA, 0xD6BA,
    0xD6BA, 0xD69A, 0xD69A, 0xD6BA, 0xD6BA, 0xD6BA, 0xD6BA, 0xD6BA,
    0xD6BA, 0xD6BA, 0xD6BA, 0xD6BA, 0xD6BA, 0xD6BA, 0xD6BA, 0xD6BA,
    0xD6BA, 0xD6BA, 0xD6BA, 0xD6BA, 0xD6BA, 0xD69A, 0xD6BA, 0xD6BA,
    0xD69A, 0xD6BA, 0xD6BA, 0xD6BA, 0xD6BA, 0xD6BA, 0xD6BA, 0xD6BA,
    0xD6BA, 0xD6BA, 0xD6BA, 0xD6BA, 0xD6BA, 0xD6BA, 0xD6BA, 0xD69A,
    0xD6BA, 0xD69A, 0xD69A, 0xD69A, 0xD69A, 0xD69A, 0xD6BA, 0xD6BA,
    0xD6BA, 0xD69A, 0xD69A, 0xD6BA, 0xD69A, 0xD69A, 0xD69A, 0xD69A,
    0xD69A, 0xD69A, 0xD69A, 0xD6BA, 0xD6BA, 0xD6BA, 0xD6BA, 0xD6BA,
    0xD6BA, 0xD6BA, 0xD6BA, 0xD6BA, 0xD6BA, 0xD6BA, 0xD69A, 0xD6BA,
    0xD69A, 0xD6BA, 0xD6BA, 0xD6BA, 0xD6BA, 0xD6BA, 0xD6BA, 0xD69A,
    0xD69A, 0xD69A, 0xD69A, 0xD6BA, 0xD6BA, 0xD6BA, 0xD6BA, 0xD69A,
    0xD69A, 0xD69A, 0xD69A, 0xD69A, 0xD69A, 0xD69A, 0xD6BA, 0xD6BA,
    0xD6BA, 0xD6BA, 0xD69A, 0xD69A, 0xD69A, 0xD69A, 0xD69A, 0xD69A,
    0xD69A, 0xD6BA, 0xD6BA, 0xD69A, 0xD69A, 0xD69A, 0xD6BA, 0xD6BA,
    0xD6BA, 0xD6BA, 0xD6BA, 0xD6BA, 0xD6BA, 0xD69A, 0xD69A, 0xD69A,
    0xD69A, 0xD69A, 0xD69A, 0xD69A, 0xD6BA, 0xD69A, 0xD6BA, 0xD69A,
    0xD69A, 0xD69A, 0xD69A, 0xD69A, 0xD69A, 0xD69A, 0xD69A, 0xD69A,
    0xD69A, 0xD69A, 0xD69A, 0xD69A, 0xD69A, 0xD69A, 0xD69A, 0xD69A,
    0xD69A, 0xD69A, 0xD69A, 0xD69A, 0xD69A, 0xD69A, 0xD69A, 0xD69A,
    0xD699, 0xD699, 0xD6BA, 0xD69A, 0xD69A, 0xD69A, 0xD69A, 0xD69A,
    0xD69A, 0xD69A, 0xD69A, 0xD69A, 0xD69A, 0xD69A, 0xD69A, 0xD69A,
    0xD69A, 0xD69A, 0xD69A, 0xD69A, 0xD69A, 0xD69A, 0xD69A, 0xD69A,
    0xD69A, 0xD69A, 0xD69A, 0xD69A, 0xD69A, 0xD69A, 0xD69A, 0xD69A,
    0xD69A, 0xD69A, 0xD69A, 0xD69A, 0xD69A, 0xD69A, 0xD69A, 0xD69A,
    0xD69A, 0xD69A, 0xD69A, 0xD69A, 0xD69A, 0xD69A, 0xD69A, 0xD69A,
    0xD69A, 0xD69A, 0xD69A, 0xD69A, 0xD69A, 0xD69A, 0xD69A, 0xD69A,
    0xD69A, 0xD69A, 0xD69A, 0xD69A, 0xD69A, 0xD69A, 0xD69A, 0xD699,
    0xD699, 0xD699, 0xD699, 0xD699, 0xD699, 0xD699, 0xD69A, 0xD69A,
    0xCE79, 0xD69A, 0xD69A, 0xD69A, 0xD69A, 0xD69A, 0xD69A, 0xD69A,
    0xD699, 0xCE79, 0xD69A, 0xD69A, 0xCE7A, 0xD69A, 0xD69A, 0xD69A,
    0xD69A, 0xD69A, 0xD69A, 0xD69A, 0xD699, 0xD69A, 0xD69A, 0xD699,
    0xD699, 0xD699, 0xD699, 0xD69A, 0xD69A, 0xD69A, 0xD69A, 0xD69A,
    0xD69A, 0xD69A, 0xD69A, 0xD69A, 0xD69A, 0xD69A, 0xD69A, 0xD69A,
    0xD69A, 0xD69A, 0xD699, 0xD699, 0xD699, 0xCE79, 0xD699, 0xD699,
    0xD699, 0xD699, 0xD699, 0xCE99, 0xCE99, 0xD69A, 0xD699, 0xD699,
    0xD699, 0xCE99, 0xCE99, 0xD699, 0xD699, 0xD69A, 0xD699, 0xD69A,
    0xD69A, 0xD69A, 0xD69A, 0xD69A, 0xD69A, 0xD69A, 0xD69A, 0xD69A,
    0xD69A, 0xD69A, 0xD69A, 0xD69A, 0xD69A, 0xD69A, 0xD69A, 0xD69A,
    0xD69A, 0xD69A, 0xD69A, 0xD69A, 0xD699, 0xD699, 0xD699, 0xD699,
    0xD69A, 0xD69A, 0xD699, 0xD69A, 0xD69A, 0xD69A, 0xD69A, 0xD69A,
    0xD69A, 0xD69A, 0xD69A, 0xD69A, 0xD69A, 0xD69A, 0xD69A, 0xD69A,
    0xD69A, 0xD69A, 0xD69A, 0xD69A, 0xD69A, 0xD69A, 0xD69A, 0xD69A,
    0xD69A, 0xD69A, 0xD69A, 0xD69A, 0xD69A, 0xD69A, 0xD69A, 0xD69A,
    0xD69A, 0xD69A, 0xD69A, 0xD69A, 0xD69A, 0xD69A, 0xD69A, 0xD69A,
    0xD69A, 0xD69A, 0xCE79, 0xCE79, 0xD69A, 0xD69A, 0xD69A, 0xCE79,
    0xD69A, 0xD69A, 0xD69A, 0xD69A, 0xD69A, 0xD69A, 0xD69A, 0xD69A,
    0xD69A, 0xCE79, 0xCE79, 0xCE79, 0xD69A, 0xCE79, 0xD69A, 0xD69A,
    0xCE79, 0xCE79, 0xCE79, 0xCE79, 0xD69A, 0xD69A, 0xD699, 0xCE79,
    0xD699, 0xCE79, 0xCE79, 0xCE79, 0xCE79, 0xCE79, 0xCE79, 0xCE79,
    0xCE79, 0xCE79, 0xCE79, 0xCE79, 0xD6BA, 0xD69A, 0xD6BA, 0xD6BA,
    0xD6BA, 0xD6BA, 0xD6BA, 0xD6BA, 0xD6BA, 0xD6BA, 0xD6BA, 0xD6BA,
    0xD6BA, 0xD6BA, 0xD6BA, 0xD6BA, 0xD6BA, 0xD69A, 0xD6BA, 0xD69A,
    0xD6BA, 0xD69A, 0xD69A, 0xD69A, 0xD69A, 0xD69A, 0xD6BA, 0xD69A,
    0xD69A, 0xD6BA, 0xD69A, 0xD6BA, 0xD6BA, 0xD69A, 0xD69A, 0xD69A,
    0xD6BA, 0xD69A, 0xD6BA, 0xD6BA, 0xD6BA, 0xD6BA, 0xD6BA, 0xD6BA,
    0xD6BA, 0xD6BA, 0xD69A, 0xD6BA, 0xD6BA, 0xD6BA, 0xD6BA, 0xD6BA,
    0xD6BA, 0xD6BA, 0xD6BA, 0xD6BA, 0xD6BA, 0xD6BA, 0xD6BA, 0xD6BA,
    0xD69A, 0xD6BA, 0xD69A, 0xD6BA, 0xD6BA, 0xD6BA, 0xD6BA, 0xD6BA,
    0xD6BA, 0xD6BA, 0xD6BA, 0xD69A, 0xD6BA, 0xD69A, 0xD69A, 0xD69A,
    0xD6BA, 0xD6BA, 0xD6BA, 0xD69A, 0xD6BA, 0xD69A, 0xD69A, 0xD69A,
    0xD69A, 0xD69A, 0xD69A, 0xD69A, 0xD69A, 0xD6BA, 0xD6BA, 0xD6BA,
    0xD6BA, 0xD6BA, 0xD6BA, 0xD6BA, 0xD69A, 0xD6BA, 0xD6BA, 0xD6BA,
    0xD69A, 0xD69A, 0xD6BA, 0xD6BA, 0xD6BA, 0xD69A, 0xD69A, 0xD6BA,
    0xD6BA, 0xD69A, 0xD6BA, 0xD69A, 0xD69A, 0xD6BA, 0xD6BA, 0xD6BA,
    0xD6BA, 0xD6BA, 0xD69A, 0xD69A, 0xD6BA, 0xD69A, 0xD69A, 0xD69A,
    0xD6BA, 0xD6BA, 0xD69A, 0xD69A, 0xD69A, 0xD69A, 0xD69A, 0xD69A,
    0xD69A, 0xD69A, 0xD69A, 0xD6BA, 0xD6BA, 0xD6BA, 0xD6BA, 0xD6BA,
    0xD6BA, 0xD6BA, 0xD6BA, 0xD6BA, 0xD69A, 0xD69A, 0xD69A, 0xD69A,
    0xD69A, 0xD69A, 0xD69A, 0xD69A, 0xD6BA, 0xD69A, 0xD69A, 0xD69A,
    0xD69A, 0xD69A, 0xD69A, 0xD69A, 0xD69A, 0xD69A, 0xD6BA, 0xD6BA,
    0xD69A, 0xD69A, 0xD69A, 0xD6BA, 0xD6BA, 0xD6BA, 0xD6BA, 0xD6BA,
    0xD6BA, 0xD69A, 0xD6BA, 0xD6BA, 0xD6BA, 0xD6BA, 0xD6BA, 0xD69A,
    0xD6BA, 0xD6BA, 0xD69A, 0xD69A, 0xD69A, 0xD69A, 0xD69A, 0xD69A,
    0xD69A, 0xD69A, 0xD69A, 0xD69A, 0xD69A, 0xD69A, 0xD69A, 0xD69A,
    0xD69A, 0xD69A, 0xD69A, 0xD6BA, 0xD6BA, 0xD69A, 0xD69A, 0xD69A,
    0xD69A, 0xD69A, 0xD69A, 0xD69A, 0xD69A, 0xD69A, 0xD69A, 0xD69A,
    0xD69A, 0xD69A, 0xD6BA, 0xD69A, 0xD69A, 0xD69A, 0xD69A, 0xD69A,
    0xD69A, 0xD69A, 0xD69A, 0xD69A, 0xD69A, 0xD69A, 0xD69A, 0xD69A,
    0xD69A, 0xD69A, 0xD69A, 0xD699, 0xD69A, 0xD69A, 0xD69A, 0xD69A,
    0xD69A, 0xD69A, 0xD69A, 0xD69A, 0xD69A, 0xD69A, 0xD69A, 0xD69A,
    0xD699, 0xD69A, 0xD69A, 0xD69A, 0xD69A, 0xD69A, 0xD69A, 0xD69A,
    0xD69A, 0xD699, 0xD69A, 0xD699, 0xD699, 0xD699, 0xD69A, 0xD69A,
    0xD69A, 0xD69A, 0xD69A, 0xD69A, 0xD69A, 0xD69A, 0xD69A, 0xD69A,
    0xD69A, 0xD69A, 0xD69A, 0xD69A, 0xD69A, 0xD69A, 0xD69A, 0xD69A,
    0xD69A, 0xD69A, 0xD69A, 0xD69A, 0xD69A, 0xD69A, 0xD69A, 0xD69A,
    0xD69A, 0xD69A, 0xD69A, 0xD69A, 0xD69A, 0xD69A, 0xD69A, 0xD69A,
    0xD69A, 0xD69A, 0xD699, 0xD69A, 0xD69A, 0xD69A, 0xD69A, 0xD69A,
    0xD69A, 0xD69A, 0xD69A, 0xD69A, 0xD69A, 0xD69A, 0xD69A, 0xD69A,
    0xD69A, 0xD69A, 0xD69A, 0xD69A, 0xD69A, 0xD69A, 0xD69A, 0xD69A,
    0xD69A, 0xD69A, 0xD69A, 0xD699, 0xD699, 0xD699, 0xD699, 0xD699,
    0xD699, 0xD699, 0xD69A, 0xD69A, 0xD69A, 0xD69A, 0xD69A, 0xD69A,
    0xD69A, 0xCE79, 0xD69A, 0xCE79, 0xCE79, 0xCE79, 0xD69A, 0xD69A,
    0xD699, 0xD69A, 0xD69A, 0xD69A, 0xD69A, 0xD69A, 0xD69A, 0xD699,
    0xD699, 0xD699, 0xD69A, 0xD69A, 0xD699, 0xD699, 0xD699, 0xD69A,
    0xD69A, 0xD69A, 0xD69A, 0xD69A, 0xD69A, 0xD69A, 0xD69A, 0xD69A,
    0xD69A, 0xD69A, 0xD69A, 0xD69A, 0xD69A, 0xD69A, 0xD699, 0xD699,
    0xD699, 0xD699, 0xD699, 0xCE79, 0xD699, 0xCE79, 0xD699, 0xD699,
    0xD699, 0xD699, 0xD699, 0xD699, 0xD699, 0xD699, 0xD699, 0xD699,
    0xD699, 0xD699, 0xCE99, 0xD699, 0xD69A, 0xD69A, 0xD69A, 0xD69A,
    0xD69A, 0xCE79, 0xCE79, 0xCE79, 0xD69A, 0xD69A, 0xD69A, 0xD69A,
    0xD69A, 0xD69A, 0xD69A, 0xCE7A, 0xD69A, 0xCE7A, 0xCE79, 0xCE79,
    0xCE79, 0xD69A, 0xD69A, 0xCE79, 0xCE79, 0xD69A, 0xD69A, 0xCE7A,
    0xD69A, 0xD69A, 0xD69A, 0xD69A, 0xD69A, 0xD69A, 0xCE79, 0xD69A,
    0xD69A, 0xD69A, 0xD69A, 0xCE79, 0xD69A, 0xD69A, 0xD69A, 0xD69A,
    0xD69A, 0xD69A, 0xD69A, 0xD69A, 0xD69A, 0xD69A, 0xD69A, 0xD69A,
    0xD69A, 0xD69A, 0xD69A, 0xCE79, 0xD69A, 0xD69A, 0xD69A, 0xD69A,
    0xCE79, 0xCE79, 0xCE79, 0xCE79, 0xCE79, 0xD69A, 0xD69A, 0xCE79,
    0xD69A, 0xD69A, 0xD69A, 0xD69A, 0xD69A, 0xD69A, 0xD69A, 0xD69A,
    0xD69A, 0xD69A, 0xD69A, 0xD69A, 0xD69A, 0xD69A, 0xCE79, 0xCE79,
    0xD69A, 0xD69A, 0xCE79, 0xD69A, 0xD69A, 0xCE79, 0xD69A, 0xD69A,
    0xD69A, 0xD69A, 0xD699, 0xD699, 0xD699, 0xCE79, 0xCE79, 0xCE79,
    0xCE79, 0xCE79, 0xCE79, 0xCE79, 0xCE79, 0xCE79, 0xCE79, 0xCE79,
};
